"original_text","perturbed_text","original_score","perturbed_score","original_output","perturbed_output","ground_truth_output","num_queries","result_type"
"Title: <SPLIT>Description: Students crazy about iPod follow the music to Apple laptops (USATODAY.com) USATODAY.com - Apple's trendy iPod digital music player, which has revitalized the company, is giving laptop sales a boost during back-to-school season.","Title: <SPLIT>Description: Students crazy about iPod follow the music to Apple laptops (USATODAY.com) USATODAY.com - Apple's trendy iPod digital music player, which has revitalized the company, is giving laptop sales a boost during back-to-school season.",1.0,1.0,1,1,3,1,"Skipped"
"Title: <SPLIT>Description: Golf: Woods #39; [[bitter]] sip from cup MICHIGAN - Tiger Woods finished the 35th Ryder Cup on a personal winning note in the last-day singles, but the enigma of his relationship with the biennial team competition remains.","Title: <SPLIT>Description: Golf: Woods #39; [[bigter]] sip from cup MICHIGAN - Tiger Woods finished the 35th Ryder Cup on a personal winning note in the last-day singles, but the enigma of his relationship with the biennial team competition remains.",0.0,1.0,1,0,1,200,"Successful"
"[[Title]]: <SPLIT>Description: CSKA sponsor rejects criticism RUSSIAN oil giant Sibneft today rejected any suggestion of a conflict of interest existing between Chelsea and CSKA Moscow who are due to meet in the Champions League.","[[Tifle]]: <SPLIT>Description: CSKA sponsor rejects criticism RUSSIAN oil giant Sibneft today rejected any suggestion of a conflict of interest existing between Chelsea and CSKA Moscow who are due to meet in the Champions League.",0.0,1.0,1,0,1,200,"Successful"
"Title: <SPLIT>Description: Lawmakers give the space agency greater flexibility in its new &lt;b&gt;...&lt;/b&gt; After a year of wrangling over NASA #39;s \$16.2 billion budget, lawmakers have delivered in a big way, giving the space agency its full funding request and unprecedented spending flexibility.","Title: <SPLIT>Description: Lawmakers give the space agency greater flexibility in its new &lt;b&gt;...&lt;/b&gt; After a year of wrangling over NASA #39;s \$16.2 billion budget, lawmakers have delivered in a big way, giving the space agency its full funding request and unprecedented spending flexibility.",1.0,1.0,1,1,3,1,"Skipped"
"[[Title]]: <SPLIT>Description: Sports Calendar Bolton Over-30 women's soccer. The Close-To-Home soccer league is looking for female players 30 and olderver for the fall season for a team in the Bolton area. Interested candidates can expect refereed games, a friendly atmosphere, and renewal of basic skills. All levels of experience welcomed. Contact Miriam Kandansky at 781-442-0750 or through e-mail at Miriam.Kadanskysun.com for more details.","[[TUitle]]: <SPLIT>Description: Sports Calendar Bolton Over-30 women's soccer. The Close-To-Home soccer league is looking for female players 30 and olderver for the fall season for a team in the Bolton area. Interested candidates can expect refereed games, a friendly atmosphere, and renewal of basic skills. All levels of experience welcomed. Contact Miriam Kandansky at 781-442-0750 or through e-mail at Miriam.Kadanskysun.com for more details.",0.0,0.0,1,1,1,200,"Failed"
"Title: <SPLIT>Description: Election chaos? (U.S. News   World Report) U.S. News   World Report - Michael Cadigan's day job is practicing commercial law in Albuquerque. But over eggs at the trendy Gold Street Caffe in the heart of downtown, he and a dozen other lawyers are immersing themselves in the intricacies of election law. On Election Day, they plan to be out in force for Democrat John Kerry at polling places across New Mexico, where Al Gore won in 2000 by just 366 votes.  quot;We know there was a lot of monkey business with counting ballots before, quot; says Cadigan.  quot;We want to make sure that doesn't happen again. ...","Title: <SPLIT>Description: Election chaos? (U.S. News   World Report) U.S. News   World Report - Michael Cadigan's day job is practicing commercial law in Albuquerque. But over eggs at the trendy Gold Street Caffe in the heart of downtown, he and a dozen other lawyers are immersing themselves in the intricacies of election law. On Election Day, they plan to be out in force for Democrat John Kerry at polling places across New Mexico, where Al Gore won in 2000 by just 366 votes.  quot;We know there was a lot of monkey business with counting ballots before, quot; says Cadigan.  quot;We want to make sure that doesn't happen again. ...",1.0,1.0,1,1,0,1,"Skipped"
"Title: <SPLIT>Description: Pollsters refuse to write off Australian PM despite lag in polls (AFP) AFP - Opinion polls give Australia's opposition Labor Party a big lead over Prime Minister John Howard's conservative government as campaigning begins for October 9 elections, but analysts say the real race is still too close to call.","Title: <SPLIT>Description: Pollsters refuse to write off Australian PM despite lag in polls (AFP) AFP - Opinion polls give Australia's opposition Labor Party a big lead over Prime Minister John Howard's conservative government as campaigning begins for October 9 elections, but analysts say the real race is still too close to call.",1.0,1.0,1,1,0,1,"Skipped"
"[[Title]]: <SPLIT>Description: Westwood up for challenge The course is a back-breaking 7,800 yards long off the tips, the rough is up, it #39;s 100F out there, the greens are fast and firm and refusing to hold, and yesterday there was a tricky wind to contend with.","[[TCitle]]: <SPLIT>Description: Westwood up for challenge The course is a back-breaking 7,800 yards long off the tips, the rough is up, it #39;s 100F out there, the greens are fast and firm and refusing to hold, and yesterday there was a tricky wind to contend with.",0.0,0.0,1,1,1,200,"Failed"
"Title: <SPLIT>Description: NKorea warns Japan against economic sanctions North Korea has warned Japan that it will treat economic sanctions as a  quot;declaration of war quot; and threatens to try to exclude Tokyo from six-party talks on Pyongyang #39;s nuclear arms programs.","Title: <SPLIT>Description: NKorea warns Japan against economic sanctions North Korea has warned Japan that it will treat economic sanctions as a  quot;declaration of war quot; and threatens to try to exclude Tokyo from six-party talks on Pyongyang #39;s nuclear arms programs.",1.0,1.0,1,1,0,1,"Skipped"
"[[Title]]: <SPLIT>Description: Barca wins again Barcelona has moved 12 points clear at the top of Spain #39;s Primera Liga thanks to a 2-1 win at Albacete. Andres Iniesta put Barca ahead after just two minutes, but when Mark Gonzalez made it 1-1 with 17 minutes ","[[TiEtle]]: <SPLIT>Description: Barca wins again Barcelona has moved 12 points clear at the top of Spain #39;s Primera Liga thanks to a 2-1 win at Albacete. Andres Iniesta put Barca ahead after just two minutes, but when Mark Gonzalez made it 1-1 with 17 minutes ",0.0,0.0,1,1,1,200,"Failed"
"Title: <SPLIT>Description: Dogs in Training to Sniff Out Cancer Experts have trained unwanted dogs into supersniffers that can detect drugs or bombs. Now they're focusing on a new threat #151;prostate cancer.","Title: <SPLIT>Description: Dogs in Training to Sniff Out Cancer Experts have trained unwanted dogs into supersniffers that can detect drugs or bombs. Now they're focusing on a new threat #151;prostate cancer.",1.0,1.0,1,1,3,1,"Skipped"
"Title: <SPLIT>Description: IMF sees rising oil prices having little impact on global growth TOKYO: Rising oil prices are unlikely to deal a major blow to global economic growth although the trend may seem  quot;uncomfortable, quot; a researcher with the International Monetary Fund says.","Title: <SPLIT>Description: IMF sees rising oil prices having little impact on global growth TOKYO: Rising oil prices are unlikely to deal a major blow to global economic growth although the trend may seem  quot;uncomfortable, quot; a researcher with the International Monetary Fund says.",1.0,1.0,1,1,2,1,"Skipped"
"Title: <SPLIT>Description: Pension accounting  In finance, a process that requires a company to estimate the expected future value of a company #39;s pension assets and the expected cost of fulfilling pension and health care obligations to current and retired employees.","Title: <SPLIT>Description: Pension accounting  In finance, a process that requires a company to estimate the expected future value of a company #39;s pension assets and the expected cost of fulfilling pension and health care obligations to current and retired employees.",1.0,1.0,0,0,2,1,"Skipped"
"Title: <SPLIT>Description: Cards Try to Narrow Gap in Game 3 After losing the first two games to the Boston Red Sox, the St. Louis Cardinals try to make the World Series competitive by winning Tuesday night's Game 3 at home. Three-time Cy Young Award winner Pedro Martinez starts for Boston against journeyman Jeff Suppan, who used to play for the Red Sox. Both are 16-9.","Title: <SPLIT>Description: Cards Try to Narrow Gap in Game 3 After losing the first two games to the Boston Red Sox, the St. Louis Cardinals try to make the World Series competitive by winning Tuesday night's Game 3 at home. Three-time Cy Young Award winner Pedro Martinez starts for Boston against journeyman Jeff Suppan, who used to play for the Red Sox. Both are 16-9.",1.0,1.0,2,2,1,1,"Skipped"
"Title: <SPLIT>Description: Taiwan Acknowledges Minister #39;s Improper Wording #39; on Singapore Taiwan Foreign Minister Chen Tan- sun, who dismissed Singapore as a country the size of a booger, #39; #39; regretted his improper wording, #39; #39; said Foreign Ministry spokesman Michel Lu.","Title: <SPLIT>Description: Taiwan Acknowledges Minister #39;s Improper Wording #39; on Singapore Taiwan Foreign Minister Chen Tan- sun, who dismissed Singapore as a country the size of a booger, #39; #39; regretted his improper wording, #39; #39; said Foreign Ministry spokesman Michel Lu.",1.0,1.0,1,1,0,1,"Skipped"
"Title: <SPLIT>Description: Disney Rules Out New Deal with Pixar Studios In January Disney and Pixar terminated their talks to extend a distribution partnership that has created such cartoon hits as  quot;Finding Nemo quot; and the  quot;Toy Story quot; series.","Title: <SPLIT>Description: Disney Rules Out New Deal with Pixar Studios In January Disney and Pixar terminated their talks to extend a distribution partnership that has created such cartoon hits as  quot;Finding Nemo quot; and the  quot;Toy Story quot; series.",1.0,1.0,1,1,2,1,"Skipped"
"Title: <SPLIT>Description: Virgin wishing for Melbourne Sir Richard said yesterday Melbourne was on his wish list, with flights to London possibly through Hong Kong or Bangkok. The British billionaire landed in Sydney yesterday aboard Virgin Atlantic #39;s inaugural Australian flight.","Title: <SPLIT>Description: Virgin wishing for Melbourne Sir Richard said yesterday Melbourne was on his wish list, with flights to London possibly through Hong Kong or Bangkok. The British billionaire landed in Sydney yesterday aboard Virgin Atlantic #39;s inaugural Australian flight.",1.0,1.0,1,1,2,1,"Skipped"
"Title: <SPLIT>Description: Israel OKs More West Bank Settlement Homes JERUSALEM Aug. 23, 2004 - Israel announced plans Monday to build hundreds of new housing units in the West Bank, following an apparent US policy shift on settlements that the Palestinians warned  quot;will destroy the peace process.","Title: <SPLIT>Description: Israel OKs More West Bank Settlement Homes JERUSALEM Aug. 23, 2004 - Israel announced plans Monday to build hundreds of new housing units in the West Bank, following an apparent US policy shift on settlements that the Palestinians warned  quot;will destroy the peace process.",1.0,1.0,1,1,0,1,"Skipped"
"Title: <SPLIT>Description: Tribe challenges American origins Some of the earliest settlers of America may have been from Australia, southern Asia, and the Pacific, not northern Asia, research suggests.","Title: <SPLIT>Description: Tribe challenges American origins Some of the earliest settlers of America may have been from Australia, southern Asia, and the Pacific, not northern Asia, research suggests.",1.0,1.0,1,1,3,1,"Skipped"
"Title: <SPLIT>Description: ""Md. Board Meeting Worries Democrats Republican-dominated election board met behind closed doors in deliberations that Democrats feared were aimed at ousting Elections Administrator Linda H. Lamone.&lt;BR&gt;\&lt;FONT face=""""verdana,MS Sans Serif,arial,helvetica"""" size=""""-2""""\ color=""""#666666""""&gt;&lt;B&gt;-The Washington Post&lt;/B&gt;&lt;/FONT&gt;""","Title: <SPLIT>Description: ""Md. Board Meeting Worries Democrats Republican-dominated election board met behind closed doors in deliberations that Democrats feared were aimed at ousting Elections Administrator Linda H. Lamone.&lt;BR&gt;\&lt;FONT face=""""verdana,MS Sans Serif,arial,helvetica"""" size=""""-2""""\ color=""""#666666""""&gt;&lt;B&gt;-The Washington Post&lt;/B&gt;&lt;/FONT&gt;""",1.0,1.0,1,1,3,1,"Skipped"
"Title: <SPLIT>Description: Air Canada to Buy 45 Aircraft From Embraer Scheduled to fly out of bankruptcy-court shelter this week, Air Canada announced a deal Wednesday to buy 45 Embraer aircraft in a deal worth at least \$1.","Title: <SPLIT>Description: Air Canada to Buy 45 Aircraft From Embraer Scheduled to fly out of bankruptcy-court shelter this week, Air Canada announced a deal Wednesday to buy 45 Embraer aircraft in a deal worth at least \$1.",1.0,1.0,1,1,2,1,"Skipped"
"[[Title]]: <SPLIT>Description: Broncos And Monday Night On The Road Don #39;t Mix The Bengals were happy to be back on Monday Night Football after a 15 year absence. From gameplan to execution, they looked very good.","[[Tifle]]: <SPLIT>Description: Broncos And Monday Night On The Road Don #39;t Mix The Bengals were happy to be back on Monday Night Football after a 15 year absence. From gameplan to execution, they looked very good.",0.0,1.0,1,0,1,200,"Successful"
"[[Title]]: <SPLIT>Description: China, Singapore Say World Must Help Calm Taiwan Row China and Singapore on Monday urged the international community to help calm Beijing #39;s dispute with Taiwan over its push for independence.","[[Tcitle]]: <SPLIT>Description: China, Singapore Say World Must Help Calm Taiwan Row China and Singapore on Monday urged the international community to help calm Beijing #39;s dispute with Taiwan over its push for independence.",0.0,0.0,0,0,0,200,"Failed"
"[[Title]]: <SPLIT>Description: Microsoft signs two Indian deals The announcement came as Microsoft chief executive Steve Ballmer opened the group #39;s new Indian headquarters in the city of Hyderabad.","[[TUitle]]: <SPLIT>Description: Microsoft signs two Indian deals The announcement came as Microsoft chief executive Steve Ballmer opened the group #39;s new Indian headquarters in the city of Hyderabad.",0.0,0.0,2,2,2,200,"Failed"
"Title: <SPLIT>Description: Jaguar Exit Throws F1 Deeper Into Turmoil  [[LONDON]] (Reuters) - Formula One, already struggling to shape  its future and put on a show, is staring into the abyss after  Ford's decision to pull out and sell its Jaguar team.","Title: <SPLIT>Description: Jaguar Exit Throws F1 Deeper Into Turmoil  [[LINDON]] (Reuters) - Formula One, already struggling to shape  its future and put on a show, is staring into the abyss after  Ford's decision to pull out and sell its Jaguar team.",0.0,1.0,1,3,1,200,"Successful"
"Title: <SPLIT>Description: The Discreet Charm of the Very Bourgeois Toy Store? F.A.O. Schwarz may be shuttered and dark, but its catalog is somersaulting back in the direction of well-heeled children and the adults who indulge them.","Title: <SPLIT>Description: The Discreet Charm of the Very Bourgeois Toy Store? F.A.O. Schwarz may be shuttered and dark, but its catalog is somersaulting back in the direction of well-heeled children and the adults who indulge them.",1.0,1.0,1,1,2,1,"Skipped"
"Title: <SPLIT>Description: Super ant colony hits Australia A giant 100km colony of ants  which has been discovered in Melbourne, Australia, could threaten local insect species.","Title: <SPLIT>Description: Super ant colony hits Australia A giant 100km colony of ants  which has been discovered in Melbourne, Australia, could threaten local insect species.",1.0,1.0,1,1,3,1,"Skipped"
"Title: <SPLIT>Description: HP Shifting Last of Itanium Engineers Hewlett-Packard Co. (HPQ.N: Quote, Profile, Research) and Intel Corp. (INTC.O: Quote, Profile, Research) on Wednesday ended their 10-year partnership to co-develop the Itanium chip ","Title: <SPLIT>Description: HP Shifting Last of Itanium Engineers Hewlett-Packard Co. (HPQ.N: Quote, Profile, Research) and Intel Corp. (INTC.O: Quote, Profile, Research) on Wednesday ended their 10-year partnership to co-develop the Itanium chip ",1.0,1.0,1,1,3,1,"Skipped"
"[[Title]]: <SPLIT>Description: Plan to ease sale of Abbey shares Abbey National shareholders will no longer need to fill in complex Spanish tax forms if BSCH's bid to buy the UK firm succeeds. ","[[TiAtle]]: <SPLIT>Description: Plan to ease sale of Abbey shares Abbey National shareholders will no longer need to fill in complex Spanish tax forms if BSCH's bid to buy the UK firm succeeds. ",0.0,0.0,2,2,2,200,"Failed"
"Title: <SPLIT>Description: Asia ; Freed UN Hostages Say Humbled by Support in Ordeal The UN workers, who helped to run a presidential election won last month by US-backed incumbent Karzai, discussed their ordeal with him at his presidential palace in the morning.","Title: <SPLIT>Description: Asia ; Freed UN Hostages Say Humbled by Support in Ordeal The UN workers, who helped to run a presidential election won last month by US-backed incumbent Karzai, discussed their ordeal with him at his presidential palace in the morning.",1.0,1.0,1,1,0,1,"Skipped"
"[[Title]]: <SPLIT>Description: United States 66, Russia 62 Frustrated by fouls, turnovers and a feisty opponent, the United States desperately looked for help. Then along came Sheryl Swoopes to set things right.","[[Tigle]]: <SPLIT>Description: United States 66, Russia 62 Frustrated by fouls, turnovers and a feisty opponent, the United States desperately looked for help. Then along came Sheryl Swoopes to set things right.",0.0,1.0,1,0,1,200,"Successful"
"Title: <SPLIT>Description: Four Israeli soldiers killed, Barghuti pulls out of presidential &lt;b&gt;...&lt;/b&gt; RAFAH, Gaza Strip (AFP) - Four Israeli soldiers were killed when Palestinian militants blew up a tunnel under an army post in Gaza, as jailed intifada leader Marwan Barghuti pulled out of the Palestinian elections.","Title: <SPLIT>Description: Four Israeli soldiers killed, Barghuti pulls out of presidential &lt;b&gt;...&lt;/b&gt; RAFAH, Gaza Strip (AFP) - Four Israeli soldiers were killed when Palestinian militants blew up a tunnel under an army post in Gaza, as jailed intifada leader Marwan Barghuti pulled out of the Palestinian elections.",1.0,1.0,1,1,0,1,"Skipped"
"[[Title]]: <SPLIT>Description: Four pay price for India defeats India have dropped wicket-keeper Parthiv Patel and batsman Yuvraj Singh for the final Test against Australia. Opening batsman Aakash Chopra and seamer Ajit Agarkar were also left out after India conceded the ","[[TJitle]]: <SPLIT>Description: Four pay price for India defeats India have dropped wicket-keeper Parthiv Patel and batsman Yuvraj Singh for the final Test against Australia. Opening batsman Aakash Chopra and seamer Ajit Agarkar were also left out after India conceded the ",0.0,0.0,1,1,1,200,"Failed"
"Title: <SPLIT>Description: Austria to Extradite Turkish Underworld Figure  VIENNA (Reuters) - Convicted Turkish underworld boss  Alaattin Cakici, sought on charges of corruption and extortion,  will be extradited from Austria to Turkey, a district court  ruled on Monday.","Title: <SPLIT>Description: Austria to Extradite Turkish Underworld Figure  VIENNA (Reuters) - Convicted Turkish underworld boss  Alaattin Cakici, sought on charges of corruption and extortion,  will be extradited from Austria to Turkey, a district court  ruled on Monday.",1.0,1.0,1,1,0,1,"Skipped"
"Title: <SPLIT>Description: Tiny telescope #39;s big discovery opens new doors WASHINGTON - A tiny telescope has spotted a giant planet circling a faraway star, using a technique that could open a new phase of planetary discovery.","Title: <SPLIT>Description: Tiny telescope #39;s big discovery opens new doors WASHINGTON - A tiny telescope has spotted a giant planet circling a faraway star, using a technique that could open a new phase of planetary discovery.",1.0,1.0,1,1,3,1,"Skipped"
"Title: <SPLIT>Description: Dollar Briefly Hits 4-Wk Low Vs Euro  LONDON (Reuters) - The dollar dipped to a four-week low  against the euro on Monday before rising slightly on  profit-taking, but steep oil prices and weak U.S. data  continued to fan worries about the health of the world's  largest economy.","Title: <SPLIT>Description: Dollar Briefly Hits 4-Wk Low Vs Euro  LONDON (Reuters) - The dollar dipped to a four-week low  against the euro on Monday before rising slightly on  profit-taking, but steep oil prices and weak U.S. data  continued to fan worries about the health of the world's  largest economy.",1.0,1.0,1,1,2,1,"Skipped"
"[[Title]]: <SPLIT>Description: The Wayne Rooney era begins at Manchester United Manchester United manager Alex Ferguson calls him the best English player in the last 30 years, and he #39;s expected to debut for the club Tuesday in its Champions League match at Old Trafford against Turkey #39;s Fenerbahce.","[[TiJtle]]: <SPLIT>Description: The Wayne Rooney era begins at Manchester United Manchester United manager Alex Ferguson calls him the best English player in the last 30 years, and he #39;s expected to debut for the club Tuesday in its Champions League match at Old Trafford against Turkey #39;s Fenerbahce.",0.0,0.0,1,1,1,200,"Failed"
"Title: <SPLIT>Description: AA takes soft option on cost cuts PENNY-PINCHING American Airlines is to remove the pillows from half its planes to save \$300,000 (163,000) a year. While the cost savings are small beer compared with the \$4bn a year American has slashed ","Title: <SPLIT>Description: AA takes soft option on cost cuts PENNY-PINCHING American Airlines is to remove the pillows from half its planes to save \$300,000 (163,000) a year. While the cost savings are small beer compared with the \$4bn a year American has slashed ",1.0,1.0,1,1,2,1,"Skipped"
"Title: <SPLIT>Description: Rumors Suggest Photo Ability To Be Added to iPod  quot;Apple has invested heavily in technology to edit pictures. Not having a portable device to show them seemed an obvious oversight that would be corrected once the price of the displays ","Title: <SPLIT>Description: Rumors Suggest Photo Ability To Be Added to iPod  quot;Apple has invested heavily in technology to edit pictures. Not having a portable device to show them seemed an obvious oversight that would be corrected once the price of the displays ",1.0,1.0,1,1,2,1,"Skipped"
"[[Title]]: <SPLIT>Description: US Bells Do Video on Path Blazed by Small Telcos The three largest US local telephone corporations made a splash this summer with plans to sell video services on their voice and data lines in a few years.","[[TiHtle]]: <SPLIT>Description: US Bells Do Video on Path Blazed by Small Telcos The three largest US local telephone corporations made a splash this summer with plans to sell video services on their voice and data lines in a few years.",0.0,1.0,2,1,2,200,"Successful"
"Title: <SPLIT>Description: 'Nano-needle' operates on cell Scientists have performed a delicate surgical operation on a single living cell, using a needle that is just a few billionths of a metre wide.","Title: <SPLIT>Description: 'Nano-needle' operates on cell Scientists have performed a delicate surgical operation on a single living cell, using a needle that is just a few billionths of a metre wide.",1.0,1.0,1,1,3,1,"Skipped"
"[[Title]]: <SPLIT>Description: Games hammered with controversy The International Gymnastics Federation suspended three judges yesterday for a mistake they made in scoring the men #39;s all-around final, but said results would not be changed and Paul Hamm of the United States would keep his gold medal.","[[TAitle]]: <SPLIT>Description: Games hammered with controversy The International Gymnastics Federation suspended three judges yesterday for a mistake they made in scoring the men #39;s all-around final, but said results would not be changed and Paul Hamm of the United States would keep his gold medal.",0.0,0.0,1,1,1,200,"Failed"
"Title: <SPLIT>Description: [[UPDATE]] 1-Rookie Johnson shares Buick lead with Funk Rookie Zach Johnson produced the day #39;s joint best score, a five-under-par 65, to join Fred Funk at the top of the leaderboard after the second round of the \$4.","Title: <SPLIT>Description: [[UPDAFE]] 1-Rookie Johnson shares Buick lead with Funk Rookie Zach Johnson produced the day #39;s joint best score, a five-under-par 65, to join Fred Funk at the top of the leaderboard after the second round of the \$4.",0.0,1.0,1,0,1,200,"Successful"
"Title: <SPLIT>Description: Toile Gets A Makeover The traditional pattern shakes its fussy image as designers give it a new look","Title: <SPLIT>Description: Toile Gets A Makeover The traditional pattern shakes its fussy image as designers give it a new look",1.0,1.0,1,1,2,1,"Skipped"
"Title: <SPLIT>Description: Motorists Submitting to High Gas Prices (AP) AP - Americans appear to be getting used to paying more to drive  #151; even if it means they have less money to buy other things. For example, Wal-Mart Stores Inc., the world's largest retailer, blamed disappointing sales in August on the fact that shoppers spent more just getting to and from its stores.","Title: <SPLIT>Description: Motorists Submitting to High Gas Prices (AP) AP - Americans appear to be getting used to paying more to drive  #151; even if it means they have less money to buy other things. For example, Wal-Mart Stores Inc., the world's largest retailer, blamed disappointing sales in August on the fact that shoppers spent more just getting to and from its stores.",1.0,1.0,1,1,2,1,"Skipped"
"[[Title]]: <SPLIT>Description: Orioles 8, Devil Rays 0 Javy Lopez drove in four runs, Daniel Cabrera became the first rookie to win 10 games this season, and the Baltimore Orioles held the Tampa Bay Devil Rays to two hits in an 8-0 victory.","[[TiYtle]]: <SPLIT>Description: Orioles 8, Devil Rays 0 Javy Lopez drove in four runs, Daniel Cabrera became the first rookie to win 10 games this season, and the Baltimore Orioles held the Tampa Bay Devil Rays to two hits in an 8-0 victory.",0.0,0.0,1,1,1,200,"Failed"
"[[Title]]: <SPLIT>Description: Wake Forest survives at the NIT No. 1 Wake Forest used a 19-5 second half run to take the lead and then held off Arizona 63-60 to win the preseason NIT. Mustafa Shakur had a chance to take the lead in the final seconds, but he missed a runner in the lane.","[[Tfitle]]: <SPLIT>Description: Wake Forest survives at the NIT No. 1 Wake Forest used a 19-5 second half run to take the lead and then held off Arizona 63-60 to win the preseason NIT. Mustafa Shakur had a chance to take the lead in the final seconds, but he missed a runner in the lane.",0.0,0.0,1,1,1,200,"Failed"
"Title: <SPLIT>Description: ""R.I.P. Gary Webb -- Unembedded Reporter The finest journalist ever to get fired for telling the truth is dead at age 49. The official cause of death on the death certificate will be suicide. But, as we shall see, he had much help getting to that point. The story of the life and death of Gary Webb says much about the state of American politics and what passes as """"journalism"""" in today's America. ""","Title: <SPLIT>Description: ""R.I.P. Gary Webb -- Unembedded Reporter The finest journalist ever to get fired for telling the truth is dead at age 49. The official cause of death on the death certificate will be suicide. But, as we shall see, he had much help getting to that point. The story of the life and death of Gary Webb says much about the state of American politics and what passes as """"journalism"""" in today's America. """,1.0,1.0,1,1,3,1,"Skipped"
"Title: <SPLIT>Description: Small computers can have multiple personalities, too BOSTON The jury is still out on whether a computer can ever truly be intelligent, but there is no question that it can have multiple personalities. It #39;s just a matter of software. We usually think of the processor chip as the brains of a computer. The ...","Title: <SPLIT>Description: Small computers can have multiple personalities, too BOSTON The jury is still out on whether a computer can ever truly be intelligent, but there is no question that it can have multiple personalities. It #39;s just a matter of software. We usually think of the processor chip as the brains of a computer. The ...",1.0,1.0,1,1,3,1,"Skipped"
"[[Title]]: <SPLIT>Description: Happy returns for Cabrera Fly from New York to Colombia on Monday, be with your wife as she has surgery, make sure things are OK there, fly to Boston overnight on Tuesday and hit a game-winning home run in the 12th inning on Wednesday.","[[Tifle]]: <SPLIT>Description: Happy returns for Cabrera Fly from New York to Colombia on Monday, be with your wife as she has surgery, make sure things are OK there, fly to Boston overnight on Tuesday and hit a game-winning home run in the 12th inning on Wednesday.",0.0,1.0,1,0,1,200,"Successful"
"Title: <SPLIT>Description: Wall Street Looks Set for a Mixed Start (Reuters) Reuters - Wall Street looked set for a mixed start\on Thursday as oil prices remained near two-week highs and\investors braced for a clutch of economic data and earnings\from high-profile firms like Goldman Sachs  and Nike\.","Title: <SPLIT>Description: Wall Street Looks Set for a Mixed Start (Reuters) Reuters - Wall Street looked set for a mixed start\on Thursday as oil prices remained near two-week highs and\investors braced for a clutch of economic data and earnings\from high-profile firms like Goldman Sachs  and Nike\.",1.0,1.0,1,1,2,1,"Skipped"
"[[Title]]: <SPLIT>Description: Sven refuses to criticise Becks Quell surprise: Sven has refused to criticise David Beckham despite the England captain #39;s latest demonstration of his infamous petulance against Wales.","[[TZitle]]: <SPLIT>Description: Sven refuses to criticise Becks Quell surprise: Sven has refused to criticise David Beckham despite the England captain #39;s latest demonstration of his infamous petulance against Wales.",0.0,1.0,1,0,1,200,"Successful"
"Title: <SPLIT>Description: Black Watch troops move into position The first units of a Black Watch battlegroup are due to arrive today in their new positions south of Baghdad as Tony Blair indicated that more British troops may replace them in the American-controlled zone before the end of the year.","Title: <SPLIT>Description: Black Watch troops move into position The first units of a Black Watch battlegroup are due to arrive today in their new positions south of Baghdad as Tony Blair indicated that more British troops may replace them in the American-controlled zone before the end of the year.",1.0,1.0,1,1,0,1,"Skipped"
"Title: <SPLIT>Description: 14 dead in Kashmir violence NEW DELHI - Fourteen people have been killed in Kashmir in an increase of violence since a visit by the Indian prime minister in mid-November.","Title: <SPLIT>Description: 14 dead in Kashmir violence NEW DELHI - Fourteen people have been killed in Kashmir in an increase of violence since a visit by the Indian prime minister in mid-November.",1.0,1.0,1,1,0,1,"Skipped"
"Title: <SPLIT>Description: India seeks new TV bids The Indian Board re-opens the bidding for TV rights after Australian threaten to cancel their tour.","Title: <SPLIT>Description: India seeks new TV bids The Indian Board re-opens the bidding for TV rights after Australian threaten to cancel their tour.",1.0,1.0,1,1,0,1,"Skipped"
"Title: <SPLIT>Description: Vote counting begins in Afghan election KABUL, Afghanistan -- Vote counting started yesterday in Afghanistan's landmark election, widely expected to install US-backed interim leader Hamid Karzai as the war-ravaged country's first popularly chosen president.","Title: <SPLIT>Description: Vote counting begins in Afghan election KABUL, Afghanistan -- Vote counting started yesterday in Afghanistan's landmark election, widely expected to install US-backed interim leader Hamid Karzai as the war-ravaged country's first popularly chosen president.",1.0,1.0,1,1,0,1,"Skipped"
"[[Title]]: <SPLIT>Description: === Houston re-signs Vizcaino to one-year contract === Houston, TX (Sports Network) - The Houston Astros re-signed free agent infielder Jose Vizcaino to a one-year contract on Friday. Vizcaino appeared in 138 games for the Astros in 2004, his fourth season with ","[[TZitle]]: <SPLIT>Description: === Houston re-signs Vizcaino to one-year contract === Houston, TX (Sports Network) - The Houston Astros re-signed free agent infielder Jose Vizcaino to a one-year contract on Friday. Vizcaino appeared in 138 games for the Astros in 2004, his fourth season with ",0.0,0.0,1,1,1,200,"Failed"
"Title: <SPLIT>Description: ""Before-the Bell; Rouse Co. Shares Jump  &lt;A HREF=""""http://www.investor.reuters.com/FullQuote.aspx?ticker=RSE.N target=/stocks/quickinfo/fullquote""""&gt;RSE.N&lt;/A&gt; jumped before the bell after General Growth  Properties Inc. &lt;A HREF=""""http://www.investor.reuters.com/FullQuote.aspx?ticker=GGP.N target=/stocks/quickinfo/fullquote""""&gt;GGP.N&lt;/A&gt;, the No. 2 U.S. shopping mall owner, on  Friday said it would buy Rouse for \$7.2 billion.""","Title: <SPLIT>Description: ""Before-the Bell; Rouse Co. Shares Jump  &lt;A HREF=""""http://www.investor.reuters.com/FullQuote.aspx?ticker=RSE.N target=/stocks/quickinfo/fullquote""""&gt;RSE.N&lt;/A&gt; jumped before the bell after General Growth  Properties Inc. &lt;A HREF=""""http://www.investor.reuters.com/FullQuote.aspx?ticker=GGP.N target=/stocks/quickinfo/fullquote""""&gt;GGP.N&lt;/A&gt;, the No. 2 U.S. shopping mall owner, on  Friday said it would buy Rouse for \$7.2 billion.""",1.0,1.0,1,1,2,1,"Skipped"
"Title: <SPLIT>Description: Publisher Files Copyright Suit Against Google An adult publishing company sued Google last week, alleging a dozen counts of copyright infringement. Perfect 10, a Beverly Hills, CA-based publisher of an adult-oriented magazine and Web sites, asserts that ","Title: <SPLIT>Description: Publisher Files Copyright Suit Against Google An adult publishing company sued Google last week, alleging a dozen counts of copyright infringement. Perfect 10, a Beverly Hills, CA-based publisher of an adult-oriented magazine and Web sites, asserts that ",1.0,1.0,1,1,3,1,"Skipped"
"[[Title]]: <SPLIT>Description: Premiership: Charlton snatch win Dennis Rommedahl grabbed an injury-time winner for Charlton against a Crystal Palace side who will be very upset at a missed penalty.","[[TQitle]]: <SPLIT>Description: Premiership: Charlton snatch win Dennis Rommedahl grabbed an injury-time winner for Charlton against a Crystal Palace side who will be very upset at a missed penalty.",0.0,0.0,1,1,1,200,"Failed"
"Title: <SPLIT>Description: An Interview with Bill Baker, SQL Server BI General Manager This article is the first in a new, regular series of articles and interviews with top Microsoft program managers. Our goal is to give you a close-up, helpful and informative look at things ","Title: <SPLIT>Description: An Interview with Bill Baker, SQL Server BI General Manager This article is the first in a new, regular series of articles and interviews with top Microsoft program managers. Our goal is to give you a close-up, helpful and informative look at things ",1.0,1.0,1,1,3,1,"Skipped"
"[[Title]]: <SPLIT>Description: America #39;s curse There is an all but unanswerable case for asserting that the biggest story out of the United States this week has nothing to do with the presidential election, has no connection with the flu vaccine shortage and that it does not involve a gay bishop either ","[[Tiatle]]: <SPLIT>Description: America #39;s curse There is an all but unanswerable case for asserting that the biggest story out of the United States this week has nothing to do with the presidential election, has no connection with the flu vaccine shortage and that it does not involve a gay bishop either ",0.0,0.0,1,1,1,200,"Failed"
"Title: <SPLIT>Description: EasyMobile launch set for March Denmark #39;s leading telecoms operator TDC says it will launch a low-budget mobile telephone operator dubbed  quot;easyMobile quot; with mobile network operator T-Mobile in Britain in March 2005.","Title: <SPLIT>Description: EasyMobile launch set for March Denmark #39;s leading telecoms operator TDC says it will launch a low-budget mobile telephone operator dubbed  quot;easyMobile quot; with mobile network operator T-Mobile in Britain in March 2005.",1.0,1.0,1,1,2,1,"Skipped"
"Title: <SPLIT>Description: India watches in awe as two grand families feud in public (Canadian Press) Canadian Press - NEW DELHI (AP) - On one side is the dynasty that has dominated Indian politics for half a century. On the other is the family of India's most popular actor, a man so revered that his fans have been known to commit suicide out of loyalty to him.","Title: <SPLIT>Description: India watches in awe as two grand families feud in public (Canadian Press) Canadian Press - NEW DELHI (AP) - On one side is the dynasty that has dominated Indian politics for half a century. On the other is the family of India's most popular actor, a man so revered that his fans have been known to commit suicide out of loyalty to him.",1.0,1.0,1,1,0,1,"Skipped"
"Title: <SPLIT>Description: ""Kroger Profit Falls, Warns on Sales  NEW YORK (Reuters) - Kroger Co. &lt;A HREF=""""http://www.investor.reuters.com/FullQuote.aspx?ticker=KR.N target=/stocks/quickinfo/fullquote""""&gt;KR.N&lt;/A&gt;, the largest U.S.  grocer, on Tuesday reported a 25 percent drop in quarterly  profit, hurt by debt redemption costs.""","Title: <SPLIT>Description: ""Kroger Profit Falls, Warns on Sales  NEW YORK (Reuters) - Kroger Co. &lt;A HREF=""""http://www.investor.reuters.com/FullQuote.aspx?ticker=KR.N target=/stocks/quickinfo/fullquote""""&gt;KR.N&lt;/A&gt;, the largest U.S.  grocer, on Tuesday reported a 25 percent drop in quarterly  profit, hurt by debt redemption costs.""",1.0,1.0,1,1,2,1,"Skipped"
"[[Title]]: <SPLIT>Description: Palace Bans Two Fans The Palace in Auburn Hills bans two men from events for their involvement in last month's brawl between the Pistons and Indian Pacers.","[[Tifle]]: <SPLIT>Description: Palace Bans Two Fans The Palace in Auburn Hills bans two men from events for their involvement in last month's brawl between the Pistons and Indian Pacers.",0.0,0.0,1,1,1,200,"Failed"
"Title: <SPLIT>Description: Germans Use Nokia Phones in Wireless Ticket Trial The world #39;s top mobile phone maker Nokia said on Tuesday its phones would be used in a project to test wireless public transport fares in Hanau, near Frankfurt in Germany, beginning early next year.","Title: <SPLIT>Description: Germans Use Nokia Phones in Wireless Ticket Trial The world #39;s top mobile phone maker Nokia said on Tuesday its phones would be used in a project to test wireless public transport fares in Hanau, near Frankfurt in Germany, beginning early next year.",1.0,1.0,1,1,3,1,"Skipped"
"Title: <SPLIT>Description: union halts vote on grocers #39; offer Members of the grocery workers union will continue to meet to discuss the final contract proposal from King Soopers, Safeway and Albertsons following a surprise decision by the international union to halt voting on the offers.","Title: <SPLIT>Description: union halts vote on grocers #39; offer Members of the grocery workers union will continue to meet to discuss the final contract proposal from King Soopers, Safeway and Albertsons following a surprise decision by the international union to halt voting on the offers.",1.0,1.0,1,1,2,1,"Skipped"
"Title: <SPLIT>Description: Weyerhaeuser Profit Up  NEW YORK (Reuters) - Weyerhaeuser Co.'s  quarterly profit  rose sharply on a large gain from the sale of timberlands in  Georgia and it set tender offers to reduce as much as \$700  million in debt, the company said on Friday.","Title: <SPLIT>Description: Weyerhaeuser Profit Up  NEW YORK (Reuters) - Weyerhaeuser Co.'s  quarterly profit  rose sharply on a large gain from the sale of timberlands in  Georgia and it set tender offers to reduce as much as \$700  million in debt, the company said on Friday.",1.0,1.0,1,1,2,1,"Skipped"
"[[Title]]: <SPLIT>Description: Martinez Moves Red Sox Nearer Series Title (AP) AP - Don't question Pedro Martinez anymore. Fame and fortune already his, Martinez finally made it to the World Series on Tuesday night. And when he got there, he shut down the St. Louis Cardinals, putting the Boston Red Sox within one victory of the World Series title that has eluded them since 1918.","[[Tifle]]: <SPLIT>Description: Martinez Moves Red Sox Nearer Series Title (AP) AP - Don't question Pedro Martinez anymore. Fame and fortune already his, Martinez finally made it to the World Series on Tuesday night. And when he got there, he shut down the St. Louis Cardinals, putting the Boston Red Sox within one victory of the World Series title that has eluded them since 1918.",0.0,1.0,1,0,1,200,"Successful"
"Title: <SPLIT>Description: Lawmakers Grill Citigroup Japan Chief Citigroup #39;s top executive in Japan endured unprecedented questioning by lawmakers on Tuesday over a scandal at the firm #39;s private bank in the country, the latest turn in a high-profile case that has embarrassed the world #39;s biggest ","Title: <SPLIT>Description: Lawmakers Grill Citigroup Japan Chief Citigroup #39;s top executive in Japan endured unprecedented questioning by lawmakers on Tuesday over a scandal at the firm #39;s private bank in the country, the latest turn in a high-profile case that has embarrassed the world #39;s biggest ",1.0,1.0,1,1,2,1,"Skipped"
"Title: <SPLIT>Description: Red Hat opens losing propaganda offensive against Sun Opinion Heaven help us all - there #39;s a blog battle being waged between Red Hat #39;s chief cheerleader Michael Tiemann and Sun Microsystems #39; President Jonathan Schwartz.","Title: <SPLIT>Description: Red Hat opens losing propaganda offensive against Sun Opinion Heaven help us all - there #39;s a blog battle being waged between Red Hat #39;s chief cheerleader Michael Tiemann and Sun Microsystems #39; President Jonathan Schwartz.",1.0,1.0,1,1,3,1,"Skipped"
"Title: <SPLIT>Description: China cracks down on  quot;phone sex quot; services BEIJING, Aug. 17 (Xinhuanet) -- China is carrying out a nationwide campaign to crack down on  quot;phone sex quot; services, paralleling another sweeping operation against Internet pornography, Minister of Information Industry Wang Xudong said here Tuesday. ","Title: <SPLIT>Description: China cracks down on  quot;phone sex quot; services BEIJING, Aug. 17 (Xinhuanet) -- China is carrying out a nationwide campaign to crack down on  quot;phone sex quot; services, paralleling another sweeping operation against Internet pornography, Minister of Information Industry Wang Xudong said here Tuesday. ",1.0,1.0,1,1,3,1,"Skipped"
"Title: <SPLIT>Description: IBM delivers Websphere 6.0 IBM on Wednesday formally announced the next major release of WebSphere, code-named Vela, which company officials see as an integral building block for both its ongoing SOA (service-oriented architecture) and On Demand strategies.","Title: <SPLIT>Description: IBM delivers Websphere 6.0 IBM on Wednesday formally announced the next major release of WebSphere, code-named Vela, which company officials see as an integral building block for both its ongoing SOA (service-oriented architecture) and On Demand strategies.",1.0,1.0,1,1,3,1,"Skipped"
"[[Title]]: <SPLIT>Description: World's Tallest Bridge Soars Above French Valley A bridge officially designated the tallest in the world was inaugurated by President Jacques Chirac in southern France Tuesday.","[[TiAtle]]: <SPLIT>Description: World's Tallest Bridge Soars Above French Valley A bridge officially designated the tallest in the world was inaugurated by President Jacques Chirac in southern France Tuesday.",0.0,0.0,0,0,0,200,"Failed"
"[[Title]]: <SPLIT>Description: Paul McCartney To Perform at Super Bowl Following this year #39;s  quot;Nipplegate quot; affair with Janet Jackson and Justin Timberlake, the organisers of half-time entertainment at the Super Bowl aren #39;t taking any chances in 2005.","[[TBitle]]: <SPLIT>Description: Paul McCartney To Perform at Super Bowl Following this year #39;s  quot;Nipplegate quot; affair with Janet Jackson and Justin Timberlake, the organisers of half-time entertainment at the Super Bowl aren #39;t taking any chances in 2005.",0.0,0.0,1,1,1,200,"Failed"
"Title: <SPLIT>Description: Flat-screen TV But the booming demand isn #39;t proving profitable for the companies that make the high-resolution video panels. For electronics retailers, it will be the holiday season of the flat-screen TV.","Title: <SPLIT>Description: Flat-screen TV But the booming demand isn #39;t proving profitable for the companies that make the high-resolution video panels. For electronics retailers, it will be the holiday season of the flat-screen TV.",1.0,1.0,1,1,3,1,"Skipped"
"Title: <SPLIT>Description: Court: Whales Have No Standing to Sue (AP) AP - A federal appeals court decided Wednesday that marine mammals have no standing to sue to stop the U.S. Navy from using sonar.","Title: <SPLIT>Description: Court: Whales Have No Standing to Sue (AP) AP - A federal appeals court decided Wednesday that marine mammals have no standing to sue to stop the U.S. Navy from using sonar.",1.0,1.0,1,1,3,1,"Skipped"
"Title: <SPLIT>Description: Iraqis Fearing a Sunni Boycott of the Election Leaders of Iraq's Sunni minority say they have failed to generate any enthusiasm for nationwide elections scheduled for January.","Title: <SPLIT>Description: Iraqis Fearing a Sunni Boycott of the Election Leaders of Iraq's Sunni minority say they have failed to generate any enthusiasm for nationwide elections scheduled for January.",1.0,1.0,1,1,0,1,"Skipped"
"Title: <SPLIT>Description: Prosecutor Seeks 8-Year Jail Term for Italy's PM  MILAN (Reuters) - An Italian prosecutor asked a court on  Friday to sentence Silvio Berlusconi to eight years in jail for  bribing judges as the prime minister's four-year corruption  trial reached its closing stages.","Title: <SPLIT>Description: Prosecutor Seeks 8-Year Jail Term for Italy's PM  MILAN (Reuters) - An Italian prosecutor asked a court on  Friday to sentence Silvio Berlusconi to eight years in jail for  bribing judges as the prime minister's four-year corruption  trial reached its closing stages.",1.0,1.0,1,1,0,1,"Skipped"
"[[Title]]: <SPLIT>Description: Junqueira sets up Champ Car final Bruno Junqueira won Sunday #39;s Lexmark Indy 300 ahead to retain hopes of winning the Champ Car title. The Brazilian #39;s Newman-Haas team-mate Sebastian Bourdais needed to win seven more points than Junqueira in Surfers Paradise to secure the title.","[[TiGtle]]: <SPLIT>Description: Junqueira sets up Champ Car final Bruno Junqueira won Sunday #39;s Lexmark Indy 300 ahead to retain hopes of winning the Champ Car title. The Brazilian #39;s Newman-Haas team-mate Sebastian Bourdais needed to win seven more points than Junqueira in Surfers Paradise to secure the title.",0.0,0.0,1,1,1,200,"Failed"
"[[Title]]: <SPLIT>Description: Rivers soaks up his big moment The game ball was retrieved following the Celtics #39; 107-73 victory over the Knicks last night. It will be appropriately lettered and presented to coach Doc Rivers to commemorate his first win for the club.","[[TLitle]]: <SPLIT>Description: Rivers soaks up his big moment The game ball was retrieved following the Celtics #39; 107-73 victory over the Knicks last night. It will be appropriately lettered and presented to coach Doc Rivers to commemorate his first win for the club.",0.0,0.0,1,1,1,200,"Failed"
"Title: <SPLIT>Description: Wal-Mart Move Ominous Sign for Retailers (AP) AP - Weaker-than-expected holiday shopping forced Wal-Mart Stores Inc. on Saturday to cut its projected sales increase for November by more than half, an ominous announcement for retailers as their busiest time of year begins.","Title: <SPLIT>Description: Wal-Mart Move Ominous Sign for Retailers (AP) AP - Weaker-than-expected holiday shopping forced Wal-Mart Stores Inc. on Saturday to cut its projected sales increase for November by more than half, an ominous announcement for retailers as their busiest time of year begins.",1.0,1.0,1,1,2,1,"Skipped"
"Title: <SPLIT>Description: Energy Dept. funds open-source InfiniBand work Three-year project will back programmers' effort to build Linux software support for the high-speed networking technology.","Title: <SPLIT>Description: Energy Dept. funds open-source InfiniBand work Three-year project will back programmers' effort to build Linux software support for the high-speed networking technology.",1.0,1.0,1,1,3,1,"Skipped"
"Title: <SPLIT>Description: Thailand to prosecute 300 Muslims detained in deadly riot BANGKOK : Thai Prime Minister Thaksin Shinawatra said the government would prosecute 300 Muslims detained at a riot this week that led to the deaths of 87 protesters, while another 900 would be released.","Title: <SPLIT>Description: Thailand to prosecute 300 Muslims detained in deadly riot BANGKOK : Thai Prime Minister Thaksin Shinawatra said the government would prosecute 300 Muslims detained at a riot this week that led to the deaths of 87 protesters, while another 900 would be released.",1.0,1.0,1,1,0,1,"Skipped"
"Title: <SPLIT>Description: In U.S. Market, Cellphone Users Are Often All Talk Users in the United States continue to think of a cellphone as a device for talking, not text messaging. Marketers, however, hope to change that as soon as possible.","Title: <SPLIT>Description: In U.S. Market, Cellphone Users Are Often All Talk Users in the United States continue to think of a cellphone as a device for talking, not text messaging. Marketers, however, hope to change that as soon as possible.",1.0,1.0,1,1,3,1,"Skipped"
"Title: <SPLIT>Description: HD DVD will boost quality, help stores Four Hollywood studios this week embraced a new high-definition DVD format from electronics giant Toshiba - raising many questions for video lovers who have driven sales of pre-recorded DVDs to new heights.","Title: <SPLIT>Description: HD DVD will boost quality, help stores Four Hollywood studios this week embraced a new high-definition DVD format from electronics giant Toshiba - raising many questions for video lovers who have driven sales of pre-recorded DVDs to new heights.",1.0,1.0,1,1,3,1,"Skipped"
"[[Title]]: <SPLIT>Description: IndyCar champ Kanaan finishes second and every lap FORT WORTH, Texas Helio Castroneves had a great restart today with two laps to go after a lengthy caution. He held off IndyCar Series champion Tony Kanaan to win the season finale at Texas Motor Speedway.","[[TQitle]]: <SPLIT>Description: IndyCar champ Kanaan finishes second and every lap FORT WORTH, Texas Helio Castroneves had a great restart today with two laps to go after a lengthy caution. He held off IndyCar Series champion Tony Kanaan to win the season finale at Texas Motor Speedway.",0.0,0.0,1,1,1,200,"Failed"
"Title: <SPLIT>Description: SBC Bundles Up for Long Term (The Motley Fool) The Motley Fool - The lure of bundling services has been hanging over the communications industry for the past six years or so, although many companies have been unable to perfect a winning strategy. Bundling brings together services such as wired (local and long distance) and wireless phone service, Internet access, and satellite or cable television services.","Title: <SPLIT>Description: SBC Bundles Up for Long Term (The Motley Fool) The Motley Fool - The lure of bundling services has been hanging over the communications industry for the past six years or so, although many companies have been unable to perfect a winning strategy. Bundling brings together services such as wired (local and long distance) and wireless phone service, Internet access, and satellite or cable television services.",1.0,1.0,1,1,3,1,"Skipped"
"Title: <SPLIT>Description: Officials: Boston #39;s Big Dig highway project full of leaks &lt;b&gt;...&lt;/b&gt; But taxpayers won #39;t have to foot the bill -- Massachusetts Turnpike managers say the repairs are the responsibility of the private contractors who built the nearly 15 (b) billion dollar tunnel project.","Title: <SPLIT>Description: Officials: Boston #39;s Big Dig highway project full of leaks &lt;b&gt;...&lt;/b&gt; But taxpayers won #39;t have to foot the bill -- Massachusetts Turnpike managers say the repairs are the responsibility of the private contractors who built the nearly 15 (b) billion dollar tunnel project.",1.0,1.0,1,1,2,1,"Skipped"
"Title: <SPLIT>Description: Africa condemned to major polio epidemic - U.N. (Reuters) Reuters - A major polio epidemic in West and Central Africa is inevitable in coming months, but the disease could be eradicated worldwide next year by mass immunisations, the World Health Organisation (WHO) said on Friday.","Title: <SPLIT>Description: Africa condemned to major polio epidemic - U.N. (Reuters) Reuters - A major polio epidemic in West and Central Africa is inevitable in coming months, but the disease could be eradicated worldwide next year by mass immunisations, the World Health Organisation (WHO) said on Friday.",1.0,1.0,1,1,0,1,"Skipped"
"Title: <SPLIT>Description: ""Mexico's 'Fire Volcano' Erupts, No Evacuations Yet (Reuters) Reuters - Mexico's so-called """"Fire\Volcano"""" spewed lava, glowing rocks and flames on Friday in an\eruption that authorities said was not yet serious enough to\evacuate nearby villages.""","Title: <SPLIT>Description: ""Mexico's 'Fire Volcano' Erupts, No Evacuations Yet (Reuters) Reuters - Mexico's so-called """"Fire\Volcano"""" spewed lava, glowing rocks and flames on Friday in an\eruption that authorities said was not yet serious enough to\evacuate nearby villages.""",1.0,1.0,1,1,3,1,"Skipped"
"Title: <SPLIT>Description: Russia wants new business partnership with old ally India (AFP) AFP - Russia is seeking a new economic partnership to boost a decades-old friendship with India, envisaging sophisticated arms sales, high-end technology swaps and political support on the world stage.","Title: <SPLIT>Description: Russia wants new business partnership with old ally India (AFP) AFP - Russia is seeking a new economic partnership to boost a decades-old friendship with India, envisaging sophisticated arms sales, high-end technology swaps and political support on the world stage.",1.0,1.0,1,1,0,1,"Skipped"
"[[Title]]: <SPLIT>Description: American Aaron Peirsol Wins Gold on Appeal  ATHENS (Reuters) - Aaron Peirsol won his second gold medal  at the Athens Olympics Thursday after winning an appeal against  his disqualification from the men's 200 meter backstroke.","[[TiRtle]]: <SPLIT>Description: American Aaron Peirsol Wins Gold on Appeal  ATHENS (Reuters) - Aaron Peirsol won his second gold medal  at the Athens Olympics Thursday after winning an appeal against  his disqualification from the men's 200 meter backstroke.",0.0,0.0,1,1,1,200,"Failed"
"[[Title]]: <SPLIT>Description: Kobe talks, Malone walks There #39;s a new feud taking place in Lakerland this week, only this time the verbal war of words is between Newport Beach neighbors Karl Malone and Kobe Bryant and the exchanges are ","[[Teitle]]: <SPLIT>Description: Kobe talks, Malone walks There #39;s a new feud taking place in Lakerland this week, only this time the verbal war of words is between Newport Beach neighbors Karl Malone and Kobe Bryant and the exchanges are ",0.0,0.0,1,1,1,200,"Failed"
"[[Title]]: <SPLIT>Description: Florida Upsets No. 10 Florida State 20-13 Florida State #39;s Chauncey Stovall, left, comes down with a fourth-quarter-touchdown catch as Florida defender Vernell Brown, right, falls down, Saturday, Nov. 20, 2004, in Tallahassee, Fla.","[[Tifle]]: <SPLIT>Description: Florida Upsets No. 10 Florida State 20-13 Florida State #39;s Chauncey Stovall, left, comes down with a fourth-quarter-touchdown catch as Florida defender Vernell Brown, right, falls down, Saturday, Nov. 20, 2004, in Tallahassee, Fla.",0.0,0.0,1,1,1,200,"Failed"
"Title: <SPLIT>Description: Ivory Coast Leader Urges End to Violence  ABIDJAN (Reuters) - Ivory Coast President Laurent Gbagbo  appealed for an end to the anti-French violence which erupted  after France destroyed most of the country's air force in  retaliation for the killing of nine French peacekeepers.","Title: <SPLIT>Description: Ivory Coast Leader Urges End to Violence  ABIDJAN (Reuters) - Ivory Coast President Laurent Gbagbo  appealed for an end to the anti-French violence which erupted  after France destroyed most of the country's air force in  retaliation for the killing of nine French peacekeepers.",1.0,1.0,1,1,0,1,"Skipped"
"Title: <SPLIT>Description: P2P company wants RIAA to face the music The Recording Industry Association of America (RIAA) is being given a taste of its own medicine by peer-to-peer (P2P) company Altnet, which has launched a civil suit against the trade body alleging patent infringement.","Title: <SPLIT>Description: P2P company wants RIAA to face the music The Recording Industry Association of America (RIAA) is being given a taste of its own medicine by peer-to-peer (P2P) company Altnet, which has launched a civil suit against the trade body alleging patent infringement.",1.0,1.0,1,1,3,1,"Skipped"
"Title: <SPLIT>Description: Russia working on new nuclear weapons: Putin MOSCOW - New nuclear weapons systems being developed in Russia could include a missile designed to defeat the US missile defence shield.","Title: <SPLIT>Description: Russia working on new nuclear weapons: Putin MOSCOW - New nuclear weapons systems being developed in Russia could include a missile designed to defeat the US missile defence shield.",1.0,1.0,1,1,0,1,"Skipped"
"Title: <SPLIT>Description: ""Why 2004 was the year of the blog A US dictionary publisher declares """"blog"""" as one of the words of the year.""","Title: <SPLIT>Description: ""Why 2004 was the year of the blog A US dictionary publisher declares """"blog"""" as one of the words of the year.""",1.0,1.0,1,1,0,1,"Skipped"
"Title: <SPLIT>Description: US edge out Brazil for gold The United States beat Brazil 2-1 in extra time to win the women's Olympic football tournament.","Title: <SPLIT>Description: US edge out Brazil for gold The United States beat Brazil 2-1 in extra time to win the women's Olympic football tournament.",1.0,1.0,1,1,0,1,"Skipped"
"Title: <SPLIT>Description: Connors rallying cry for British [[tennis]]  quot;Do you have it in your heart? How much guts do you have? How much do you hate to lose? quot;. These are the questions Jimmy Connors will be asking of Britain #39;s brightest tennis hopes in the months, and possibly years, to come.","Title: <SPLIT>Description: Connors rallying cry for British [[tehnis]]  quot;Do you have it in your heart? How much guts do you have? How much do you hate to lose? quot;. These are the questions Jimmy Connors will be asking of Britain #39;s brightest tennis hopes in the months, and possibly years, to come.",0.0,1.0,1,3,1,200,"Successful"
"Title: <SPLIT>Description: Pfizer to Sponsor Large New Celebrex Trial  NEW YORK (Reuters) - Pfizer Inc. said on Monday it plans to  sponsor a major clinical study to further assess the  cardiovascular safety of its arthritis drug Celebrex following  the withdrawal of Merck   Co.'s Vioxx, a drug in the same  class.","Title: <SPLIT>Description: Pfizer to Sponsor Large New Celebrex Trial  NEW YORK (Reuters) - Pfizer Inc. said on Monday it plans to  sponsor a major clinical study to further assess the  cardiovascular safety of its arthritis drug Celebrex following  the withdrawal of Merck   Co.'s Vioxx, a drug in the same  class.",1.0,1.0,1,1,2,1,"Skipped"
"Title: <SPLIT>Description: Bluetooth Group Outlines Strategy (NewsFactor) NewsFactor - With Bluetooth short-range wireless technology finding its way into an array of hardware products, ranging from mobile phones to in-vehicle telematics systems, a working group promoting the specification has outlined a strategy to make it even more attractive and useful.","Title: <SPLIT>Description: Bluetooth Group Outlines Strategy (NewsFactor) NewsFactor - With Bluetooth short-range wireless technology finding its way into an array of hardware products, ranging from mobile phones to in-vehicle telematics systems, a working group promoting the specification has outlined a strategy to make it even more attractive and useful.",1.0,1.0,1,1,3,1,"Skipped"
"Title: <SPLIT>Description: A  #39;Plan B #39; for PeopleSoft customers com September 20, 2004, 6:13 PM PT. This fourth priority #39;s main focus has been improving or obtaining CRM and ERP software for the past year and a half.","Title: <SPLIT>Description: A  #39;Plan B #39; for PeopleSoft customers com September 20, 2004, 6:13 PM PT. This fourth priority #39;s main focus has been improving or obtaining CRM and ERP software for the past year and a half.",1.0,1.0,1,1,3,1,"Skipped"
"[[Title]]: <SPLIT>Description: After Waiting a Long Time, Davenport Keeps It Short he weather played havoc with the United States Open schedule yesterday, but it did not affect Lindsay Davenport #39;s game. In front of a sparse crowd of no more than several hundred people at ","[[TiGtle]]: <SPLIT>Description: After Waiting a Long Time, Davenport Keeps It Short he weather played havoc with the United States Open schedule yesterday, but it did not affect Lindsay Davenport #39;s game. In front of a sparse crowd of no more than several hundred people at ",0.0,0.0,1,1,1,200,"Failed"
"Title: <SPLIT>Description: Taiwan FM apologises for  #39;rude words #39; against Singapore TAIPEI (dpa) - Taiwan Foreign Minister Mark Chen apologised to Singapore on Tuesday over the words he used in describing the Southeast Asian city-state.","Title: <SPLIT>Description: Taiwan FM apologises for  #39;rude words #39; against Singapore TAIPEI (dpa) - Taiwan Foreign Minister Mark Chen apologised to Singapore on Tuesday over the words he used in describing the Southeast Asian city-state.",1.0,1.0,1,1,0,1,"Skipped"
"Title: <SPLIT>Description: JPEG exploit could beat antivirus software Most IT Managers won #39;t question the importance of security, but this priority has been sliding between the third and fourth most important focus for companies.","Title: <SPLIT>Description: JPEG exploit could beat antivirus software Most IT Managers won #39;t question the importance of security, but this priority has been sliding between the third and fourth most important focus for companies.",1.0,1.0,1,1,3,1,"Skipped"
"Title: <SPLIT>Description: Miss Peru takes Miss World crown [[Twenty-year-old]] Miss Peru has been crowned Miss World in a southern Chinese resort town, as China looks to become the regular host of an event that would have once been deemed heretical by its Communist leaders.","Title: <SPLIT>Description: Miss Peru takes Miss World crown [[Twent-year-old]] Miss Peru has been crowned Miss World in a southern Chinese resort town, as China looks to become the regular host of an event that would have once been deemed heretical by its Communist leaders.",0.0,1.0,1,0,1,200,"Successful"
"Title: <SPLIT>Description: Big guns board Intertrust DRM bandwagon Intertrust, Philips and Sony have added more top consumer electronics, content and technology heavyweights to their attempt to create an open interoperable Digital Rights Management environment.","Title: <SPLIT>Description: Big guns board Intertrust DRM bandwagon Intertrust, Philips and Sony have added more top consumer electronics, content and technology heavyweights to their attempt to create an open interoperable Digital Rights Management environment.",1.0,1.0,1,1,3,1,"Skipped"
"Title: <SPLIT>Description: Software revenue pushes up Oracle #39;s Q2 earnings Oracle Corp. reported second-quarter 2005 earnings that beat analyst expectations on Monday, thanks to new software revenue and continued gains from license updates and product support.","Title: <SPLIT>Description: Software revenue pushes up Oracle #39;s Q2 earnings Oracle Corp. reported second-quarter 2005 earnings that beat analyst expectations on Monday, thanks to new software revenue and continued gains from license updates and product support.",1.0,1.0,1,1,2,1,"Skipped"
"Title: <SPLIT>Description: Belarus Bank Denies Money Laundering Charge A bank in Belarus has denied US charges that it laundered money for former Iraqi leader Saddam Hussein. Infobank, in a statement, said it has strictly followed international agreements related to the fight against illegal transactions.","Title: <SPLIT>Description: Belarus Bank Denies Money Laundering Charge A bank in Belarus has denied US charges that it laundered money for former Iraqi leader Saddam Hussein. Infobank, in a statement, said it has strictly followed international agreements related to the fight against illegal transactions.",1.0,1.0,1,1,2,1,"Skipped"
"Title: <SPLIT>Description: Long-Awaited Audit Shows Major Discrepancies In Newsday &lt;b&gt;...&lt;/b&gt; The Audit Bureau of Circulations released the long-awaited results of its audit of the Tribune Company #39;s scandal-tarred Newsday on Tuesday, confirming the magnitude of the discrepancies uncovered by the company #39;s recent internal audit.","Title: <SPLIT>Description: Long-Awaited Audit Shows Major Discrepancies In Newsday &lt;b&gt;...&lt;/b&gt; The Audit Bureau of Circulations released the long-awaited results of its audit of the Tribune Company #39;s scandal-tarred Newsday on Tuesday, confirming the magnitude of the discrepancies uncovered by the company #39;s recent internal audit.",1.0,1.0,1,1,2,1,"Skipped"
"Title: <SPLIT>Description: QUALCOMM Acquires UK-Based, Mobile User Interface Leader Trigenix SAN DIEGO, Oct. 12 -QUALCOMM Incorporated (Nasdaq: QCOM), pioneer and world leader of Code Division Multiple Access (CDMA) digital wireless technology, today announced it has acquired Trigenix, a mobile user interface company, based in the United Kingdom.","Title: <SPLIT>Description: QUALCOMM Acquires UK-Based, Mobile User Interface Leader Trigenix SAN DIEGO, Oct. 12 -QUALCOMM Incorporated (Nasdaq: QCOM), pioneer and world leader of Code Division Multiple Access (CDMA) digital wireless technology, today announced it has acquired Trigenix, a mobile user interface company, based in the United Kingdom.",1.0,1.0,1,1,3,1,"Skipped"
"Title: <SPLIT>Description: Early astronaut showed the moon was attainable Gordon Cooper Jr., one of the original seven astronauts who became space pioneers and national celebrities, died Monday at his home in Ventura, Calif.","Title: <SPLIT>Description: Early astronaut showed the moon was attainable Gordon Cooper Jr., one of the original seven astronauts who became space pioneers and national celebrities, died Monday at his home in Ventura, Calif.",1.0,1.0,1,1,3,1,"Skipped"
"[[Title]]: <SPLIT>Description: Wenger commits future to Arsenal Arsenal FC have agreed a three-year contract extension with manager Arsne Wenger, retaining the Frenchman #39;s services until May 2008.","[[TiLtle]]: <SPLIT>Description: Wenger commits future to Arsenal Arsenal FC have agreed a three-year contract extension with manager Arsne Wenger, retaining the Frenchman #39;s services until May 2008.",0.0,1.0,1,0,1,200,"Successful"
"Title: <SPLIT>Description: British grocer Tesco sees group sales rise 12.0-percent (AFP) AFP - Tesco, Britain's biggest supermarket chain, said that group sales grew by 12.2 percent in the third quarter, driven by strong performances from its stores at home and abroad.","Title: <SPLIT>Description: British grocer Tesco sees group sales rise 12.0-percent (AFP) AFP - Tesco, Britain's biggest supermarket chain, said that group sales grew by 12.2 percent in the third quarter, driven by strong performances from its stores at home and abroad.",1.0,1.0,1,1,2,1,"Skipped"
"Title: <SPLIT>Description: Microsoft #39;s low-cost operating system Aimed at making cheaper PCs, Microsoft on Wednesday unveiled low-cost Windows XP Starter Edition operating systems in India in Hindi targetting the first-time home users.","Title: <SPLIT>Description: Microsoft #39;s low-cost operating system Aimed at making cheaper PCs, Microsoft on Wednesday unveiled low-cost Windows XP Starter Edition operating systems in India in Hindi targetting the first-time home users.",1.0,1.0,0,0,3,1,"Skipped"
"[[Title]]: <SPLIT>Description: Kerry-Kerrey Confusion Trips Up Campaign (AP) AP - John Kerry, Bob Kerrey. It's easy to get confused.","[[Tifle]]: <SPLIT>Description: Kerry-Kerrey Confusion Trips Up Campaign (AP) AP - John Kerry, Bob Kerrey. It's easy to get confused.",0.0,1.0,0,1,0,200,"Successful"
"Title: <SPLIT>Description: Post-Olympic Greece tightens purse, sells family silver to fill budget holes (AFP) AFP - Squeezed by a swelling public deficit and debt following last month's costly Athens Olympics, the Greek government said it would cut defence spending and boost revenue by 1.5 billion euros (1.84 billion dollars) in privatisation receipts.","Title: <SPLIT>Description: Post-Olympic Greece tightens purse, sells family silver to fill budget holes (AFP) AFP - Squeezed by a swelling public deficit and debt following last month's costly Athens Olympics, the Greek government said it would cut defence spending and boost revenue by 1.5 billion euros (1.84 billion dollars) in privatisation receipts.",1.0,1.0,1,1,2,1,"Skipped"
"[[Title]]: <SPLIT>Description: US diplomat among 7 injured in Islamabad hotel explosion ISLAMABAD: Seven people including foreigners were injured in a powerful explosion at the entrance to the Marriott Hotel lobby on Thursday.","[[TGitle]]: <SPLIT>Description: US diplomat among 7 injured in Islamabad hotel explosion ISLAMABAD: Seven people including foreigners were injured in a powerful explosion at the entrance to the Marriott Hotel lobby on Thursday.",0.0,0.0,0,0,0,200,"Failed"
"Title: <SPLIT>Description: Spike Lee Wins Cybersquatting Case Against Porn Site Movie director Spike Lee has won his\cybersquatting case against a Philippines-based operator who\misused the domain name to redirect surfers to a pornographic\Web Site, arbitrators ruled Friday.","Title: <SPLIT>Description: Spike Lee Wins Cybersquatting Case Against Porn Site Movie director Spike Lee has won his\cybersquatting case against a Philippines-based operator who\misused the domain name to redirect surfers to a pornographic\Web Site, arbitrators ruled Friday.",1.0,1.0,1,1,3,1,"Skipped"
"Title: <SPLIT>Description: Blame pinned on British home secretary for 'exposing' affair (AFP) AFP - The blame falls on Home Secretary David Blunkett for exposing his three-year affair with the married publisher of The Spectator, the magazine itself charges in its latest issue.","Title: <SPLIT>Description: Blame pinned on British home secretary for 'exposing' affair (AFP) AFP - The blame falls on Home Secretary David Blunkett for exposing his three-year affair with the married publisher of The Spectator, the magazine itself charges in its latest issue.",1.0,1.0,1,1,0,1,"Skipped"
"Title: <SPLIT>Description: Nations Use Net to Spy, Plot Attacks Ex-Bush Aide (Reuters) Reuters - The world's most advanced\military powers are using the Internet to spy on their enemies\and prepare digital attacks against rogue targets, a leading\cyber security expert said on Friday.","Title: <SPLIT>Description: Nations Use Net to Spy, Plot Attacks Ex-Bush Aide (Reuters) Reuters - The world's most advanced\military powers are using the Internet to spy on their enemies\and prepare digital attacks against rogue targets, a leading\cyber security expert said on Friday.",1.0,1.0,1,1,3,1,"Skipped"
"Title: <SPLIT>Description: Israel Kills Two Militants During Massive Gaza Raid  GAZA (Reuters) - The Israeli army killed two militants  Saturday in an air strike in the northern Gaza Strip, bringing  the number of Palestinians Israel has killed in one of its  deadliest Gaza raids to 39.","Title: <SPLIT>Description: Israel Kills Two Militants During Massive Gaza Raid  GAZA (Reuters) - The Israeli army killed two militants  Saturday in an air strike in the northern Gaza Strip, bringing  the number of Palestinians Israel has killed in one of its  deadliest Gaza raids to 39.",1.0,1.0,1,1,0,1,"Skipped"
"[[Title]]: <SPLIT>Description: Edwards Banned from Games - Source  ATHENS (Reuters) - World 100 meters champion Torri Edwards  will miss the Athens Olympics after her appeal against a  two-year drugs ban was dismissed on Tuesday, a source told  Reuters.","[[TWitle]]: <SPLIT>Description: Edwards Banned from Games - Source  ATHENS (Reuters) - World 100 meters champion Torri Edwards  will miss the Athens Olympics after her appeal against a  two-year drugs ban was dismissed on Tuesday, a source told  Reuters.",0.0,0.0,1,1,1,200,"Failed"
"Title: <SPLIT>Description: In Chile, pace of justice quickens A judge has ruled that Gen. Augusto Pinochet stand trial for his alleged involvement in state-sponsored torture.","Title: <SPLIT>Description: In Chile, pace of justice quickens A judge has ruled that Gen. Augusto Pinochet stand trial for his alleged involvement in state-sponsored torture.",1.0,1.0,1,1,0,1,"Skipped"
"Title: <SPLIT>Description: Is Piracy Pushing Linux Sales? More PCs run the alternative OS, but many will end up with a pirated version of Windows, report says. Linux may be shipping on a growing number of PCs sold in the emerging markets of Asia, Latin America, and Eastern Europe.","Title: <SPLIT>Description: Is Piracy Pushing Linux Sales? More PCs run the alternative OS, but many will end up with a pirated version of Windows, report says. Linux may be shipping on a growing number of PCs sold in the emerging markets of Asia, Latin America, and Eastern Europe.",1.0,1.0,1,1,3,1,"Skipped"
"[[Title]]: <SPLIT>Description: Sharon acknowledges ignoring road map Prime Minister Ariel Sharon acknowledged that Israel was not following the moribund Mideast peace plan, and said an Israeli pullout from the Gaza Strip was unlikely to revive it, according ","[[TKitle]]: <SPLIT>Description: Sharon acknowledges ignoring road map Prime Minister Ariel Sharon acknowledged that Israel was not following the moribund Mideast peace plan, and said an Israeli pullout from the Gaza Strip was unlikely to revive it, according ",0.0,1.0,0,1,0,200,"Successful"
"Title: <SPLIT>Description: Santander: Rejects Spanish court tax ruling on execs LONDON (CBS.MW) -- Spain #39;s Banco Santander (STD) said it was in  quot;complete disagreement with a judicial decision quot; on Wednesday after a Spanish court ruling on tax fraud in a case dating from the 1980s.","Title: <SPLIT>Description: Santander: Rejects Spanish court tax ruling on execs LONDON (CBS.MW) -- Spain #39;s Banco Santander (STD) said it was in  quot;complete disagreement with a judicial decision quot; on Wednesday after a Spanish court ruling on tax fraud in a case dating from the 1980s.",1.0,1.0,1,1,2,1,"Skipped"
"Title: <SPLIT>Description: US Forces Bomb Iraq's Falluja, Seize Zarqawi Aide (Reuters) Reuters - U.S. planes bombed targets in\Iraq's rebel-held city of Falluja, killing two people, and the\U.S. military said it had captured a lieutenant of its\deadliest Islamist enemy in Iraq in a raid early on Saturday.","Title: <SPLIT>Description: US Forces Bomb Iraq's Falluja, Seize Zarqawi Aide (Reuters) Reuters - U.S. planes bombed targets in\Iraq's rebel-held city of Falluja, killing two people, and the\U.S. military said it had captured a lieutenant of its\deadliest Islamist enemy in Iraq in a raid early on Saturday.",1.0,1.0,1,1,0,1,"Skipped"
"[[Title]]: <SPLIT>Description: Karzai heading for Afghan victory Supporters of Afghan President Hamid Karzai say he is on course to win the presidential elections, with about one-quarter of the votes counted.","[[TNitle]]: <SPLIT>Description: Karzai heading for Afghan victory Supporters of Afghan President Hamid Karzai say he is on course to win the presidential elections, with about one-quarter of the votes counted.",0.0,0.0,0,0,0,200,"Failed"
"[[Title]]: <SPLIT>Description: Smoking ban would target pubs ritain #39;s government proposed banning smoking in most public places yesterday, setting off debate over what one smoker decried as the brainchild of a busybody  quot;nanny state.","[[TKitle]]: <SPLIT>Description: Smoking ban would target pubs ritain #39;s government proposed banning smoking in most public places yesterday, setting off debate over what one smoker decried as the brainchild of a busybody  quot;nanny state.",0.0,1.0,0,1,0,200,"Successful"
"Title: <SPLIT>Description: Mutant book wins Guardian prize A book about the evolution of mutants and the science of abnormality has won the Guardian First Book Award 2004.","Title: <SPLIT>Description: Mutant book wins Guardian prize A book about the evolution of mutants and the science of abnormality has won the Guardian First Book Award 2004.",1.0,1.0,1,1,3,1,"Skipped"
"[[Title]]: <SPLIT>Description: Wade drives Heat over Wizards The Washington Wizards are finished with the Miami Heat for the season. That #39;s the good news. Dwyane Wade had 29 points and nine assists Wednesday to lead the Heat to a 98-93 win for their ","[[TWitle]]: <SPLIT>Description: Wade drives Heat over Wizards The Washington Wizards are finished with the Miami Heat for the season. That #39;s the good news. Dwyane Wade had 29 points and nine assists Wednesday to lead the Heat to a 98-93 win for their ",0.0,0.0,1,1,1,200,"Failed"
"[[Title]]: <SPLIT>Description: Chargers, Rivers Agree to Deal The San Diego Chargers finally reached a contract agreement last night with quarterback Philip Rivers. Rivers, the fourth overall choice in April #39;s draft, agreed to a six-year deal worth about \$40 million, including ","[[TMitle]]: <SPLIT>Description: Chargers, Rivers Agree to Deal The San Diego Chargers finally reached a contract agreement last night with quarterback Philip Rivers. Rivers, the fourth overall choice in April #39;s draft, agreed to a six-year deal worth about \$40 million, including ",0.0,0.0,1,1,1,200,"Failed"
"Title: <SPLIT>Description: Flat-screen TV prices are falling for holidays But trend provokes industry unrest; panel makers call for drop in retail markups to move units. By Evan Ramstad and Gary McWilliams.","Title: <SPLIT>Description: Flat-screen TV prices are falling for holidays But trend provokes industry unrest; panel makers call for drop in retail markups to move units. By Evan Ramstad and Gary McWilliams.",1.0,1.0,2,2,3,1,"Skipped"
"Title: <SPLIT>Description: Beacon Shares Gain 22 Percent in Debut Beacon Roofing Supply Inc. saw its shares jump nearly 22 percent in its first day of trading Thursday after the company priced its initial public offering at the midpoint of its expected \$12 to \$14 price range.","Title: <SPLIT>Description: Beacon Shares Gain 22 Percent in Debut Beacon Roofing Supply Inc. saw its shares jump nearly 22 percent in its first day of trading Thursday after the company priced its initial public offering at the midpoint of its expected \$12 to \$14 price range.",1.0,1.0,1,1,2,1,"Skipped"
"[[Title]]: <SPLIT>Description: UK to assess Iraq troop move A reconnaissance team is to visit the area around Baghdad where UK forces could be sent to provide US back-up.","[[TEitle]]: <SPLIT>Description: UK to assess Iraq troop move A reconnaissance team is to visit the area around Baghdad where UK forces could be sent to provide US back-up.",0.0,0.0,0,0,0,200,"Failed"
"Title: <SPLIT>Description: Thomson joins takeover bid for ContentGuard Thomson joined Microsoft and Time Warner on Monday in trying to take control of U.S. digital rights management (DRM) company ContentGuard Holdings.","Title: <SPLIT>Description: Thomson joins takeover bid for ContentGuard Thomson joined Microsoft and Time Warner on Monday in trying to take control of U.S. digital rights management (DRM) company ContentGuard Holdings.",1.0,1.0,1,1,3,1,"Skipped"
"Title: <SPLIT>Description: Slew of Lawsuits Will Target Vioxx Maker Throngs of lawyers who represent people allegedly hurt or killed by the withdrawn painkiller Vioxx will gather in California and Las Vegas next week to discuss preparing class-action lawsuits against the drug #39;s maker, Merck  amp; Co.","Title: <SPLIT>Description: Slew of Lawsuits Will Target Vioxx Maker Throngs of lawyers who represent people allegedly hurt or killed by the withdrawn painkiller Vioxx will gather in California and Las Vegas next week to discuss preparing class-action lawsuits against the drug #39;s maker, Merck  amp; Co.",1.0,1.0,1,1,2,1,"Skipped"
"Title: <SPLIT>Description: China, Argentina sign 5 cooperation documents China and Argentina signed five agreements in Buenos Aires Tuesday that will allow them to expand cooperation in the areas of trade, space, education, tourism and railways.","Title: <SPLIT>Description: China, Argentina sign 5 cooperation documents China and Argentina signed five agreements in Buenos Aires Tuesday that will allow them to expand cooperation in the areas of trade, space, education, tourism and railways.",1.0,1.0,0,0,2,1,"Skipped"
"Title: <SPLIT>Description: Global Warming May Spur Fiercer Hurricanes - Experts (Reuters) Reuters - As Hurricane Ivan and its powerful\winds churned through the Gulf of Mexico, scientists told\Congress on Wednesday that global warming could produce\stronger and more destructive hurricanes in the future.","Title: <SPLIT>Description: Global Warming May Spur Fiercer Hurricanes - Experts (Reuters) Reuters - As Hurricane Ivan and its powerful\winds churned through the Gulf of Mexico, scientists told\Congress on Wednesday that global warming could produce\stronger and more destructive hurricanes in the future.",1.0,1.0,1,1,3,1,"Skipped"
"[[Title]]: <SPLIT>Description: Hendrick Motorsports Plane Crash Kills 10 Jimmie Johnson, center, winner of the NASCAR Subway 500 race, is escorted to a NEXTEL Cup trailer after the race at Martinsville Speedway in Martinsville, Va.","[[TGitle]]: <SPLIT>Description: Hendrick Motorsports Plane Crash Kills 10 Jimmie Johnson, center, winner of the NASCAR Subway 500 race, is escorted to a NEXTEL Cup trailer after the race at Martinsville Speedway in Martinsville, Va.",0.0,0.0,1,1,1,200,"Failed"
"Title: <SPLIT>Description: Geiberger heads threesome to win Chrysler Classic Brent Geiberger secured his place on the USPGA Tour for the next two years with his fine two shot win at the Chrysler Classic of Greensboro today.","Title: <SPLIT>Description: Geiberger heads threesome to win Chrysler Classic Brent Geiberger secured his place on the USPGA Tour for the next two years with his fine two shot win at the Chrysler Classic of Greensboro today.",1.0,1.0,0,0,1,1,"Skipped"
"[[Title]]: <SPLIT>Description: Quincy Carter being released by the Cowboys NEW YORK -- Tim Henman #39;s quarterfinal victory at the US Open was a microcosm of his career - long and brilliant in spurts, with an expected disappointment on the horizon.","[[Tibtle]]: <SPLIT>Description: Quincy Carter being released by the Cowboys NEW YORK -- Tim Henman #39;s quarterfinal victory at the US Open was a microcosm of his career - long and brilliant in spurts, with an expected disappointment on the horizon.",0.0,0.0,1,1,1,200,"Failed"
"[[Title]]: <SPLIT>Description: Button defends F1 decision Britain #39;s Jenson Button has justified his decision to leave BAR for Williams as the dispute over his future moves towards a conclusion.","[[Tifle]]: <SPLIT>Description: Button defends F1 decision Britain #39;s Jenson Button has justified his decision to leave BAR for Williams as the dispute over his future moves towards a conclusion.",0.0,0.0,1,1,1,200,"Failed"
"Title: <SPLIT>Description: Is fair trade coffee a beachhead for bananas? GUILDERLAND, NY Socially conscious consumers have made fair trade brews a rapidly growing niche of the coffee market. The beans can now be found on supermarket shelves next to the Folgers and in the espresso at Dunkin #39; Donuts.","Title: <SPLIT>Description: Is fair trade coffee a beachhead for bananas? GUILDERLAND, NY Socially conscious consumers have made fair trade brews a rapidly growing niche of the coffee market. The beans can now be found on supermarket shelves next to the Folgers and in the espresso at Dunkin #39; Donuts.",1.0,1.0,1,1,2,1,"Skipped"
"[[Title]]: <SPLIT>Description: Caminiti, 41, dies of heart attack SAN DIEGO - Ken Caminiti was never short of fearless on a baseball field. He made incredible stops at third base, swatted home runs from both sides of the plate and played through pain that would wither most men.","[[TiLtle]]: <SPLIT>Description: Caminiti, 41, dies of heart attack SAN DIEGO - Ken Caminiti was never short of fearless on a baseball field. He made incredible stops at third base, swatted home runs from both sides of the plate and played through pain that would wither most men.",0.0,0.0,1,1,1,200,"Failed"
"Title: <SPLIT>Description: ""PeopleSoft Raises Revenue Forecasts  NEW YORK (Reuters) - PeopleSoft Inc. &lt;A HREF=""""http://www.investor.reuters.com/FullQuote.aspx?ticker=PSFT.O target=/stocks/quickinfo/fullquote""""&gt;PSFT.O&lt;/A&gt;, fresh from  firing its chief executive amid a hostile takeover bid from  Oracle Corp. &lt;A HREF=""""http://www.investor.reuters.com/FullQuote.aspx?ticker=ORCL.O, target=/stocks/quickinfo/fullquote""""&gt;ORCL.O,&lt;/A&gt; on Monday said quarterly revenue would  exceed Wall Street's expectations, helped by an increase in  customers making larger orders for its business software.""","Title: <SPLIT>Description: ""PeopleSoft Raises Revenue Forecasts  NEW YORK (Reuters) - PeopleSoft Inc. &lt;A HREF=""""http://www.investor.reuters.com/FullQuote.aspx?ticker=PSFT.O target=/stocks/quickinfo/fullquote""""&gt;PSFT.O&lt;/A&gt;, fresh from  firing its chief executive amid a hostile takeover bid from  Oracle Corp. &lt;A HREF=""""http://www.investor.reuters.com/FullQuote.aspx?ticker=ORCL.O, target=/stocks/quickinfo/fullquote""""&gt;ORCL.O,&lt;/A&gt; on Monday said quarterly revenue would  exceed Wall Street's expectations, helped by an increase in  customers making larger orders for its business software.""",1.0,1.0,1,1,2,1,"Skipped"
"[[Title]]: <SPLIT>Description: Gamecocks, Tigers brawl CLEMSON, SC South Carolina and Clemson duked it out in the closing minutes of today #39;s game at Clemson. Police, security and coaches tried to separate the teams, who scuffled before the game started and continually pushed and showed each other throughout.","[[TXitle]]: <SPLIT>Description: Gamecocks, Tigers brawl CLEMSON, SC South Carolina and Clemson duked it out in the closing minutes of today #39;s game at Clemson. Police, security and coaches tried to separate the teams, who scuffled before the game started and continually pushed and showed each other throughout.",0.0,0.0,1,1,1,200,"Failed"
"Title: <SPLIT>Description: Before the Bell- First Health soars 21.5 percent Shares of First Health Group Corp. (FHCC.O: Quote, Profile, Research) rose 21.5 percent in pre-market trading on Thursday after rival Coventry Health Care Inc.","Title: <SPLIT>Description: Before the Bell- First Health soars 21.5 percent Shares of First Health Group Corp. (FHCC.O: Quote, Profile, Research) rose 21.5 percent in pre-market trading on Thursday after rival Coventry Health Care Inc.",1.0,1.0,1,1,2,1,"Skipped"
"Title: <SPLIT>Description: Arson attack on Jewish centre in Paris (AFP) AFP - A Jewish social centre in central Paris was destroyed by fire overnight in an anti-Semitic arson attack, city authorities said.","Title: <SPLIT>Description: Arson attack on Jewish centre in Paris (AFP) AFP - A Jewish social centre in central Paris was destroyed by fire overnight in an anti-Semitic arson attack, city authorities said.",1.0,1.0,1,1,0,1,"Skipped"
"Title: <SPLIT>Description: Intel to delay product aimed for high-definition TVs SAN FRANCISCO -- In the latest of a series of product delays, Intel Corp. has postponed the launch of a video display chip it had previously planned to introduce by year end, putting off a showdown with Texas Instruments Inc. in the fast-growing market for high-definition television displays.","Title: <SPLIT>Description: Intel to delay product aimed for high-definition TVs SAN FRANCISCO -- In the latest of a series of product delays, Intel Corp. has postponed the launch of a video display chip it had previously planned to introduce by year end, putting off a showdown with Texas Instruments Inc. in the fast-growing market for high-definition television displays.",1.0,1.0,1,1,2,1,"Skipped"
"Title: <SPLIT>Description: High court hears dispute over Michigan interstate wine sales The Supreme Court is considering whether Michigan and other states may bar people from buying wine directly from out-of-state suppliers, a big-money question that could lead to sweeping changes in how alcoholic beverages are regulated ","Title: <SPLIT>Description: High court hears dispute over Michigan interstate wine sales The Supreme Court is considering whether Michigan and other states may bar people from buying wine directly from out-of-state suppliers, a big-money question that could lead to sweeping changes in how alcoholic beverages are regulated ",1.0,1.0,1,1,2,1,"Skipped"
"Title: <SPLIT>Description: New MSN Search May Be a Google Killer! New MSN Search May Be a Google Killer!\\The Second Look at MSN's Search technology is available for public beta testing. I've given it a spin myself and must say that I'm impressed. Although they have no ads on the SERP's of the preview site, I'm sure they will load it ...","Title: <SPLIT>Description: New MSN Search May Be a Google Killer! New MSN Search May Be a Google Killer!\\The Second Look at MSN's Search technology is available for public beta testing. I've given it a spin myself and must say that I'm impressed. Although they have no ads on the SERP's of the preview site, I'm sure they will load it ...",1.0,1.0,1,1,3,1,"Skipped"
"Title: <SPLIT>Description: Hurricane Ivan Batters Grand Cayman GEORGE TOWN, Cayman Islands - Hurricane Ivan battered the Cayman Islands with ferocious 150-mph winds Sunday, threatening a direct hit as it flooded homes and ripped up roofs and trees three stories high.    Ivan has killed at least 60 people as it has torn a path of destruction across the Caribbean and was headed next for western Cuba, where it was expected to hit Monday, and could brush the Florida Keys and parts of Florida's Gulf Coast...","Title: <SPLIT>Description: Hurricane Ivan Batters Grand Cayman GEORGE TOWN, Cayman Islands - Hurricane Ivan battered the Cayman Islands with ferocious 150-mph winds Sunday, threatening a direct hit as it flooded homes and ripped up roofs and trees three stories high.    Ivan has killed at least 60 people as it has torn a path of destruction across the Caribbean and was headed next for western Cuba, where it was expected to hit Monday, and could brush the Florida Keys and parts of Florida's Gulf Coast...",1.0,1.0,1,1,0,1,"Skipped"
"Title: <SPLIT>Description: Ross Stores Profit Plummets 40 Percent (AP) AP - Discount retailer Ross Stores Inc. Wednesday said its profit fell about 40 percent in the latest quarter due to problems with a new computer system that limited the company's ability to respond to changes in customer demand.","Title: <SPLIT>Description: Ross Stores Profit Plummets 40 Percent (AP) AP - Discount retailer Ross Stores Inc. Wednesday said its profit fell about 40 percent in the latest quarter due to problems with a new computer system that limited the company's ability to respond to changes in customer demand.",1.0,1.0,1,1,2,1,"Skipped"
"Title: <SPLIT>Description: Young People Practicing Unhealthy Habits They show greatest increase in smoking, obesity and poor eating, study says    HealthDayNews -- Smoking, obesity and poor eating habits increased among young people in the United States in the 1990s, a trend that may lead to higher future rates of cancer, heart disease, diabetes and lung disease as that generation ages.    That warning comes from a study in the September/October issue of the American Journal of Health Promotion...","Title: <SPLIT>Description: Young People Practicing Unhealthy Habits They show greatest increase in smoking, obesity and poor eating, study says    HealthDayNews -- Smoking, obesity and poor eating habits increased among young people in the United States in the 1990s, a trend that may lead to higher future rates of cancer, heart disease, diabetes and lung disease as that generation ages.    That warning comes from a study in the September/October issue of the American Journal of Health Promotion...",1.0,1.0,1,1,3,1,"Skipped"
"Title: <SPLIT>[[Description]]: Cambodia plays active role in ASEAN Cambodia has been active and playing an increasingly important role in the Association of Southeast Asian Nations (ASEAN) and regional affairs politically and economically ","Title: <SPLIT>[[DAescription]]: Cambodia plays active role in ASEAN Cambodia has been active and playing an increasingly important role in the Association of Southeast Asian Nations (ASEAN) and regional affairs politically and economically ",0.0,1.0,0,1,0,200,"Successful"
"Title: <SPLIT>Description: Witnesses to Confront Cali Cartel Kingpin Thirteen years into their probe, U.S. investigators have assembled a team of smugglers, accountants and associates to testify against Colombian cartel kingpin Gilberto Rodriguez Orejuela.","Title: <SPLIT>Description: Witnesses to Confront Cali Cartel Kingpin Thirteen years into their probe, U.S. investigators have assembled a team of smugglers, accountants and associates to testify against Colombian cartel kingpin Gilberto Rodriguez Orejuela.",1.0,1.0,1,1,0,1,"Skipped"
"Title: <SPLIT>Description: Europes First Moon Probe to Enter Lunar Orbit Europes first mission to the moon is just days away from its goal after taking the slow boat from Earth more than a year ago. The spacecraft, dubbed SMART-1, will make its first close pass by the moon on the evening of Nov.","Title: <SPLIT>Description: Europes First Moon Probe to Enter Lunar Orbit Europes first mission to the moon is just days away from its goal after taking the slow boat from Earth more than a year ago. The spacecraft, dubbed SMART-1, will make its first close pass by the moon on the evening of Nov.",1.0,1.0,1,1,3,1,"Skipped"
"Title: <SPLIT>Description: Online advertising up 43pc in US NEW YORK - US internet ad revenue jumped to a record US\$2.37 billion (\$3.5 billion) in the second quarter, surpassing the highest levels of the dotcom era.","Title: <SPLIT>Description: Online advertising up 43pc in US NEW YORK - US internet ad revenue jumped to a record US\$2.37 billion (\$3.5 billion) in the second quarter, surpassing the highest levels of the dotcom era.",1.0,1.0,1,1,2,1,"Skipped"
"[[Title]]: <SPLIT>Description: American Crocker Sets Short Course World Record  INDIANAPOLIS (Reuters) - Ian Crocker of the United States  set a short course world record of 22.71 seconds in the 50  meters butterfly at the world championships on Sunday.","[[TPitle]]: <SPLIT>Description: American Crocker Sets Short Course World Record  INDIANAPOLIS (Reuters) - Ian Crocker of the United States  set a short course world record of 22.71 seconds in the 50  meters butterfly at the world championships on Sunday.",0.0,0.0,1,1,1,200,"Failed"
"[[Title]]: <SPLIT>Description: Jets' offensive line takes control WALTHAM -- East Boston's Jimmy Yarde lived the lineman's dream Tuesday night, returning a fumble 70 yards for a touchdown. Yesterday, he ran with something even more significant.","[[TGitle]]: <SPLIT>Description: Jets' offensive line takes control WALTHAM -- East Boston's Jimmy Yarde lived the lineman's dream Tuesday night, returning a fumble 70 yards for a touchdown. Yesterday, he ran with something even more significant.",0.0,0.0,1,1,1,200,"Failed"
"Title: <SPLIT>Description: BenQ Readies IPod Rival Hard-drive based digital audio player will be available by the end of the year.","Title: <SPLIT>Description: BenQ Readies IPod Rival Hard-drive based digital audio player will be available by the end of the year.",1.0,1.0,1,1,3,1,"Skipped"
"Title: <SPLIT>Description: Ky. Company Wins Grant to Study Peptides (AP) AP - A company founded by a chemistry researcher at the University of Louisville won a grant to develop a method of producing better peptides, which are short chains of amino acids, the building blocks of proteins.","Title: <SPLIT>Description: Ky. Company Wins Grant to Study Peptides (AP) AP - A company founded by a chemistry researcher at the University of Louisville won a grant to develop a method of producing better peptides, which are short chains of amino acids, the building blocks of proteins.",1.0,1.0,1,1,3,1,"Skipped"
"Title: <SPLIT>Description: Challenger disappoints with writedown The Kerry Packer-backed Challenger Financial Services Group has reported its first net loss since incorporating, impacted by a massive writedown of goodwill.","Title: <SPLIT>Description: Challenger disappoints with writedown The Kerry Packer-backed Challenger Financial Services Group has reported its first net loss since incorporating, impacted by a massive writedown of goodwill.",1.0,1.0,1,1,2,1,"Skipped"
"Title: <SPLIT>Description: US stocks: Markets rally on Bush win; oil surge limits gains US stocks rallied Wednesday, boosted by shares of health and defence companies that are seen benefiting from the re-election of President George W. Bush, but higher oil prices checked advances.","Title: <SPLIT>Description: US stocks: Markets rally on Bush win; oil surge limits gains US stocks rallied Wednesday, boosted by shares of health and defence companies that are seen benefiting from the re-election of President George W. Bush, but higher oil prices checked advances.",1.0,1.0,1,1,2,1,"Skipped"
"Title: <SPLIT>Description: Intel slashes Itanium prices as Madison looms Intel has slashed prices across the board as it prepares to get behind new processor lines due this autumn. The Itanium server line has seen cuts of over 30 per cent, while prices for Intel #39;s fastest business ","Title: <SPLIT>Description: Intel slashes Itanium prices as Madison looms Intel has slashed prices across the board as it prepares to get behind new processor lines due this autumn. The Itanium server line has seen cuts of over 30 per cent, while prices for Intel #39;s fastest business ",1.0,1.0,1,1,3,1,"Skipped"
"Title: <SPLIT>Description: Souness Looks Forward Newcastle boss Graeme Souness was in defiant mood tonight as he attempted to push yesterdays training ground bust-up with striker Craig Bellamy into the background.","Title: <SPLIT>Description: Souness Looks Forward Newcastle boss Graeme Souness was in defiant mood tonight as he attempted to push yesterdays training ground bust-up with striker Craig Bellamy into the background.",1.0,1.0,0,0,1,1,"Skipped"
"Title: <SPLIT>Description: Friday is all right for fighting Tonight will be a busy one on the local fight scene with two cards. At the Bayside Expo Center, Ray Oliveira will take on Hicklet Lau for the vacant International Boxing Union welterweight title. On the same card, heavyweight prospect Matt Godfrey (4-0, 2 KOs) of Providence will face Andrew Hutchinson.","Title: <SPLIT>Description: Friday is all right for fighting Tonight will be a busy one on the local fight scene with two cards. At the Bayside Expo Center, Ray Oliveira will take on Hicklet Lau for the vacant International Boxing Union welterweight title. On the same card, heavyweight prospect Matt Godfrey (4-0, 2 KOs) of Providence will face Andrew Hutchinson.",1.0,1.0,0,0,1,1,"Skipped"
"Title: <SPLIT>Description: Take control of your desktop chaos Dragging and dropping files into well-organized desktop folders can be a chore for everyone but the most fastidious. A new technology, however, aims to do most of the work for you.","Title: <SPLIT>Description: Take control of your desktop chaos Dragging and dropping files into well-organized desktop folders can be a chore for everyone but the most fastidious. A new technology, however, aims to do most of the work for you.",1.0,1.0,1,1,3,1,"Skipped"
"Title: <SPLIT>Description: Japanese Utility Plans IPO in October (AP) AP - Electric Power Development Co., a former state-run utility, said Friday it is planning an initial public offering on the Tokyo Stock Exchange in October, a deal that could be the country's biggest new stock listing in six years.","Title: <SPLIT>Description: Japanese Utility Plans IPO in October (AP) AP - Electric Power Development Co., a former state-run utility, said Friday it is planning an initial public offering on the Tokyo Stock Exchange in October, a deal that could be the country's biggest new stock listing in six years.",1.0,1.0,1,1,0,1,"Skipped"
"Title: <SPLIT>Description: Changing of the Guard in US Track and Field Description: NPR #39;s Steve Inskeep talks with USA Today sports columnist Christine Brennan about the latest news in track and field at the Athens Olympics.","Title: <SPLIT>Description: Changing of the Guard in US Track and Field Description: NPR #39;s Steve Inskeep talks with USA Today sports columnist Christine Brennan about the latest news in track and field at the Athens Olympics.",1.0,1.0,0,0,1,1,"Skipped"
"Title: <SPLIT>Description: New pension 'would help millions' Britain's pension system could easily be replaced by a new payment that would make millions better off, a report says.","Title: <SPLIT>Description: New pension 'would help millions' Britain's pension system could easily be replaced by a new payment that would make millions better off, a report says.",1.0,1.0,1,1,2,1,"Skipped"
"[[Title]]: <SPLIT>Description: Knee surgery for Falcons #39; Duckett CBC SPORTS ONLINE - Atlanta Falcons running back TJ Duckett is expected to undergo minor arthroscopic surgery on his left knee Tuesday, so will miss this Saturday #39;s contest versus Carolina.","[[Tibtle]]: <SPLIT>Description: Knee surgery for Falcons #39; Duckett CBC SPORTS ONLINE - Atlanta Falcons running back TJ Duckett is expected to undergo minor arthroscopic surgery on his left knee Tuesday, so will miss this Saturday #39;s contest versus Carolina.",0.0,0.0,1,1,1,200,"Failed"
"Title: <SPLIT>Description: China's Red Flag Linux to focus on enterprise Red Flag Software Co., the company behind China's leading Linux client distribution, plans to focus more on its server operating system and enterprise customers, the company's acting president said.","Title: <SPLIT>Description: China's Red Flag Linux to focus on enterprise Red Flag Software Co., the company behind China's leading Linux client distribution, plans to focus more on its server operating system and enterprise customers, the company's acting president said.",1.0,1.0,0,0,3,1,"Skipped"
"Title: <SPLIT>Description: Sri Lanka army blames Tamil Tigers of failing to keep pledge Sri Lanka #39;s army Sunday blamed theTamil Tigers for failing to attend a meeting Saturday which they had agreed to attend during a meeting with the international trucemonitors and the government troops.","Title: <SPLIT>Description: Sri Lanka army blames Tamil Tigers of failing to keep pledge Sri Lanka #39;s army Sunday blamed theTamil Tigers for failing to attend a meeting Saturday which they had agreed to attend during a meeting with the international trucemonitors and the government troops.",1.0,1.0,1,1,0,1,"Skipped"
"Title: <SPLIT>Description: McKinnon briefed on democracy: Meeting with PM ISLAMABAD, Oct 23: Prime Minister Shaukat Aziz briefed Commonwealth Secretary-General Donald C. McKinnon on full restoration of democracy in the country and Pakistan #39;s role in promoting regional and global peace.","Title: <SPLIT>Description: McKinnon briefed on democracy: Meeting with PM ISLAMABAD, Oct 23: Prime Minister Shaukat Aziz briefed Commonwealth Secretary-General Donald C. McKinnon on full restoration of democracy in the country and Pakistan #39;s role in promoting regional and global peace.",1.0,1.0,1,1,0,1,"Skipped"
"[[Title]]: <SPLIT>Description: Els Sweats Out American Express Victory (AP) AP - Emotionally spent from a Grand Slam season of heartache, Ernie Els reasserted himself as a major force Sunday by outlasting Thomas Bjorn in a brilliantly played duel in the cold rain in the American Express Championship. He closed with a 3-under 69 for a one-shot victory and his first World Golf Championship.","[[TTitle]]: <SPLIT>Description: Els Sweats Out American Express Victory (AP) AP - Emotionally spent from a Grand Slam season of heartache, Ernie Els reasserted himself as a major force Sunday by outlasting Thomas Bjorn in a brilliantly played duel in the cold rain in the American Express Championship. He closed with a 3-under 69 for a one-shot victory and his first World Golf Championship.",0.0,0.0,1,1,1,200,"Failed"
"Title: <SPLIT>Description: Singapore Air plans \$7.35B Boeing order Singapore Airlines plans to buy up to 31 Boeing long-range 777-300ER planes worth about \$7.35 billion, the carrier said Wednesday.","Title: <SPLIT>Description: Singapore Air plans \$7.35B Boeing order Singapore Airlines plans to buy up to 31 Boeing long-range 777-300ER planes worth about \$7.35 billion, the carrier said Wednesday.",1.0,1.0,1,1,2,1,"Skipped"
"Title: <SPLIT>Description: Aon may face civil suit The office of New York Attorney General Eliot Spitzer has uncovered evidence of improper business practices at Aon Corp., the world #39;s second-largest insurance broker, according to a published report.","Title: <SPLIT>Description: Aon may face civil suit The office of New York Attorney General Eliot Spitzer has uncovered evidence of improper business practices at Aon Corp., the world #39;s second-largest insurance broker, according to a published report.",1.0,1.0,1,1,2,1,"Skipped"
"Title: <SPLIT>Description: GAME UNDER FIRE Attacking police officers, racial slurs, bloody beatings of innocent bystanders ... is it really just a game? In four and a half minutes, 14-year-old Ryan Mason ran over a police officer, stole his gun and shot and killed three innocent bystanders.","Title: <SPLIT>Description: GAME UNDER FIRE Attacking police officers, racial slurs, bloody beatings of innocent bystanders ... is it really just a game? In four and a half minutes, 14-year-old Ryan Mason ran over a police officer, stole his gun and shot and killed three innocent bystanders.",1.0,1.0,1,1,3,1,"Skipped"
"Title: <SPLIT>Description: Surrey poised to sign Harbhajan Surrey are waiting for approval from the Board of Control for Cricket in India before announcing Harbhajan Singh as an overseas signing for 2005.","Title: <SPLIT>Description: Surrey poised to sign Harbhajan Surrey are waiting for approval from the Board of Control for Cricket in India before announcing Harbhajan Singh as an overseas signing for 2005.",1.0,1.0,0,0,1,1,"Skipped"
"Title: <SPLIT>Description: At Least 37 Killed, 52 Hurt in Pakistan Blast  MULTAN, Pakistan (Reuters) - At least 37 people were killed  and 52 wounded when a car bomb exploded at a rally to  commemorate an assassinated religious leader in the central  Pakistani city of Multan early on Thursday, police said.","Title: <SPLIT>Description: At Least 37 Killed, 52 Hurt in Pakistan Blast  MULTAN, Pakistan (Reuters) - At least 37 people were killed  and 52 wounded when a car bomb exploded at a rally to  commemorate an assassinated religious leader in the central  Pakistani city of Multan early on Thursday, police said.",1.0,1.0,1,1,0,1,"Skipped"
"Title: <SPLIT>Description: Bomb found near Berlusconi #39;s villa Italian Premier Silvio Berlusconi (left) goes for a walk with British Prime Minister Tony Blair and his wife Cherie Blair at Berlusconi #39;s villa, Monday. AP ...","Title: <SPLIT>Description: Bomb found near Berlusconi #39;s villa Italian Premier Silvio Berlusconi (left) goes for a walk with British Prime Minister Tony Blair and his wife Cherie Blair at Berlusconi #39;s villa, Monday. AP ...",1.0,1.0,1,1,0,1,"Skipped"
"[[Title]]: <SPLIT>Description: Boston Secures Spot The Red Sox clinch a second straight trip to the playoffs, topping Tampa Bay, 7-3, Monday behind Manny Ramirez's 43rd homer.","[[Tigle]]: <SPLIT>Description: Boston Secures Spot The Red Sox clinch a second straight trip to the playoffs, topping Tampa Bay, 7-3, Monday behind Manny Ramirez's 43rd homer.",0.0,1.0,1,0,1,200,"Successful"
"Title: <SPLIT>Description: Hu top dog, but more of same for now China #39;s new leader is forging ahead with policies set by Jiang, but trouble with Taiwan looms. BEIJING--Having taken over Sunday as chairman of the ruling Communist Party #39;s ","Title: <SPLIT>Description: Hu top dog, but more of same for now China #39;s new leader is forging ahead with policies set by Jiang, but trouble with Taiwan looms. BEIJING--Having taken over Sunday as chairman of the ruling Communist Party #39;s ",1.0,1.0,1,1,0,1,"Skipped"
"Title: <SPLIT>Description: Demand For Oil Exceeds Forecasts Oil demand is rising faster than predicted this year as OPEC pumps more low-quality oil in a failed bid to reduce record prices, according to International Energy Agency, an adviser to 26 industrialized nations.","Title: <SPLIT>Description: Demand For Oil Exceeds Forecasts Oil demand is rising faster than predicted this year as OPEC pumps more low-quality oil in a failed bid to reduce record prices, according to International Energy Agency, an adviser to 26 industrialized nations.",1.0,1.0,1,1,2,1,"Skipped"
"Title: <SPLIT>[[Description]]: LPGA's Nabisco to Change Dates in 2006 (AP) AP - The Kraft Nabisco Championship will be played one week later than usual starting in 2006, preventing the LPGA Tour's first major from getting lost among other big sporting events.","Title: <SPLIT>[[Descripion]]: LPGA's Nabisco to Change Dates in 2006 (AP) AP - The Kraft Nabisco Championship will be played one week later than usual starting in 2006, preventing the LPGA Tour's first major from getting lost among other big sporting events.",0.0,1.0,1,0,1,200,"Successful"
"Title: <SPLIT>Description: England humble Sprinboks Charlie Hodgson scores 27 points as England overwhelm the Springboks at Twickenham.","Title: <SPLIT>Description: England humble Sprinboks Charlie Hodgson scores 27 points as England overwhelm the Springboks at Twickenham.",1.0,1.0,1,1,0,1,"Skipped"
"Title: <SPLIT>Description: FTC wins a temporary injunction against alleged spammer U.S. District Judge Joseph A. DiClerico Jr. ordered Sanford Wallace and his companies to remove any software scripts from their Web sites that exploit security vulnerabilities in some versions of Internet Explorer.","Title: <SPLIT>Description: FTC wins a temporary injunction against alleged spammer U.S. District Judge Joseph A. DiClerico Jr. ordered Sanford Wallace and his companies to remove any software scripts from their Web sites that exploit security vulnerabilities in some versions of Internet Explorer.",1.0,1.0,1,1,3,1,"Skipped"
"Title: <SPLIT>Description: Particle lab celebrates 50th birthday The European research facility which helped shape our view of matter and invented the world wide web is exactly 50 years old.","Title: <SPLIT>Description: Particle lab celebrates 50th birthday The European research facility which helped shape our view of matter and invented the world wide web is exactly 50 years old.",1.0,1.0,1,1,3,1,"Skipped"
"Title: <SPLIT>Description: Mark Cuban prompts dot-com redux reporteri #39;s notebook SAN FRANCISCO--Hope and cynicism sparred to a draw on Tuesday at the glitzy opening banquet of Web 2.0 conference here, as serial entrepreneur and reality TV show host Mark Cuban took the stage to talk about what #39;s next for the 10-year ","Title: <SPLIT>Description: Mark Cuban prompts dot-com redux reporteri #39;s notebook SAN FRANCISCO--Hope and cynicism sparred to a draw on Tuesday at the glitzy opening banquet of Web 2.0 conference here, as serial entrepreneur and reality TV show host Mark Cuban took the stage to talk about what #39;s next for the 10-year ",1.0,1.0,1,1,3,1,"Skipped"
"Title: <SPLIT>Description: 23 Palestinians, 3 Israelis Die in Gaza Fighting  JABALYA, Gaza (Reuters) - Twenty-three Palestinians and  three Israelis were killed Thursday, Gaza's bloodiest day for  more than two years, as Israel's army struck back after a  rocket attack killed two Israeli children in a border town.","Title: <SPLIT>Description: 23 Palestinians, 3 Israelis Die in Gaza Fighting  JABALYA, Gaza (Reuters) - Twenty-three Palestinians and  three Israelis were killed Thursday, Gaza's bloodiest day for  more than two years, as Israel's army struck back after a  rocket attack killed two Israeli children in a border town.",1.0,1.0,1,1,0,1,"Skipped"
"Title: <SPLIT>Description: ""Medtronic Quarterly Earnings Rise  CHICAGO (Reuters) - Medtronic Inc. &lt;A HREF=""""http://www.investor.reuters.com/FullQuote.aspx?ticker=MDT.N target=/stocks/quickinfo/fullquote""""&gt;MDT.N&lt;/A&gt; on Wednesday  said its quarterly earnings rose amid brisk demand for devices  that manage irregular heart beats and products used to treat  the spine.""","Title: <SPLIT>Description: ""Medtronic Quarterly Earnings Rise  CHICAGO (Reuters) - Medtronic Inc. &lt;A HREF=""""http://www.investor.reuters.com/FullQuote.aspx?ticker=MDT.N target=/stocks/quickinfo/fullquote""""&gt;MDT.N&lt;/A&gt; on Wednesday  said its quarterly earnings rose amid brisk demand for devices  that manage irregular heart beats and products used to treat  the spine.""",1.0,1.0,1,1,2,1,"Skipped"
"Title: <SPLIT>Description: Afghan Militants Say Drop Some Hostage Demands  KABUL (Reuters) - Afghan militants holding three U.N.  workers hostage began talks with the government and the United  Nations on Sunday and the kidnappers have dropped some of their  demands, a militant spokesman said.","Title: <SPLIT>Description: Afghan Militants Say Drop Some Hostage Demands  KABUL (Reuters) - Afghan militants holding three U.N.  workers hostage began talks with the government and the United  Nations on Sunday and the kidnappers have dropped some of their  demands, a militant spokesman said.",1.0,1.0,1,1,0,1,"Skipped"
"[[Title]]: <SPLIT>Description: Contenders can #39;t afford any more mistakes When Nextel Cup leader Kurt Busch was hit by engine failure at Atlanta Motor Speedway and finished 42nd last Sunday, the mishap tightened NASCAR #39;s new 10-race championship format.","[[TiWtle]]: <SPLIT>Description: Contenders can #39;t afford any more mistakes When Nextel Cup leader Kurt Busch was hit by engine failure at Atlanta Motor Speedway and finished 42nd last Sunday, the mishap tightened NASCAR #39;s new 10-race championship format.",0.0,0.0,1,1,1,200,"Failed"
"[[Title]]: <SPLIT>Description: Marlins Streak By Mets A four-day layoff fails to cool off the Marlins, who extend their winning streak to eight games by beating the Mets, 7-3.","[[TiItle]]: <SPLIT>Description: Marlins Streak By Mets A four-day layoff fails to cool off the Marlins, who extend their winning streak to eight games by beating the Mets, 7-3.",0.0,0.0,1,1,1,200,"Failed"
"Title: <SPLIT>Description: DaimlerChrysler, GM to team up on hybrid engines General Motors and DaimlerChrysler say they #39;re teaming up to develop hybrid technology for use in their vehicles. The two giant automakers say they have signed a memorandum of understanding.","Title: <SPLIT>Description: DaimlerChrysler, GM to team up on hybrid engines General Motors and DaimlerChrysler say they #39;re teaming up to develop hybrid technology for use in their vehicles. The two giant automakers say they have signed a memorandum of understanding.",1.0,1.0,1,1,2,1,"Skipped"
"Title: <SPLIT>Description: Citigroup Hits Back at Parmalat  MILAN (Reuters) - Citigroup on Friday launched a legal  challenge against a restructuring plan drawn up by Parmalat,  hitting back after the bankrupt food group took the world's  biggest bank to court recently.","Title: <SPLIT>Description: Citigroup Hits Back at Parmalat  MILAN (Reuters) - Citigroup on Friday launched a legal  challenge against a restructuring plan drawn up by Parmalat,  hitting back after the bankrupt food group took the world's  biggest bank to court recently.",1.0,1.0,1,1,2,1,"Skipped"
"Title: <SPLIT>Description: Cisco Reaches High And Low NEW YORK - Cisco Systems is aggressively trying to build its presence in key growth markets, and it #39;s using both new products and new acquisitions to do it.","Title: <SPLIT>Description: Cisco Reaches High And Low NEW YORK - Cisco Systems is aggressively trying to build its presence in key growth markets, and it #39;s using both new products and new acquisitions to do it.",1.0,1.0,0,0,3,1,"Skipped"
"Title: <SPLIT>Description: South Korea president in Brazil (AFP) AFP - South Korea's President Roh Moo-Hyun started an official visit to Brazil as part of his country's campaign to find new business in the region.","Title: <SPLIT>Description: South Korea president in Brazil (AFP) AFP - South Korea's President Roh Moo-Hyun started an official visit to Brazil as part of his country's campaign to find new business in the region.",1.0,1.0,2,2,0,1,"Skipped"
"Title: <SPLIT>Description: Report: Sprint/Nextel reach tentative \$36B deal A Wall Street Journal report Friday afternoon citing sources on both sides indicated No. 3 Sprint Corp. and No. 5 Nextel Communications Inc.","Title: <SPLIT>Description: Report: Sprint/Nextel reach tentative \$36B deal A Wall Street Journal report Friday afternoon citing sources on both sides indicated No. 3 Sprint Corp. and No. 5 Nextel Communications Inc.",1.0,1.0,0,0,2,1,"Skipped"
"Title: <SPLIT>Description: Intel Taps Otellini As Next CEO Intel #39;s board, as expected, has named Paul Otellini to succeed Craig Barrett as CEO effective next May 18, the company announced Thursday.","Title: <SPLIT>Description: Intel Taps Otellini As Next CEO Intel #39;s board, as expected, has named Paul Otellini to succeed Craig Barrett as CEO effective next May 18, the company announced Thursday.",1.0,1.0,0,0,2,1,"Skipped"
"Title: <SPLIT>Description: [[Rossi]]:  #39;I #39;m fairly happy #39; Valentino Rossi, who on Thursday pledged his future to Yamaha, entered the final qualifying session with the fastest time to date, but with the morning rain having washed the circuit clean, the Italian was unable to challenge Makoto Tamada for the pole.","Title: <SPLIT>Description: [[Roasi]]:  #39;I #39;m fairly happy #39; Valentino Rossi, who on Thursday pledged his future to Yamaha, entered the final qualifying session with the fastest time to date, but with the morning rain having washed the circuit clean, the Italian was unable to challenge Makoto Tamada for the pole.",0.0,1.0,1,0,1,200,"Successful"
"Title: <SPLIT>Description: Bus ambush kills 17 workers near Tikrit Gunmen ambushed a bus carrying unarmed Iraqis to work at a US ammunition dump near Tikrit yesterday, killing 17 and raising the toll from three days of intensified and bloody terrorist ","Title: <SPLIT>Description: Bus ambush kills 17 workers near Tikrit Gunmen ambushed a bus carrying unarmed Iraqis to work at a US ammunition dump near Tikrit yesterday, killing 17 and raising the toll from three days of intensified and bloody terrorist ",1.0,1.0,1,1,0,1,"Skipped"
"[[Title]]: <SPLIT>Description: League of Development Major League Soccer plans to start a new league to develop young players, part of its 10-year sponsorship deal with Adidas.","[[TiVtle]]: <SPLIT>Description: League of Development Major League Soccer plans to start a new league to develop young players, part of its 10-year sponsorship deal with Adidas.",0.0,0.0,1,1,1,200,"Failed"
"Title: <SPLIT>Description: Old Labor Tactics Resurface in New Union Labor experts say Unite Here, the newly merged union that is representing the DC hotel workers in their current contract dispute, is one of the most outspoken and toughest unions under the AFL-CIO umbrella.","Title: <SPLIT>Description: Old Labor Tactics Resurface in New Union Labor experts say Unite Here, the newly merged union that is representing the DC hotel workers in their current contract dispute, is one of the most outspoken and toughest unions under the AFL-CIO umbrella.",1.0,1.0,1,1,2,1,"Skipped"
"Title: <SPLIT>Description: A PC in the toaster? How mod! photos There's also room in the humidor and the Darth Vader helmet. Take a gander at some strange and wonderful creations.","Title: <SPLIT>Description: A PC in the toaster? How mod! photos There's also room in the humidor and the Darth Vader helmet. Take a gander at some strange and wonderful creations.",1.0,1.0,1,1,3,1,"Skipped"
"Title: <SPLIT>Description: U.N. Urges Funds to Curb African Locusts (AP) AP - With swarms of locusts threatening crops in a number of African countries, a U.N. agency appealed for an additional  #36;70 million in assistance Thursday to prevent the upsurge from becoming a full-scale plague.","Title: <SPLIT>Description: U.N. Urges Funds to Curb African Locusts (AP) AP - With swarms of locusts threatening crops in a number of African countries, a U.N. agency appealed for an additional  #36;70 million in assistance Thursday to prevent the upsurge from becoming a full-scale plague.",1.0,1.0,1,1,3,1,"Skipped"
"Title: <SPLIT>Description: Internet pioneer closes Manitoba pharmacy; blames dollar, uncertain climate (Canadian Press) Canadian Press - WINNIPEG (CP) - Just one year ago, Mark Rzepka was opening a  #36;1-million Internet pharmacy in the small Manitoba town of Niverville believing he would be able to quadruple his staff within 12 months.","Title: <SPLIT>Description: Internet pioneer closes Manitoba pharmacy; blames dollar, uncertain climate (Canadian Press) Canadian Press - WINNIPEG (CP) - Just one year ago, Mark Rzepka was opening a  #36;1-million Internet pharmacy in the small Manitoba town of Niverville believing he would be able to quadruple his staff within 12 months.",1.0,1.0,1,1,0,1,"Skipped"
"Title: <SPLIT>Description: Palestinians do not need another tyrant YASSER Arafat is dead. A so-called moderate is now chairman of the Palestine Liberation Organization. Elections to choose a Palestinian Authority president are scheduled in the West Bank and Gaza for early January.","Title: <SPLIT>Description: Palestinians do not need another tyrant YASSER Arafat is dead. A so-called moderate is now chairman of the Palestine Liberation Organization. Elections to choose a Palestinian Authority president are scheduled in the West Bank and Gaza for early January.",1.0,1.0,1,1,0,1,"Skipped"
"Title: <SPLIT>Description: Microsoft to help users prep for patching Microsoft said today that it plans to give customers three days' advance notice about its monthly security updates to help them prepare to install related software patches.","Title: <SPLIT>Description: Microsoft to help users prep for patching Microsoft said today that it plans to give customers three days' advance notice about its monthly security updates to help them prepare to install related software patches.",1.0,1.0,1,1,3,1,"Skipped"
"Title: <SPLIT>Description: Microsoft: Use Script to Block Windows XP SP2 Updates Microsoft has offered up yet another way for businesses to block the automatic update of Windows XP to the big-deal Service Pack 2 (SP2) upgrade.","Title: <SPLIT>Description: Microsoft: Use Script to Block Windows XP SP2 Updates Microsoft has offered up yet another way for businesses to block the automatic update of Windows XP to the big-deal Service Pack 2 (SP2) upgrade.",1.0,1.0,1,1,3,1,"Skipped"
"Title: <SPLIT>Description: Australia cancels 80pc of Iraqi debt Nineteen countries, including Australia, have agreed to cancel 80 per cent of the debt Iraq owes them. The deal secured for the Paris Club of creditor nations ends a trans-Atlantic dispute and probably sets ","Title: <SPLIT>Description: Australia cancels 80pc of Iraqi debt Nineteen countries, including Australia, have agreed to cancel 80 per cent of the debt Iraq owes them. The deal secured for the Paris Club of creditor nations ends a trans-Atlantic dispute and probably sets ",1.0,1.0,1,1,0,1,"Skipped"
"Title: <SPLIT>Description: Reebok Third-Quarter Earnings, Sales Up Athletic shoe and apparel maker Reebok International Ltd. (RBK) on Thursday posted better-than-expected quarterly earnings, helped by improved sales due to acquisitions and the weak dollar.","Title: <SPLIT>Description: Reebok Third-Quarter Earnings, Sales Up Athletic shoe and apparel maker Reebok International Ltd. (RBK) on Thursday posted better-than-expected quarterly earnings, helped by improved sales due to acquisitions and the weak dollar.",1.0,1.0,1,1,2,1,"Skipped"
"Title: <SPLIT>Description: Sex Toy Shuts Down Australian Airport A scare triggered by a vibrating sex toy shut down a major Australian regional airport for almost an hour on Monday. The vibrating object was discovered on Monday morning inside a garbage can at the terminal ","Title: <SPLIT>Description: Sex Toy Shuts Down Australian Airport A scare triggered by a vibrating sex toy shut down a major Australian regional airport for almost an hour on Monday. The vibrating object was discovered on Monday morning inside a garbage can at the terminal ",1.0,1.0,1,1,0,1,"Skipped"
"Title: <SPLIT>Description: Suicide bomber wounds 7; Afghan vote tally nears end KABUL, Afghanistan -- A Taliban suicide fighter killed himself and wounded at least seven others, including three members of a NATO-led peacekeeping force, in a grenade attack on a busy shopping street in central Kabul yesterday.","Title: <SPLIT>Description: Suicide bomber wounds 7; Afghan vote tally nears end KABUL, Afghanistan -- A Taliban suicide fighter killed himself and wounded at least seven others, including three members of a NATO-led peacekeeping force, in a grenade attack on a busy shopping street in central Kabul yesterday.",1.0,1.0,1,1,0,1,"Skipped"
"Title: <SPLIT>Description: Quicken, Money Duel to a Draw (washingtonpost.com) washingtonpost.com - The Intuit-Microsoft battle for supremacy in the personal-finance software market is as long-running as some sports rivalries -- except that few users seem to care all that much about the outcome of this contest.","Title: <SPLIT>Description: Quicken, Money Duel to a Draw (washingtonpost.com) washingtonpost.com - The Intuit-Microsoft battle for supremacy in the personal-finance software market is as long-running as some sports rivalries -- except that few users seem to care all that much about the outcome of this contest.",1.0,1.0,1,1,3,1,"Skipped"
"Title: <SPLIT>Description: World briefs LONDON - A man wielding a machete and a knife attacked two security guards at the building housing the headquarters of the British domestic intelligence service MI5 on Friday, police said.","Title: <SPLIT>Description: World briefs LONDON - A man wielding a machete and a knife attacked two security guards at the building housing the headquarters of the British domestic intelligence service MI5 on Friday, police said.",1.0,1.0,0,0,2,1,"Skipped"
"Title: <SPLIT>Description: SAP Launches Security Service SAP has launched SAP Security Optimization, a service that evaluates a customer #39;s SAP system to identify and eliminate potential vulnerabilities and minimize the risk of intrusions.","Title: <SPLIT>Description: SAP Launches Security Service SAP has launched SAP Security Optimization, a service that evaluates a customer #39;s SAP system to identify and eliminate potential vulnerabilities and minimize the risk of intrusions.",1.0,1.0,1,1,3,1,"Skipped"
"Title: <SPLIT>Description: FireFox Roars from the Gates Tuesday, November 9, 2004 will likely go down in the history books as the day the browser wars officially started. Obviously things happened before today to get us to the point where there was a real, legitimate ","Title: <SPLIT>Description: FireFox Roars from the Gates Tuesday, November 9, 2004 will likely go down in the history books as the day the browser wars officially started. Obviously things happened before today to get us to the point where there was a real, legitimate ",1.0,1.0,1,1,3,1,"Skipped"
"Title: <SPLIT>Description: EasyGroup close to launching low-cost mobile phone service (AFP) AFP - EasyGroup, the holding company of no-frills British airline easyJet, is close to striking a deal to launch a low-cost mobile telephone service in Britain, the Financial Times reported.","Title: <SPLIT>Description: EasyGroup close to launching low-cost mobile phone service (AFP) AFP - EasyGroup, the holding company of no-frills British airline easyJet, is close to striking a deal to launch a low-cost mobile telephone service in Britain, the Financial Times reported.",1.0,1.0,1,1,0,1,"Skipped"
"Title: <SPLIT>Description: Sharon Predicts 'Breakthrough' in Ties With Palestinians Prime Minister Ariel Sharon said that his government would implement his proposal to dismantle all the Israeli settlements in Gaza and four small ones in the West Bank on schedule.","Title: <SPLIT>Description: Sharon Predicts 'Breakthrough' in Ties With Palestinians Prime Minister Ariel Sharon said that his government would implement his proposal to dismantle all the Israeli settlements in Gaza and four small ones in the West Bank on schedule.",1.0,1.0,1,1,0,1,"Skipped"
"Title: <SPLIT>Description: ID Biomedical Gets US Flu Drug Deal ID Biomedical Corp. (IDB.TO: Quote, Profile, Research) (IDBE.O: Quote, Profile, Research) signed a 10-year US distribution deal for its Fluviral drug that could reap ","Title: <SPLIT>Description: ID Biomedical Gets US Flu Drug Deal ID Biomedical Corp. (IDB.TO: Quote, Profile, Research) (IDBE.O: Quote, Profile, Research) signed a 10-year US distribution deal for its Fluviral drug that could reap ",1.0,1.0,1,1,2,1,"Skipped"
"[[Title]]: <SPLIT>Description: Zimbabwe cricket tour collapses England #39;s tour to Zimbabwe was on the brink of cancellation last night after David Morgan, the chairman of the England and Wales Cricket Board, instructed Michael Vaughan #39;s team not to board a flight to Harare an hour before it was scheduled to leave ","[[TiHtle]]: <SPLIT>Description: Zimbabwe cricket tour collapses England #39;s tour to Zimbabwe was on the brink of cancellation last night after David Morgan, the chairman of the England and Wales Cricket Board, instructed Michael Vaughan #39;s team not to board a flight to Harare an hour before it was scheduled to leave ",0.0,0.0,1,1,1,200,"Failed"
"Title: <SPLIT>Description: ABB shares fall on court verdict Shares in Swiss engineering giant ABB plummet 13 after a US court rejects its bid to limit a multi-billion dollar asbestos claim","Title: <SPLIT>Description: ABB shares fall on court verdict Shares in Swiss engineering giant ABB plummet 13 after a US court rejects its bid to limit a multi-billion dollar asbestos claim",1.0,1.0,1,1,2,1,"Skipped"
"Title: <SPLIT>Description: Avaya to Buy Germany's Tenovis (Reuters) Reuters - Avaya Inc. , a\telecommunications equipment supplier, on Tuesday said it would\buy Tenovis GmbH   Co. of Germany from private equity firm\Kohlberg Kravis Roberts   Co. for  #36;370 million to expand its\presence in Europe.","Title: <SPLIT>Description: Avaya to Buy Germany's Tenovis (Reuters) Reuters - Avaya Inc. , a\telecommunications equipment supplier, on Tuesday said it would\buy Tenovis GmbH   Co. of Germany from private equity firm\Kohlberg Kravis Roberts   Co. for  #36;370 million to expand its\presence in Europe.",1.0,1.0,1,1,2,1,"Skipped"
"[[Title]]: <SPLIT>Description: Arsenal's Unbeaten Streak Reaches 48 Games (AP) AP - Arsenal extended its unbeaten streak in the Premier League to 48 games Saturday, getting two goals from Thierry Henry in a 4-0 victory over Charlton and bouncing back from a Champions League tie.","[[TTitle]]: <SPLIT>Description: Arsenal's Unbeaten Streak Reaches 48 Games (AP) AP - Arsenal extended its unbeaten streak in the Premier League to 48 games Saturday, getting two goals from Thierry Henry in a 4-0 victory over Charlton and bouncing back from a Champions League tie.",0.0,0.0,1,1,1,200,"Failed"
"Title: <SPLIT>Description: Samsung Says It Will Expand Chip Factories The Samsung Electronics Company, the Korean electronics giant, said Monday that it would invest \$23.7 billion in new chip production lines over the next six years.","Title: <SPLIT>Description: Samsung Says It Will Expand Chip Factories The Samsung Electronics Company, the Korean electronics giant, said Monday that it would invest \$23.7 billion in new chip production lines over the next six years.",1.0,1.0,0,0,2,1,"Skipped"
"Title: <SPLIT>Description: Countdown to Deep Impact NASA #39;s Deep Impact spacecraft has arrived in Florida to begin final preparations for a launch on Dec. 30, 2004. The spacecraft was shipped from Ball Aerospace  amp; Technologies in Boulder, Colo.","Title: <SPLIT>Description: Countdown to Deep Impact NASA #39;s Deep Impact spacecraft has arrived in Florida to begin final preparations for a launch on Dec. 30, 2004. The spacecraft was shipped from Ball Aerospace  amp; Technologies in Boulder, Colo.",1.0,1.0,1,1,3,1,"Skipped"
"Title: <SPLIT>Description: Invading Bullfrogs Appear Nearly Unstoppable The North American bullfrog population is booming. That may sound like good news, but it isn't #151;not when the frog has leaped far beyond its native habitat.","Title: <SPLIT>Description: Invading Bullfrogs Appear Nearly Unstoppable The North American bullfrog population is booming. That may sound like good news, but it isn't #151;not when the frog has leaped far beyond its native habitat.",1.0,1.0,1,1,3,1,"Skipped"
"Title: <SPLIT>Description: The Dollar Struggles Over Funding Fears  NEW YORK (Reuters) - The dollar was weaker across the board  early in New York on Thursday, forging new lows on a growing  sense that the United States is struggling to fund its record  external deficits.","Title: <SPLIT>Description: The Dollar Struggles Over Funding Fears  NEW YORK (Reuters) - The dollar was weaker across the board  early in New York on Thursday, forging new lows on a growing  sense that the United States is struggling to fund its record  external deficits.",1.0,1.0,1,1,2,1,"Skipped"
"Title: <SPLIT>Description: Beyond solar system, planets that look familiar The universe looked a little more familiar and friendlier on Tuesday. The roll call of planets beyond the solar system swelled significantly with the announcement of a trio of newly discovered worlds much ","Title: <SPLIT>Description: Beyond solar system, planets that look familiar The universe looked a little more familiar and friendlier on Tuesday. The roll call of planets beyond the solar system swelled significantly with the announcement of a trio of newly discovered worlds much ",1.0,1.0,1,1,3,1,"Skipped"
"[[Title]]: <SPLIT>Description: Backman out as D-Backs manager The Diamondbacks will replace Wally Backman as manager, The Sporting News has confirmed, and his replacement will be Bob Melvin, according to the East Valley Tribune.","[[TMitle]]: <SPLIT>Description: Backman out as D-Backs manager The Diamondbacks will replace Wally Backman as manager, The Sporting News has confirmed, and his replacement will be Bob Melvin, according to the East Valley Tribune.",0.0,1.0,1,0,1,200,"Successful"
"Title: <SPLIT>Description: Stocks Flat After Greenspan Testimony  NEW YORK (Reuters) - U.S. stocks were flat on Wednesday  after Federal Reserve Chairman Alan Greenspan said the economy  had recovered from its soft patch and a number of companies  warned about their earnings.","Title: <SPLIT>Description: Stocks Flat After Greenspan Testimony  NEW YORK (Reuters) - U.S. stocks were flat on Wednesday  after Federal Reserve Chairman Alan Greenspan said the economy  had recovered from its soft patch and a number of companies  warned about their earnings.",1.0,1.0,1,1,2,1,"Skipped"
"Title: <SPLIT>Description: MetroPCS obtains Cingular air com November 29, 2004, 8:33 AM PT. Wired  amp; Wireless continues its reign as the top IT priority among IT managers due to widespread IP telephony deployment and other network infrastructure upgrades.","Title: <SPLIT>Description: MetroPCS obtains Cingular air com November 29, 2004, 8:33 AM PT. Wired  amp; Wireless continues its reign as the top IT priority among IT managers due to widespread IP telephony deployment and other network infrastructure upgrades.",1.0,1.0,1,1,2,1,"Skipped"
"[[Title]]: <SPLIT>Description: UPDATE 2-Chelsea sack Mutu after positive dope test Chelsea have sacked their Romanian striker Adrian Mutu after he tested positive for cocaine last month.  quot;Chelsea has terminated the contract of Adrian Mutu for gross misconduct, quot; the Premier League club said on Friday.","[[Tgitle]]: <SPLIT>Description: UPDATE 2-Chelsea sack Mutu after positive dope test Chelsea have sacked their Romanian striker Adrian Mutu after he tested positive for cocaine last month.  quot;Chelsea has terminated the contract of Adrian Mutu for gross misconduct, quot; the Premier League club said on Friday.",0.0,0.0,1,1,1,200,"Failed"
"Title: <SPLIT>Description: Venezuela Seeking Arms, Perhaps MiG-29s &lt;p&gt;&lt;/p&gt;&lt;p&gt; CARACAS, Venezuela (Reuters) - Venezuela is looking to buyarms to strengthen its military capability and Russian MiG-29fighters are among the options being evaluated, a seniorofficer said on Monday.&lt;/p&gt;","Title: <SPLIT>Description: Venezuela Seeking Arms, Perhaps MiG-29s &lt;p&gt;&lt;/p&gt;&lt;p&gt; CARACAS, Venezuela (Reuters) - Venezuela is looking to buyarms to strengthen its military capability and Russian MiG-29fighters are among the options being evaluated, a seniorofficer said on Monday.&lt;/p&gt;",1.0,1.0,1,1,0,1,"Skipped"
"Title: <SPLIT>Description: Panel to Investigate Fraud Charges in Afghan Vote The move to head off the attack on the vote's legitimacy came as workers began the long process of collecting ballots.","Title: <SPLIT>Description: Panel to Investigate Fraud Charges in Afghan Vote The move to head off the attack on the vote's legitimacy came as workers began the long process of collecting ballots.",1.0,1.0,1,1,0,1,"Skipped"
"Title: <SPLIT>Description: Toy store profits R back up TOY retailer Toys R Us has posted a second-quarter profit, over- turning the loss it made over the same period the year before. The New Jersey-based group, which is considering quitting the toys business, turned ","Title: <SPLIT>Description: Toy store profits R back up TOY retailer Toys R Us has posted a second-quarter profit, over- turning the loss it made over the same period the year before. The New Jersey-based group, which is considering quitting the toys business, turned ",1.0,1.0,1,1,2,1,"Skipped"
"[[Title]]: <SPLIT>Description: Hokies making statement about ACC title intentions The annual summer barbecues that Ralph Friedgen and Frank Beamer co-host at their lake homes in Georgia may be a little less cordial after the way Beamer #39;s Virginia Tech Hokies waxed Friedgen #39;s Maryland Terrapins 55-6 last night.","[[TZitle]]: <SPLIT>Description: Hokies making statement about ACC title intentions The annual summer barbecues that Ralph Friedgen and Frank Beamer co-host at their lake homes in Georgia may be a little less cordial after the way Beamer #39;s Virginia Tech Hokies waxed Friedgen #39;s Maryland Terrapins 55-6 last night.",0.0,0.0,1,1,1,200,"Failed"
"Title: <SPLIT>Description: The [[Russians]] are back St. Paul, Minn.Outclassed and completely humiliated by the Russians here last night, the reeling and desperate Americans are planning wholesale lineup changes to get back on track in the World Cup.","Title: <SPLIT>Description: The [[Rssians]] are back St. Paul, Minn.Outclassed and completely humiliated by the Russians here last night, the reeling and desperate Americans are planning wholesale lineup changes to get back on track in the World Cup.",0.0,1.0,1,0,1,200,"Successful"
"[[Title]]: <SPLIT>Description: NFL Notebook: Jets #39; Pennington to start vs. Texans Jets quarterback Chad Pennington will start tomorrow against the Houston Texans after sitting out the past three games with a strained right rotator cuff.","[[TMitle]]: <SPLIT>Description: NFL Notebook: Jets #39; Pennington to start vs. Texans Jets quarterback Chad Pennington will start tomorrow against the Houston Texans after sitting out the past three games with a strained right rotator cuff.",0.0,0.0,1,1,1,200,"Failed"
"Title: <SPLIT>Description: Intel doubles cash dividend MANHASSET, NY - Intel Corp. (Santa Clara, Calif.) has taken some lumps this year due to weakening market conditions and several strategic errors, but the semiconductor supplier remains loyal to its shareholders.","Title: <SPLIT>Description: Intel doubles cash dividend MANHASSET, NY - Intel Corp. (Santa Clara, Calif.) has taken some lumps this year due to weakening market conditions and several strategic errors, but the semiconductor supplier remains loyal to its shareholders.",1.0,1.0,1,1,2,1,"Skipped"
"Title: <SPLIT>Description: Afghan women make [[brief]] Olympic debut Afghan women made a short-lived debut in the Olympic Games on Wednesday as 18-year-old judo wildcard Friba Razayee was defeated after 45 seconds of her first match in the under-70kg middleweight. ","Title: <SPLIT>Description: Afghan women make [[bridf]] Olympic debut Afghan women made a short-lived debut in the Olympic Games on Wednesday as 18-year-old judo wildcard Friba Razayee was defeated after 45 seconds of her first match in the under-70kg middleweight. ",0.0,1.0,1,0,1,200,"Successful"
"Title: <SPLIT>Description: Dunn [[Sets]] Major League Strikeouts Record (AP) AP - Cincinnati Reds slugger Adam Dunn set the major league record for strikeouts in one season with 190, when he fanned in his first two at-bats Thursday against the Chicago Cubs.","Title: <SPLIT>Description: Dunn [[Ses]] Major League Strikeouts Record (AP) AP - Cincinnati Reds slugger Adam Dunn set the major league record for strikeouts in one season with 190, when he fanned in his first two at-bats Thursday against the Chicago Cubs.",0.0,1.0,1,0,1,200,"Successful"
"[[Title]]: <SPLIT>Description: Lazard adversaries edge closer to a deal Bruce Wasserstein, head of Lazard, could reach an agreement as early as this week with Michel David-Weill, the chairman, extending the deadline for ","[[TMitle]]: <SPLIT>Description: Lazard adversaries edge closer to a deal Bruce Wasserstein, head of Lazard, could reach an agreement as early as this week with Michel David-Weill, the chairman, extending the deadline for ",0.0,1.0,2,0,2,200,"Successful"
"Title: <SPLIT>Description: The relief of shedding a big ball and chain: HHG sale of its &lt;b&gt;...&lt;/b&gt; which owns fund manager Henderson, - yesterday escaped a ball and chain that has dragged at it ever since it came to the stock market a year ago.","Title: <SPLIT>Description: The relief of shedding a big ball and chain: HHG sale of its &lt;b&gt;...&lt;/b&gt; which owns fund manager Henderson, - yesterday escaped a ball and chain that has dragged at it ever since it came to the stock market a year ago.",1.0,1.0,1,1,2,1,"Skipped"
"Title: <SPLIT>Description: Nike Co-Founder Knight Steps Down as CEO (Reuters) Reuters - Nike Inc.  co-founder\Philip Knight, who helped transform a small-start up business\into the world's biggest athletic shoe company, will step down\as chief executive officer, the company said on Thursday.","Title: <SPLIT>Description: Nike Co-Founder Knight Steps Down as CEO (Reuters) Reuters - Nike Inc.  co-founder\Philip Knight, who helped transform a small-start up business\into the world's biggest athletic shoe company, will step down\as chief executive officer, the company said on Thursday.",1.0,1.0,1,1,2,1,"Skipped"
"Title: <SPLIT>Description: McCain again opposes the president Global warming needs more attention, according to John McCain, and President Bush needs to lead the way. I listened to some of the hearings on this subject this week, and I must say the people testifying are ","Title: <SPLIT>Description: McCain again opposes the president Global warming needs more attention, according to John McCain, and President Bush needs to lead the way. I listened to some of the hearings on this subject this week, and I must say the people testifying are ",1.0,1.0,1,1,3,1,"Skipped"
"Title: <SPLIT>Description: Gates announces new Windows update tool update Microsoft founder Bill Gates on Tuesday detailed his company #39;s plan for computer management software and announced a long-awaited Windows update tool.","Title: <SPLIT>Description: Gates announces new Windows update tool update Microsoft founder Bill Gates on Tuesday detailed his company #39;s plan for computer management software and announced a long-awaited Windows update tool.",1.0,1.0,1,1,3,1,"Skipped"
"Title: <SPLIT>Description: Powell Announces His Resignation Secretary of State Colin L. Powell announced his resignation Monday, ending four years of battles with Vice President Cheney and Defense Secretary Donald H. Rumsfeld over the course of  U.S. foreign policy.","Title: <SPLIT>Description: Powell Announces His Resignation Secretary of State Colin L. Powell announced his resignation Monday, ending four years of battles with Vice President Cheney and Defense Secretary Donald H. Rumsfeld over the course of  U.S. foreign policy.",1.0,1.0,1,1,0,1,"Skipped"
"Title: <SPLIT>Description: Halo 2 scores record sales of \$125 million in first 24 hours Halo 2 broke entertainment retail records in its first 24 hours. Microsoft Game Studios said that the video game sold through 2.4 million stores in the US and Canada raking in \$125 million in sales.","Title: <SPLIT>Description: Halo 2 scores record sales of \$125 million in first 24 hours Halo 2 broke entertainment retail records in its first 24 hours. Microsoft Game Studios said that the video game sold through 2.4 million stores in the US and Canada raking in \$125 million in sales.",1.0,1.0,1,1,2,1,"Skipped"
"[[Title]]: <SPLIT>Description: NHL Owner Is Criticized for Talking of Replacement Players The day before the regular season was supposed to open, the National Hockey League rebuked a team official yesterday for his comments about the league #39;s strategy in its labor lockout, its second in a decade.","[[TDitle]]: <SPLIT>Description: NHL Owner Is Criticized for Talking of Replacement Players The day before the regular season was supposed to open, the National Hockey League rebuked a team official yesterday for his comments about the league #39;s strategy in its labor lockout, its second in a decade.",0.0,0.0,1,1,1,200,"Failed"
"Title: <SPLIT>Description: This week in the state Legislature The Senate is expected to vote on the overall \$3.3 billion spending plan for the state Department of Transportation, which supports state and local highway programs, public transportation programs and department administration (House Bill 5528).","Title: <SPLIT>Description: This week in the state Legislature The Senate is expected to vote on the overall \$3.3 billion spending plan for the state Department of Transportation, which supports state and local highway programs, public transportation programs and department administration (House Bill 5528).",1.0,1.0,1,1,2,1,"Skipped"
"[[Title]]: <SPLIT>Description: Sarin Carries Hoyas Kim Sarin rushes for a career-high 180 yards and throws a scoring pass as Georgetown snaps a four-game losing streak with a 21-0 victory over winless Virginia Military Institute on Saturday.","[[TiPtle]]: <SPLIT>Description: Sarin Carries Hoyas Kim Sarin rushes for a career-high 180 yards and throws a scoring pass as Georgetown snaps a four-game losing streak with a 21-0 victory over winless Virginia Military Institute on Saturday.",0.0,0.0,1,1,1,200,"Failed"
"Title: <SPLIT>Description: Iraq election delay  #39;considered #39; Iraq #39;s electoral [[commission]] has said it will consider a request from leading political parties to delay general elections scheduled for 30 January.","Title: <SPLIT>Description: Iraq election delay  #39;considered #39; Iraq #39;s electoral [[commisqion]] has said it will consider a request from leading political parties to delay general elections scheduled for 30 January.",0.0,1.0,0,1,0,200,"Successful"
"Title: <SPLIT>Description: Iran Seeks to Amend Nuclear Freeze Deal (AP) AP - Iran sought on Wednesday to partially roll back its commitment to freeze all uranium enrichment programs, demanding the right to run some equipment that can be used to produce nuclear arms.","Title: <SPLIT>Description: Iran Seeks to Amend Nuclear Freeze Deal (AP) AP - Iran sought on Wednesday to partially roll back its commitment to freeze all uranium enrichment programs, demanding the right to run some equipment that can be used to produce nuclear arms.",1.0,1.0,3,3,0,1,"Skipped"
"[[Title]]: <SPLIT>Description: Scandal won #39;t go away ATHENS -- It was telling yesterday that the majority of the dozens of journalists who asked questions and attended a news conference into a Greek doping scandal were mostly Canadian. Question after question came from Canadians. We were all there, I think, ...","[[TiQtle]]: <SPLIT>Description: Scandal won #39;t go away ATHENS -- It was telling yesterday that the majority of the dozens of journalists who asked questions and attended a news conference into a Greek doping scandal were mostly Canadian. Question after question came from Canadians. We were all there, I think, ...",0.0,0.0,1,1,1,200,"Failed"
"Title: <SPLIT>Description: Fierce Clashes in Iraq Kill 34 People BAGHDAD, Iraq - U.S. forces battled insurgents loyal to Shiite cleric Muqtada al-Sadr in the Baghdad slum of Sadr City on Tuesday, in clashes that left at least 34 people dead, including one American soldier, and 193 people injured, U.S...","Title: <SPLIT>Description: Fierce Clashes in Iraq Kill 34 People BAGHDAD, Iraq - U.S. forces battled insurgents loyal to Shiite cleric Muqtada al-Sadr in the Baghdad slum of Sadr City on Tuesday, in clashes that left at least 34 people dead, including one American soldier, and 193 people injured, U.S...",1.0,1.0,1,1,0,1,"Skipped"
"Title: <SPLIT>Description: Australia  #39;living beyond its means #39; Environmental organisation WWF International has warned that the global population is consuming about 20 per cent more natural resources than the planet can produce.","Title: <SPLIT>Description: Australia  #39;living beyond its means #39; Environmental organisation WWF International has warned that the global population is consuming about 20 per cent more natural resources than the planet can produce.",1.0,1.0,1,1,3,1,"Skipped"
"[[Title]]: <SPLIT>Description: Hearing held on Hamm medal Paul Hamm said yesterday that he would give back his Olympic gold medal if sport #39;s highest court ordered him to. But lawyers for the American gymnast and the ","[[TJitle]]: <SPLIT>Description: Hearing held on Hamm medal Paul Hamm said yesterday that he would give back his Olympic gold medal if sport #39;s highest court ordered him to. But lawyers for the American gymnast and the ",0.0,1.0,1,0,1,200,"Successful"
"[[Title]]: <SPLIT>Description: Steelers Look Super The Steelers have all the ingredients to make a run for their fifth Super Bowl title while the NFC trots out its weakest set of challengers in memory.","[[Tifle]]: <SPLIT>Description: Steelers Look Super The Steelers have all the ingredients to make a run for their fifth Super Bowl title while the NFC trots out its weakest set of challengers in memory.",0.0,0.0,1,1,1,200,"Failed"
"Title: <SPLIT>Description: Dollar at 8-Month Low Vs Euro  LONDON (Reuters) - The dollar fell to an eight-month low  against the euro on Thursday and set multi-month lows versus  the yen, sterling and the Swiss franc amid worries the U.S.  economy was not growing enough to support its currency.","Title: <SPLIT>Description: Dollar at 8-Month Low Vs Euro  LONDON (Reuters) - The dollar fell to an eight-month low  against the euro on Thursday and set multi-month lows versus  the yen, sterling and the Swiss franc amid worries the U.S.  economy was not growing enough to support its currency.",1.0,1.0,1,1,2,1,"Skipped"
"Title: <SPLIT>Description: Cingular Sales Rise in Quarter, but Profit Falls 18 Percent By Bloomberg News. Cingular Wireless, which is buying AT amp;T Wireless, said yesterday that third-quarter sales rose 4.9 percent, to \$4.","Title: <SPLIT>Description: Cingular Sales Rise in Quarter, but Profit Falls 18 Percent By Bloomberg News. Cingular Wireless, which is buying AT amp;T Wireless, said yesterday that third-quarter sales rose 4.9 percent, to \$4.",1.0,1.0,1,1,2,1,"Skipped"
"Title: <SPLIT>Description: Intel guns for remote wireless device management SAN FRANCISCO - Intel Corp. is working on a device management technology that could allow IT departments to take advantage of existing management software and bring a host of disparate wireless devices under the IT department umbrella, an Intel executive said Monday at the Cellular Telecommunications and Internet Association's Wireless Entertainment and IT conference here.","Title: <SPLIT>Description: Intel guns for remote wireless device management SAN FRANCISCO - Intel Corp. is working on a device management technology that could allow IT departments to take advantage of existing management software and bring a host of disparate wireless devices under the IT department umbrella, an Intel executive said Monday at the Cellular Telecommunications and Internet Association's Wireless Entertainment and IT conference here.",1.0,1.0,1,1,3,1,"Skipped"
"Title: <SPLIT>Description: Did Apple Offer Sony an ITunes Deal? Update: A partnership may be crucial for long-term success, one industry insider says.","Title: <SPLIT>Description: Did Apple Offer Sony an ITunes Deal? Update: A partnership may be crucial for long-term success, one industry insider says.",1.0,1.0,2,2,3,1,"Skipped"
"Title: <SPLIT>Description: Australian PM fails to apologize on wrong pre-war intelligence on &lt;b&gt;...&lt;/b&gt; Australian Prime Minister John Howard said Thursday he won #39;t automatically follow his British counterpart Tony Blair who has said he could apologize for faulty evidence on Iraqi weapons of mass destruction.","Title: <SPLIT>Description: Australian PM fails to apologize on wrong pre-war intelligence on &lt;b&gt;...&lt;/b&gt; Australian Prime Minister John Howard said Thursday he won #39;t automatically follow his British counterpart Tony Blair who has said he could apologize for faulty evidence on Iraqi weapons of mass destruction.",1.0,1.0,1,1,0,1,"Skipped"
"Title: <SPLIT>Description: Greenspan: Debt, home prices not dangerous The record level of debt carried by American households and soaring home prices do not appear to represent serious threats to the US economy, Federal Reserve Chairman Alan Greenspan said Tuesday.","Title: <SPLIT>Description: Greenspan: Debt, home prices not dangerous The record level of debt carried by American households and soaring home prices do not appear to represent serious threats to the US economy, Federal Reserve Chairman Alan Greenspan said Tuesday.",1.0,1.0,1,1,3,1,"Skipped"
"[[Title]]: <SPLIT>Description: Hewitt, Davenport Top US Open Standings (AP) AP - Lleyton Hewitt and Lindsay Davenport could earn up to  #36;500,000 extra at the U.S. Open because they finished atop the inaugural US Open Series standings.","[[Tifle]]: <SPLIT>Description: Hewitt, Davenport Top US Open Standings (AP) AP - Lleyton Hewitt and Lindsay Davenport could earn up to  #36;500,000 extra at the U.S. Open because they finished atop the inaugural US Open Series standings.",0.0,0.0,1,1,1,200,"Failed"
"Title: <SPLIT>Description: India, Myanmar sign three accords India and Myanmar today signed three accords and agreed to step up cooperation in trade, economic and other key areas. A Cultural Exchange Programme for 2004-06 and another MOU on the Tamanthi Hydroelectric Project in Myanmar were inked.","Title: <SPLIT>Description: India, Myanmar sign three accords India and Myanmar today signed three accords and agreed to step up cooperation in trade, economic and other key areas. A Cultural Exchange Programme for 2004-06 and another MOU on the Tamanthi Hydroelectric Project in Myanmar were inked.",1.0,1.0,1,1,0,1,"Skipped"
"Title: <SPLIT>Description: Treasuries Mount Rally Despite Inflation  NEW YORK (Reuters) - U.S. Treasury prices rallied on  Wednesday as inflation excluding food and energy, one of the  Federal Reserve's preferred price measures, proved less  dramatic than bond bulls had feared.","Title: <SPLIT>Description: Treasuries Mount Rally Despite Inflation  NEW YORK (Reuters) - U.S. Treasury prices rallied on  Wednesday as inflation excluding food and energy, one of the  Federal Reserve's preferred price measures, proved less  dramatic than bond bulls had feared.",1.0,1.0,1,1,2,1,"Skipped"
"[[Title]]: <SPLIT>Description: Report: Bowa on His Way Out of Philly  PHILADELPHIA (Sports Network) - Larry Bowa will reportedly  be fired as manager of the Philadelphia Phillies at the end of  the season.","[[Tigle]]: <SPLIT>Description: Report: Bowa on His Way Out of Philly  PHILADELPHIA (Sports Network) - Larry Bowa will reportedly  be fired as manager of the Philadelphia Phillies at the end of  the season.",0.0,1.0,1,0,1,200,"Successful"
"Title: <SPLIT>Description: Senate panel opposes overtime rules  A Senate committee voted yesterday to scuttle new rules that critics say would deny overtime pay to millions of workers, as Democrats won the latest round in their election-year bout with President Bush over the issue.","Title: <SPLIT>Description: Senate panel opposes overtime rules  A Senate committee voted yesterday to scuttle new rules that critics say would deny overtime pay to millions of workers, as Democrats won the latest round in their election-year bout with President Bush over the issue.",1.0,1.0,1,1,2,1,"Skipped"
"Title: <SPLIT>Description: Toys Will Be Toys Trust me, you don #39;t want to see desperate parents shopping over the holidays. I was at Circuit City (NYSE: CC) last week and saw a mother pleading with a sales clerk for a Nintendo DS portable video game system.","Title: <SPLIT>Description: Toys Will Be Toys Trust me, you don #39;t want to see desperate parents shopping over the holidays. I was at Circuit City (NYSE: CC) last week and saw a mother pleading with a sales clerk for a Nintendo DS portable video game system.",1.0,1.0,1,1,3,1,"Skipped"
"Title: <SPLIT>Description: Comcast Profit Falls Short of Forecasts Comcast Corp. (CMCSA.O: Quote, Profile, Research) , the largest US cable operator, on Wednesday posted a quarterly profit that fell short of Wall Street forecasts but reported better-than ","Title: <SPLIT>Description: Comcast Profit Falls Short of Forecasts Comcast Corp. (CMCSA.O: Quote, Profile, Research) , the largest US cable operator, on Wednesday posted a quarterly profit that fell short of Wall Street forecasts but reported better-than ",1.0,1.0,1,1,2,1,"Skipped"
"Title: <SPLIT>Description: Microsoft open-sources Web authoring application Company's third open-source contribution is the first time it has shared code for actual application.","Title: <SPLIT>Description: Microsoft open-sources Web authoring application Company's third open-source contribution is the first time it has shared code for actual application.",1.0,1.0,1,1,3,1,"Skipped"
"Title: <SPLIT>Description: UK growth at fastest pace in nearly 4 years Britain #39;s economy accelerated to the fastest annual pace in nearly four years in the second quarter as manufacturing emerged from a slump and consumers ratcheted up spending, the government said Friday.","Title: <SPLIT>Description: UK growth at fastest pace in nearly 4 years Britain #39;s economy accelerated to the fastest annual pace in nearly four years in the second quarter as manufacturing emerged from a slump and consumers ratcheted up spending, the government said Friday.",1.0,1.0,1,1,2,1,"Skipped"
"Title: <SPLIT>Description: At UN, Bush defends decision to invade Iraq President Bush went before a skeptical hall of world leaders Tuesday to mount a vigorous defense of the war in Iraq, telling the United Nations that the Iraqi people are ","Title: <SPLIT>Description: At UN, Bush defends decision to invade Iraq President Bush went before a skeptical hall of world leaders Tuesday to mount a vigorous defense of the war in Iraq, telling the United Nations that the Iraqi people are ",1.0,1.0,1,1,0,1,"Skipped"
"[[Title]]: <SPLIT>Description: Anglican claims he was misquoted over attack on Archbishop of Canterbury (AFP) AFP - Anglican Dean of Sydney Phillip Jensen, whose reported attacks on the Archbishop of Canterbury and Prince Charles sparked a storm of protest last week, claims he never made the comments attributed to him by the media.","[[TQitle]]: <SPLIT>Description: Anglican claims he was misquoted over attack on Archbishop of Canterbury (AFP) AFP - Anglican Dean of Sydney Phillip Jensen, whose reported attacks on the Archbishop of Canterbury and Prince Charles sparked a storm of protest last week, claims he never made the comments attributed to him by the media.",0.0,1.0,0,1,0,200,"Successful"
"[[Title]]: <SPLIT>Description: Crystal Palace 0, Charlton Athletic 1 Charlton manager Alan Curbishley believes Dennis Rommedahl #39;s sparkling winner will provide the platform for the Dane to recapture the form that made him one of Europe #39;s most feared wingers.","[[Tictle]]: <SPLIT>Description: Crystal Palace 0, Charlton Athletic 1 Charlton manager Alan Curbishley believes Dennis Rommedahl #39;s sparkling winner will provide the platform for the Dane to recapture the form that made him one of Europe #39;s most feared wingers.",0.0,0.0,1,1,1,200,"Failed"
"Title: <SPLIT>Description: Nikkei Opens Higher Led by Tech Stocks  TOKYO (Reuters) - Tokyo's Nikkei share average was up 0.56  percent in early morning trade on Tuesday as another jump in  U.S. technology shares encouraged investors to step up buying  in local counterparts such as Advantest Corp.","Title: <SPLIT>Description: Nikkei Opens Higher Led by Tech Stocks  TOKYO (Reuters) - Tokyo's Nikkei share average was up 0.56  percent in early morning trade on Tuesday as another jump in  U.S. technology shares encouraged investors to step up buying  in local counterparts such as Advantest Corp.",1.0,1.0,1,1,2,1,"Skipped"
"Title: <SPLIT>Description: Travel Column: Australia Through Aboriginal Eyes This week's TravelWatch column profiles Anangu Tours, an Aborigine-owned tour company in Australia's Red Center.","Title: <SPLIT>Description: Travel Column: Australia Through Aboriginal Eyes This week's TravelWatch column profiles Anangu Tours, an Aborigine-owned tour company in Australia's Red Center.",1.0,1.0,1,1,3,1,"Skipped"
"Title: <SPLIT>Description: Stocks Fall on Oil, Dow Ends Below 10,000 The blue-chip Dow Jones average closed below 10,000 for the first time in about six weeks on Monday as a spike in oil prices to nearly \$50 a barrel renewed concerns about corporate profits while analysts cutting recommendations hurt ","Title: <SPLIT>Description: Stocks Fall on Oil, Dow Ends Below 10,000 The blue-chip Dow Jones average closed below 10,000 for the first time in about six weeks on Monday as a spike in oil prices to nearly \$50 a barrel renewed concerns about corporate profits while analysts cutting recommendations hurt ",1.0,1.0,1,1,2,1,"Skipped"
"Title: <SPLIT>Description: Israel Unions Start Nationwide Strike  JERUSALEM (Reuters) - Israeli unions began a nationwide  strike on Tuesday expected to affect about 400,000 public  sector workers and severely hamper international travel.","Title: <SPLIT>Description: Israel Unions Start Nationwide Strike  JERUSALEM (Reuters) - Israeli unions began a nationwide  strike on Tuesday expected to affect about 400,000 public  sector workers and severely hamper international travel.",1.0,1.0,1,1,0,1,"Skipped"
"[[Title]]: <SPLIT>Description: Hewitt Advances at Japan Open (AP) AP - Top seeded Lleyton Hewitt rallied to a 6-0, 3-6, 6-1 win over Japan's Gouichi Motomura on Wednesday in the second round of the Japan Open.","[[TiWtle]]: <SPLIT>Description: Hewitt Advances at Japan Open (AP) AP - Top seeded Lleyton Hewitt rallied to a 6-0, 3-6, 6-1 win over Japan's Gouichi Motomura on Wednesday in the second round of the Japan Open.",0.0,0.0,1,1,1,200,"Failed"
"Title: <SPLIT>Description: Blasts hit Bangladesh party rally A series of grenade blasts has rocked an opposition party rally in the Bangladesh capital, Dhaka, killing at least 13 people. There were seven or eight explosions at the Awami League headquarters, as leader Sheikh Hasina addressed a crowd.","Title: <SPLIT>Description: Blasts hit Bangladesh party rally A series of grenade blasts has rocked an opposition party rally in the Bangladesh capital, Dhaka, killing at least 13 people. There were seven or eight explosions at the Awami League headquarters, as leader Sheikh Hasina addressed a crowd.",1.0,1.0,1,1,0,1,"Skipped"
"Title: <SPLIT>Description: U2, Apple In iPod Deal, Bono Wins TED Prize U2 and Apple Computer are expected to announce next week that they have inked a deal to sell custom iPods. According to a source, the band #39;s upcoming Interscope album  quot;How to Dismantle an Atomic Bomb, quot; due Nov.","Title: <SPLIT>Description: U2, Apple In iPod Deal, Bono Wins TED Prize U2 and Apple Computer are expected to announce next week that they have inked a deal to sell custom iPods. According to a source, the band #39;s upcoming Interscope album  quot;How to Dismantle an Atomic Bomb, quot; due Nov.",1.0,1.0,1,1,3,1,"Skipped"
"Title: <SPLIT>Description: Dell adds new switch to lineup Dell has upgraded its PowerConnect line with the addition of the PowerConnect 5324, a 24-port managed gigabit layer 2 switch.","Title: <SPLIT>Description: Dell adds new switch to lineup Dell has upgraded its PowerConnect line with the addition of the PowerConnect 5324, a 24-port managed gigabit layer 2 switch.",1.0,1.0,1,1,3,1,"Skipped"
"[[Title]]: <SPLIT>Description: Today's schedule College soccer: MEN -- Curry at Emerson, 4 p.m.; WOMEN -- Mount Ida at Curry, 3:30 p.m.","[[TKitle]]: <SPLIT>Description: Today's schedule College soccer: MEN -- Curry at Emerson, 4 p.m.; WOMEN -- Mount Ida at Curry, 3:30 p.m.",0.0,0.0,1,1,1,200,"Failed"
"Title: <SPLIT>Description: Web-based kidney match raises ethics questions A Colorado man who placed a  quot;transplant wanted quot; ad on a Massachusetts-based Internet site is expected today to receive a kidney donated by a total stranger who simply wanted to do  quot;something big. quot; The transaction marks the first time an organ transplant has been brokered by a commercial web company.","Title: <SPLIT>Description: Web-based kidney match raises ethics questions A Colorado man who placed a  quot;transplant wanted quot; ad on a Massachusetts-based Internet site is expected today to receive a kidney donated by a total stranger who simply wanted to do  quot;something big. quot; The transaction marks the first time an organ transplant has been brokered by a commercial web company.",1.0,1.0,1,1,2,1,"Skipped"
"Title: <SPLIT>Description: Novell sees a 'both-source' future CEO asserts the future of software development will not be found in the open-source or proprietary models.","Title: <SPLIT>Description: Novell sees a 'both-source' future CEO asserts the future of software development will not be found in the open-source or proprietary models.",1.0,1.0,1,1,3,1,"Skipped"
"Title: <SPLIT>Description: Suicide Car Bomber Hits Baghdad Checkpoint Again (Reuters) Reuters - A suicide car bomber struck an entrance\to Baghdad's Green Zone government compound Tuesday, 24 hours\after an almost identical attack at the same checkpoint on the\first anniversary of Saddam Hussein's arrest.","Title: <SPLIT>Description: Suicide Car Bomber Hits Baghdad Checkpoint Again (Reuters) Reuters - A suicide car bomber struck an entrance\to Baghdad's Green Zone government compound Tuesday, 24 hours\after an almost identical attack at the same checkpoint on the\first anniversary of Saddam Hussein's arrest.",1.0,1.0,1,1,0,1,"Skipped"
"Title: <SPLIT>Description: Firefox Turns Up The Browser War Heat Firefox, the Mozilla-based open-source browser has grown by more than a third over the past month, according to WebSideStory, an independent Web metrics firm.","Title: <SPLIT>Description: Firefox Turns Up The Browser War Heat Firefox, the Mozilla-based open-source browser has grown by more than a third over the past month, according to WebSideStory, an independent Web metrics firm.",1.0,1.0,1,1,3,1,"Skipped"
"[[Title]]: <SPLIT>Description: So. Cal Player Investigated in Sex Assault (AP) AP - At least one member of the top-ranked Southern California football team is under investigation for sexual assault, the Los Angeles Police Department said Tuesday.","[[TitHle]]: <SPLIT>Description: So. Cal Player Investigated in Sex Assault (AP) AP - At least one member of the top-ranked Southern California football team is under investigation for sexual assault, the Los Angeles Police Department said Tuesday.",0.0,1.0,1,0,1,200,"Successful"
"Title: <SPLIT>Description: OPEC Eyes Caution, Supply Weighs on Price  VIENNA (Reuters) - OPEC may resist calls to raise oil  output quotas much, if at all, when it meets this week for fear  of turning a decline from record prices into a rout.","Title: <SPLIT>Description: OPEC Eyes Caution, Supply Weighs on Price  VIENNA (Reuters) - OPEC may resist calls to raise oil  output quotas much, if at all, when it meets this week for fear  of turning a decline from record prices into a rout.",1.0,1.0,1,1,2,1,"Skipped"
"Title: <SPLIT>Description: News: WLANs go feral in corporate undergrowth Frustrated employees are taking IT into their own hands by installing DIY Wi-Fi access points (APs) in their offices while their IT departments don't even notice, according to Gartner.\","Title: <SPLIT>Description: News: WLANs go feral in corporate undergrowth Frustrated employees are taking IT into their own hands by installing DIY Wi-Fi access points (APs) in their offices while their IT departments don't even notice, according to Gartner.\",1.0,1.0,1,1,3,1,"Skipped"
"[[Title]]: <SPLIT>Description: Paterno #39;s real tragedy may be not knowing when to go Joe Paterno often has talked about the profound impact that a piece of classic literature has had on his life. While a student at Brooklyn Prep in the early 1940s, he devoured TheAeneid, written by the Roman poet Virgil.","[[TUitle]]: <SPLIT>Description: Paterno #39;s real tragedy may be not knowing when to go Joe Paterno often has talked about the profound impact that a piece of classic literature has had on his life. While a student at Brooklyn Prep in the early 1940s, he devoured TheAeneid, written by the Roman poet Virgil.",0.0,0.0,1,1,1,200,"Failed"
"[[Title]]: <SPLIT>Description: EU Wants U.S. Aid to Boeing Clarified (AP) AP - The European Union on Thursday demanded Washington explain more clearly how it subsidizes Boeing Co. and warned it would counter any U.S. challenge targeting EU rival Airbus SAS before the World Trade Organization.","[[TUitle]]: <SPLIT>Description: EU Wants U.S. Aid to Boeing Clarified (AP) AP - The European Union on Thursday demanded Washington explain more clearly how it subsidizes Boeing Co. and warned it would counter any U.S. challenge targeting EU rival Airbus SAS before the World Trade Organization.",0.0,1.0,0,1,0,200,"Successful"
"Title: <SPLIT>Description: Taiwan Rescuers Dig Out 7 Bodies Buried in Landslide  TAIPEI (Reuters) - Taiwan rescue workers dug out seven  bodies from mud and rock in a mountain village that was hit by  a devastating landslide triggered by Typhoon Aere, but eight  still remained buried, officials said on Friday.","Title: <SPLIT>Description: Taiwan Rescuers Dig Out 7 Bodies Buried in Landslide  TAIPEI (Reuters) - Taiwan rescue workers dug out seven  bodies from mud and rock in a mountain village that was hit by  a devastating landslide triggered by Typhoon Aere, but eight  still remained buried, officials said on Friday.",1.0,1.0,1,1,0,1,"Skipped"
"Title: <SPLIT>Description: Putin ready to probe other oil companies Russian President Vladimir Putin is ready to go after other oil companies the way he has hammered Yukos, a top Kremlin official has said.","Title: <SPLIT>Description: Putin ready to probe other oil companies Russian President Vladimir Putin is ready to go after other oil companies the way he has hammered Yukos, a top Kremlin official has said.",1.0,1.0,1,1,2,1,"Skipped"
"Title: <SPLIT>Description: Hilfiger tumbles on grand jury probe CHICAGO (CBS.MW) -- Shares of Tommy Hilfiger Corp. tumbled Monday after the company disclosed that a grand jury was looking into the buying-office commissions the retailer pays to a non-US subsidiary.","Title: <SPLIT>Description: Hilfiger tumbles on grand jury probe CHICAGO (CBS.MW) -- Shares of Tommy Hilfiger Corp. tumbled Monday after the company disclosed that a grand jury was looking into the buying-office commissions the retailer pays to a non-US subsidiary.",1.0,1.0,1,1,2,1,"Skipped"
"[[Title]]: <SPLIT>Description: Torch passed on winning goal ATHENS -- America #39;s gold-medal soccer players don #39;t just say goodbye; they say hello.  quot;The thing I love, quot; retiring captain Julie Foudy said,  quot;is that Tarpley and Wambach scored.","[[Taitle]]: <SPLIT>Description: Torch passed on winning goal ATHENS -- America #39;s gold-medal soccer players don #39;t just say goodbye; they say hello.  quot;The thing I love, quot; retiring captain Julie Foudy said,  quot;is that Tarpley and Wambach scored.",0.0,0.0,1,1,1,200,"Failed"
"[[Title]]: <SPLIT>Description: Judge Clears Release of Kobe Evidence (AP) AP - A judge cleared the way for the release of documents and other evidence in the Kobe Bryant sexual assault case on Wednesday.","[[TiGtle]]: <SPLIT>Description: Judge Clears Release of Kobe Evidence (AP) AP - A judge cleared the way for the release of documents and other evidence in the Kobe Bryant sexual assault case on Wednesday.",0.0,0.0,1,1,1,200,"Failed"
"Title: <SPLIT>Description: Sara Lee 1st-Quarter Net Rises on Fee (Reuters) Reuters - Sara Lee Corp.  on Tuesday\posted a 53 percent increase in quarterly profit, as a fee\related to the 1999 sale of a tobacco business helped offset\higher costs for meat and cotton.","Title: <SPLIT>Description: Sara Lee 1st-Quarter Net Rises on Fee (Reuters) Reuters - Sara Lee Corp.  on Tuesday\posted a 53 percent increase in quarterly profit, as a fee\related to the 1999 sale of a tobacco business helped offset\higher costs for meat and cotton.",1.0,1.0,1,1,2,1,"Skipped"
"[[Title]]: <SPLIT>Description: Guerin trades NHL job for family business For the first time in three years, former Bruins forward Bill Guerin will be home with his family for Halloween. But he won't be dressing up as a National Hockey League player any time soon. He'll be a full-time dad to his four children while he waits -- with his NHL Players Association brethren -- for something to break in ...","[[TNitle]]: <SPLIT>Description: Guerin trades NHL job for family business For the first time in three years, former Bruins forward Bill Guerin will be home with his family for Halloween. But he won't be dressing up as a National Hockey League player any time soon. He'll be a full-time dad to his four children while he waits -- with his NHL Players Association brethren -- for something to break in ...",0.0,0.0,1,1,1,200,"Failed"
"Title: <SPLIT>Description: After Steep Drop, Price of Oil Rises The freefall in oil prices ended Monday on a spate of ominous developments, including a deadly attack on a US consulate in Saudi Arabia and reports that OPEC might cut production this week.","Title: <SPLIT>Description: After Steep Drop, Price of Oil Rises The freefall in oil prices ended Monday on a spate of ominous developments, including a deadly attack on a US consulate in Saudi Arabia and reports that OPEC might cut production this week.",1.0,1.0,1,1,2,1,"Skipped"
"Title: <SPLIT>Description: US admits more Afghan jail deaths The US army says more people than previously acknowledged have died in its custody in Afghanistan.","Title: <SPLIT>Description: US admits more Afghan jail deaths The US army says more people than previously acknowledged have died in its custody in Afghanistan.",1.0,1.0,1,1,0,1,"Skipped"
"[[Title]]: <SPLIT>Description: UConn awaiting invite to Motor City Bowl Theres still one more domino to fall, but today the University of Connecticut football team is expected to be invited and accept an invitation to play in the Motor City Bowl in Detroit on Dec. 27.","[[TJitle]]: <SPLIT>Description: UConn awaiting invite to Motor City Bowl Theres still one more domino to fall, but today the University of Connecticut football team is expected to be invited and accept an invitation to play in the Motor City Bowl in Detroit on Dec. 27.",0.0,0.0,1,1,1,200,"Failed"
"[[Title]]: <SPLIT>Description: 16 killed in Algeria rebel attack Suspected Algerian Islamic militants killed 16 people in the first attack on civilians since the start of the holy month of Ramadan, officials said on Saturday.","[[Tilte]]: <SPLIT>Description: 16 killed in Algeria rebel attack Suspected Algerian Islamic militants killed 16 people in the first attack on civilians since the start of the holy month of Ramadan, officials said on Saturday.",0.0,1.0,0,1,0,200,"Successful"
"Title: <SPLIT>Description: Policeman Shot Dead in Saudi Battle One Saudi policeman was killed and three others were wounded in clashes with militants in a town northeast of Riyadh. A number of suspects were arrested in the battles, officials said.","Title: <SPLIT>Description: Policeman Shot Dead in Saudi Battle One Saudi policeman was killed and three others were wounded in clashes with militants in a town northeast of Riyadh. A number of suspects were arrested in the battles, officials said.",1.0,1.0,1,1,0,1,"Skipped"
"Title: <SPLIT>Description: BT sells off stake in Eutelsat BRITISH Telecom today announced the sale of its stake in one of the worlds largest satellite companies for 363 million. The telecoms giant said it was offloading its 15.8 per cent holding in Paris-based ","Title: <SPLIT>Description: BT sells off stake in Eutelsat BRITISH Telecom today announced the sale of its stake in one of the worlds largest satellite companies for 363 million. The telecoms giant said it was offloading its 15.8 per cent holding in Paris-based ",1.0,1.0,1,1,2,1,"Skipped"
"Title: <SPLIT>Description: Foxfire Browser Adoption Accelerating as IE Wains Usage of Microsoft Internet Explorer continues to fall in the United States, dropping 1.09 percentage points to 91.80 percent of the browser market last month, more than triple the rate ","Title: <SPLIT>Description: Foxfire Browser Adoption Accelerating as IE Wains Usage of Microsoft Internet Explorer continues to fall in the United States, dropping 1.09 percentage points to 91.80 percent of the browser market last month, more than triple the rate ",1.0,1.0,1,1,3,1,"Skipped"
"Title: <SPLIT>Description: Strangers in Life Join Hands in Death as the Web Becomes a Tool for Suicide in Japan About once a month since January 2002, Japan has recorded a group suicide, successful or attempted, where participants met on the Internet.","Title: <SPLIT>Description: Strangers in Life Join Hands in Death as the Web Becomes a Tool for Suicide in Japan About once a month since January 2002, Japan has recorded a group suicide, successful or attempted, where participants met on the Internet.",1.0,1.0,1,1,3,1,"Skipped"
"Title: <SPLIT>Description: Hungary citizenship fails due to low turnout (AFP) AFP - Voters in Hungary failed to turn out in sufficient numbers to pass a referendum to extend citizenship to millions of ethnic Hungarians living in the region, a motion that split the country and drew fire from neighboring governments.","Title: <SPLIT>Description: Hungary citizenship fails due to low turnout (AFP) AFP - Voters in Hungary failed to turn out in sufficient numbers to pass a referendum to extend citizenship to millions of ethnic Hungarians living in the region, a motion that split the country and drew fire from neighboring governments.",1.0,1.0,1,1,0,1,"Skipped"
"Title: <SPLIT>Description: Israeli tank reportedly kills Egyptian troops An Israeli tank has opened fire and killed three Egyptian troops on the sensitive border between the two countries, mistaking them for Palestinian militants on the way to carry out an attack, Israeli media says.","Title: <SPLIT>Description: Israeli tank reportedly kills Egyptian troops An Israeli tank has opened fire and killed three Egyptian troops on the sensitive border between the two countries, mistaking them for Palestinian militants on the way to carry out an attack, Israeli media says.",1.0,1.0,1,1,0,1,"Skipped"
"Title: <SPLIT>Description: AMD Sheds Light on Dual-Core Plans Upcoming Opteron chips will occupy the same space as single-core models.","Title: <SPLIT>Description: AMD Sheds Light on Dual-Core Plans Upcoming Opteron chips will occupy the same space as single-core models.",1.0,1.0,1,1,3,1,"Skipped"
"Title: <SPLIT>Description: Agency sustains \$2 M hit The Pennsylvania Turnpike Commission lost about \$2 million in revenue Wednesday as thousands of holiday travelers zipped through the toll booths for free.","Title: <SPLIT>Description: Agency sustains \$2 M hit The Pennsylvania Turnpike Commission lost about \$2 million in revenue Wednesday as thousands of holiday travelers zipped through the toll booths for free.",1.0,1.0,1,1,2,1,"Skipped"
"Title: <SPLIT>Description: Sun looks for props with new server, storage hardware Sun Microsystems will hold its quarterly product launch this week, unleashing a raft of new hardware offerings spanning servers to storage.","Title: <SPLIT>Description: Sun looks for props with new server, storage hardware Sun Microsystems will hold its quarterly product launch this week, unleashing a raft of new hardware offerings spanning servers to storage.",1.0,1.0,1,1,3,1,"Skipped"
"Title: <SPLIT>Description: Ofcom's review of telecoms due this week &lt;strong&gt;Analysis&lt;/strong&gt; That'll be the circus in town, then","Title: <SPLIT>Description: Ofcom's review of telecoms due this week &lt;strong&gt;Analysis&lt;/strong&gt; That'll be the circus in town, then",1.0,1.0,1,1,3,1,"Skipped"
"[[Title]]: <SPLIT>Description: Mets and Yanks May Lose Leiter and Make Deal The Mets could lose one veteran left-handed pitcher to a team in their own division and another to a team in their own city. As representatives for Al Leiter negotiated a one-year contract with ","[[TiXtle]]: <SPLIT>Description: Mets and Yanks May Lose Leiter and Make Deal The Mets could lose one veteran left-handed pitcher to a team in their own division and another to a team in their own city. As representatives for Al Leiter negotiated a one-year contract with ",0.0,0.0,1,1,1,200,"Failed"
"Title: <SPLIT>Description: ECB Eyed Rate Hike But Left Rates Steady The European Central Bank surprised financial markets on Thursday by revealing it had considered raising interest rates even as the euro zone economy slows, saying it is worried about inflationary risks.","Title: <SPLIT>Description: ECB Eyed Rate Hike But Left Rates Steady The European Central Bank surprised financial markets on Thursday by revealing it had considered raising interest rates even as the euro zone economy slows, saying it is worried about inflationary risks.",1.0,1.0,1,1,2,1,"Skipped"
"Title: <SPLIT>Description: Australia establish 300-run lead in third India Test (AFP) AFP - Australia batted cautiously in their second innings to build a lead of 300 runs over India with nine wickets in hand in the third cricket Test here.","Title: <SPLIT>Description: Australia establish 300-run lead in third India Test (AFP) AFP - Australia batted cautiously in their second innings to build a lead of 300 runs over India with nine wickets in hand in the third cricket Test here.",1.0,1.0,1,1,0,1,"Skipped"
"Title: <SPLIT>Description: Airbus will move forward on 7E7 competitor Airbus has been given the go-ahead to develop a new jet designed to compete with The Boeing Co. #39;s new 7E7, according to reports by The Associated Press Friday.","Title: <SPLIT>Description: Airbus will move forward on 7E7 competitor Airbus has been given the go-ahead to develop a new jet designed to compete with The Boeing Co. #39;s new 7E7, according to reports by The Associated Press Friday.",1.0,1.0,1,1,2,1,"Skipped"
"Title: <SPLIT>Description: U.S. Stocks End Higher  NEW YORK (Reuters) - U.S. stocks ended higher on Wednesday  as investors snapped up semiconductor shares at bargain prices  and bought some blue chips after crude oil retreated from  record high prices.","Title: <SPLIT>Description: U.S. Stocks End Higher  NEW YORK (Reuters) - U.S. stocks ended higher on Wednesday  as investors snapped up semiconductor shares at bargain prices  and bought some blue chips after crude oil retreated from  record high prices.",1.0,1.0,1,1,2,1,"Skipped"
"Title: <SPLIT>Description: UK #39;s Diageo gets \$2.26 bln from General Mills sale Britain #39;s Diageo Plc (DGE.L: Quote, Profile, Research) , the world #39;s biggest spirits group raised \$2.26 billion from its sale of 49.","Title: <SPLIT>Description: UK #39;s Diageo gets \$2.26 bln from General Mills sale Britain #39;s Diageo Plc (DGE.L: Quote, Profile, Research) , the world #39;s biggest spirits group raised \$2.26 billion from its sale of 49.",1.0,1.0,1,1,2,1,"Skipped"
"Title: <SPLIT>Description: Water and robots on Mars chosen as tops in 2004 Science It #39;s the discovery by two Mars rovers that the Red Planet once had water and possibly could have supported life. That recognition comes today from the journal Science.","Title: <SPLIT>Description: Water and robots on Mars chosen as tops in 2004 Science It #39;s the discovery by two Mars rovers that the Red Planet once had water and possibly could have supported life. That recognition comes today from the journal Science.",1.0,1.0,1,1,3,1,"Skipped"
"Title: <SPLIT>Description: Intel Officials Have Bleak View for Iraq WASHINGTON - The National Intelligence Council presented President Bush this summer with several pessimistic scenarios regarding the security situation in Iraq, including the possibility of a civil war there before the end of 2005.    In a highly classified National Intelligence Estimate, the council looked at the political, economic and security situation in the war-torn country and determined that - at best - stability in Iraq would be tenuous, a U.S...","Title: <SPLIT>Description: Intel Officials Have Bleak View for Iraq WASHINGTON - The National Intelligence Council presented President Bush this summer with several pessimistic scenarios regarding the security situation in Iraq, including the possibility of a civil war there before the end of 2005.    In a highly classified National Intelligence Estimate, the council looked at the political, economic and security situation in the war-torn country and determined that - at best - stability in Iraq would be tenuous, a U.S...",1.0,1.0,1,1,0,1,"Skipped"
"Title: <SPLIT>Description: Guinn #39;s lack of fire does him in Amazing what a change of scenery will do. After moving training camps from Houston to San Antonio after a couple of lackluster performances, featherweight contender Rocky ","Title: <SPLIT>Description: Guinn #39;s lack of fire does him in Amazing what a change of scenery will do. After moving training camps from Houston to San Antonio after a couple of lackluster performances, featherweight contender Rocky ",1.0,1.0,0,0,1,1,"Skipped"
"[[Title]]: <SPLIT>Description: Iran given nuclear deadline the (International Atomic Energy Agency) board of governors, quot; he said.  quot;A proposal will be put to them. quot;. produce fuel for nuclear weapons -- but Tehran rejected the demand as illegal.","[[Tilte]]: <SPLIT>Description: Iran given nuclear deadline the (International Atomic Energy Agency) board of governors, quot; he said.  quot;A proposal will be put to them. quot;. produce fuel for nuclear weapons -- but Tehran rejected the demand as illegal.",0.0,1.0,0,1,0,200,"Successful"
"[[Title]]: <SPLIT>Description: Carter could prove real plus for Nets The Nets reported deal for Vince Carter very much surprises me given New Jersey #39;s cost-slashing moves in the offseason that saw the exits of Kenyon Martin and Kerry Kittles.","[[TXitle]]: <SPLIT>Description: Carter could prove real plus for Nets The Nets reported deal for Vince Carter very much surprises me given New Jersey #39;s cost-slashing moves in the offseason that saw the exits of Kenyon Martin and Kerry Kittles.",0.0,0.0,1,1,1,200,"Failed"
"Title: <SPLIT>Description: 29 escapees from North seek refuge at school in Beijing BEIJING -- Twenty-nine people believed to be North Korean entered the Japanese school in Beijing on Wednesday morning to seek asylum in a country other than China, according to Foreign Ministry officials in Tokyo.","Title: <SPLIT>Description: 29 escapees from North seek refuge at school in Beijing BEIJING -- Twenty-nine people believed to be North Korean entered the Japanese school in Beijing on Wednesday morning to seek asylum in a country other than China, according to Foreign Ministry officials in Tokyo.",1.0,1.0,1,1,0,1,"Skipped"
"[[Title]]: <SPLIT>Description: Sri Lanka batsman fined as Pakistan tie series Sri Lanka #39;s Kumar Sangakkara has been fined 30 of his match fee for showing dissent during the fourth day of the second Test against Pakistan in Karachi.","[[TLitle]]: <SPLIT>Description: Sri Lanka batsman fined as Pakistan tie series Sri Lanka #39;s Kumar Sangakkara has been fined 30 of his match fee for showing dissent during the fourth day of the second Test against Pakistan in Karachi.",0.0,0.0,1,1,1,200,"Failed"
"Title: <SPLIT>Description: [[Wilson]] well placed in Mexico City Britain #39;s Justin Wilson was fourth in first qualifying for the final Champ Car race of the season in Mexico City. Wilson is looking to end his season on a high note after missing out on the rookie #39;s title to AJ Allmendinger.","Title: <SPLIT>Description: [[Wikson]] well placed in Mexico City Britain #39;s Justin Wilson was fourth in first qualifying for the final Champ Car race of the season in Mexico City. Wilson is looking to end his season on a high note after missing out on the rookie #39;s title to AJ Allmendinger.",0.0,1.0,1,0,1,200,"Successful"
"Title: <SPLIT>Description: China Says Taiwan Spy Also Operated in U.S. - Media  BEIJING (Reuters) - Beijing on Monday accused a  Chinese-American arrested for spying for Taiwan of building an  espionage network in the United States, and said he could go on  trial very soon.","Title: <SPLIT>Description: China Says Taiwan Spy Also Operated in U.S. - Media  BEIJING (Reuters) - Beijing on Monday accused a  Chinese-American arrested for spying for Taiwan of building an  espionage network in the United States, and said he could go on  trial very soon.",1.0,1.0,1,1,0,1,"Skipped"
"Title: <SPLIT>Description: Mindawn offers DRM-free music downloads (MacCentral) MacCentral - Mindawn is a new online music download service that differs from Apple Computer Inc.'s iTunes Music Store and other services in a few ways: It's not only compatible with Macs and PCs but with Linux computers too, its music is available in a lossless format, and there are no Digital Rights Management (DRM) restrictions. Mindawn launched in September and is picking up steam, according to its founder.","Title: <SPLIT>Description: Mindawn offers DRM-free music downloads (MacCentral) MacCentral - Mindawn is a new online music download service that differs from Apple Computer Inc.'s iTunes Music Store and other services in a few ways: It's not only compatible with Macs and PCs but with Linux computers too, its music is available in a lossless format, and there are no Digital Rights Management (DRM) restrictions. Mindawn launched in September and is picking up steam, according to its founder.",1.0,1.0,1,1,3,1,"Skipped"
"Title: <SPLIT>Description: The Egg Goes to The Plucky Rebels Backup quarterback Robert Lane has 205 total yards with a touchdown pass and a touchdown run in Mississippi's 20-3 win over Mississippi State on Saturday.","Title: <SPLIT>Description: The Egg Goes to The Plucky Rebels Backup quarterback Robert Lane has 205 total yards with a touchdown pass and a touchdown run in Mississippi's 20-3 win over Mississippi State on Saturday.",1.0,1.0,0,0,1,1,"Skipped"
"Title: <SPLIT>Description: WTO Sanctions on US Exports Widens Gap in Congress Angry over unfair subsidies paid to US companies from tariffs collected on goods imported here, the WTO has widened the gap with Congress by imposing sanctions of their own.","Title: <SPLIT>Description: WTO Sanctions on US Exports Widens Gap in Congress Angry over unfair subsidies paid to US companies from tariffs collected on goods imported here, the WTO has widened the gap with Congress by imposing sanctions of their own.",1.0,1.0,1,1,2,1,"Skipped"
"Title: <SPLIT>Description: Martin wins second straight race Markko Martin won his second consecutive World Rally Championship race on Sunday to clinch the Rally of Catalunya. The Estonian, driving a Ford, followed up his recent victory in ","Title: <SPLIT>Description: Martin wins second straight race Markko Martin won his second consecutive World Rally Championship race on Sunday to clinch the Rally of Catalunya. The Estonian, driving a Ford, followed up his recent victory in ",1.0,1.0,0,0,1,1,"Skipped"
"Title: <SPLIT>Description: Arafat #39;s brother moved to Cairo for cancer therapy Palestinian sources said on Tuesday that Palestinian leader Yasser Arafat #39;s younger brother Fatehy Arafat was transferred to a hospital in Cairo to be treated for intestines cancer.","Title: <SPLIT>Description: Arafat #39;s brother moved to Cairo for cancer therapy Palestinian sources said on Tuesday that Palestinian leader Yasser Arafat #39;s younger brother Fatehy Arafat was transferred to a hospital in Cairo to be treated for intestines cancer.",1.0,1.0,1,1,0,1,"Skipped"
"Title: <SPLIT>[[Description]]: He's His Own Adu Georgetown Prep defender Fro Adu is proud of brother Freddy, a forward for D.C. United, but wants to step out on his own.","Title: <SPLIT>[[DescrJiption]]: He's His Own Adu Georgetown Prep defender Fro Adu is proud of brother Freddy, a forward for D.C. United, but wants to step out on his own.",0.0,1.0,1,0,1,200,"Successful"
"[[Title]]: <SPLIT>Description: Beckham Could Quit England After World Cup England captain David Beckham has revealed that he is considering retiring from international football after the 2006 World Cup. The 29-year-old Real Madrid midfielder is keen to preserve his club career for ","[[Tbitle]]: <SPLIT>Description: Beckham Could Quit England After World Cup England captain David Beckham has revealed that he is considering retiring from international football after the 2006 World Cup. The 29-year-old Real Madrid midfielder is keen to preserve his club career for ",0.0,0.0,1,1,1,200,"Failed"
"Title: <SPLIT>Description: Gateway Reports Smaller Quarterly Loss Gateway Inc. reported a narrowed net loss in the first quarter as it continues to restructure its operations and integrate its acquisition of eMachines. Still, the personal computer and electronics company posted a tiny operating profit -- its first in nearly three years.","Title: <SPLIT>Description: Gateway Reports Smaller Quarterly Loss Gateway Inc. reported a narrowed net loss in the first quarter as it continues to restructure its operations and integrate its acquisition of eMachines. Still, the personal computer and electronics company posted a tiny operating profit -- its first in nearly three years.",1.0,1.0,1,1,3,1,"Skipped"
"Title: <SPLIT>Description: CRM Vendor Entellium Adopts Open-Source Strategy (TechWeb) TechWeb - Availability of Entellium's code could speed development of industry-specific CRM products.","Title: <SPLIT>Description: CRM Vendor Entellium Adopts Open-Source Strategy (TechWeb) TechWeb - Availability of Entellium's code could speed development of industry-specific CRM products.",1.0,1.0,1,1,3,1,"Skipped"
"Title: <SPLIT>Description: HP Joins with JBoss on Server Support Hewlett-Packard Co. and open-source middleware vendor JBoss Inc. on Friday said that HP will now provide first-line support for JBoss #39; open-source Java application server.","Title: <SPLIT>Description: HP Joins with JBoss on Server Support Hewlett-Packard Co. and open-source middleware vendor JBoss Inc. on Friday said that HP will now provide first-line support for JBoss #39; open-source Java application server.",1.0,1.0,1,1,3,1,"Skipped"
"Title: <SPLIT>Description: Stunt pilots to snag a falling NASA craft NASA #39;s three-year effort to bring some genuine star dust back to Earth is set for a dramatic finale Sept. 8 when Hollywood helicopter pilots will attempt a midair retrieval ","Title: <SPLIT>Description: Stunt pilots to snag a falling NASA craft NASA #39;s three-year effort to bring some genuine star dust back to Earth is set for a dramatic finale Sept. 8 when Hollywood helicopter pilots will attempt a midair retrieval ",1.0,1.0,1,1,3,1,"Skipped"
"[[Title]]: <SPLIT>Description: Can Alabama pass? Can South Carolina run? Both have some reason for optimism. Guillon should benefit from his first start at Arkansas and from the more friendly environment of Bryant-Denny Stadium.","[[TXitle]]: <SPLIT>Description: Can Alabama pass? Can South Carolina run? Both have some reason for optimism. Guillon should benefit from his first start at Arkansas and from the more friendly environment of Bryant-Denny Stadium.",0.0,0.0,1,1,1,200,"Failed"
"Title: <SPLIT>Description: Blast Targets Baghdad Checkpoint Near Allawi HQ (Reuters) Reuters - A car bomb that exploded near the\headquarters of Iraqi Prime Minister Iyad Allawi's party in\western Baghdad on Monday targeted a police checkpoint at the\entrance to the road leading to the building, witnesses said.","Title: <SPLIT>Description: Blast Targets Baghdad Checkpoint Near Allawi HQ (Reuters) Reuters - A car bomb that exploded near the\headquarters of Iraqi Prime Minister Iyad Allawi's party in\western Baghdad on Monday targeted a police checkpoint at the\entrance to the road leading to the building, witnesses said.",1.0,1.0,1,1,0,1,"Skipped"
"Title: <SPLIT>Description: Thais  #39;bomb #39; south with paper birds on Muslim south Around 50 Thai Air Force planes  quot;bombed quot; the largely Muslim south with paper birds on Sunday as a symbol of peace for the restive region where nearly 500 people have been killed since January.","Title: <SPLIT>Description: Thais  #39;bomb #39; south with paper birds on Muslim south Around 50 Thai Air Force planes  quot;bombed quot; the largely Muslim south with paper birds on Sunday as a symbol of peace for the restive region where nearly 500 people have been killed since January.",1.0,1.0,1,1,0,1,"Skipped"
"Title: <SPLIT>Description: US welcomes Sudan #39;s acceptance of expanded AU mission in Darfur The United States welcomed on Friday Sudanese official #39;s announcement to accept a larger AfricanUnion (AU) mission in the western region of Darfur and urged the speedy deployment of AU troops.","Title: <SPLIT>Description: US welcomes Sudan #39;s acceptance of expanded AU mission in Darfur The United States welcomed on Friday Sudanese official #39;s announcement to accept a larger AfricanUnion (AU) mission in the western region of Darfur and urged the speedy deployment of AU troops.",1.0,1.0,1,1,0,1,"Skipped"
"Title: <SPLIT>Description: Superfast Notebook Graphics: NVidia #39;s GeForce Go 6800 PC World #39;s first tests of NVidia #39;s just announced high-end mobile graphics chip, the GeForce Go 6800, show that it is one of the first notebook graphics components to support performance rivaling that of desktop boards.","Title: <SPLIT>Description: Superfast Notebook Graphics: NVidia #39;s GeForce Go 6800 PC World #39;s first tests of NVidia #39;s just announced high-end mobile graphics chip, the GeForce Go 6800, show that it is one of the first notebook graphics components to support performance rivaling that of desktop boards.",1.0,1.0,1,1,3,1,"Skipped"
"Title: <SPLIT>Description: Bulls Stomp Cavaliers Eddy Curry scores 20 points and rookie Ben Gordon adds 21 to lead Chicago to a rare 113-85 lopsided win over Cleveland on Wednesday.","Title: <SPLIT>Description: Bulls Stomp Cavaliers Eddy Curry scores 20 points and rookie Ben Gordon adds 21 to lead Chicago to a rare 113-85 lopsided win over Cleveland on Wednesday.",1.0,1.0,0,0,1,1,"Skipped"
"Title: <SPLIT>Description: Jets hit rebel city in payback for hotel raid BAGHDAD: US fighter jets bombed the rebel-held city of Fallujah yesterday, killing at least 10 people, hours after rockets slammed into a Baghdad hotel used by foreign journalists and contractors.","Title: <SPLIT>Description: Jets hit rebel city in payback for hotel raid BAGHDAD: US fighter jets bombed the rebel-held city of Fallujah yesterday, killing at least 10 people, hours after rockets slammed into a Baghdad hotel used by foreign journalists and contractors.",1.0,1.0,1,1,0,1,"Skipped"
"Title: <SPLIT>Description: Employees from 10 hotels locked out The San Francisco Multi-Employer Group announced this morning that it has locked out UNITE HERE Local 2 employees from 10 hotels and staffed the vacated positions with replacement workers.","Title: <SPLIT>Description: Employees from 10 hotels locked out The San Francisco Multi-Employer Group announced this morning that it has locked out UNITE HERE Local 2 employees from 10 hotels and staffed the vacated positions with replacement workers.",1.0,1.0,1,1,2,1,"Skipped"
"Title: <SPLIT>Description: Slowing population 'lacks funds' Rich countries are giving only half the amount they promised to help to slow world population growth, the UN says.","Title: <SPLIT>Description: Slowing population 'lacks funds' Rich countries are giving only half the amount they promised to help to slow world population growth, the UN says.",1.0,1.0,1,1,3,1,"Skipped"
"Title: <SPLIT>Description: A.I.G. Will Accept Monitor and Pay \$80 Million to Close Inquiries The insurance company has agreed to pay about \$80 million to settle investigations into insurance sales that were used by companies to manipulate their earnings.","Title: <SPLIT>Description: A.I.G. Will Accept Monitor and Pay \$80 Million to Close Inquiries The insurance company has agreed to pay about \$80 million to settle investigations into insurance sales that were used by companies to manipulate their earnings.",1.0,1.0,1,1,2,1,"Skipped"
"Title: <SPLIT>Description: Germany [[deports]] Turkey militant German police deport an Islamic militant wanted by Turkey, hours after his extradition is approved.","Title: <SPLIT>Description: Germany [[deiports]] Turkey militant German police deport an Islamic militant wanted by Turkey, hours after his extradition is approved.",0.0,1.0,0,1,0,200,"Successful"
"Title: <SPLIT>Description: Schwarzenegger Signs 'Foie Gras' Bill (AP) AP - California will end the force feeding of ducks, geese and other birds to produce the gourmet liver product foie gras by 2012 under legislation signed Wednesday by Gov. Arnold Schwarzengger.","Title: <SPLIT>Description: Schwarzenegger Signs 'Foie Gras' Bill (AP) AP - California will end the force feeding of ducks, geese and other birds to produce the gourmet liver product foie gras by 2012 under legislation signed Wednesday by Gov. Arnold Schwarzengger.",1.0,1.0,1,1,3,1,"Skipped"
"Title: <SPLIT>Description: O2 to roll out i-mode The deal, which was leaked to the press last week, will see the UK-based mobile operator deliver data services -- such as games, ringtones and entertainment -- through a platform that has been credited with making NTT DoCoMo the force that it is in ","Title: <SPLIT>Description: O2 to roll out i-mode The deal, which was leaked to the press last week, will see the UK-based mobile operator deliver data services -- such as games, ringtones and entertainment -- through a platform that has been credited with making NTT DoCoMo the force that it is in ",1.0,1.0,1,1,3,1,"Skipped"
"Title: <SPLIT>Description: Sorenstam maintains Florida lead Annika Sorenstam could only manage a level-par 72 on day three of the ADT Tour Championship in Florida but it was enough to maintain a one-stroke lead.","Title: <SPLIT>Description: Sorenstam maintains Florida lead Annika Sorenstam could only manage a level-par 72 on day three of the ADT Tour Championship in Florida but it was enough to maintain a one-stroke lead.",1.0,1.0,0,0,1,1,"Skipped"
"[[Title]]: <SPLIT>Description: Coalition holds off efforts to take rebel-run cities US surgical strikes continue in Fallujah, Samarra, and Tal Afar. But US says Iraqi forces are not ready to launch major attacks. By Howard LaFranchi.","[[TiHtle]]: <SPLIT>Description: Coalition holds off efforts to take rebel-run cities US surgical strikes continue in Fallujah, Samarra, and Tal Afar. But US says Iraqi forces are not ready to launch major attacks. By Howard LaFranchi.",0.0,1.0,0,1,0,200,"Successful"
"Title: <SPLIT>Description: Bush Backs US Tariffs on Shrimp Foreign shrimp producers have denied they are selling shrimp at artificially low prices as a way to win a larger share of the US market.","Title: <SPLIT>Description: Bush Backs US Tariffs on Shrimp Foreign shrimp producers have denied they are selling shrimp at artificially low prices as a way to win a larger share of the US market.",1.0,1.0,1,1,2,1,"Skipped"
"Title: <SPLIT>Description: CEO Eisner to Step Down in Sept 2006 -WSJ  NEW YORK (Reuters) - Michael Eisner plans to step down as  Walt Disney Co.'s chief executive when his contract expires in  September 2006, the Wall Street Journal said on Friday.","Title: <SPLIT>Description: CEO Eisner to Step Down in Sept 2006 -WSJ  NEW YORK (Reuters) - Michael Eisner plans to step down as  Walt Disney Co.'s chief executive when his contract expires in  September 2006, the Wall Street Journal said on Friday.",1.0,1.0,1,1,2,1,"Skipped"
"Title: <SPLIT>Description: Israeli Soldiers Kill Palestinian Gunman in Gaza -Army (Reuters) Reuters - Israeli soldiers shot and killed a\Palestinian gunman on Monday as he approached a military\outpost near a Jewish settlement in the southern Gaza Strip, a\military source said.","Title: <SPLIT>Description: Israeli Soldiers Kill Palestinian Gunman in Gaza -Army (Reuters) Reuters - Israeli soldiers shot and killed a\Palestinian gunman on Monday as he approached a military\outpost near a Jewish settlement in the southern Gaza Strip, a\military source said.",1.0,1.0,1,1,0,1,"Skipped"
"[[Title]]: <SPLIT>Description: ACC Loses 2 Ranked Teams; Big East Get 2 (AP) AP - The Atlantic Coast Conference's record run of seven ranked teams came to an end Monday.","[[Tidtle]]: <SPLIT>Description: ACC Loses 2 Ranked Teams; Big East Get 2 (AP) AP - The Atlantic Coast Conference's record run of seven ranked teams came to an end Monday.",0.0,0.0,1,1,1,200,"Failed"
"Title: <SPLIT>Description: Mich. Elephant Gets Therapy for Arthritis ROYAL OAK, Mich. - Like any patient, Wanda needs positive reinforcement to wrestle through her physical therapy...","Title: <SPLIT>Description: Mich. Elephant Gets Therapy for Arthritis ROYAL OAK, Mich. - Like any patient, Wanda needs positive reinforcement to wrestle through her physical therapy...",1.0,1.0,1,1,0,1,"Skipped"
"Title: <SPLIT>Description: Accord on restoring rail link reached: Khokhrapar-Monabao route ISLAMABAD, Dec 3: Pakistan and India have agreed to an early resumption of rail link between Khokhrapar and Monabao suspended since the 1965 war.","Title: <SPLIT>Description: Accord on restoring rail link reached: Khokhrapar-Monabao route ISLAMABAD, Dec 3: Pakistan and India have agreed to an early resumption of rail link between Khokhrapar and Monabao suspended since the 1965 war.",1.0,1.0,1,1,0,1,"Skipped"
"Title: <SPLIT>Description: Stem Cells Emit Healing Molecules WASHINGTON (AP) -- Embryonic stem cells may not have to actually grow replacement body parts to be useful.    New research suggests these cells also secrete healing molecules powerful enough to reverse a lethal birth defect in mice...","Title: <SPLIT>Description: Stem Cells Emit Healing Molecules WASHINGTON (AP) -- Embryonic stem cells may not have to actually grow replacement body parts to be useful.    New research suggests these cells also secrete healing molecules powerful enough to reverse a lethal birth defect in mice...",1.0,1.0,1,1,3,1,"Skipped"
"[[Title]]: <SPLIT>Description: Dodgers ready for anything com. When Dodgers coach Glenn Hoffman makes out the daily schedule of Spring Training drills, there are entries for pickoffs and cutoffs, bunt situations and hit-and-runs.","[[Tigle]]: <SPLIT>Description: Dodgers ready for anything com. When Dodgers coach Glenn Hoffman makes out the daily schedule of Spring Training drills, there are entries for pickoffs and cutoffs, bunt situations and hit-and-runs.",0.0,1.0,1,0,1,200,"Successful"
"[[Title]]: <SPLIT>Description: Tennessee's Johnson Suspended for Gun (AP) AP - Tennessee starting safety Brandon Johnson was suspended indefinitely because he fired a gun into the air near campus.","[[TIitle]]: <SPLIT>Description: Tennessee's Johnson Suspended for Gun (AP) AP - Tennessee starting safety Brandon Johnson was suspended indefinitely because he fired a gun into the air near campus.",0.0,0.0,1,1,1,200,"Failed"
"Title: <SPLIT>Description: Iran Announces Uranium Conversion Tests Defying a key demand set by 35 nations, Iran announced Tuesday that it has started converting raw uranium into the gas needed for enrichment, a process that can be used to make nuclear weapons.","Title: <SPLIT>Description: Iran Announces Uranium Conversion Tests Defying a key demand set by 35 nations, Iran announced Tuesday that it has started converting raw uranium into the gas needed for enrichment, a process that can be used to make nuclear weapons.",1.0,1.0,3,3,0,1,"Skipped"
"Title: <SPLIT>Description: HAYLEY MICK: Hayley Mick is a journalist currently based in Vancouver. She has broadcast experience with CBC Radio #39;s Quirks and Quarks and has reported for the Vancouver Sun, CBC Online, and the Canadian Press #39;s Ontario and Vancouver bureaus.","Title: <SPLIT>Description: HAYLEY MICK: Hayley Mick is a journalist currently based in Vancouver. She has broadcast experience with CBC Radio #39;s Quirks and Quarks and has reported for the Vancouver Sun, CBC Online, and the Canadian Press #39;s Ontario and Vancouver bureaus.",1.0,1.0,1,1,0,1,"Skipped"
"[[Title]]: <SPLIT>Description: Wenger vows no repeat of frailties against Bayern ARSNE WENGER was raised in Alsace, near the German border, with an affinity for the Bayern Munich football machines of the Seventies.","[[Tifle]]: <SPLIT>Description: Wenger vows no repeat of frailties against Bayern ARSNE WENGER was raised in Alsace, near the German border, with an affinity for the Bayern Munich football machines of the Seventies.",0.0,1.0,1,0,1,200,"Successful"
"Title: <SPLIT>Description: Health Insurance Costs Soar, Workers Hit (Reuters) Reuters - Health insurance premiums rose five\times faster than U.S. workers' salaries this year, according\to a survey released on Thursday that also showed slippage in\the percentage of American workers covered by employer health\plans.","Title: <SPLIT>Description: Health Insurance Costs Soar, Workers Hit (Reuters) Reuters - Health insurance premiums rose five\times faster than U.S. workers' salaries this year, according\to a survey released on Thursday that also showed slippage in\the percentage of American workers covered by employer health\plans.",1.0,1.0,1,1,2,1,"Skipped"
"Title: <SPLIT>Description: Disney takes sides in battle for next generation DVD (AFP) AFP - Hollywood movie powerhouse Walt Disney has taken sides with Japan's Sony Corp. in a bitter battle between studios to define a technical standard for next generation DVDs, it said.","Title: <SPLIT>Description: Disney takes sides in battle for next generation DVD (AFP) AFP - Hollywood movie powerhouse Walt Disney has taken sides with Japan's Sony Corp. in a bitter battle between studios to define a technical standard for next generation DVDs, it said.",1.0,1.0,1,1,3,1,"Skipped"
"Title: <SPLIT>Description: SEC Adopts New Rules for Hedge Funds A deeply divided SEC voted Tuesday to mandate new oversight for hedge funds -- largely unregulated investment pools, traditionally for the wealthy, that have become popular with small investors.","Title: <SPLIT>Description: SEC Adopts New Rules for Hedge Funds A deeply divided SEC voted Tuesday to mandate new oversight for hedge funds -- largely unregulated investment pools, traditionally for the wealthy, that have become popular with small investors.",1.0,1.0,1,1,2,1,"Skipped"
"Title: <SPLIT>Description: Update 2: Tokyo Stocks Finish 2.6 Percent Higher Tokyo stocks finished sharply higher Monday, fueled by Wall Street #39;s gains last week. The US dollar was higher against the Japanese yen.","Title: <SPLIT>Description: Update 2: Tokyo Stocks Finish 2.6 Percent Higher Tokyo stocks finished sharply higher Monday, fueled by Wall Street #39;s gains last week. The US dollar was higher against the Japanese yen.",1.0,1.0,1,1,2,1,"Skipped"
"Title: <SPLIT>Description: Sudanese rebels agree to take part in peace talks in Abuja ABUJA, Aug 25, 2004 (dpa) -- Rebel groups agreed Wednesday to participate in peace talks with the Sudanese government being held in the Nigerian capital of Abuja after coming under pressure to disarm and accept confinement to camps in the country #39;s ","Title: <SPLIT>Description: Sudanese rebels agree to take part in peace talks in Abuja ABUJA, Aug 25, 2004 (dpa) -- Rebel groups agreed Wednesday to participate in peace talks with the Sudanese government being held in the Nigerian capital of Abuja after coming under pressure to disarm and accept confinement to camps in the country #39;s ",1.0,1.0,1,1,0,1,"Skipped"
"[[Title]]: <SPLIT>Description: Robinho #39;s mother releaased by kidnappers The mother of Santos striker Robinho was released unharmed on Friday, 40 days after she was kidnapped at a family gathering. Marina da Silva de Souza, 44, appeared healthy but thinner than when she was abducted ","[[Tfitle]]: <SPLIT>Description: Robinho #39;s mother releaased by kidnappers The mother of Santos striker Robinho was released unharmed on Friday, 40 days after she was kidnapped at a family gathering. Marina da Silva de Souza, 44, appeared healthy but thinner than when she was abducted ",0.0,0.0,1,1,1,200,"Failed"
"Title: <SPLIT>Description: Boeing CEO: Jet Market Recovery Slower (Reuters) Reuters - Boeing Co. Chief Executive Harry\Stonecipher said on Friday the U.S. aircraft maker's archrival\Airbus was exaggerating the speed of recovery in the commercial\airplane market.","Title: <SPLIT>Description: Boeing CEO: Jet Market Recovery Slower (Reuters) Reuters - Boeing Co. Chief Executive Harry\Stonecipher said on Friday the U.S. aircraft maker's archrival\Airbus was exaggerating the speed of recovery in the commercial\airplane market.",1.0,1.0,1,1,2,1,"Skipped"
"Title: <SPLIT>Description: A Distraction as a Deadline Approaches As the holidays approach, Christmas spirit is a bargain-hunting essential.","Title: <SPLIT>Description: A Distraction as a Deadline Approaches As the holidays approach, Christmas spirit is a bargain-hunting essential.",1.0,1.0,1,1,3,1,"Skipped"
"Title: <SPLIT>Description: EA Reports Higher Quarterly Profits  LOS ANGELES (Reuters) - No. 1 video game maker Electronic  Arts Inc on Tuesday reported higher quarterly profits on strong  demand for titles like Madden NFL 2005, but its stock price  fell after a holiday forecast fell short of Wall Street  expectations.","Title: <SPLIT>Description: EA Reports Higher Quarterly Profits  LOS ANGELES (Reuters) - No. 1 video game maker Electronic  Arts Inc on Tuesday reported higher quarterly profits on strong  demand for titles like Madden NFL 2005, but its stock price  fell after a holiday forecast fell short of Wall Street  expectations.",1.0,1.0,1,1,2,1,"Skipped"
"Title: <SPLIT>Description: UN panel proposes sweeping changes UNITED NATIONS, New York The United Nations has proposed the most sweeping changes in its history, recommending the overhaul of its top decision-making group, the Security Council, and holding out the possibility that it could grant legitimacy to pre ","Title: <SPLIT>Description: UN panel proposes sweeping changes UNITED NATIONS, New York The United Nations has proposed the most sweeping changes in its history, recommending the overhaul of its top decision-making group, the Security Council, and holding out the possibility that it could grant legitimacy to pre ",1.0,1.0,1,1,0,1,"Skipped"
"Title: <SPLIT>Description: Sysco profit climbs 8 percent on sales Sysco Corp., the country #39;s largest food service distributor, Monday said profit for its latest quarter rose 8 percent, as it increased sales and trimmed expenses despite the hurricanes in the Southeast.","Title: <SPLIT>Description: Sysco profit climbs 8 percent on sales Sysco Corp., the country #39;s largest food service distributor, Monday said profit for its latest quarter rose 8 percent, as it increased sales and trimmed expenses despite the hurricanes in the Southeast.",1.0,1.0,1,1,2,1,"Skipped"
"[[Title]]: <SPLIT>Description: AL Wrap: Red Sox Down Devil Rays to Clinch Playoff Spot  NEW YORK (Reuters) - Manny Ramirez belted his  league-leading 43rd homer and Johnny Damon hit a three-run shot  as the Boston Red Sox clinched a playoff spot with a 7-3 win  over the Tampa Bay Devil Rays in St Petersburg on Monday.","[[Tifle]]: <SPLIT>Description: AL Wrap: Red Sox Down Devil Rays to Clinch Playoff Spot  NEW YORK (Reuters) - Manny Ramirez belted his  league-leading 43rd homer and Johnny Damon hit a three-run shot  as the Boston Red Sox clinched a playoff spot with a 7-3 win  over the Tampa Bay Devil Rays in St Petersburg on Monday.",0.0,0.0,1,1,1,200,"Failed"
"Title: <SPLIT>Description: Botswana miners 'face dismissal' Botswana's giant Debswana diamond mining firm says it will sack workers who carry on with an illegal stoppage.","Title: <SPLIT>Description: Botswana miners 'face dismissal' Botswana's giant Debswana diamond mining firm says it will sack workers who carry on with an illegal stoppage.",1.0,1.0,1,1,2,1,"Skipped"
"Title: <SPLIT>[[Description]]: Rijkaard - has suffered Edmilson blow Barcelona have been stunned by the news that Brazilian centre-half Edmilson will be out of action for at least six months with a knee injury.","Title: <SPLIT>[[Deacription]]: Rijkaard - has suffered Edmilson blow Barcelona have been stunned by the news that Brazilian centre-half Edmilson will be out of action for at least six months with a knee injury.",0.0,1.0,1,0,1,200,"Successful"
"Title: <SPLIT>Description: Dollar Bounces; Eye on Data, Greenspan  LONDON (Reuters) - The dollar bounced off recent four-week  lows against the euro and yen on Monday in thin August trade  with investors focusing on U.S. data and a speech by the  Federal Reserve chief later in the week.","Title: <SPLIT>Description: Dollar Bounces; Eye on Data, Greenspan  LONDON (Reuters) - The dollar bounced off recent four-week  lows against the euro and yen on Monday in thin August trade  with investors focusing on U.S. data and a speech by the  Federal Reserve chief later in the week.",1.0,1.0,1,1,2,1,"Skipped"
"Title: <SPLIT>Description: Thaksin in the Firing Line After Massacre BANGKOK/JEDDAH, 29 October 2004 - A bomb ripped through two bars in southern Thailand yesterday, killing two people and wounding about 20, in what could be the first reaction to the deaths of 78 Muslims in police custody this week.","Title: <SPLIT>Description: Thaksin in the Firing Line After Massacre BANGKOK/JEDDAH, 29 October 2004 - A bomb ripped through two bars in southern Thailand yesterday, killing two people and wounding about 20, in what could be the first reaction to the deaths of 78 Muslims in police custody this week.",1.0,1.0,1,1,0,1,"Skipped"
"Title: <SPLIT>Description: Ex-general wins Indonesian elections Retired general Susilo Bambang Yudhoyono was on Monday confirmed as Indonesia #39;s next leader as final counting from the country #39;s first direct presidential polls gave him a landslide victory over his predecessor.","Title: <SPLIT>Description: Ex-general wins Indonesian elections Retired general Susilo Bambang Yudhoyono was on Monday confirmed as Indonesia #39;s next leader as final counting from the country #39;s first direct presidential polls gave him a landslide victory over his predecessor.",1.0,1.0,1,1,0,1,"Skipped"
"Title: <SPLIT>Description: US stocks up on durable goods news; chips down US stocks got a mild boost on Friday as government data showed better-than-expected demand in August for durable goods other than transportation equipment, but climbing oil prices limited gains.","Title: <SPLIT>Description: US stocks up on durable goods news; chips down US stocks got a mild boost on Friday as government data showed better-than-expected demand in August for durable goods other than transportation equipment, but climbing oil prices limited gains.",1.0,1.0,1,1,2,1,"Skipped"
"Title: <SPLIT>Description: Infocus: Deploying Network Access Quarantine Control, Part 2 This article discusses Network Access Quarantine Control in Windows Server 2003, which allows administrators to quarantine mobile users and verify their security posture before giving them full access to the network. Part 2 of 2.","Title: <SPLIT>Description: Infocus: Deploying Network Access Quarantine Control, Part 2 This article discusses Network Access Quarantine Control in Windows Server 2003, which allows administrators to quarantine mobile users and verify their security posture before giving them full access to the network. Part 2 of 2.",1.0,1.0,1,1,3,1,"Skipped"
"Title: <SPLIT>Description: FCC exempts fiber-to-curb from sharing requirements The Federal Communications Commission Thursday voted to allow incumbent telephone carriers from sharing fiber-to-the-curb deployments from competitors, prompting one incumbent to announce an accelerated fiber rollout.","Title: <SPLIT>Description: FCC exempts fiber-to-curb from sharing requirements The Federal Communications Commission Thursday voted to allow incumbent telephone carriers from sharing fiber-to-the-curb deployments from competitors, prompting one incumbent to announce an accelerated fiber rollout.",1.0,1.0,1,1,2,1,"Skipped"
"[[Title]]: <SPLIT>Description: Georgia Tech Looks to Virginia Tech (AP) AP - Georgia Tech wants to avoid being embarrassed by another ACC rookie.","[[Tcitle]]: <SPLIT>Description: Georgia Tech Looks to Virginia Tech (AP) AP - Georgia Tech wants to avoid being embarrassed by another ACC rookie.",0.0,0.0,1,1,1,200,"Failed"
"Title: <SPLIT>Description: Nike Boosts Dividend by 25 Percent (Reuters) Reuters - Nike Inc.  boosted its\quarterly dividend by 25 percent on Monday, citing strong cash\flow and growth prospects as the world's biggest athletic shoe\company has racked up record revenue and soaring profits the\past few years.","Title: <SPLIT>Description: Nike Boosts Dividend by 25 Percent (Reuters) Reuters - Nike Inc.  boosted its\quarterly dividend by 25 percent on Monday, citing strong cash\flow and growth prospects as the world's biggest athletic shoe\company has racked up record revenue and soaring profits the\past few years.",1.0,1.0,1,1,2,1,"Skipped"
"Title: <SPLIT>Description: UN Council Votes Ivory Coast Arms Embargo (Reuters) Reuters - The U.N. Security Council on\Monday imposed an immediate arms embargo on Ivory Coast and\voted to punish key government and rebel leaders with\additional sanctions next month.","Title: <SPLIT>Description: UN Council Votes Ivory Coast Arms Embargo (Reuters) Reuters - The U.N. Security Council on\Monday imposed an immediate arms embargo on Ivory Coast and\voted to punish key government and rebel leaders with\additional sanctions next month.",1.0,1.0,1,1,0,1,"Skipped"
"[[Title]]: <SPLIT>Description: Banknorth investors voice doubts on bid Banknorth Group Inc.'s biggest investors are voicing concerns about the proposed sale of a controlling stake to Toronto-Dominion Bank .","[[TiZtle]]: <SPLIT>Description: Banknorth investors voice doubts on bid Banknorth Group Inc.'s biggest investors are voicing concerns about the proposed sale of a controlling stake to Toronto-Dominion Bank .",0.0,0.0,2,2,2,200,"Failed"
"Title: <SPLIT>Description: What they said about ... ... Cherie Blair Cherie Blair cast aside her treasured privacy this week, touring newspapers offices and television studios to promote The Goldfish Bowl, her new book, which focuses on Downing Street spouses.","Title: <SPLIT>Description: What they said about ... ... Cherie Blair Cherie Blair cast aside her treasured privacy this week, touring newspapers offices and television studios to promote The Goldfish Bowl, her new book, which focuses on Downing Street spouses.",1.0,1.0,1,1,0,1,"Skipped"
"Title: <SPLIT>Description: ATI launches new Radeon Xpress 200 chipsets for AMD K8 platform ATI Technologies today announced the availability of its new Radeon Xpress 200 series of core logic chipsets for the AMD K8 desktop platform.","Title: <SPLIT>Description: ATI launches new Radeon Xpress 200 chipsets for AMD K8 platform ATI Technologies today announced the availability of its new Radeon Xpress 200 series of core logic chipsets for the AMD K8 desktop platform.",1.0,1.0,1,1,3,1,"Skipped"
"Title: <SPLIT>Description: Iraqi nuclear assets  #39;are missing #39; Equipment which could be used to make nuclear arms has been vanishing from Iraq, the United Nations has been warned. Satellite images show entire nuclear plants appear to have been dismantled.","Title: <SPLIT>Description: Iraqi nuclear assets  #39;are missing #39; Equipment which could be used to make nuclear arms has been vanishing from Iraq, the United Nations has been warned. Satellite images show entire nuclear plants appear to have been dismantled.",1.0,1.0,1,1,0,1,"Skipped"
"Title: <SPLIT>Description: Child Abuse Leads to Adult Heart Disease By Ed Edelson, HealthDay Reporter    HealthDayNews -- Children who are abused or neglected grow up to be adults with a significantly greater risk of heart disease, a new study says.    It's the first study to show a direct link between a wide range of childhood problems and ischemic heart disease -- blockage of the arteries that leads to heart attacks and other major problems, said Maxia Dong, a medical epidemiologist at the U.S...","Title: <SPLIT>Description: Child Abuse Leads to Adult Heart Disease By Ed Edelson, HealthDay Reporter    HealthDayNews -- Children who are abused or neglected grow up to be adults with a significantly greater risk of heart disease, a new study says.    It's the first study to show a direct link between a wide range of childhood problems and ischemic heart disease -- blockage of the arteries that leads to heart attacks and other major problems, said Maxia Dong, a medical epidemiologist at the U.S...",1.0,1.0,1,1,3,1,"Skipped"
"[[Title]]: <SPLIT>Description: Browns' Dawson got feet wet with Vinatieri The Patriots' Adam Vinatieri and Cleveland's Phil Dawson formed a productive practice pair in 1998. Vinatieri scored a personal-high 127 points in '98, his third NFL season, while Dawson performed as a practice squad player.","[[Tifle]]: <SPLIT>Description: Browns' Dawson got feet wet with Vinatieri The Patriots' Adam Vinatieri and Cleveland's Phil Dawson formed a productive practice pair in 1998. Vinatieri scored a personal-high 127 points in '98, his third NFL season, while Dawson performed as a practice squad player.",0.0,0.0,1,1,1,200,"Failed"
"Title: <SPLIT>Description: King abdicates after 6 decades King Norodom Sihanouk, known as much for his colorful personality as his controversial statesmanship, has been synonymous with Cambodia #39;s modern history for six decades.","Title: <SPLIT>Description: King abdicates after 6 decades King Norodom Sihanouk, known as much for his colorful personality as his controversial statesmanship, has been synonymous with Cambodia #39;s modern history for six decades.",1.0,1.0,1,1,0,1,"Skipped"
"Title: <SPLIT>Description: Apple's IPod Features U2 Collaboration (AP) AP - Apple Computer Inc. on Tuesday introduced a new larger-capacity iPod with a color display as well as a first-of-its-kind digital compendium of the rock band U2's songs.","Title: <SPLIT>Description: Apple's IPod Features U2 Collaboration (AP) AP - Apple Computer Inc. on Tuesday introduced a new larger-capacity iPod with a color display as well as a first-of-its-kind digital compendium of the rock band U2's songs.",1.0,1.0,1,1,3,1,"Skipped"
"Title: <SPLIT>Description: Report finds handheld device market in continued decline The worldwide market for handheld devices saw its third successive quarter of year-over-year decline in the third quarter of 2004, according to a new report released by IDC.","Title: <SPLIT>Description: Report finds handheld device market in continued decline The worldwide market for handheld devices saw its third successive quarter of year-over-year decline in the third quarter of 2004, according to a new report released by IDC.",1.0,1.0,1,1,2,1,"Skipped"
"Title: <SPLIT>Description: Senate Bill Aims at Makers of File-Sharing Software The Senate Judiciary Committee is considering a copyright bill that stands at the center of the file-sharing debate.","Title: <SPLIT>Description: Senate Bill Aims at Makers of File-Sharing Software The Senate Judiciary Committee is considering a copyright bill that stands at the center of the file-sharing debate.",1.0,1.0,1,1,3,1,"Skipped"
"Title: <SPLIT>Description: SAN FRANCISCO Mission District cyclist blew whistle on flawed lock The triumph last week of the Bic pen over expensive, state-of-the-art steel locks has panicked the bicycling community, and churned Internet rumor mills about how much the lock manufacturer knew and when the company knew it.","Title: <SPLIT>Description: SAN FRANCISCO Mission District cyclist blew whistle on flawed lock The triumph last week of the Bic pen over expensive, state-of-the-art steel locks has panicked the bicycling community, and churned Internet rumor mills about how much the lock manufacturer knew and when the company knew it.",1.0,1.0,1,1,2,1,"Skipped"
"[[Title]]: <SPLIT>Description: Don King Productions Presents:  quot;Battle For Supremacy quot; On Saturday November 13th, ten misfits, nomads and upstarts seek to wage war or settle the score at the famed Madison Square Garden in New York, New York.","[[TOitle]]: <SPLIT>Description: Don King Productions Presents:  quot;Battle For Supremacy quot; On Saturday November 13th, ten misfits, nomads and upstarts seek to wage war or settle the score at the famed Madison Square Garden in New York, New York.",0.0,0.0,1,1,1,200,"Failed"
"Title: <SPLIT>Description: Computer Users Warned of  #39;David Beckham Zombie Trap #39; Hackers are trying to trick computer users into downloading damaging software by claiming to have sleazy photographs of football star David Beckham, experts warned today.","Title: <SPLIT>Description: Computer Users Warned of  #39;David Beckham Zombie Trap #39; Hackers are trying to trick computer users into downloading damaging software by claiming to have sleazy photographs of football star David Beckham, experts warned today.",1.0,1.0,1,1,3,1,"Skipped"
"[[Title]]: <SPLIT>Description: Owens Explains Ravens Snub Baltimore Ravens linebacker Ray Lewis took a deep breath as he prepared to answer yet another question about Terrell Owens, the wide receiver who spurned an ","[[Tigle]]: <SPLIT>Description: Owens Explains Ravens Snub Baltimore Ravens linebacker Ray Lewis took a deep breath as he prepared to answer yet another question about Terrell Owens, the wide receiver who spurned an ",0.0,1.0,1,0,1,200,"Successful"
"Title: <SPLIT>Description: Whitman: EBay To Buy Rent.com; Compliments Craigslist Stake Without reserve. EBay (nasdaq: EBAY - news - people ) on Friday said it is buying Rent.com. The latter, which is privately held, provides online listings of apartment and house rentals.","Title: <SPLIT>Description: Whitman: EBay To Buy Rent.com; Compliments Craigslist Stake Without reserve. EBay (nasdaq: EBAY - news - people ) on Friday said it is buying Rent.com. The latter, which is privately held, provides online listings of apartment and house rentals.",1.0,1.0,1,1,2,1,"Skipped"
"Title: <SPLIT>Description: Bloglines aims for simplicity (SiliconValley.com) SiliconValley.com - There's been a lot of innovation in online publishing lately, but regular Internet users might be scratching their heads at some of the lingo. Social software, blogs and RSS technology? What does it all mean?","Title: <SPLIT>Description: Bloglines aims for simplicity (SiliconValley.com) SiliconValley.com - There's been a lot of innovation in online publishing lately, but regular Internet users might be scratching their heads at some of the lingo. Social software, blogs and RSS technology? What does it all mean?",1.0,1.0,1,1,3,1,"Skipped"
"Title: <SPLIT>Description: Nortel Downsizes Again Aug. 23, 2004 (TheDeal.com) Problem-plagued Nortel Networks Corp. announced plans Thursday, Aug. 19, to eliminate an additional 3,500 jobs and fire seven more senior executives as the company labors to reinvent ","Title: <SPLIT>Description: Nortel Downsizes Again Aug. 23, 2004 (TheDeal.com) Problem-plagued Nortel Networks Corp. announced plans Thursday, Aug. 19, to eliminate an additional 3,500 jobs and fire seven more senior executives as the company labors to reinvent ",1.0,1.0,1,1,2,1,"Skipped"
"Title: <SPLIT>Description: 9/10/04 - INDIA-PAKISTAN DIALOGUE The foreign ministers of India and Pakistan have concluded another round of peace talks. The talks in Indias capital, New Delhi, set the stage for an expected meeting at the United Nations later this month ","Title: <SPLIT>Description: 9/10/04 - INDIA-PAKISTAN DIALOGUE The foreign ministers of India and Pakistan have concluded another round of peace talks. The talks in Indias capital, New Delhi, set the stage for an expected meeting at the United Nations later this month ",1.0,1.0,1,1,0,1,"Skipped"
"Title: <SPLIT>Description: ""Verizon, Bain Near Canada Directory Deal  NEW YORK (Reuters) - Verizon Communications Inc. &lt;A HREF=""""http://www.investor.reuters.com/FullQuote.aspx?ticker=VZ.N target=/stocks/quickinfo/fullquote""""&gt;VZ.N&lt;/A&gt; is  near an agreement to sell its Canadian telephone directory  business to private equity firm Bain Capital, the New York Post  said on Wednesday.""","Title: <SPLIT>Description: ""Verizon, Bain Near Canada Directory Deal  NEW YORK (Reuters) - Verizon Communications Inc. &lt;A HREF=""""http://www.investor.reuters.com/FullQuote.aspx?ticker=VZ.N target=/stocks/quickinfo/fullquote""""&gt;VZ.N&lt;/A&gt; is  near an agreement to sell its Canadian telephone directory  business to private equity firm Bain Capital, the New York Post  said on Wednesday.""",1.0,1.0,1,1,2,1,"Skipped"
"Title: <SPLIT>Description: ""Philippine Rebels Free Troops, Talks in Doubt  PRESENTACION, Philippines (Reuters) - Philippine communist  rebels freed Wednesday two soldiers they had held as """"prisoners  of war"""" for more than five months, saying they wanted to  rebuild confidence in peace talks with the government.""","Title: <SPLIT>Description: ""Philippine Rebels Free Troops, Talks in Doubt  PRESENTACION, Philippines (Reuters) - Philippine communist  rebels freed Wednesday two soldiers they had held as """"prisoners  of war"""" for more than five months, saying they wanted to  rebuild confidence in peace talks with the government.""",1.0,1.0,1,1,0,1,"Skipped"
"Title: <SPLIT>Description: Donald Leads by Two in Dunhill Links (AP) AP - Luke Donald shot a 4-under-par 68 Saturday for a two-stroke lead after three rounds of the Dunhill Links Championship.","Title: <SPLIT>Description: Donald Leads by Two in Dunhill Links (AP) AP - Luke Donald shot a 4-under-par 68 Saturday for a two-stroke lead after three rounds of the Dunhill Links Championship.",1.0,1.0,0,0,1,1,"Skipped"
"Title: <SPLIT>Description: Patch in for Microsoft server spoofing flaw Attackers could use hole in small-business software to trick personal information out of people.","Title: <SPLIT>Description: Patch in for Microsoft server spoofing flaw Attackers could use hole in small-business software to trick personal information out of people.",1.0,1.0,2,2,3,1,"Skipped"
"[[Title]]: <SPLIT>Description: Ortiz, Sox rally to fight another day: Sink Yanks in 14, send &lt;b&gt;...&lt;/b&gt; The official crowd at Fenway Park last night was a capacity 35,120, but as the years pass, the number of people who claim to have attended the Red Sox stats, schedule #39; 5-4, 14-inning victory ","[[TiLtle]]: <SPLIT>Description: Ortiz, Sox rally to fight another day: Sink Yanks in 14, send &lt;b&gt;...&lt;/b&gt; The official crowd at Fenway Park last night was a capacity 35,120, but as the years pass, the number of people who claim to have attended the Red Sox stats, schedule #39; 5-4, 14-inning victory ",0.0,0.0,1,1,1,200,"Failed"
"Title: <SPLIT>Description: Oil Steady as Winter Worries Stem Decline  LONDON (Reuters) - Oil prices were steady on Thursday as  concern over lean heating fuel supplies in the United States  and Europe ahead of winter stemmed falls of nearly \$10 since  late October.","Title: <SPLIT>Description: Oil Steady as Winter Worries Stem Decline  LONDON (Reuters) - Oil prices were steady on Thursday as  concern over lean heating fuel supplies in the United States  and Europe ahead of winter stemmed falls of nearly \$10 since  late October.",1.0,1.0,1,1,2,1,"Skipped"
"Title: <SPLIT>Description: Davenport Advances at U.S. Open NEW YORK - Lindsay Davenport's summer of success stayed on course Thursday when the fifth-seeded former U.S. Open champion defeated Arantxa Parra Santonja 6-4, 6-2 and advanced to the third round of the season's final Grand Slam event...","Title: <SPLIT>Description: Davenport Advances at U.S. Open NEW YORK - Lindsay Davenport's summer of success stayed on course Thursday when the fifth-seeded former U.S. Open champion defeated Arantxa Parra Santonja 6-4, 6-2 and advanced to the third round of the season's final Grand Slam event...",1.0,1.0,1,1,0,1,"Skipped"
"Title: <SPLIT>Description: Britain Ups Anti-Terror Security Spending (AP) AP - The Sept. 11 attacks on America forced Prime Minister Tony Blair's government to ponder a troubling question: Could terrorists pull off something similar, or even worse, in London or another big British city? The answer, they concluded, was yes.","Title: <SPLIT>Description: Britain Ups Anti-Terror Security Spending (AP) AP - The Sept. 11 attacks on America forced Prime Minister Tony Blair's government to ponder a troubling question: Could terrorists pull off something similar, or even worse, in London or another big British city? The answer, they concluded, was yes.",1.0,1.0,1,1,0,1,"Skipped"
"Title: <SPLIT>Description: On Wall Street: Dominic Rushe: Disney trial is more than a Mickey &lt;b&gt;...&lt;/b&gt; WILMINGTON, Delaware, isnta popular spot with the Hollywood crowd. I imagine they would be a bit sniffy about what passes for local entertainment.","Title: <SPLIT>Description: On Wall Street: Dominic Rushe: Disney trial is more than a Mickey &lt;b&gt;...&lt;/b&gt; WILMINGTON, Delaware, isnta popular spot with the Hollywood crowd. I imagine they would be a bit sniffy about what passes for local entertainment.",1.0,1.0,1,1,2,1,"Skipped"
"Title: <SPLIT>Description: Athletics 5, Devil Rays 0 Barry Zito scattered four hits over eight shutout innings, leading the AL West-leading Oakland Athletics past the Tampa Bay Devil Rays 5-0 on Saturday night.","Title: <SPLIT>Description: Athletics 5, Devil Rays 0 Barry Zito scattered four hits over eight shutout innings, leading the AL West-leading Oakland Athletics past the Tampa Bay Devil Rays 5-0 on Saturday night.",1.0,1.0,0,0,1,1,"Skipped"
"[[Title]]: <SPLIT>Description: Despite Discord, Biffle and Busch to remain teammates Mears wins Busch pole at Lowe #39;s. Casey Mears won the second Busch series pole of his career, earning the top starting position in qualifying for the SpongeBob 300.","[[Taitle]]: <SPLIT>Description: Despite Discord, Biffle and Busch to remain teammates Mears wins Busch pole at Lowe #39;s. Casey Mears won the second Busch series pole of his career, earning the top starting position in qualifying for the SpongeBob 300.",0.0,0.0,1,1,1,200,"Failed"
"Title: <SPLIT>Description: KASHMIR LEADER SURVIVES ATTACK The head of Indian Kashmir #39;s main opposition party, Omar Abdullah, has survived a second assassination bid in a month. Police say seven people were injured when rebels detonated a bomb a few steps away from Mr Abdullah, two of them critically.","Title: <SPLIT>Description: KASHMIR LEADER SURVIVES ATTACK The head of Indian Kashmir #39;s main opposition party, Omar Abdullah, has survived a second assassination bid in a month. Police say seven people were injured when rebels detonated a bomb a few steps away from Mr Abdullah, two of them critically.",1.0,1.0,1,1,0,1,"Skipped"
"Title: <SPLIT>Description: Biffle Bests Mears Greg Biffle wins a nearly race-long duel with Casey Mears, pulling away over the last two laps to win the NASCAR Busch Series race Saturday at California Speedway.","Title: <SPLIT>Description: Biffle Bests Mears Greg Biffle wins a nearly race-long duel with Casey Mears, pulling away over the last two laps to win the NASCAR Busch Series race Saturday at California Speedway.",1.0,1.0,0,0,1,1,"Skipped"
"Title: <SPLIT>Description: AOL aims to boost IM on mobiles AOL has kicked off an initiative designed to make it easier for developers to engineer, test and distribute licensed AOL Instant Messenger (AIM) clients for mobile devices.","Title: <SPLIT>Description: AOL aims to boost IM on mobiles AOL has kicked off an initiative designed to make it easier for developers to engineer, test and distribute licensed AOL Instant Messenger (AIM) clients for mobile devices.",1.0,1.0,0,0,3,1,"Skipped"
"Title: <SPLIT>Description: Southwest To Bid For ATA Chicago Assets Southwest Airlines said on Friday it will bid at least USD\$100 million for assets of bankrupt ATA Airlines, including taking over six of ATA #39;s 14 gates at Chicago #39;s Midway Airport and selling tickets on some of each other #39;s flights.","Title: <SPLIT>Description: Southwest To Bid For ATA Chicago Assets Southwest Airlines said on Friday it will bid at least USD\$100 million for assets of bankrupt ATA Airlines, including taking over six of ATA #39;s 14 gates at Chicago #39;s Midway Airport and selling tickets on some of each other #39;s flights.",1.0,1.0,1,1,2,1,"Skipped"
"[[Title]]: <SPLIT>Description: Angels Rally Past A's to Clinch AL West Crown (Reuters) Reuters - Garret Anderson capped a three-run\eighth inning rally with a run-scoring single as the Anaheim\Angels edged the Oakland Athletics 5-4 Saturday to capture\their first AL West pennant in 18 years.","[[Tcitle]]: <SPLIT>Description: Angels Rally Past A's to Clinch AL West Crown (Reuters) Reuters - Garret Anderson capped a three-run\eighth inning rally with a run-scoring single as the Anaheim\Angels edged the Oakland Athletics 5-4 Saturday to capture\their first AL West pennant in 18 years.",0.0,0.0,1,1,1,200,"Failed"
"Title: <SPLIT>Description: Big merger could box Qwest in Qwest Communications may not be immediately affected by a Sprint-Nextel merger, but its options could become more limited. At one time, Qwest and Sprint were viewed as possible merger partners.","Title: <SPLIT>Description: Big merger could box Qwest in Qwest Communications may not be immediately affected by a Sprint-Nextel merger, but its options could become more limited. At one time, Qwest and Sprint were viewed as possible merger partners.",1.0,1.0,1,1,2,1,"Skipped"
"[[Title]]: <SPLIT>Description: McKenzie Ends Holdout and Returns to Green Bay (Reuters) Reuters - Green Bay Packers\cornerback Mike McKenzie ended his lengthy holdout Wednesday\afternoon and joined his teammates in preparation for Week 2.","[[Tifle]]: <SPLIT>Description: McKenzie Ends Holdout and Returns to Green Bay (Reuters) Reuters - Green Bay Packers\cornerback Mike McKenzie ended his lengthy holdout Wednesday\afternoon and joined his teammates in preparation for Week 2.",0.0,0.0,1,1,1,200,"Failed"
"[[Title]]: <SPLIT>Description: UPDATE 1-Beck to face Youzhny in St Petersburg final Unseeded Slovak Karol Beck reached the first final of his career at the St Petersburg Open, upsetting seventh-seeded Michael Llodra of France 6-4 2-6 6-1 on Saturday.","[[Tfitle]]: <SPLIT>Description: UPDATE 1-Beck to face Youzhny in St Petersburg final Unseeded Slovak Karol Beck reached the first final of his career at the St Petersburg Open, upsetting seventh-seeded Michael Llodra of France 6-4 2-6 6-1 on Saturday.",0.0,0.0,1,1,1,200,"Failed"
"[[Title]]: <SPLIT>Description: Pakistan on back foot in four dayer (AFP) AFP - Pakistan was still struggling at lunch on the second day of their four-day tour match against Western Australia here despite claiming two wickets in the morning session.","[[TiRtle]]: <SPLIT>Description: Pakistan on back foot in four dayer (AFP) AFP - Pakistan was still struggling at lunch on the second day of their four-day tour match against Western Australia here despite claiming two wickets in the morning session.",0.0,1.0,0,1,0,200,"Successful"
"Title: <SPLIT>Description: Priceline, Ramada to Make Sites More Accessible to Blind In one of the first enforcement actions of the Americans with Disabilities Act on the Internet, two major travel services have agreed to make sites more accessible to the blind and visually impaired.","Title: <SPLIT>Description: Priceline, Ramada to Make Sites More Accessible to Blind In one of the first enforcement actions of the Americans with Disabilities Act on the Internet, two major travel services have agreed to make sites more accessible to the blind and visually impaired.",1.0,1.0,1,1,3,1,"Skipped"
"Title: <SPLIT>Description: Diesels, Hybrids Fated to Wed Two leading technologies used in fuel-efficient vehicles seem destined to unite. Industry experts say joining hybrid motors with diesel engines would result in the greenest mainstream vehicles ever, and the initial tests are promising.","Title: <SPLIT>Description: Diesels, Hybrids Fated to Wed Two leading technologies used in fuel-efficient vehicles seem destined to unite. Industry experts say joining hybrid motors with diesel engines would result in the greenest mainstream vehicles ever, and the initial tests are promising.",1.0,1.0,1,1,2,1,"Skipped"
"[[Title]]: <SPLIT>Description: Nets 96, Bobcats 89 EAST RUTHERFORD, NJ - In some ways, the New Jersey Nets are searching for an identity as much as the expansion Charlotte Bobcats. It #39;s the price of being dismantled in the offseason.","[[TZitle]]: <SPLIT>Description: Nets 96, Bobcats 89 EAST RUTHERFORD, NJ - In some ways, the New Jersey Nets are searching for an identity as much as the expansion Charlotte Bobcats. It #39;s the price of being dismantled in the offseason.",0.0,0.0,1,1,1,200,"Failed"
"Title: <SPLIT>Description: China succeeds in cooling economy, but 2005 likely to prove just as tough (AFP) AFP - China can claim some success in the battle to cool its roaring economy in 2004 with a series of macro policies helping prevent another boom-bust cycle, but much remains to be done if Beijing is to avoid increasing wrangles with trade partners.","Title: <SPLIT>Description: China succeeds in cooling economy, but 2005 likely to prove just as tough (AFP) AFP - China can claim some success in the battle to cool its roaring economy in 2004 with a series of macro policies helping prevent another boom-bust cycle, but much remains to be done if Beijing is to avoid increasing wrangles with trade partners.",1.0,1.0,1,1,2,1,"Skipped"
"Title: <SPLIT>Description: Time Warner settles with DOJ, SEC for \$510 mil Time Warner Inc. on Wednesday settled criminal securities fraud charges the government leveled on its America Online unit, agreeing to pay \$210 million to end the Justice Department #39;s probe.","Title: <SPLIT>Description: Time Warner settles with DOJ, SEC for \$510 mil Time Warner Inc. on Wednesday settled criminal securities fraud charges the government leveled on its America Online unit, agreeing to pay \$210 million to end the Justice Department #39;s probe.",1.0,1.0,1,1,2,1,"Skipped"
"Title: <SPLIT>Description: Intuit gets deeper into IT, revamps Quicken The software maker adds a network management application. It also updates its Quicken personal-finance software.","Title: <SPLIT>Description: Intuit gets deeper into IT, revamps Quicken The software maker adds a network management application. It also updates its Quicken personal-finance software.",1.0,1.0,2,2,3,1,"Skipped"
"Title: <SPLIT>Description: Anwar Begins Malaysia Political Comeback Malaysia #39;s most charismatic dissident Anwar Ibrahim, released from jail two months ago, kicked off his political comeback Sunday, vowing to restart a campaign for democratic reforms and racial equality.","Title: <SPLIT>Description: Anwar Begins Malaysia Political Comeback Malaysia #39;s most charismatic dissident Anwar Ibrahim, released from jail two months ago, kicked off his political comeback Sunday, vowing to restart a campaign for democratic reforms and racial equality.",1.0,1.0,1,1,0,1,"Skipped"
"Title: <SPLIT>Description: Rumsfeld Raises Prospect of Limited Iraq Elections (Reuters) Reuters - Defense Secretary Donald Rumsfeld on\Thursday raised the possibility that some areas of Iraq night\be excluded from elections scheduled for January if security\could not be guaranteed.","Title: <SPLIT>Description: Rumsfeld Raises Prospect of Limited Iraq Elections (Reuters) Reuters - Defense Secretary Donald Rumsfeld on\Thursday raised the possibility that some areas of Iraq night\be excluded from elections scheduled for January if security\could not be guaranteed.",1.0,1.0,1,1,0,1,"Skipped"
"[[Title]]: <SPLIT>Description: Bonds MVP Award Provides Sparkle in Tainted Season  NEW YORK (Reuters) - San Francisco Giants slugger Barry  Bonds captured a record seventh MVP award Monday, providing a  sparkling finish to a season tainted by doping allegations.","[[TPitle]]: <SPLIT>Description: Bonds MVP Award Provides Sparkle in Tainted Season  NEW YORK (Reuters) - San Francisco Giants slugger Barry  Bonds captured a record seventh MVP award Monday, providing a  sparkling finish to a season tainted by doping allegations.",0.0,0.0,1,1,1,200,"Failed"
"Title: <SPLIT>Description: Blast Outside Thailand Bar Injures 15 (AP) AP - A bomb exploded Thursday evening outside a bar in southern Thailand, the scene of a campaign of violence blamed on Islamic separatists, injuring at least 15 people, police said.","Title: <SPLIT>Description: Blast Outside Thailand Bar Injures 15 (AP) AP - A bomb exploded Thursday evening outside a bar in southern Thailand, the scene of a campaign of violence blamed on Islamic separatists, injuring at least 15 people, police said.",1.0,1.0,1,1,0,1,"Skipped"
"[[Title]]: <SPLIT>Description: No. 1 LSU overcomes stubborn host Minnesota MINNEAPOLIS - Top-ranked teams aren #39;t solo shows, and star Seimone Augustus sure has plenty of help around her with the LSU Lady Tigers.","[[TNitle]]: <SPLIT>Description: No. 1 LSU overcomes stubborn host Minnesota MINNEAPOLIS - Top-ranked teams aren #39;t solo shows, and star Seimone Augustus sure has plenty of help around her with the LSU Lady Tigers.",0.0,0.0,1,1,1,200,"Failed"
"Title: <SPLIT>Description: Cassini Space Probe Spots Two New Saturn Moons (Reuters) Reuters - Two new moons were spotted around\Saturn by the Cassini space probe, raising the total to 33\moons for the ringed planet, NASA said on Monday.","Title: <SPLIT>Description: Cassini Space Probe Spots Two New Saturn Moons (Reuters) Reuters - Two new moons were spotted around\Saturn by the Cassini space probe, raising the total to 33\moons for the ringed planet, NASA said on Monday.",1.0,1.0,1,1,3,1,"Skipped"
"[[Title]]: <SPLIT>Description: Manchester United admits paying 11m to transfer middle-men The role of agents in multimillion-pound football transfer deals came under fresh scrutiny yesterday after Manchester United revealed payments of 11m to middle-men for their help in signing players.","[[TTitle]]: <SPLIT>Description: Manchester United admits paying 11m to transfer middle-men The role of agents in multimillion-pound football transfer deals came under fresh scrutiny yesterday after Manchester United revealed payments of 11m to middle-men for their help in signing players.",0.0,0.0,1,1,1,200,"Failed"
"Title: <SPLIT>Description: US stocks gain on Kmart-Sears merger Stocks closed higher on Wall Street as investors welcomed the merger of Kmart Holding Corp. and Sears. However, climbing oil prices restricted gains.","Title: <SPLIT>Description: US stocks gain on Kmart-Sears merger Stocks closed higher on Wall Street as investors welcomed the merger of Kmart Holding Corp. and Sears. However, climbing oil prices restricted gains.",1.0,1.0,0,0,2,1,"Skipped"
"[[Title]]: <SPLIT>Description: Texans follow Astros #39; lead The News sports editor. HOUSTON - The Houston Astros weren #39;t the only team in the Bayou City toasting a watershed achievement Sunday afternoon.","[[Tifle]]: <SPLIT>Description: Texans follow Astros #39; lead The News sports editor. HOUSTON - The Houston Astros weren #39;t the only team in the Bayou City toasting a watershed achievement Sunday afternoon.",0.0,1.0,1,0,1,200,"Successful"
"Title: <SPLIT>Description: Group Seeks Ways to Prosecute Cybercrime (AP) AP - Governments and private sector officials from around the world sought ways Thursday to jointly combat cybercrime, whose growth mirrors the phenomenal rise of the Internet's popularity.","Title: <SPLIT>Description: Group Seeks Ways to Prosecute Cybercrime (AP) AP - Governments and private sector officials from around the world sought ways Thursday to jointly combat cybercrime, whose growth mirrors the phenomenal rise of the Internet's popularity.",1.0,1.0,1,1,3,1,"Skipped"
"[[Title]]: <SPLIT>Description: Warren Is Told Not to Get Personal The NFL cautioned Cleveland Browns defensive tackle Gerard Warren not to pick up a personal foul penalty against Pittsburgh Steelers quarterback Ben Roethlisberger during tomorrow #39;s game.","[[Tfitle]]: <SPLIT>Description: Warren Is Told Not to Get Personal The NFL cautioned Cleveland Browns defensive tackle Gerard Warren not to pick up a personal foul penalty against Pittsburgh Steelers quarterback Ben Roethlisberger during tomorrow #39;s game.",0.0,0.0,1,1,1,200,"Failed"
"Title: <SPLIT>Description: Atheros reaches into electronics devices Chipmaker announces new chipset and reference design for consumer devices and PCs.","Title: <SPLIT>Description: Atheros reaches into electronics devices Chipmaker announces new chipset and reference design for consumer devices and PCs.",1.0,1.0,1,1,3,1,"Skipped"
"[[Title]]: <SPLIT>Description: Straw: No British troops to Darfur British Foreign Minister Jack Straw said his country does not plan to deploy forces to Darfur in western Sudan but will provide technical assistance.","[[TZitle]]: <SPLIT>Description: Straw: No British troops to Darfur British Foreign Minister Jack Straw said his country does not plan to deploy forces to Darfur in western Sudan but will provide technical assistance.",0.0,1.0,0,1,0,200,"Successful"
"[[Title]]: <SPLIT>Description: Fear Hamstrings Quest for Intelligence in N. Iraq Intelligence-gathering by the front-line forces that need to know the most is proving difficult in a region increasingly gripped by fear.","[[Tilte]]: <SPLIT>Description: Fear Hamstrings Quest for Intelligence in N. Iraq Intelligence-gathering by the front-line forces that need to know the most is proving difficult in a region increasingly gripped by fear.",0.0,1.0,0,1,0,200,"Successful"
"[[Title]]: <SPLIT>Description: Safin stops Youzhny for China Open title Marat Safin won the China Open yestereday, beating fellow Russian Mikhail Youzhny, 7-6 (4), 7-5, to claim his first title in two years.","[[Tifle]]: <SPLIT>Description: Safin stops Youzhny for China Open title Marat Safin won the China Open yestereday, beating fellow Russian Mikhail Youzhny, 7-6 (4), 7-5, to claim his first title in two years.",0.0,0.0,1,1,1,200,"Failed"
"Title: <SPLIT>Description: Southern Africa Faces Food, Water Crises - Study (Reuters) Reuters - Southern Africa faces major\challenges to feed its swelling populations and to keep its\wells from running dry, a study showed Wednesday.","Title: <SPLIT>Description: Southern Africa Faces Food, Water Crises - Study (Reuters) Reuters - Southern Africa faces major\challenges to feed its swelling populations and to keep its\wells from running dry, a study showed Wednesday.",1.0,1.0,1,1,3,1,"Skipped"
"Title: <SPLIT>Description: The Week: No. 1 at Last water running over a rock, wind ripping across a sand dune, the ocean washing up against the shore. Whatever the image, for the last three years Vijay Singh has been the ","Title: <SPLIT>Description: The Week: No. 1 at Last water running over a rock, wind ripping across a sand dune, the ocean washing up against the shore. Whatever the image, for the last three years Vijay Singh has been the ",1.0,1.0,0,0,1,1,"Skipped"
"Title: <SPLIT>Description: Lawmakers Try to OK Hurricane-Drought Aid (AP) AP - Lawmakers scrambled to approve a  #36;14 billion package to aid hurricane and drought victims Thursday, driven by warnings that relief money was running out and a need to pass legislation before the planned departure of Congress at the end of this week for the election.","Title: <SPLIT>Description: Lawmakers Try to OK Hurricane-Drought Aid (AP) AP - Lawmakers scrambled to approve a  #36;14 billion package to aid hurricane and drought victims Thursday, driven by warnings that relief money was running out and a need to pass legislation before the planned departure of Congress at the end of this week for the election.",1.0,1.0,1,1,0,1,"Skipped"
"Title: <SPLIT>Description: SpaceShipOne ready for X Prize Designer Burt Rutan #39;s SpaceShipOne cracked through Earth #39;s atmosphere and into outer space Sept. 29. Pilot Mike Mevill guided the aircraft to an altitude of 102,870 meters.","Title: <SPLIT>Description: SpaceShipOne ready for X Prize Designer Burt Rutan #39;s SpaceShipOne cracked through Earth #39;s atmosphere and into outer space Sept. 29. Pilot Mike Mevill guided the aircraft to an altitude of 102,870 meters.",1.0,1.0,1,1,3,1,"Skipped"
"[[Title]]: <SPLIT>Description: Turkey a step closer to Brussels The European Commission is set to give the green light later today to accession talks with Turkey. EU leaders will take a final decision in December.","[[Tifle]]: <SPLIT>Description: Turkey a step closer to Brussels The European Commission is set to give the green light later today to accession talks with Turkey. EU leaders will take a final decision in December.",0.0,0.0,0,0,0,200,"Failed"
"Title: <SPLIT>Description: Greek weightlifter awaits verdict Greek weightlifter Leonidas Sampanis will find out on Sunday if he is to be stripped of his medal.","Title: <SPLIT>Description: Greek weightlifter awaits verdict Greek weightlifter Leonidas Sampanis will find out on Sunday if he is to be stripped of his medal.",1.0,1.0,1,1,0,1,"Skipped"
"[[Title]]: <SPLIT>Description: Pinkel reinstates Damien Nash Missouri tailback Damien Nash was reinstated by coach Gary Pinkel, ending a one-game suspension for the teams #39; leading rusher.","[[TiGtle]]: <SPLIT>Description: Pinkel reinstates Damien Nash Missouri tailback Damien Nash was reinstated by coach Gary Pinkel, ending a one-game suspension for the teams #39; leading rusher.",0.0,0.0,1,1,1,200,"Failed"
"Title: <SPLIT>Description: Stocks Climb on Drop in Consumer Prices NEW YORK - Stocks rose for a second straight session Tuesday as a drop in consumer prices allowed investors to put aside worries about inflation, at least for the short term.    With gasoline prices falling to eight-month lows, the Consumer Price Index registered a small drop in July, giving consumers a respite from soaring energy prices...","Title: <SPLIT>Description: Stocks Climb on Drop in Consumer Prices NEW YORK - Stocks rose for a second straight session Tuesday as a drop in consumer prices allowed investors to put aside worries about inflation, at least for the short term.    With gasoline prices falling to eight-month lows, the Consumer Price Index registered a small drop in July, giving consumers a respite from soaring energy prices...",1.0,1.0,1,1,0,1,"Skipped"
"Title: <SPLIT>Description: Microsoft, Cisco partner on network-access security Microsoft and Cisco Systems will collaborate to make their emerging products for network security compatible. The vendors had been working independently in the area of PC access to networks but say customers ","Title: <SPLIT>Description: Microsoft, Cisco partner on network-access security Microsoft and Cisco Systems will collaborate to make their emerging products for network security compatible. The vendors had been working independently in the area of PC access to networks but say customers ",1.0,1.0,0,0,3,1,"Skipped"
"Title: <SPLIT>Description: HK banks to adopt different prime rates HSBC, Standard Chartered, Hang Seng bank announced Thursday that they will cut their lending and saving rates despite the 25 points rate hike in the United States overnight.","Title: <SPLIT>Description: HK banks to adopt different prime rates HSBC, Standard Chartered, Hang Seng bank announced Thursday that they will cut their lending and saving rates despite the 25 points rate hike in the United States overnight.",1.0,1.0,0,0,2,1,"Skipped"
"Title: <SPLIT>Description: NASA's Shuttle Hangar Badly Damaged by Storm The gigantic hangar where the space shuttle is prepared for its missions sustained much more damage from Hurricane Frances than initially believed.","Title: <SPLIT>Description: NASA's Shuttle Hangar Badly Damaged by Storm The gigantic hangar where the space shuttle is prepared for its missions sustained much more damage from Hurricane Frances than initially believed.",1.0,1.0,1,1,3,1,"Skipped"
"[[Title]]: <SPLIT>Description: Two Manny dads DAVE Norman, the Sydney police constable who rushed to Jakarta to be with his critically injured daughter Manny Musu, underwent a DNA test to prove he is her biological father.","[[TitPle]]: <SPLIT>Description: Two Manny dads DAVE Norman, the Sydney police constable who rushed to Jakarta to be with his critically injured daughter Manny Musu, underwent a DNA test to prove he is her biological father.",0.0,1.0,0,1,0,200,"Successful"
"[[Title]]: <SPLIT>Description: Noguchi Wins Marathon BULLETIN&lt;br&gt;BC-OLY--Women's Marathon RUN,0058&lt;br&gt;BULLETIN&lt;br&gt;    ATHENS, Greece (AP)  --  Mizuki Noguchi of Japan won the marathon Sunday in 2 hours, 26 minutes, 20 seconds.","[[TCitle]]: <SPLIT>Description: Noguchi Wins Marathon BULLETIN&lt;br&gt;BC-OLY--Women's Marathon RUN,0058&lt;br&gt;BULLETIN&lt;br&gt;    ATHENS, Greece (AP)  --  Mizuki Noguchi of Japan won the marathon Sunday in 2 hours, 26 minutes, 20 seconds.",0.0,0.0,1,1,1,200,"Failed"
"Title: <SPLIT>Description: PeopleSoft CEO Conway maintains defiant tone SEPTEMBER 21, 2004 (IDG NEWS SERVICE) - With 15,000 attendees at PeopleSoft Inc. #39;s Connect 2004 user show waiting to hear how the company would handle Oracle Corp.","Title: <SPLIT>Description: PeopleSoft CEO Conway maintains defiant tone SEPTEMBER 21, 2004 (IDG NEWS SERVICE) - With 15,000 attendees at PeopleSoft Inc. #39;s Connect 2004 user show waiting to hear how the company would handle Oracle Corp.",1.0,1.0,1,1,2,1,"Skipped"
"[[Title]]: <SPLIT>Description: VIEIRA FIT FOR UNITED BATTLE SKIPPER Patrick Vieira is set to hand Arsenal a massive boost for Sunday #39;s crunch clash against Manchester United by declaring himself fit to lead the Gunners at Old Trafford.","[[Tgitle]]: <SPLIT>Description: VIEIRA FIT FOR UNITED BATTLE SKIPPER Patrick Vieira is set to hand Arsenal a massive boost for Sunday #39;s crunch clash against Manchester United by declaring himself fit to lead the Gunners at Old Trafford.",0.0,0.0,1,1,1,200,"Failed"
"Title: <SPLIT>Description: Cash America shuffles assets, sets special dividend WASHINGTON (CBS.MW) -- Cash America International (PWN) said it #39;s reached a deal to acquire privately owned SuperPawn, operator of a 41-store chain of pawn shops in the US including 21 locations in Las Vegas.","Title: <SPLIT>Description: Cash America shuffles assets, sets special dividend WASHINGTON (CBS.MW) -- Cash America International (PWN) said it #39;s reached a deal to acquire privately owned SuperPawn, operator of a 41-store chain of pawn shops in the US including 21 locations in Las Vegas.",1.0,1.0,1,1,2,1,"Skipped"
"[[Title]]: <SPLIT>Description: F1 power struggle now in session. The legal battle for control of Formula One gets underway in earnest today, with Bernie Ecclestone and the three German banks that make up the major shareholding in the sport going to court to decide who has the right to power.","[[TiWtle]]: <SPLIT>Description: F1 power struggle now in session. The legal battle for control of Formula One gets underway in earnest today, with Bernie Ecclestone and the three German banks that make up the major shareholding in the sport going to court to decide who has the right to power.",0.0,0.0,1,1,1,200,"Failed"
"Title: <SPLIT>Description: Cambridge SoundWorks gives digital music a spin Home theater company to help users digitally convert audio CDs and store songs on a DVD or player.","Title: <SPLIT>Description: Cambridge SoundWorks gives digital music a spin Home theater company to help users digitally convert audio CDs and store songs on a DVD or player.",1.0,1.0,1,1,3,1,"Skipped"
"[[Title]]: <SPLIT>Description: Mortaza strikes to lead superb Bangladesh rally Paceman Mashrafe Mortaza claimed two prize scalps, including Sachin Tendulkar with the day #39;s first ball, to lead a Bangladesh fightback in the second and final test against India on Saturday.","[[TiItle]]: <SPLIT>Description: Mortaza strikes to lead superb Bangladesh rally Paceman Mashrafe Mortaza claimed two prize scalps, including Sachin Tendulkar with the day #39;s first ball, to lead a Bangladesh fightback in the second and final test against India on Saturday.",0.0,0.0,1,1,1,200,"Failed"
"Title: <SPLIT>Description: ""Treo 650 on Monday? \\The blogs  are buzzing  that the Treo 650 will be released on Monday.\\From Gizmodo:\\""""Not only have they announced special """"news"""" next Monday at the CTIA Wireless\Conference in San Francisco, earlier this week someone with PalmOne\accidentally sort of, you know, told me. I told them I'd keep quiet as long as\they did, but if they're going to go and announce it with a wink and a nod, I\think I've done my part.""""\\If they do this right I'll be sporting a Treo 650 soon! \\Of course if this is true:\\""""File it under hoping I'm wrong. Several reports have filtered in from people\who have had hands-on time with pre-release Sprint versions of the upcoming\Treo 650. These reports say that the Treo wi ...\\""","Title: <SPLIT>Description: ""Treo 650 on Monday? \\The blogs  are buzzing  that the Treo 650 will be released on Monday.\\From Gizmodo:\\""""Not only have they announced special """"news"""" next Monday at the CTIA Wireless\Conference in San Francisco, earlier this week someone with PalmOne\accidentally sort of, you know, told me. I told them I'd keep quiet as long as\they did, but if they're going to go and announce it with a wink and a nod, I\think I've done my part.""""\\If they do this right I'll be sporting a Treo 650 soon! \\Of course if this is true:\\""""File it under hoping I'm wrong. Several reports have filtered in from people\who have had hands-on time with pre-release Sprint versions of the upcoming\Treo 650. These reports say that the Treo wi ...\\""",1.0,1.0,1,1,3,1,"Skipped"
"Title: <SPLIT>Description: Halifax first lender to predict house price fall Halifax yesterday became the the first major lender to predict widespread falls in house prices across Britain next year. Reporting that house prices fell again last month, Britain #39;s biggest mortgage lender ","Title: <SPLIT>Description: Halifax first lender to predict house price fall Halifax yesterday became the the first major lender to predict widespread falls in house prices across Britain next year. Reporting that house prices fell again last month, Britain #39;s biggest mortgage lender ",1.0,1.0,1,1,2,1,"Skipped"
"Title: <SPLIT>Description: U.S.: Korea Cloud Not From Nuclear Blast SEOUL, South Korea - A huge mushroom cloud that reportedly billowed up from North Korea was not caused by a nuclear explosion, South Korean and U.S. officials said Sunday, but they said the cause was a mystery...","Title: <SPLIT>Description: U.S.: Korea Cloud Not From Nuclear Blast SEOUL, South Korea - A huge mushroom cloud that reportedly billowed up from North Korea was not caused by a nuclear explosion, South Korean and U.S. officials said Sunday, but they said the cause was a mystery...",1.0,1.0,1,1,0,1,"Skipped"
"[[Title]]: <SPLIT>Description: Kuznetsova Beats Sharapova to Make China Open Final  BEIJING (Reuters) - U.S. Open champion Svetlana Kuznetsova  beat compatriot and Wimbledon champion Maria Sharapova 6-2, 6-2  for a place in the final of the \$585,000 China Open WTA  tournament on Saturday.","[[TSitle]]: <SPLIT>Description: Kuznetsova Beats Sharapova to Make China Open Final  BEIJING (Reuters) - U.S. Open champion Svetlana Kuznetsova  beat compatriot and Wimbledon champion Maria Sharapova 6-2, 6-2  for a place in the final of the \$585,000 China Open WTA  tournament on Saturday.",0.0,0.0,1,1,1,200,"Failed"
"Title: <SPLIT>Description: A [[game]] to remember CHARLTON #39;S players past and present would have been proud with this display - and how fitting that a game marking the Addicks #39; centenary had everything you could wish for from a match.","Title: <SPLIT>Description: A [[gake]] to remember CHARLTON #39;S players past and present would have been proud with this display - and how fitting that a game marking the Addicks #39; centenary had everything you could wish for from a match.",0.0,1.0,1,0,1,200,"Successful"
"Title: <SPLIT>Description: Powell Calls for Support to Iraq in Last NATO Meeting At his last North Atlantic Treaty Organization (NATO) Foreign Ministers meeting, US Secretary of State Colin L. Powell asked his European counterparts for support on the Iraq issue.","Title: <SPLIT>Description: Powell Calls for Support to Iraq in Last NATO Meeting At his last North Atlantic Treaty Organization (NATO) Foreign Ministers meeting, US Secretary of State Colin L. Powell asked his European counterparts for support on the Iraq issue.",1.0,1.0,1,1,0,1,"Skipped"
"Title: <SPLIT>Description: Qassam rockets hit western Negev community Two Qassam rockets landed in the western Negev on Saturday morning, causing damage to a home. No casualties were reported. The rocket fire originated from the northern Gaza Strip.","Title: <SPLIT>Description: Qassam rockets hit western Negev community Two Qassam rockets landed in the western Negev on Saturday morning, causing damage to a home. No casualties were reported. The rocket fire originated from the northern Gaza Strip.",1.0,1.0,1,1,0,1,"Skipped"
"Title: <SPLIT>Description: Harvard Seeks Permission to Clone Human Embryos (Reuters) Reuters - Harvard University researchers said\on Wednesday they were seeking permission to use cloning\technology to make human stem cells.","Title: <SPLIT>Description: Harvard Seeks Permission to Clone Human Embryos (Reuters) Reuters - Harvard University researchers said\on Wednesday they were seeking permission to use cloning\technology to make human stem cells.",1.0,1.0,1,1,3,1,"Skipped"
"Title: <SPLIT>Description: Former Enron employee testifies about cover-up to Merrill Lynch &lt;b&gt;...&lt;/b&gt; NEW YORK, September 22 (newratings.com) - A witness in the first Enron criminal trial, and a former executive at the company, testified today that she believed that the Enron executives now on trial were involved in an effort to hide an illicit deal ","Title: <SPLIT>Description: Former Enron employee testifies about cover-up to Merrill Lynch &lt;b&gt;...&lt;/b&gt; NEW YORK, September 22 (newratings.com) - A witness in the first Enron criminal trial, and a former executive at the company, testified today that she believed that the Enron executives now on trial were involved in an effort to hide an illicit deal ",1.0,1.0,1,1,2,1,"Skipped"
"Title: <SPLIT>Description: Amazon.com net sales jump 29; Google reports \$52M in net income OCTOBER 22, 2004 (IDG NEWS SERVICE) - Amazon.com Inc. fell a penny short of analysts #39; per-share earnings expectations, while reporting net sales of \$1.","Title: <SPLIT>Description: Amazon.com net sales jump 29; Google reports \$52M in net income OCTOBER 22, 2004 (IDG NEWS SERVICE) - Amazon.com Inc. fell a penny short of analysts #39; per-share earnings expectations, while reporting net sales of \$1.",1.0,1.0,1,1,3,1,"Skipped"
"Title: <SPLIT>Description: FBI Suspects Israel Has Spy in Pentagon -- CBS News  WASHINGTON (Reuters) - The FBI believes there is an Israeli  spy at the very highest level of the Pentagon, CBS News  reported on Friday.","Title: <SPLIT>Description: FBI Suspects Israel Has Spy in Pentagon -- CBS News  WASHINGTON (Reuters) - The FBI believes there is an Israeli  spy at the very highest level of the Pentagon, CBS News  reported on Friday.",1.0,1.0,1,1,0,1,"Skipped"
"Title: <SPLIT>Description: Windows Tip: Scheduled Tasks written by Greg Melton on Monday &lt;b&gt;...&lt;/b&gt; If you always forget to scan for viruses, update virus protection, run Disk Defragmenter, or run any other system tool, look to the Task Scheduler for help.","Title: <SPLIT>Description: Windows Tip: Scheduled Tasks written by Greg Melton on Monday &lt;b&gt;...&lt;/b&gt; If you always forget to scan for viruses, update virus protection, run Disk Defragmenter, or run any other system tool, look to the Task Scheduler for help.",1.0,1.0,1,1,3,1,"Skipped"
"[[Title]]: <SPLIT>Description: Ravens Get Rest With the absence of running back Jamal Lewis, the Ravens hope to get a number of injured players back during their bye week.","[[TOitle]]: <SPLIT>Description: Ravens Get Rest With the absence of running back Jamal Lewis, the Ravens hope to get a number of injured players back during their bye week.",0.0,0.0,1,1,1,200,"Failed"
"Title: <SPLIT>Description: AOL Is Said to Plan 700 Layoffs America Online, the country #39;s leading Internet service, is preparing to lay off as many as 700 of its 13,000 employees in the United States, according to an executive knowledgeable about its plans.","Title: <SPLIT>Description: AOL Is Said to Plan 700 Layoffs America Online, the country #39;s leading Internet service, is preparing to lay off as many as 700 of its 13,000 employees in the United States, according to an executive knowledgeable about its plans.",1.0,1.0,1,1,2,1,"Skipped"
"Title: <SPLIT>Description: ""Rocky Legends; Tony Hawk's Underground 2; Nisus Writer Express 2.0; Surfsaver 6 This is the second Rocky video game in two years -- even though it's been 14 years since the last """"Rocky"""" flick.""","Title: <SPLIT>Description: ""Rocky Legends; Tony Hawk's Underground 2; Nisus Writer Express 2.0; Surfsaver 6 This is the second Rocky video game in two years -- even though it's been 14 years since the last """"Rocky"""" flick.""",1.0,1.0,1,1,3,1,"Skipped"
"Title: <SPLIT>Description: Bank rate stable to boost exports: Reddy Mumbai: Despite the revision of the Gross Domestic Product (GDP) and inflation rate, the Reserve Bank of India (RBI) had kept the bank rate stable at 6 per cent in the mid-term review of annual policy statement for the year 2004-05 in order to boost ","Title: <SPLIT>Description: Bank rate stable to boost exports: Reddy Mumbai: Despite the revision of the Gross Domestic Product (GDP) and inflation rate, the Reserve Bank of India (RBI) had kept the bank rate stable at 6 per cent in the mid-term review of annual policy statement for the year 2004-05 in order to boost ",1.0,1.0,1,1,2,1,"Skipped"
"Title: <SPLIT>Description: US not to free female scientists : With time running out to save a British hostage in Iraq, US officials said today they were not about to free female Iraqi prisoners as demanded by an al Qaida ally whose group has already beheaded two Americans.","Title: <SPLIT>Description: US not to free female scientists : With time running out to save a British hostage in Iraq, US officials said today they were not about to free female Iraqi prisoners as demanded by an al Qaida ally whose group has already beheaded two Americans.",1.0,1.0,1,1,0,1,"Skipped"
"Title: <SPLIT>Description:  #39;Breakthrough #39; on hydrogen fuel US scientists had made a breakthrough in their quest to make low-cost hydrogen, a technology key to finding new sources of energy to end US dependence on foreign oil, they said.","Title: <SPLIT>Description:  #39;Breakthrough #39; on hydrogen fuel US scientists had made a breakthrough in their quest to make low-cost hydrogen, a technology key to finding new sources of energy to end US dependence on foreign oil, they said.",1.0,1.0,1,1,3,1,"Skipped"
"Title: <SPLIT>Description: Two gored to death in Spanish bull-run Two Spanish men were gored to death by fighting bulls yesterday during the bull-run at the local fiestas in Ampuero, a town 30 miles east of the northern port city of Santander.","Title: <SPLIT>Description: Two gored to death in Spanish bull-run Two Spanish men were gored to death by fighting bulls yesterday during the bull-run at the local fiestas in Ampuero, a town 30 miles east of the northern port city of Santander.",1.0,1.0,1,1,0,1,"Skipped"
"[[Title]]: <SPLIT>Description: Wilko in doubt World Cup hero and England skipper Jonny Wilkinson is set to miss the upcoming Test against Australia with a badly bruised right arm.","[[TKitle]]: <SPLIT>Description: Wilko in doubt World Cup hero and England skipper Jonny Wilkinson is set to miss the upcoming Test against Australia with a badly bruised right arm.",0.0,0.0,1,1,1,200,"Failed"
"Title: <SPLIT>Description: United Pilots Cut Deal on Pensions United Airlines pilots would drop their opposition to the carrier's much-decried plan to eliminate traditional pensions under a tentative contract agreement approved by union leaders.","Title: <SPLIT>Description: United Pilots Cut Deal on Pensions United Airlines pilots would drop their opposition to the carrier's much-decried plan to eliminate traditional pensions under a tentative contract agreement approved by union leaders.",1.0,1.0,0,0,2,1,"Skipped"
"Title: <SPLIT>Description: ""Microsoft offers SP2 compatibility guide Security-focused Windows XP update can be tough on applications. Guidelines are meant to help professionals """"test and mitigate.""""""","Title: <SPLIT>Description: ""Microsoft offers SP2 compatibility guide Security-focused Windows XP update can be tough on applications. Guidelines are meant to help professionals """"test and mitigate.""""""",1.0,1.0,1,1,3,1,"Skipped"
"Title: <SPLIT>Description: Hakkinen back at [[Mercedes]] Finland #39;s two-time Formula One champion Mika Hakkinen ended his three year exile from motor sport on Saturday agreeing to drive for the Mercedes team in the 2005 German Touring Car Championship.","Title: <SPLIT>Description: Hakkinen back at [[Mecredes]] Finland #39;s two-time Formula One champion Mika Hakkinen ended his three year exile from motor sport on Saturday agreeing to drive for the Mercedes team in the 2005 German Touring Car Championship.",0.0,1.0,1,0,1,200,"Successful"
