"original_text","perturbed_text","original_score","perturbed_score","original_output","perturbed_output","ground_truth_output","num_queries","result_type"
"one long string of cliches .","one long string of cliches .",0.0,0.0,0,0,0,21,"Failed"
"if you 've ever entertained the notion of doing what the title of this film implies , what sex with strangers actually shows may put you off the idea forever .","if you 've ever entertained the notion of doing what the title of this film implies , what sex with strangers actually shows may put you off the idea forever .",0.0,0.0,0,0,0,70,"Failed"
"k-19 exploits our substantial collective fear of nuclear holocaust to generate cheap hollywood tension .","k-19 exploits our substantial collective fear of nuclear holocaust to generate cheap hollywood tension .",0.0,0.0,0,0,0,55,"Failed"
"it 's played in the most straight-faced fashion , with little humor to lighten things up .","it 's played in the most straight-faced fashion , with little humor to lighten things up .",0.0,0.0,0,0,0,36,"Failed"
"there is a [[fabric]] of complex ideas here , and feelings that profoundly deepen them .","there is a [[abric]] of complex ideas here , and feelings that profoundly deepen them .",0.0,1.0,1,0,1,11,"Successful"
"although laced with humor and a few fanciful touches , the film is a refreshingly serious look at young women .","although laced with humor and a few fanciful touches , the film is a refreshingly serious look at young women .",0.0,0.0,1,1,1,55,"Failed"
"it all feels like a monty python sketch gone horribly wrong .","it all feels like a monty python sketch gone horribly wrong .",0.0,0.0,0,0,0,41,"Failed"
"it 's a stunning lyrical work of considerable force and truth .","it 's a stunning lyrical work of considerable force and truth .",0.0,0.0,1,1,1,31,"Failed"
"however it may please those who love movies that blare with pop songs , young science fiction fans will stomp away in disgust .","however it may please those who love movies that blare with pop songs , young science fiction fans will stomp away in disgust .",0.0,0.0,0,0,0,76,"Failed"
"broomfield turns his distinctive ` blundering ' style into something that could really help clear up the case .","broomfield turns his distinctive ` blundering ' style into something that could really help clear up the case .",0.0,0.0,1,1,1,57,"Failed"
"although [[german]] cooking does not come readily to mind when considering the world 's best cuisine , mostly martha could make deutchland a popular destination for hungry tourists .","although [[gMrman]] cooking does not come readily to mind when considering the world 's best cuisine , mostly martha could make deutchland a popular destination for hungry tourists .",0.0,1.0,1,0,1,28,"Successful"
"a very well-made , funny and entertaining picture .","a very well-made , funny and entertaining picture .",0.0,0.0,1,1,1,21,"Failed"
"a valueless kiddie paean to pro basketball underwritten by the nba .","a valueless kiddie paean to pro basketball underwritten by the nba .",0.0,0.0,0,0,0,36,"Failed"
"all the amped-up tony hawk-style stunts and thrashing rap-metal ca n't disguise the fact that , really , we 've been here , done that .","all the amped-up tony hawk-style stunts and thrashing rap-metal ca n't disguise the fact that , really , we 've been here , done that .",0.0,0.0,0,0,0,61,"Failed"
"a swashbuckling [[tale]] of love , betrayal , revenge and above all , faith .","a swashbuckling [[tael]] of love , betrayal , revenge and above all , faith .",0.0,1.0,1,0,1,15,"Successful"
"there ought to be a directing license , so that ed burns can have his revoked .","there ought to be a directing license , so that ed burns can have his revoked .",0.0,0.0,0,0,0,31,"Failed"
"a rigorously structured and exquisitely filmed drama about a father and son connection that is a brief shooting star of love .","a rigorously structured and exquisitely filmed drama about a father and son connection that is a brief shooting star of love .",0.0,0.0,1,1,1,60,"Failed"
"on this tricky topic , tadpole is very much a step in the right direction , with its blend of frankness , civility and compassion .","on this tricky topic , tadpole is very much a step in the right direction , with its blend of frankness , civility and compassion .",0.0,0.0,1,1,1,56,"Failed"
"macdowell , whose wifty southern charm has anchored lighter affairs ... brings an absolutely riveting conviction to her role .","macdowell , whose wifty southern charm has anchored lighter affairs ... brings an absolutely riveting conviction to her role .",0.0,0.0,1,1,1,66,"Failed"
"the jabs it employs are short , carefully placed and [[dead-center]] .","the jabs it employs are short , carefully placed and [[dead-cDenter]] .",0.0,1.0,1,0,1,30,"Successful"
"[[despite]] its title , punch-drunk love is never heavy-handed .","[[despIte]] its title , punch-drunk love is never heavy-handed .",0.0,1.0,1,0,1,11,"Successful"
"at once half-baked and overheated .","at once half-baked and overheated .",0.0,0.0,0,0,0,11,"Failed"
"this is a shameless sham , calculated to cash in on the popularity of its stars .","this is a shameless sham , calculated to cash in on the popularity of its stars .",0.0,0.0,0,0,0,31,"Failed"
"jason x is positively anti-darwinian : nine sequels and 400 years later , the teens are none the wiser and jason still kills on auto-pilot .","jason x is positively anti-darwinian : nine sequels and 400 years later , the teens are none the wiser and jason still kills on auto-pilot .",0.0,0.0,0,0,0,76,"Failed"
"people cinema at its [[finest]] .","people cinema at its [[fDnest]] .",0.0,1.0,1,0,1,12,"Successful"
"` de [[niro]] ... is a veritable source of sincere passion that this hollywood contrivance orbits around . '","` de [[niNo]] ... is a veritable source of sincere passion that this hollywood contrivance orbits around . '",0.0,1.0,1,0,1,20,"Successful"
"if you believe any of this , i can make you a real deal on leftover enron stock that will double in value a week from friday .","if you believe any of this , i can make you a real deal on leftover enron stock that will double in value a week from friday .",0.0,0.0,0,0,0,56,"Failed"
"candid and comfortable ; a film that deftly balances action and reflection as it lets you grasp and feel the passion others have for their work .","candid and comfortable ; a film that deftly balances action and reflection as it lets you grasp and feel the passion others have for their work .",0.0,0.0,1,1,1,66,"Failed"
"more romantic , more emotional and ultimately more satisfying than the teary-eyed original .","more romantic , more emotional and ultimately more satisfying than the teary-eyed original .",0.0,0.0,1,1,1,31,"Failed"
"it offers little beyond the momentary joys of pretty and weightless intellectual entertainment .","it offers little beyond the momentary joys of pretty and weightless intellectual entertainment .",0.0,0.0,0,0,0,45,"Failed"
"it 's a remarkably solid and subtly satirical tour de force .","it 's a remarkably solid and subtly satirical tour de force .",0.0,0.0,1,1,1,36,"Failed"
"coughs and sputters on its own postmodern conceit .","coughs and sputters on its own postmodern conceit .",0.0,0.0,0,0,0,21,"Failed"
"with virtually no interesting elements for an audience to focus on , chelsea walls is a triple-espresso endurance challenge .","with virtually no interesting elements for an audience to focus on , chelsea walls is a triple-espresso endurance challenge .",0.0,0.0,0,0,0,50,"Failed"
"lovely and [[poignant]] .","lovely and [[piognant]] .",0.0,1.0,1,0,1,11,"Successful"
"at times , the suspense is palpable , but by the end there 's a sense that the crux of the [[mystery]] hinges on a technicality that strains credulity and leaves the viewer haunted by the waste of potential .","at times , the suspense is palpable , but by the end there 's a sense that the crux of the [[mysLtery]] hinges on a technicality that strains credulity and leaves the viewer haunted by the waste of potential .",0.0,1.0,0,1,0,29,"Successful"
"... a boring parade of talking heads and technical gibberish that will do little to advance the linux cause .","... a boring parade of talking heads and technical gibberish that will do little to advance the linux cause .",0.0,0.0,0,0,0,50,"Failed"
"paid in full is so stale , in fact , that its most vibrant scene is one that uses clips from brian de palma 's scarface .","paid in full is so stale , in fact , that its most vibrant scene is one that uses clips from brian de palma 's scarface .",0.0,0.0,0,0,0,66,"Failed"
"american chai encourages rueful laughter at stereotypes only an indian-american would recognize .","american chai encourages rueful laughter at stereotypes only an indian-american would recognize .",0.0,0.0,0,0,0,46,"Failed"
"visually imaginative , thematically instructive and thoroughly delightful , it takes us on a roller-coaster ride from innocence to experience without even a hint of that typical kiddie-flick sentimentality .","visually imaginative , thematically instructive and thoroughly delightful , it takes us on a roller-coaster ride from innocence to experience without even a hint of that typical kiddie-flick sentimentality .",0.0,0.0,1,1,1,90,"Failed"
"directed in a paint-by-numbers manner .","directed in a paint-by-numbers manner .",0.0,0.0,0,0,0,16,"Failed"
"the movie is dawn of the dead crossed with john carpenter 's ghosts of mars , with zombies not as ghoulish as the first and trains not as big as the second .","the movie is dawn of the dead crossed with john carpenter 's ghosts of mars , with zombies not as ghoulish as the first and trains not as big as the second .",0.0,0.0,0,0,0,70,"Failed"
"detox is ultimately a pointless endeavor .","detox is ultimately a pointless endeavor .",0.0,0.0,0,0,0,21,"Failed"
"despite all evidence to the contrary , this clunker has somehow managed to pose as an actual feature movie , the kind that charges full admission and gets hyped on tv and purports to amuse small children and ostensible adults .","despite all evidence to the contrary , this clunker has somehow managed to pose as an actual feature movie , the kind that charges full admission and gets hyped on tv and purports to amuse small children and ostensible adults .",0.0,0.0,0,0,0,100,"Failed"
"so unremittingly awful that labeling it a dog probably constitutes cruelty to canines .","so unremittingly awful that labeling it a dog probably constitutes cruelty to canines .",0.0,0.0,0,0,0,41,"Failed"
"i just loved every minute of this film .","i just loved every minute of this film .",0.0,0.0,1,1,1,21,"Failed"
"the film contains no good jokes , no good scenes , barely a moment when carvey 's saturday night live-honed mimicry rises above the level of embarrassment .","the film contains no good jokes , no good scenes , barely a moment when carvey 's saturday night live-honed mimicry rises above the level of embarrassment .",0.0,0.0,0,0,0,79,"Failed"
"to say this was done better in wilder 's some like it hot is like saying the sun rises in the east .","to say this was done better in wilder 's some like it hot is like saying the sun rises in the east .",0.0,0.0,0,0,0,55,"Failed"
"the longer the movie goes , the worse it gets , but it 's actually pretty good in the first few minutes .","the longer the movie goes , the worse it gets , but it 's actually pretty good in the first few minutes .",0.0,0.0,0,0,0,50,"Failed"
"they should have called it gutterball .","they should have called it gutterball .",0.0,0.0,0,0,0,10,"Failed"
"it 's a bit disappointing that it only manages to be decent instead of dead brilliant .","it 's a bit disappointing that it only manages to be decent instead of dead brilliant .",0.0,0.0,0,0,0,35,"Failed"
"that 's a cheat .","that 's a cheat .",0.0,0.0,0,0,0,6,"Failed"
"the title not only describes its main characters , but the [[lazy]] people behind the camera as well .","the title not only describes its main characters , but the [[azy]] people behind the camera as well .",0.0,1.0,0,1,0,14,"Successful"
"i do n't think i laughed out loud once .","i do n't think i laughed out loud once .",0.0,0.0,0,0,0,21,"Failed"
"may reawaken discussion of the kennedy assassination but this fictional film looks made for cable rather than for the big screen .","may reawaken discussion of the kennedy assassination but this fictional film looks made for cable rather than for the big screen .",0.0,0.0,0,0,0,64,"Failed"
"taylor appears to have blown his entire budget on soundtrack rights and had nothing left over for jokes .","taylor appears to have blown his entire budget on soundtrack rights and had nothing left over for jokes .",0.0,0.0,0,0,0,51,"Failed"
"i am sorry that i was unable to get the full brunt of the comedy .","i am sorry that i was unable to get the full brunt of the comedy .",0.0,0.0,0,0,0,29,"Failed"
"the movie [[fails]] to live up to the sum of its parts .","the movie [[afils]] to live up to the sum of its parts .",0.0,1.0,0,1,0,14,"Successful"
"it 's just disappointingly superficial -- a movie that has all the elements necessary to be a fascinating , involving character study , but never does more than scratch the surface .","it 's just disappointingly superficial -- a movie that has all the elements necessary to be a fascinating , involving character study , but never does more than scratch the surface .",0.0,0.0,0,0,0,60,"Failed"
"here 's yet another studio horror franchise mucking up its storyline with glitches casual fans could correct in their sleep .","here 's yet another studio horror franchise mucking up its storyline with glitches casual fans could correct in their sleep .",0.0,0.0,0,0,0,66,"Failed"
"for anyone unfamiliar with pentacostal practices in general and theatrical phenomenon of hell houses in particular , it 's an eye-opener .","for anyone unfamiliar with pentacostal practices in general and theatrical phenomenon of hell houses in particular , it 's an eye-opener .",1.0,1.0,0,0,1,1,"Skipped"
"if steven soderbergh 's ` solaris ' is a failure it is a glorious failure .","if steven soderbergh 's ` solaris ' is a failure it is a glorious failure .",1.0,1.0,0,0,1,1,"Skipped"
"there 's a wickedly subversive bent to the best parts of birthday girl .","there 's a wickedly subversive bent to the best parts of birthday girl .",1.0,1.0,0,0,1,1,"Skipped"
"while locals will get a kick out of spotting cleveland sites , the rest of the world will enjoy a fast-paced comedy with quirks that might make the award-winning coen brothers envious .","while locals will get a kick out of spotting cleveland sites , the rest of the world will enjoy a fast-paced comedy with quirks that might make the award-winning coen brothers envious .",0.0,0.0,1,1,1,91,"Failed"
"while -lrb- hill -rrb- has learned new tricks , the tricks alone are not enough to salvage this lifeless boxing film .","while -lrb- hill -rrb- has learned new tricks , the tricks alone are not enough to salvage this lifeless boxing film .",0.0,0.0,0,0,0,66,"Failed"
"this is the sort of burly action flick where one coincidence pummels another , narrative necessity is a drunken roundhouse , and whatever passes for logic is a factor of the last plot device left standing .","this is the sort of burly action flick where one coincidence pummels another , narrative necessity is a drunken roundhouse , and whatever passes for logic is a factor of the last plot device left standing .",0.0,0.0,0,0,0,100,"Failed"
"the director knows how to apply textural gloss , but his portrait of sex-as-war is strictly sitcom .","the director knows how to apply textural gloss , but his portrait of sex-as-war is strictly sitcom .",0.0,0.0,0,0,0,46,"Failed"
"-lrb- a -rrb- shapeless blob of desperate entertainment .","-lrb- a -rrb- shapeless blob of desperate entertainment .",0.0,0.0,0,0,0,30,"Failed"
"[[dazzling]] in its complexity , disturbing for its extraordinary themes , the piano teacher is a film that defies categorisation .","[[daUzling]] in its complexity , disturbing for its extraordinary themes , the piano teacher is a film that defies categorisation .",0.0,1.0,1,0,1,15,"Successful"
"an exhilarating futuristic thriller-noir , minority report twists the best of technology around a gripping story , delivering a riveting , pulse intensifying escapist adventure of the first order","an exhilarating futuristic thriller-noir , minority report twists the best of technology around a gripping story , delivering a riveting , pulse intensifying escapist adventure of the first order",0.0,0.0,1,1,1,96,"Failed"
"this film seems thirsty for reflection , itself taking on adolescent qualities .","this film seems thirsty for reflection , itself taking on adolescent qualities .",0.0,0.0,0,0,0,36,"Failed"
"from the opening scenes , it 's clear that all about the benjamins is a totally formulaic movie .","from the opening scenes , it 's clear that all about the benjamins is a totally formulaic movie .",0.0,0.0,0,0,0,36,"Failed"
"it has all the [[excitement]] of eating oatmeal .","it has all the [[excitemenA]] of eating oatmeal .",0.0,1.0,0,1,0,8,"Successful"
"the most hopelessly monotonous film of the year , noteworthy only for the gimmick of being filmed as a single unbroken 87-minute take .","the most hopelessly monotonous film of the year , noteworthy only for the gimmick of being filmed as a single unbroken 87-minute take .",0.0,0.0,0,0,0,56,"Failed"
"it all adds up to good [[fun]] .","it all adds up to good [[fux]] .",0.0,1.0,1,0,1,12,"Successful"
"`` the time machine '' is a movie that has no interest in itself .","`` the time machine '' is a movie that has no interest in itself .",0.0,0.0,0,0,0,25,"Failed"
"something akin to a japanese alice through the looking glass , except that it seems to take itself far more seriously .","something akin to a japanese alice through the looking glass , except that it seems to take itself far more seriously .",1.0,1.0,0,0,1,1,"Skipped"
"ultimately feels empty and unsatisfying , like swallowing a communion wafer without the wine .","ultimately feels empty and unsatisfying , like swallowing a communion wafer without the wine .",0.0,0.0,0,0,0,50,"Failed"
"the moviegoing equivalent of going to a dinner party and being forced to watch the host and hostess 's home video of their baby 's birth .","the moviegoing equivalent of going to a dinner party and being forced to watch the host and hostess 's home video of their baby 's birth .",0.0,0.0,0,0,0,66,"Failed"
"a coarse and stupid gross-out .","a coarse and stupid gross-out .",0.0,0.0,0,0,0,16,"Failed"
"cool ?","cool ?",1.0,1.0,0,0,1,1,"Skipped"
"the film tunes into a grief that could lead a man across centuries .","the film tunes into a grief that could lead a man across centuries .",1.0,1.0,0,0,1,1,"Skipped"
"a string of rehashed sight gags based in insipid vulgarity .","a string of rehashed sight gags based in insipid vulgarity .",0.0,0.0,0,0,0,36,"Failed"
"the weight of the piece , the unerring professionalism of the chilly production , and the fascination embedded in the lurid topic prove recommendation enough .","the weight of the piece , the unerring professionalism of the chilly production , and the fascination embedded in the lurid topic prove recommendation enough .",0.0,0.0,1,1,1,64,"Failed"
"it appears that something has been lost in the translation to the screen .","it appears that something has been lost in the translation to the screen .",0.0,0.0,0,0,0,26,"Failed"
"the second coming of harry potter is a film far superior to its [[predecessor]] .","the second coming of harry potter is a film far superior to its [[predecessro]] .",0.0,1.0,1,0,1,17,"Successful"
"when leguizamo finally plugged an irritating character late in the movie .","when leguizamo finally plugged an irritating character late in the movie .",0.0,0.0,0,0,0,35,"Failed"
"as ` chick flicks ' go , this one is pretty miserable , resorting to string-pulling rather than legitimate character development and intelligent plotting .","as ` chick flicks ' go , this one is pretty miserable , resorting to string-pulling rather than legitimate character development and intelligent plotting .",0.0,0.0,0,0,0,72,"Failed"
"despite the 2-d animation , the wild thornberrys movie makes for a surprisingly cinematic experience .","despite the 2-d animation , the wild thornberrys movie makes for a surprisingly cinematic experience .",0.0,0.0,1,1,1,51,"Failed"
"[[uses]] high comedy to evoke surprising poignance .","[[ues]] high comedy to evoke surprising poignance .",0.0,1.0,1,0,1,11,"Successful"
"the movie is what happens when you blow up small potatoes to 10 times their natural size , and it ai [[n't]] pretty .","the movie is what happens when you blow up small potatoes to 10 times their natural size , and it ai [[n']] pretty .",0.0,1.0,0,1,0,57,"Successful"
"an infectious cultural fable with a tasty balance of family drama and frenetic comedy .","an infectious cultural fable with a tasty balance of family drama and frenetic comedy .",0.0,0.0,1,1,1,46,"Failed"
"like being trapped at a perpetual frat party ... how can something so gross be so boring ?","like being trapped at a perpetual frat party ... how can something so gross be so boring ?",0.0,0.0,0,0,0,39,"Failed"
"feels too formulaic and too familiar to produce the transgressive thrills of early underground work .","feels too formulaic and too familiar to produce the transgressive thrills of early underground work .",0.0,0.0,0,0,0,45,"Failed"
"a celebration of quirkiness , eccentricity , and certain individuals ' tendency to let it all hang out , and damn the consequences .","a celebration of quirkiness , eccentricity , and certain individuals ' tendency to let it all hang out , and damn the consequences .",0.0,0.0,1,1,1,50,"Failed"
"awesome creatures , breathtaking scenery , and epic battle scenes add up to another ` spectacular spectacle . '","awesome creatures , breathtaking scenery , and epic battle scenes add up to another ` spectacular spectacle . '",0.0,0.0,1,1,1,56,"Failed"
"-lrb- a -rrb- n utterly charming and hilarious film that reminded me of the best of the disney comedies from the 60s .","-lrb- a -rrb- n utterly charming and hilarious film that reminded me of the best of the disney comedies from the 60s .",0.0,0.0,1,1,1,56,"Failed"
"neither parker nor donovan is a typical romantic lead , but they bring a fresh , quirky charm to the formula .","neither parker nor donovan is a typical romantic lead , but they bring a fresh , quirky charm to the formula .",0.0,0.0,1,1,1,55,"Failed"
"seldahl 's [[barbara]] is a precise and moving portrait of someone whose world is turned upside down , first by passion and then by illness .","seldahl 's [[Tarbara]] is a precise and moving portrait of someone whose world is turned upside down , first by passion and then by illness .",0.0,1.0,1,0,1,18,"Successful"
"filmmakers who can deftly change moods are treasures and even marvels .","filmmakers who can deftly change moods are treasures and even marvels .",0.0,0.0,1,1,1,36,"Failed"
"what 's surprising about full frontal is that despite its overt self-awareness , parts of the movie still manage to break past the artifice and thoroughly [[engage]] you .","what 's surprising about full frontal is that despite its overt self-awareness , parts of the movie still manage to break past the artifice and thoroughly [[negage]] you .",0.0,1.0,1,0,1,20,"Successful"
"it 's a scattershot affair , but when it hits its mark it 's brilliant .","it 's a scattershot affair , but when it hits its mark it 's brilliant .",0.0,0.0,1,1,1,25,"Failed"
"just as moving , uplifting and funny as ever .","just as moving , uplifting and funny as ever .",0.0,0.0,1,1,1,21,"Failed"
"the wild thornberrys movie is a jolly surprise .","the wild thornberrys movie is a jolly surprise .",0.0,0.0,1,1,1,25,"Failed"
"exquisitely nuanced in mood tics and dialogue , this chamber drama is superbly acted by the deeply appealing veteran bouquet and the chilling but quite human berling .","exquisitely nuanced in mood tics and dialogue , this chamber drama is superbly acted by the deeply appealing veteran bouquet and the chilling but quite human berling .",0.0,0.0,1,1,1,86,"Failed"
"this movie is maddening .","this movie is maddening .",0.0,0.0,0,0,0,11,"Failed"
"not since freddy got fingered has a major release been so painful to sit through .","not since freddy got fingered has a major release been so painful to sit through .",0.0,0.0,0,0,0,40,"Failed"
"not only is undercover brother as funny , if not more so , than both austin powers films , but it 's also one of the smarter , savvier spoofs to come along in some time .","not only is undercover brother as funny , if not more so , than both austin powers films , but it 's also one of the smarter , savvier spoofs to come along in some time .",0.0,0.0,1,1,1,70,"Failed"
"another in-your-face wallow in the lower depths made by people who have never sung those blues .","another in-your-face wallow in the lower depths made by people who have never sung those blues .",0.0,0.0,0,0,0,51,"Failed"
"that dogged good will of the parents and ` vain ' jia 's defoliation of ego , make the film touching despite some doldrums .","that dogged good will of the parents and ` vain ' jia 's defoliation of ego , make the film touching despite some doldrums .",1.0,1.0,0,0,1,1,"Skipped"
"allows us to hope that nolan is poised to embark a major career as a commercial yet inventive filmmaker .","allows us to hope that nolan is poised to embark a major career as a commercial yet inventive filmmaker .",0.0,0.0,1,1,1,60,"Failed"
"one of the most significant moviegoing pleasures of the year .","one of the most significant moviegoing pleasures of the year .",0.0,0.0,1,1,1,26,"Failed"
"an occasionally funny , but overall limp , fish-out-of-water story .","an occasionally funny , but overall limp , fish-out-of-water story .",0.0,0.0,0,0,0,29,"Failed"
"what the film lacks in general focus it makes up for in compassion , as corcuera manages to find the seeds of hope in the form of collective action .","what the film lacks in general focus it makes up for in compassion , as corcuera manages to find the seeds of hope in the form of collective action .",0.0,0.0,1,1,1,71,"Failed"
"but it could have been worse .","but it could have been worse .",0.0,0.0,0,0,0,11,"Failed"
"a wildly inconsistent emotional experience .","a wildly inconsistent emotional experience .",0.0,0.0,0,0,0,21,"Failed"
"it 's as if you 're watching a movie that was made in 1978 but not released then because it was so weak , and it has been unearthed and released now , when it has become even weaker .","it 's as if you 're watching a movie that was made in 1978 but not released then because it was so weak , and it has been unearthed and released now , when it has become even weaker .",0.0,0.0,0,0,0,56,"Failed"
"we root for -lrb- clara and paul -rrb- , even like them , though perhaps it 's an emotion closer to pity .","we root for -lrb- clara and paul -rrb- , even like them , though perhaps it 's an emotion closer to pity .",1.0,1.0,0,0,1,1,"Skipped"
"if you dig on david mamet 's mind tricks ... rent this movie and enjoy !","if you dig on david mamet 's mind tricks ... rent this movie and enjoy !",0.0,0.0,1,1,1,41,"Failed"
"you wo n't like roger , but you will quickly recognize him .","you wo n't like roger , but you will quickly recognize him .",0.0,0.0,0,0,0,31,"Failed"
"delivers the same old same old , tarted up with latin flava and turned out by hollywood playas .","delivers the same old same old , tarted up with latin flava and turned out by hollywood playas .",0.0,0.0,0,0,0,46,"Failed"
"for starters , the story is just too slim .","for starters , the story is just too slim .",0.0,0.0,0,0,0,16,"Failed"
"the x potion gives the quickly named blossom , bubbles and buttercup supernatural powers that include extraordinary strength and laser-beam eyes , which unfortunately do n't enable them to discern flimsy screenplays .","the x potion gives the quickly named blossom , bubbles and buttercup supernatural powers that include extraordinary strength and laser-beam eyes , which unfortunately do n't enable them to discern flimsy screenplays .",0.0,0.0,0,0,0,100,"Failed"
"my wife is an actress is an utterly [[charming]] french comedy that feels so american in sensibility and style it 's virtually its own hollywood remake .","my wife is an actress is an utterly [[chraming]] french comedy that feels so american in sensibility and style it 's virtually its own hollywood remake .",0.0,1.0,1,0,1,18,"Successful"
"an overemphatic , would-be wacky , ultimately tedious sex farce .","an overemphatic , would-be wacky , ultimately tedious sex farce .",0.0,0.0,0,0,0,36,"Failed"
"\/ but daphne , you 're too buff \/ fred thinks he 's tough \/ and velma - wow , you 've lost weight !","\/ but daphne , you 're too buff \/ fred thinks he 's tough \/ and velma - wow , you 've lost weight !",1.0,1.0,1,1,0,1,"Skipped"
"feels haphazard , as if the writers mistakenly thought they could achieve an air of frantic spontaneity by simply tossing in lots of characters doing silly stuff and stirring the pot .","feels haphazard , as if the writers mistakenly thought they could achieve an air of frantic spontaneity by simply tossing in lots of characters doing silly stuff and stirring the pot .",0.0,0.0,0,0,0,91,"Failed"
"the piquant story needs more dramatic meat on its bones .","the piquant story needs more dramatic meat on its bones .",0.0,0.0,0,0,0,31,"Failed"
"a difficult , absorbing film that manages to [[convey]] more substance despite its repetitions and inconsistencies than do most films than are far more pointed and clear .","a difficult , absorbing film that manages to [[convVy]] more substance despite its repetitions and inconsistencies than do most films than are far more pointed and clear .",0.0,1.0,1,0,1,29,"Successful"
"an unwise amalgam of broadcast news and vibes .","an unwise amalgam of broadcast news and vibes .",0.0,0.0,0,0,0,26,"Failed"
"a bloated gasbag thesis grotesquely impressed by its own gargantuan aura of self-importance ...","a bloated gasbag thesis grotesquely impressed by its own gargantuan aura of self-importance ...",0.0,0.0,0,0,0,41,"Failed"
"not the kind of film that will appeal to a mainstream american audience , but there is a certain charm about the film that makes it a suitable entry into the [[fest]] circuit .","not the kind of film that will appeal to a mainstream american audience , but there is a certain charm about the film that makes it a suitable entry into the [[fet]] circuit .",0.0,1.0,1,0,1,27,"Successful"
"a full world has been presented onscreen , not some series of carefully structured plot points building to a pat resolution .","a full world has been presented onscreen , not some series of carefully structured plot points building to a pat resolution .",1.0,1.0,0,0,1,1,"Skipped"
"fancy a real downer ?","fancy a real downer ?",0.0,0.0,0,0,0,16,"Failed"
"a painfully funny ode to bad behavior .","a painfully funny ode to bad behavior .",1.0,1.0,0,0,1,1,"Skipped"
"featuring a dangerously seductive performance from the great daniel auteuil , `` sade '' covers the same period as kaufmann 's `` quills '' with more unsettlingly [[realistic]] results .","featuring a dangerously seductive performance from the great daniel auteuil , `` sade '' covers the same period as kaufmann 's `` quills '' with more unsettlingly [[reazistic]] results .",0.0,1.0,1,0,1,26,"Successful"
"given how heavy-handed and portent-heavy it is , this could be the worst thing soderbergh has ever done .","given how heavy-handed and portent-heavy it is , this could be the worst thing soderbergh has ever done .",0.0,0.0,0,0,0,46,"Failed"
"has all the depth of a wading pool .","has all the depth of a wading pool .",0.0,0.0,0,0,0,16,"Failed"
"the fly-on-the-wall method used to document rural french school life is a refreshing departure from the now more prevalent technique of the docu-makers being a visible part of their [[work]] .","the fly-on-the-wall method used to document rural french school life is a refreshing departure from the now more prevalent technique of the docu-makers being a visible part of their [[dwork]] .",0.0,1.0,1,0,1,33,"Successful"
"it 's just filler .","it 's just filler .",0.0,0.0,0,0,0,6,"Failed"
"a [[deep]] and meaningful film .","a [[dGep]] and meaningful film .",0.0,1.0,1,0,1,8,"Successful"
"[[sit]] through this one , and you wo n't need a magic watch to stop time ; your dvd player will do it for you .","[[it]] through this one , and you wo n't need a magic watch to stop time ; your dvd player will do it for you .",0.0,1.0,0,1,0,16,"Successful"
"holden caulfield did it better .","holden caulfield did it better .",1.0,1.0,1,1,0,1,"Skipped"
"the action switches between past and present , but the material link is too tenuous to anchor the emotional connections that purport to span a 125-year divide .","the action switches between past and present , but the material link is too tenuous to anchor the emotional connections that purport to span a 125-year divide .",0.0,0.0,0,0,0,71,"Failed"
"samira makhmalbaf 's new film blackboards is much like the ethos of a stream of consciousness , although , it 's unfortunate for the viewer that the [[thoughts]] and reflections coming through are torpid and banal","samira makhmalbaf 's new film blackboards is much like the ethos of a stream of consciousness , although , it 's unfortunate for the viewer that the [[thBughts]] and reflections coming through are torpid and banal",0.0,1.0,0,1,0,74,"Successful"
"well-nigh unendurable ... though the picture strains to become cinematic poetry , it remains depressingly prosaic and dull .","well-nigh unendurable ... though the picture strains to become cinematic poetry , it remains depressingly prosaic and dull .",0.0,0.0,0,0,0,61,"Failed"
"there is no pleasure in watching a child suffer .","there is no pleasure in watching a child suffer .",0.0,0.0,0,0,0,21,"Failed"
"suffers from the lack of a compelling or comprehensible narrative .","suffers from the lack of a compelling or comprehensible narrative .",0.0,0.0,0,0,0,26,"Failed"
"-[[lrb-]] t -rrb- here 's only so much anyone can do with a florid , overplotted , anne rice rock 'n' roll vampire novel before the built-in silliness of the whole affair defeats them .","-[[lrbv-]] t -rrb- here 's only so much anyone can do with a florid , overplotted , anne rice rock 'n' roll vampire novel before the built-in silliness of the whole affair defeats them .",0.0,1.0,0,1,0,23,"Successful"
"if the movie succeeds in instilling a wary sense of ` there but for the grace of god , ' it is far too self-conscious to draw you deeply into its world .","if the movie succeeds in instilling a wary sense of ` there but for the grace of god , ' it is far too self-conscious to draw you deeply into its world .",0.0,0.0,0,0,0,61,"Failed"
"for movie lovers as well as opera lovers , tosca is a real treat .","for movie lovers as well as opera lovers , tosca is a real treat .",0.0,0.0,1,1,1,41,"Failed"
"the inspirational screenplay by mike rich covers a lot of ground , perhaps too much , but ties things together , [[neatly]] , by the end .","the inspirational screenplay by mike rich covers a lot of ground , perhaps too much , but ties things together , [[nyeatly]] , by the end .",0.0,1.0,1,0,1,67,"Successful"
"the film 's performances are thrilling .","the film 's performances are thrilling .",0.0,0.0,1,1,1,15,"Failed"
"a fitfully amusing romp that , if nothing else , will appeal to fans of malcolm in the middle and its pubescent star , frankie muniz .","a fitfully amusing romp that , if nothing else , will appeal to fans of malcolm in the middle and its pubescent star , frankie muniz .",0.0,0.0,1,1,1,66,"Failed"
"in all , this is a watchable movie that 's not quite the memorable experience it might have been .","in all , this is a watchable movie that 's not quite the memorable experience it might have been .",0.0,0.0,0,0,0,31,"Failed"
"affleck and jackson are good sparring partners .","affleck and jackson are good sparring partners .",0.0,0.0,1,1,1,26,"Failed"
"it inspires a continuing and deeply [[satisfying]] awareness of the best movies as monumental ` picture shows . '","it inspires a continuing and deeply [[satiMfying]] awareness of the best movies as monumental ` picture shows . '",0.0,1.0,1,0,1,32,"Successful"
"... with [[``]] the bourne identity '' we return to the more traditional action genre .","... with [[`]] the bourne identity '' we return to the more traditional action genre .",0.0,1.0,1,0,1,11,"Successful"
"what the director ca n't do is make either of val kilmer 's two personas interesting or worth caring about .","what the director ca n't do is make either of val kilmer 's two personas interesting or worth caring about .",0.0,0.0,0,0,0,61,"Failed"
"holm ... embodies the character with an effortlessly regal charisma .","holm ... embodies the character with an effortlessly regal charisma .",0.0,0.0,1,1,1,30,"Failed"
"-lrb- næs -rrb- directed the stage version of elling , and gets fine performances from his two leads who originated the characters on stage .","-lrb- næs -rrb- directed the stage version of elling , and gets fine performances from his two leads who originated the characters on stage .",0.0,0.0,1,1,1,75,"Failed"
"my big fat greek wedding uses stereotypes in a delightful blend of sweet romance and lovingly dished out humor .","my big fat greek wedding uses stereotypes in a delightful blend of sweet romance and lovingly dished out humor .",0.0,0.0,1,1,1,62,"Failed"
"if director michael dowse only superficially understands his characters , he does n't hold them in contempt .","if director michael dowse only superficially understands his characters , he does n't hold them in contempt .",0.0,0.0,0,0,0,45,"Failed"
"whaley 's determination to immerse you in sheer , unrelenting wretchedness is exhausting .","whaley 's determination to immerse you in sheer , unrelenting wretchedness is exhausting .",0.0,0.0,0,0,0,34,"Failed"
"at its best , queen is campy fun like the vincent price horror classics of the '60s .","at its best , queen is campy fun like the vincent price horror classics of the '60s .",0.0,0.0,1,1,1,50,"Failed"
"moretti 's compelling anatomy of grief and the difficult process of adapting to loss .","moretti 's compelling anatomy of grief and the difficult process of adapting to loss .",1.0,1.0,1,1,0,1,"Skipped"
"a tv style murder mystery with a few big screen moments -lrb- including one that seems to be made for a different film altogether -rrb- .","a tv style murder mystery with a few big screen moments -lrb- including one that seems to be made for a different film altogether -rrb- .",0.0,0.0,0,0,0,81,"Failed"
"the end result is a film that 's neither .","the end result is a film that 's neither .",0.0,0.0,0,0,0,21,"Failed"
"scorsese does n't give us a character worth giving a damn about .","scorsese does n't give us a character worth giving a damn about .",0.0,0.0,0,0,0,40,"Failed"
"an artful , intelligent film that stays within the confines of a well-established genre .","an artful , intelligent film that stays within the confines of a well-established genre .",0.0,0.0,1,1,1,41,"Failed"
"makes for a pretty [[unpleasant]] viewing experience .","makes for a pretty [[Gnpleasant]] viewing experience .",0.0,1.0,0,1,0,10,"Successful"
"travels a fascinating arc from hope and euphoria to reality and disillusionment .","travels a fascinating arc from hope and euphoria to reality and disillusionment .",1.0,1.0,0,0,1,1,"Skipped"
"altogether , this is successful as a film , while at the same time being a most touching reconsideration of the familiar masterpiece .","altogether , this is successful as a film , while at the same time being a most touching reconsideration of the familiar masterpiece .",0.0,0.0,1,1,1,40,"Failed"
"... an otherwise intense , twist-and-turn [[thriller]] that certainly should n't hurt talented young gaghan 's resume .","... an otherwise intense , twist-and-turn [[thEiller]] that certainly should n't hurt talented young gaghan 's resume .",0.0,1.0,1,0,1,16,"Successful"
"the story and structure are well-honed .","the story and structure are well-honed .",0.0,0.0,1,1,1,16,"Failed"
"has a lot of the virtues of eastwood at his best .","has a lot of the virtues of eastwood at his best .",0.0,0.0,1,1,1,21,"Failed"
"do n't be fooled by the impressive cast list - eye see you is pure junk .","do n't be fooled by the impressive cast list - eye see you is pure junk .",0.0,0.0,0,0,0,44,"Failed"
"do not see this film .","do not see this film .",0.0,0.0,0,0,0,10,"Failed"
"a fast , funny , highly enjoyable movie .","a fast , funny , highly enjoyable movie .",0.0,0.0,1,1,1,25,"Failed"
"this tenth feature is a big deal , indeed -- at least the third-best , and maybe even a notch above the previous runner-up , nicholas meyer 's star trek vi : the undiscovered country .","this tenth feature is a big deal , indeed -- at least the third-best , and maybe even a notch above the previous runner-up , nicholas meyer 's star trek vi : the undiscovered country .",0.0,0.0,1,1,1,96,"Failed"
"a rewarding work of art for only the most patient and challenge-hungry moviegoers .","a rewarding work of art for only the most patient and challenge-hungry moviegoers .",1.0,1.0,0,0,1,1,"Skipped"
"due to some script weaknesses and the casting of the director 's brother , the film trails off into inconsequentiality .","due to some script weaknesses and the casting of the director 's brother , the film trails off into inconsequentiality .",0.0,0.0,0,0,0,45,"Failed"
"a by-the-numbers effort that wo n't do much to enhance the franchise .","a by-the-numbers effort that wo n't do much to enhance the franchise .",0.0,0.0,0,0,0,36,"Failed"
"enormously entertaining for moviegoers of any age .","enormously entertaining for moviegoers of any age .",0.0,0.0,1,1,1,21,"Failed"
"thanks to scott 's charismatic roger and eisenberg 's sweet nephew , roger dodger is one of the most compelling variations on in the company of men .","thanks to scott 's charismatic roger and eisenberg 's sweet nephew , roger dodger is one of the most compelling variations on in the company of men .",0.0,0.0,1,1,1,70,"Failed"
"richard gere and diane lane put in [[fine]] performances as does french actor oliver martinez .","richard gere and diane lane put in [[fien]] performances as does french actor oliver martinez .",0.0,1.0,1,0,1,20,"Successful"
"immersing us in the endlessly inventive , fiercely competitive world of hip-hop djs , the project is sensational and revelatory , even if scratching makes you itch .","immersing us in the endlessly inventive , fiercely competitive world of hip-hop djs , the project is sensational and revelatory , even if scratching makes you itch .",0.0,0.0,1,1,1,81,"Failed"
"a pleasant enough romance with intellectual underpinnings , the kind of movie that entertains even as it turns maddeningly predictable .","a pleasant enough romance with intellectual underpinnings , the kind of movie that entertains even as it turns maddeningly predictable .",1.0,1.0,0,0,1,1,"Skipped"
"an important movie , a reminder of the power of film to move us and to make us examine our values .","an important movie , a reminder of the power of film to move us and to make us examine our values .",0.0,0.0,1,1,1,56,"Failed"
"griffiths proves she 's that rare luminary who continually raises the standard of her profession .","griffiths proves she 's that rare luminary who continually raises the standard of her profession .",0.0,0.0,1,1,1,41,"Failed"
"an entertaining , colorful , action-filled crime story with an intimate heart .","an entertaining , colorful , action-filled crime story with an intimate heart .",0.0,0.0,1,1,1,36,"Failed"
"and that 's a [[big]] part of why we go to the movies .","and that 's a [[bNig]] part of why we go to the movies .",0.0,1.0,1,0,1,9,"Successful"
"the movie achieves as great an impact by keeping these thoughts hidden as ... -lrb- quills -rrb- did by showing them .","the movie achieves as great an impact by keeping these thoughts hidden as ... -lrb- quills -rrb- did by showing them .",1.0,1.0,0,0,1,1,"Skipped"
"the film 's welcome breeziness and some unbelievably hilarious moments -- most portraying the idiocy of the film industry -- make it mostly worth the trip .","the film 's welcome breeziness and some unbelievably hilarious moments -- most portraying the idiocy of the film industry -- make it mostly worth the trip .",0.0,0.0,1,1,1,71,"Failed"
"it takes a strange kind of laziness to waste the talents of robert forster , anne meara , eugene levy , and reginald veljohnson all in the same movie .","it takes a strange kind of laziness to waste the talents of robert forster , anne meara , eugene levy , and reginald veljohnson all in the same movie .",0.0,0.0,0,0,0,74,"Failed"
"a rarity among recent iranian films : it 's a comedy full of gentle humor that chides the absurdity of its protagonist 's [[plight]] .","a rarity among recent iranian films : it 's a comedy full of gentle humor that chides the absurdity of its protagonist 's [[pligRt]] .",0.0,1.0,1,0,1,22,"Successful"
"while there 's something intrinsically funny about sir anthony hopkins saying ` get in the car , bitch , ' this jerry bruckheimer production has little else to offer","while there 's something intrinsically funny about sir anthony hopkins saying ` get in the car , bitch , ' this jerry bruckheimer production has little else to offer",1.0,1.0,0,0,1,1,"Skipped"
"if your taste runs to ` difficult ' films you absolutely ca n't [[miss]] it .","if your taste runs to ` difficult ' films you absolutely ca n't [[Zmiss]] it .",0.0,1.0,1,0,1,30,"Successful"
"the film 's tone and pacing are off almost from the get-go .","the film 's tone and pacing are off almost from the get-go .",0.0,0.0,0,0,0,25,"Failed"
"the cold turkey would 've been a far better title .","the cold turkey would 've been a far better title .",0.0,0.0,0,0,0,31,"Failed"
"it does nothing new with the old story , except to show fisticuffs in this sort of stop-go slow motion that makes the gang rumbles look like they 're being streamed over a 28k modem .","it does nothing new with the old story , except to show fisticuffs in this sort of stop-go slow motion that makes the gang rumbles look like they 're being streamed over a 28k modem .",0.0,0.0,0,0,0,96,"Failed"
"two hours fly by -- opera 's a pleasure when you do n't have to endure intermissions -- and even a novice to the form comes away exhilarated .","two hours fly by -- opera 's a pleasure when you do n't have to endure intermissions -- and even a novice to the form comes away exhilarated .",0.0,0.0,1,1,1,71,"Failed"
"hit and miss as far as the comedy goes and a big ole ' miss in the way of story .","hit and miss as far as the comedy goes and a big ole ' miss in the way of story .",0.0,0.0,0,0,0,51,"Failed"
"mcconaughey 's [[fun]] to watch , the dragons are okay , not much fire in the script .","mcconaughey 's [[Cfun]] to watch , the dragons are okay , not much fire in the script .",0.0,1.0,1,0,1,17,"Successful"
"a gorgeous , high-spirited musical from india that exquisitely blends music , dance , song , and high drama .","a gorgeous , high-spirited musical from india that exquisitely blends music , dance , song , and high drama .",0.0,0.0,1,1,1,56,"Failed"
"looks and feels like a project better suited for the small screen .","looks and feels like a project better suited for the small screen .",0.0,0.0,0,0,0,38,"Failed"
"inside the film 's conflict-powered plot there is a decent moral trying to get out , but it 's not that , it 's the tension that keeps you in your [[seat]] .","inside the film 's conflict-powered plot there is a decent moral trying to get out , but it 's not that , it 's the tension that keeps you in your [[Zeat]] .",0.0,1.0,1,0,1,36,"Successful"
"its story may be a thousand years old , but why did it have to seem like it took another thousand to tell it to us ?","its story may be a thousand years old , but why did it have to seem like it took another thousand to tell it to us ?",0.0,0.0,0,0,0,59,"Failed"
"the [[best]] film about baseball to hit theaters since field of dreams .","the [[aest]] film about baseball to hit theaters since field of dreams .",0.0,1.0,1,0,1,13,"Successful"
"the [[vitality]] of the actors keeps the intensity of the film high , even as the strafings blend together .","the [[vitapity]] of the actors keeps the intensity of the film high , even as the strafings blend together .",0.0,1.0,1,0,1,15,"Successful"
"the [[film]] may appear naked in its narrative form ... but it goes deeper than that , to fundamental choices that include the complexity of the catholic doctrine","the [[Efilm]] may appear naked in its narrative form ... but it goes deeper than that , to fundamental choices that include the complexity of the catholic doctrine",0.0,1.0,1,0,1,19,"Successful"
"there are simply too many ideas floating around -- part farce , part sliding doors , part pop video -- and yet failing to exploit them .","there are simply too many ideas floating around -- part farce , part sliding doors , part pop video -- and yet failing to exploit them .",0.0,0.0,0,0,0,79,"Failed"
"overall very good for what it 's trying to do .","overall very good for what it 's trying to do .",0.0,0.0,1,1,1,14,"Failed"
"it haunts , horrifies , startles and fascinates ; it is impossible to look away .","it haunts , horrifies , startles and fascinates ; it is impossible to look away .",1.0,1.0,0,0,1,1,"Skipped"
"sacrifices the value of its wealth of archival foot-age with its less-than-objective stance .","sacrifices the value of its wealth of archival foot-age with its less-than-objective stance .",0.0,0.0,0,0,0,36,"Failed"
"it showcases carvey 's talent for voices , but not nearly enough and not without taxing every drop of one 's patience to get to the good stuff .","it showcases carvey 's talent for voices , but not nearly enough and not without taxing every drop of one 's patience to get to the good stuff .",0.0,0.0,0,0,0,74,"Failed"
"escaping the studio , piccoli is warmly affecting and so is this adroitly minimalist movie .","escaping the studio , piccoli is warmly affecting and so is this adroitly minimalist movie .",0.0,0.0,1,1,1,40,"Failed"
"the most [[compelling]] wiseman epic of recent years .","the most [[crmpelling]] wiseman epic of recent years .",0.0,1.0,1,0,1,9,"Successful"
"sam mendes has become valedictorian at the school for soft landings and easy ways out .","sam mendes has become valedictorian at the school for soft landings and easy ways out .",0.0,0.0,0,0,0,45,"Failed"
"entertains by providing good , lively company .","entertains by providing good , lively company .",0.0,0.0,1,1,1,26,"Failed"
"just embarrassment and a vague sense of shame .","just embarrassment and a vague sense of shame .",0.0,0.0,0,0,0,20,"Failed"
"it 's a much more emotional journey than what shyamalan has given us in his past two movies , and gibson , stepping in for bruce willis , is the perfect actor to take us on the trip .","it 's a much more emotional journey than what shyamalan has given us in his past two movies , and gibson , stepping in for bruce willis , is the perfect actor to take us on the trip .",0.0,0.0,1,1,1,91,"Failed"
"it 's of the quality of a lesser harrison ford movie - six days , seven nights , maybe , or that dreadful sabrina remake .","it 's of the quality of a lesser harrison ford movie - six days , seven nights , maybe , or that dreadful sabrina remake .",0.0,0.0,0,0,0,66,"Failed"
"there is n't nearly enough fun here , despite the presence of some appealing ingredients .","there is n't nearly enough fun here , despite the presence of some appealing ingredients .",0.0,0.0,0,0,0,40,"Failed"
"it takes talent to make a lifeless movie about the most heinous man who ever lived .","it takes talent to make a lifeless movie about the most heinous man who ever lived .",0.0,0.0,0,0,0,46,"Failed"
"impostor has a handful of thrilling moments and a couple of good performances , but the movie does n't quite fly .","impostor has a handful of thrilling moments and a couple of good performances , but the movie does n't quite fly .",0.0,0.0,0,0,0,55,"Failed"
"preaches to two completely different choirs at the same time , which is a pretty amazing accomplishment .","preaches to two completely different choirs at the same time , which is a pretty amazing accomplishment .",0.0,0.0,1,1,1,45,"Failed"
"there are plot [[holes]] big enough for shamu the killer whale to swim through .","there are plot [[Roles]] big enough for shamu the killer whale to swim through .",0.0,1.0,0,1,0,17,"Successful"
"it takes a certain kind of horror movie to qualify as ` [[worse]] than expected , ' but ghost ship somehow manages to do exactly that .","it takes a certain kind of horror movie to qualify as ` [[owrse]] than expected , ' but ghost ship somehow manages to do exactly that .",0.0,1.0,0,1,0,43,"Successful"
"manages to transcend the sex , drugs and show-tunes plot into something far richer .","manages to transcend the sex , drugs and show-tunes plot into something far richer .",0.0,0.0,1,1,1,46,"Failed"
"a smart , witty follow-up .","a smart , witty follow-up .",0.0,0.0,1,1,1,15,"Failed"
"it 's not the ultimate depression-era gangster movie .","it 's not the ultimate depression-era gangster movie .",0.0,0.0,0,0,0,20,"Failed"
"for all its impressive craftsmanship , and despite an overbearing series of third-act crescendos , lily chou-chou [[never]] really builds up a head of emotional steam .","for all its impressive craftsmanship , and despite an overbearing series of third-act crescendos , lily chou-chou [[enver]] really builds up a head of emotional steam .",0.0,1.0,0,1,0,20,"Successful"
"anchored by friel and williams 's exceptional performances , the film 's power lies in its complexity .","anchored by friel and williams 's exceptional performances , the film 's power lies in its complexity .",0.0,0.0,1,1,1,45,"Failed"
"without non-stop techno or the existential overtones of a kieslowski morality tale , maelström is just another winter sleepers .","without non-stop techno or the existential overtones of a kieslowski morality tale , maelström is just another winter sleepers .",0.0,0.0,0,0,0,60,"Failed"
"the film tries too hard to be funny and tries too hard to be hip .","the film tries too hard to be funny and tries too hard to be hip .",0.0,0.0,0,0,0,35,"Failed"
"it just may inspire a few younger moviegoers to read stevenson 's book , which is a treasure in and of itself .","it just may inspire a few younger moviegoers to read stevenson 's book , which is a treasure in and of itself .",0.0,0.0,1,1,1,41,"Failed"
"[[turns]] potentially forgettable formula into something strangely diverting .","[[Kurns]] potentially forgettable formula into something strangely diverting .",0.0,1.0,1,0,1,12,"Successful"
"it 's also , clearly , great fun .","it 's also , clearly , great fun .",0.0,0.0,1,1,1,20,"Failed"
"oscar wilde 's masterpiece , the importance of being earnest , may be the best play of the 19th century .","oscar wilde 's masterpiece , the importance of being earnest , may be the best play of the 19th century .",0.0,0.0,1,1,1,51,"Failed"
"it 's like watching a nightmare made flesh .","it 's like watching a nightmare made flesh .",0.0,0.0,0,0,0,26,"Failed"
"forced , familiar and thoroughly condescending .","forced , familiar and thoroughly condescending .",0.0,0.0,0,0,0,21,"Failed"
"it 's hard to like a [[film]] about a guy who is utterly unlikeable , and shiner , starring michael caine as an aging british boxing promoter desperate for a taste of fame and fortune , is certainly that .","it 's hard to like a [[fAilm]] about a guy who is utterly unlikeable , and shiner , starring michael caine as an aging british boxing promoter desperate for a taste of fame and fortune , is certainly that .",0.0,1.0,0,1,0,32,"Successful"
"the mesmerizing performances of the leads keep the film grounded and keep the audience riveted .","the mesmerizing performances of the leads keep the film grounded and keep the audience riveted .",0.0,0.0,1,1,1,46,"Failed"
"belongs to daniel day-lewis as much as it belongs to martin scorsese ; it 's a memorable performance in a big , brassy , disturbing , unusual and highly successful film .","belongs to daniel day-lewis as much as it belongs to martin scorsese ; it 's a memorable performance in a big , brassy , disturbing , unusual and highly successful film .",0.0,0.0,1,1,1,81,"Failed"
"if the first men in black was money , the second is small change .","if the first men in black was money , the second is small change .",0.0,0.0,0,0,0,36,"Failed"
"for the most part stevens glides through on some solid performances and witty dialogue .","for the most part stevens glides through on some solid performances and witty dialogue .",0.0,0.0,1,1,1,35,"Failed"
"it 's another video movie photographed like a film , with the bad lighting that 's often written off as indie film naturalism .","it 's another video movie photographed like a film , with the bad lighting that 's often written off as indie film naturalism .",0.0,0.0,0,0,0,65,"Failed"
"it 's somewhat clumsy and too lethargically paced -- but its story about a mysterious creature with psychic abilities offers a solid build-up , a terrific climax , and some nice chills along the way .","it 's somewhat clumsy and too lethargically paced -- but its story about a mysterious creature with psychic abilities offers a solid build-up , a terrific climax , and some nice chills along the way .",1.0,1.0,1,1,0,1,"Skipped"
"looking aristocratic , luminous yet careworn in jane hamilton 's exemplary costumes , rampling gives a performance that could not be improved upon . '","looking aristocratic , luminous yet careworn in jane hamilton 's exemplary costumes , rampling gives a performance that could not be improved upon . '",0.0,0.0,1,1,1,75,"Failed"
"thekids will probably stay amused at the kaleidoscope of big , colorful characters .","thekids will probably stay amused at the kaleidoscope of big , colorful characters .",0.0,0.0,1,1,1,40,"Failed"
"i do n't mind having my heartstrings pulled , but do n't treat me like a fool .","i do n't mind having my heartstrings pulled , but do n't treat me like a fool .",0.0,0.0,0,0,0,41,"Failed"
"an exquisitely crafted and acted tale .","an exquisitely crafted and acted tale .",0.0,0.0,1,1,1,21,"Failed"
"not [[since]] tom cruise in risky business has an actor made such a strong impression in his underwear .","not [[isnce]] tom cruise in risky business has an actor made such a strong impression in his underwear .",0.0,1.0,1,0,1,15,"Successful"
"or doing last year 's taxes with your ex-wife .","or doing last year 's taxes with your ex-wife .",0.0,0.0,0,0,0,21,"Failed"
"scooby dooby doo \/ and shaggy too \/ you both look and sound [[great]] .","scooby dooby doo \/ and shaggy too \/ you both look and sound [[greakt]] .",0.0,1.0,1,0,1,12,"Successful"
"may be far from the best of the series , but it 's assured , wonderfully respectful of its past and thrilling enough to make it abundantly clear that this movie phenomenon has once again reinvented itself for a new generation .","may be far from the best of the series , but it 's assured , wonderfully respectful of its past and thrilling enough to make it abundantly clear that this movie phenomenon has once again reinvented itself for a new generation .",0.0,0.0,1,1,1,91,"Failed"
"one of those energetic surprises , an original that pleases almost everyone who sees it .","one of those energetic surprises , an original that pleases almost everyone who sees it .",0.0,0.0,1,1,1,41,"Failed"
"does n't offer much besides glib soullessness , raunchy language and a series of brutal set pieces ... that raise the bar on stylized screen violence .","does n't offer much besides glib soullessness , raunchy language and a series of brutal set pieces ... that raise the bar on stylized screen violence .",0.0,0.0,0,0,0,86,"Failed"
"movie fans , get ready to take off ... the other direction .","movie fans , get ready to take off ... the other direction .",0.0,0.0,0,0,0,29,"Failed"
"not only unfunny , but downright repellent .","not only unfunny , but downright repellent .",0.0,0.0,0,0,0,15,"Failed"
"for the most part , it 's a work of incendiary genius , steering clear of knee-jerk reactions and quick solutions .","for the most part , it 's a work of incendiary genius , steering clear of knee-jerk reactions and quick solutions .",0.0,0.0,1,1,1,51,"Failed"
"seldom has a movie so closely matched the spirit of a man and his work .","seldom has a movie so closely matched the spirit of a man and his work .",0.0,0.0,1,1,1,35,"Failed"
"you 'll gasp appalled and laugh outraged and possibly , watching the spectacle of a promising young lad treading desperately in a nasty sea , shed an errant tear .","you 'll gasp appalled and laugh outraged and possibly , watching the spectacle of a promising young lad treading desperately in a nasty sea , shed an errant tear .",1.0,1.0,0,0,1,1,"Skipped"
"comes off like a rejected abc afterschool special , freshened up by the dunce of a screenwriting 101 class .","comes off like a rejected abc afterschool special , freshened up by the dunce of a screenwriting 101 class .",0.0,0.0,0,0,0,56,"Failed"
"this flick is about as cool and crowd-pleasing as a documentary can [[get]] .","this flick is about as cool and crowd-pleasing as a documentary can [[et]] .",0.0,1.0,1,0,1,18,"Successful"
"ramsay , as in ratcatcher , remains a filmmaker with an acid viewpoint and a real gift for teasing chilly poetry out of lives and settings that might otherwise seem drab and sordid .","ramsay , as in ratcatcher , remains a filmmaker with an acid viewpoint and a real gift for teasing chilly poetry out of lives and settings that might otherwise seem drab and sordid .",0.0,0.0,1,1,1,90,"Failed"
"if there 's one thing this world needs less of , it 's movies about college that are written and directed by people who could n't pass an entrance exam .","if there 's one thing this world needs less of , it 's movies about college that are written and directed by people who could n't pass an entrance exam .",0.0,0.0,0,0,0,75,"Failed"
"director of photography benoit delhomme shot the movie in delicious colors , and the costumes and sets are grand .","director of photography benoit delhomme shot the movie in delicious colors , and the costumes and sets are grand .",0.0,0.0,1,1,1,56,"Failed"
"instead , he [[shows]] them the respect they are due .","instead , he [[shoks]] them the respect they are due .",0.0,1.0,1,0,1,9,"Successful"
"... plot holes so large and obvious a marching band might as well be stomping through them in clown clothes , playing a college football fight song on untuned instruments .","... plot holes so large and obvious a marching band might as well be stomping through them in clown clothes , playing a college football fight song on untuned instruments .",0.0,0.0,0,0,0,90,"Failed"
"a quiet treasure -- a film to be [[savored]] .","a quiet treasure -- a film to be [[saored]] .",0.0,1.0,1,0,1,9,"Successful"
"warm water under a red bridge is a quirky and poignant japanese film that explores the fascinating connections between women , water , nature , and sexuality .","warm water under a red bridge is a quirky and poignant japanese film that explores the fascinating connections between women , water , nature , and sexuality .",0.0,0.0,1,1,1,76,"Failed"
"it 's too self-important and plodding to be funny , and too clipped and abbreviated to be an epic .","it 's too self-important and plodding to be funny , and too clipped and abbreviated to be an epic .",0.0,0.0,0,0,0,31,"Failed"
"few films capture so perfectly the hopes and dreams of little boys on baseball fields as well as the grown men who sit in the stands .","few films capture so perfectly the hopes and dreams of little boys on baseball fields as well as the grown men who sit in the stands .",0.0,0.0,1,1,1,70,"Failed"
"the [[lower]] your expectations , the more you 'll enjoy it .","the [[loweA]] your expectations , the more you 'll enjoy it .",0.0,1.0,0,1,0,8,"Successful"
"yes , dull .","yes , dull .",0.0,0.0,0,0,0,11,"Failed"
"that 's pure pr hype .","that 's pure pr hype .",0.0,0.0,0,0,0,16,"Failed"
"it is great summer fun to watch arnold and his buddy gerald bounce off a quirky cast of characters .","it is great summer fun to watch arnold and his buddy gerald bounce off a quirky cast of characters .",0.0,0.0,1,1,1,56,"Failed"
"a subtle and well-crafted -lrb- for the most part -rrb- chiller .","a subtle and well-crafted -lrb- for the most part -rrb- chiller .",0.0,0.0,1,1,1,31,"Failed"
"that is a [[compliment]] to kuras and miller .","that is a [[complimect]] to kuras and miller .",0.0,1.0,1,0,1,8,"Successful"
"one of the more intelligent children 's movies to hit theaters this year .","one of the more intelligent children 's movies to hit theaters this year .",0.0,0.0,1,1,1,36,"Failed"
"for the most part , director anne-sophie birot 's first feature is a sensitive , extraordinarily well-acted drama .","for the most part , director anne-sophie birot 's first feature is a sensitive , extraordinarily well-acted drama .",0.0,0.0,1,1,1,50,"Failed"
"it 's a [[beautiful]] madness .","it 's a [[Xeautiful]] madness .",0.0,1.0,1,0,1,7,"Successful"
"stealing harvard is evidence that the farrelly bros. -- peter and bobby -- and their brand of screen comedy are wheezing to an end , along with green 's half-hearted movie career .","stealing harvard is evidence that the farrelly bros. -- peter and bobby -- and their brand of screen comedy are wheezing to an end , along with green 's half-hearted movie career .",0.0,0.0,0,0,0,85,"Failed"
"i sympathize with the plight of these families , but the movie does n't do a very good job conveying the issue at hand .","i sympathize with the plight of these families , but the movie does n't do a very good job conveying the issue at hand .",0.0,0.0,0,0,0,49,"Failed"
"a giggle-inducing comedy with snappy dialogue and winning performances by an unlikely team of oscar-winners : susan sarandon and goldie hawn .","a giggle-inducing comedy with snappy dialogue and winning performances by an unlikely team of oscar-winners : susan sarandon and goldie hawn .",0.0,0.0,1,1,1,66,"Failed"
"the words , ` frankly , my dear , i do n't give a damn , ' have never been more appropriate .","the words , ` frankly , my dear , i do n't give a damn , ' have never been more appropriate .",0.0,0.0,0,0,0,42,"Failed"
"by getting myself wrapped up in the visuals and eccentricities of many of the characters , i found myself confused when it came time to get to the heart of the movie .","by getting myself wrapped up in the visuals and eccentricities of many of the characters , i found myself confused when it came time to get to the heart of the movie .",0.0,0.0,0,0,0,66,"Failed"
"his healthy sense of satire is light and [[fun]] ...","his healthy sense of satire is light and [[fuCn]] ...",0.0,1.0,1,0,1,10,"Successful"
"a grimly competent and stolid and earnest military courtroom drama .","a grimly competent and stolid and earnest military courtroom drama .",1.0,1.0,0,0,1,1,"Skipped"
"it moves quickly , adroitly , and without fuss ; it does n't give you time to reflect on the inanity -- and the cold war datedness -- of its premise .","it moves quickly , adroitly , and without fuss ; it does n't give you time to reflect on the inanity -- and the cold war datedness -- of its premise .",1.0,1.0,0,0,1,1,"Skipped"
"part low rent godfather .","part low rent godfather .",0.0,0.0,0,0,0,21,"Failed"
"or emptying rat traps .","or emptying rat traps .",0.0,0.0,0,0,0,16,"Failed"
"the special effects and many scenes of weightlessness look as good or better than in the original , while the oscar-winning sound and james horner 's rousing score make good use of the hefty audio system .","the special effects and many scenes of weightlessness look as good or better than in the original , while the oscar-winning sound and james horner 's rousing score make good use of the hefty audio system .",0.0,0.0,1,1,1,100,"Failed"
"on the heels of the ring comes a similarly morose and humorless horror movie that , although [[flawed]] , is to be commended for its straight-ahead approach to creepiness .","on the heels of the ring comes a similarly morose and humorless horror movie that , although [[lawed]] , is to be commended for its straight-ahead approach to creepiness .",0.0,1.0,1,0,1,27,"Successful"
"harris commands the screen , using his frailty to suggest the ravages of a life of corruption and ruthlessness .","harris commands the screen , using his frailty to suggest the ravages of a life of corruption and ruthlessness .",1.0,1.0,0,0,1,1,"Skipped"
"schaeffer has to find some hook on which to hang his persistently useless movies , and it might as well be the resuscitation of the middle-aged character .","schaeffer has to find some hook on which to hang his persistently useless movies , and it might as well be the resuscitation of the middle-aged character .",0.0,0.0,0,0,0,59,"Failed"
"[[offers]] much to enjoy ... and a lot to mull over in terms of love , loyalty and the nature of staying friends .","[[ofJers]] much to enjoy ... and a lot to mull over in terms of love , loyalty and the nature of staying friends .",0.0,1.0,1,0,1,16,"Successful"
"in execution , this clever idea is far less funny than the original , killers from space .","in execution , this clever idea is far less funny than the original , killers from space .",0.0,0.0,0,0,0,45,"Failed"
"adults will wish the movie were less simplistic , obvious , clumsily plotted and shallowly characterized .","adults will wish the movie were less simplistic , obvious , clumsily plotted and shallowly characterized .",0.0,0.0,0,0,0,51,"Failed"
"so unassuming and pure of heart , you ca n't help but warmly extend your arms and yell ` safe ! '","so unassuming and pure of heart , you ca n't help but warmly extend your arms and yell ` safe ! '",0.0,0.0,1,1,1,57,"Failed"
"professionally speaking , it 's tempting to jump ship in january to avoid ridiculous schlock like this shoddy suspense thriller .","professionally speaking , it 's tempting to jump ship in january to avoid ridiculous schlock like this shoddy suspense thriller .",0.0,0.0,0,0,0,65,"Failed"
"this is not the undisputed worst boxing movie ever , but it 's certainly not a champion - the big loser is the audience .","this is not the undisputed worst boxing movie ever , but it 's certainly not a champion - the big loser is the audience .",0.0,0.0,0,0,0,50,"Failed"
"it 's another stale , kill-by-numbers flick , complete with blade-thin characters and terrible , pun-laden dialogue .","it 's another stale , kill-by-numbers flick , complete with blade-thin characters and terrible , pun-laden dialogue .",0.0,0.0,0,0,0,51,"Failed"
"one of those pictures whose promising , if rather precious , premise is undercut by amateurish execution .","one of those pictures whose promising , if rather precious , premise is undercut by amateurish execution .",0.0,0.0,0,0,0,51,"Failed"
"nothing 's at [[stake]] , just a twisty double-cross you can smell a mile away -- still , the derivative nine queens is lots of fun .","nothing 's at [[sake]] , just a twisty double-cross you can smell a mile away -- still , the derivative nine queens is lots of fun .",0.0,1.0,1,0,1,17,"Successful"
"drops you into a dizzying , volatile , pressure-cooker of a situation that quickly snowballs out of control , while focusing on the what much more than the why .","drops you into a dizzying , volatile , pressure-cooker of a situation that quickly snowballs out of control , while focusing on the what much more than the why .",1.0,1.0,0,0,1,1,"Skipped"
"while undisputed is n't exactly a high , it is a gripping , tidy little movie that takes mr. hill higher than he 's been in a while .","while undisputed is n't exactly a high , it is a gripping , tidy little movie that takes mr. hill higher than he 's been in a while .",0.0,0.0,1,1,1,61,"Failed"
"a delectable and intriguing thriller filled with surprises , read my lips is an original .","a delectable and intriguing thriller filled with surprises , read my lips is an original .",0.0,0.0,1,1,1,40,"Failed"
"it does n't believe in itself , it has no sense of humor ... it 's just plain bored .","it does n't believe in itself , it has no sense of humor ... it 's just plain bored .",0.0,0.0,0,0,0,31,"Failed"
"it seems to me the film is about the art of ripping people off without ever letting them consciously know you have done so","it seems to me the film is about the art of ripping people off without ever letting them consciously know you have done so",0.0,0.0,0,0,0,55,"Failed"
"the story and the friendship proceeds in such a way that you 're watching a soap opera rather than a chronicle of the ups and downs that accompany lifelong friendships .","the story and the friendship proceeds in such a way that you 're watching a soap opera rather than a chronicle of the ups and downs that accompany lifelong friendships .",0.0,0.0,0,0,0,71,"Failed"
"a warm , funny , [[engaging]] film .","a warm , funny , [[negaging]] film .",0.0,1.0,1,0,1,17,"Successful"
"uses sharp humor and insight into human nature to examine class conflict , adolescent yearning , the roots of friendship and sexual identity .","uses sharp humor and insight into human nature to examine class conflict , adolescent yearning , the roots of friendship and sexual identity .",0.0,0.0,1,1,1,74,"Failed"
"i thought my own watch had stopped keeping time as i slogged my way through clockstoppers .","i thought my own watch had stopped keeping time as i slogged my way through clockstoppers .",0.0,0.0,0,0,0,41,"Failed"
"-lrb- serry -rrb- wants to blend politics and drama , an admirable [[ambition]] .","-lrb- serry -rrb- wants to blend politics and drama , an admirable [[abmition]] .",0.0,1.0,1,0,1,18,"Successful"
"with tightly organized efficiency , numerous flashbacks and a constant edge of tension , miller 's film is one of 2002 's involvingly adult surprises .","with tightly organized efficiency , numerous flashbacks and a constant edge of tension , miller 's film is one of 2002 's involvingly adult surprises .",0.0,0.0,1,1,1,75,"Failed"
"the emotions are raw and will strike a nerve with anyone who 's ever had family trauma .","the emotions are raw and will strike a nerve with anyone who 's ever had family trauma .",1.0,1.0,0,0,1,1,"Skipped"
"there seems to be no clear path as to where the story 's going , or how long it 's going to take to get there .","there seems to be no clear path as to where the story 's going , or how long it 's going to take to get there .",0.0,0.0,0,0,0,46,"Failed"
"aside from minor tinkering , this is the same movie you probably loved in 1994 , except that it looks even better .","aside from minor tinkering , this is the same movie you probably loved in 1994 , except that it looks even better .",0.0,0.0,1,1,1,55,"Failed"
"by candidly detailing the politics involved in the creation of an extraordinary piece of music , -lrb- jones -rrb- calls our attention to the inherent conflict between commerce and creativity .","by candidly detailing the politics involved in the creation of an extraordinary piece of music , -lrb- jones -rrb- calls our attention to the inherent conflict between commerce and creativity .",1.0,1.0,0,0,1,1,"Skipped"
"a breezy romantic comedy that has the punch of a good sitcom , while offering exceptionally well-detailed characters .","a breezy romantic comedy that has the punch of a good sitcom , while offering exceptionally well-detailed characters .",0.0,0.0,1,1,1,50,"Failed"
"because of an unnecessary and clumsy last scene , ` swimfan ' left me with a very bad feeling .","because of an unnecessary and clumsy last scene , ` swimfan ' left me with a very bad feeling .",0.0,0.0,0,0,0,41,"Failed"
"exciting and direct , with ghost imagery that shows just enough to keep us on our [[toes]] .","exciting and direct , with ghost imagery that shows just enough to keep us on our [[tose]] .",0.0,1.0,1,0,1,45,"Successful"
"a superbly acted and funny\/gritty fable of the humanizing of one woman at the hands of the unseen forces of [[fate]] .","a superbly acted and funny\/gritty fable of the humanizing of one woman at the hands of the unseen forces of [[fatb]] .",0.0,1.0,1,0,1,33,"Successful"
"the movie 's relatively simple plot and uncomplicated morality play well with the affable cast .","the movie 's relatively simple plot and uncomplicated morality play well with the affable cast .",0.0,0.0,1,1,1,50,"Failed"
"in a way , the film feels like a breath of fresh [[air]] , but only to those that allow it in .","in a way , the film feels like a breath of fresh [[lir]] , but only to those that allow it in .",0.0,1.0,1,0,1,29,"Successful"
"green might want to hang onto that ski mask , as robbery may be the only way to pay for his next project .","green might want to hang onto that ski mask , as robbery may be the only way to pay for his next project .",0.0,0.0,0,0,0,65,"Failed"
"the socio-histo-political [[treatise]] is told in earnest strides ... -lrb- and -rrb- personal illusion is deconstructed with poignancy .","the socio-histo-political [[trearise]] is told in earnest strides ... -lrb- and -rrb- personal illusion is deconstructed with poignancy .",0.0,1.0,1,0,1,16,"Successful"
"a beguiling splash of pastel colors and [[prankish]] comedy from disney .","a beguiling splash of pastel colors and [[rankish]] comedy from disney .",0.0,1.0,1,0,1,32,"Successful"
"writer\/director joe carnahan 's grimy crime drama is a manual of precinct cliches , but it moves fast enough to cover its clunky dialogue and lapses in logic .","writer\/director joe carnahan 's grimy crime drama is a manual of precinct cliches , but it moves fast enough to cover its clunky dialogue and lapses in logic .",1.0,1.0,0,0,1,1,"Skipped"
"too restrained to be a freak show , too mercenary and obvious to be cerebral , too dull and pretentious to be engaging ... the isle defies an easy categorization .","too restrained to be a freak show , too mercenary and obvious to be cerebral , too dull and pretentious to be engaging ... the isle defies an easy categorization .",0.0,0.0,0,0,0,66,"Failed"
"based on a devilishly witty script by heather mcgowan and niels mueller , the film gets great laughs , but never at the expense of its characters","based on a devilishly witty script by heather mcgowan and niels mueller , the film gets great laughs , but never at the expense of its characters",0.0,0.0,1,1,1,75,"Failed"
"the format gets used best ... to capture the dizzying heights achieved by motocross and bmx riders , whose balletic hotdogging occasionally ends in bone-crushing screwups .","the format gets used best ... to capture the dizzying heights achieved by motocross and bmx riders , whose balletic hotdogging occasionally ends in bone-crushing screwups .",1.0,1.0,0,0,1,1,"Skipped"
"even in its most tedious scenes , russian ark is mesmerizing .","even in its most tedious scenes , russian ark is mesmerizing .",0.0,0.0,1,1,1,30,"Failed"
"this surreal gilliam-esque film is also a troubling interpretation of ecclesiastes .","this surreal gilliam-esque film is also a troubling interpretation of ecclesiastes .",1.0,1.0,0,0,1,1,"Skipped"
"you wonder why enough was n't just a music video rather than a full-length movie .","you wonder why enough was n't just a music video rather than a full-length movie .",0.0,0.0,0,0,0,41,"Failed"
"funny but perilously slight .","funny but perilously slight .",1.0,1.0,0,0,1,1,"Skipped"
"chabrol has taken promising material for a black comedy and turned it instead into a somber chamber drama .","chabrol has taken promising material for a black comedy and turned it instead into a somber chamber drama .",0.0,0.0,0,0,0,55,"Failed"
"in the end , we are left with something like two ships passing in the night rather than any insights into gay love , chinese society or the price one pays for being dishonest .","in the end , we are left with something like two ships passing in the night rather than any insights into gay love , chinese society or the price one pays for being dishonest .",0.0,0.0,0,0,0,90,"Failed"
"this is wild surreal stuff , but brilliant and the camera just kind of sits there and lets you look at this and its like you 're going from one room to the next and none of them have any relation to the other .","this is wild surreal stuff , but brilliant and the camera just kind of sits there and lets you look at this and its like you 're going from one room to the next and none of them have any relation to the other .",1.0,1.0,0,0,1,1,"Skipped"
"fresnadillo 's dark and jolting images have a way of plying into your subconscious like the nightmare you had a week ago that wo n't go away .","fresnadillo 's dark and jolting images have a way of plying into your subconscious like the nightmare you had a week ago that wo n't go away .",1.0,1.0,0,0,1,1,"Skipped"
"` easily my choice for one of the year 's best films . '","` easily my choice for one of the year 's best films . '",0.0,0.0,1,1,1,32,"Failed"
"pumpkin takes an admirable look at the hypocrisy of political correctness , but it does so with such an [[uneven]] tone that you never know when humor ends and tragedy begins .","pumpkin takes an admirable look at the hypocrisy of political correctness , but it does so with such an [[eneven]] tone that you never know when humor ends and tragedy begins .",0.0,1.0,0,1,0,47,"Successful"
"it 's so mediocre , despite the dynamic duo on the marquee , that we just ca n't get no satisfaction .","it 's so mediocre , despite the dynamic duo on the marquee , that we just ca n't get no satisfaction .",0.0,0.0,0,0,0,45,"Failed"
"but it 's too long and too convoluted and it ends in a muddle .","but it 's too long and too convoluted and it ends in a muddle .",0.0,0.0,0,0,0,21,"Failed"
"no aspirations to social import inform the movie version .","no aspirations to social import inform the movie version .",0.0,0.0,0,0,0,30,"Failed"
"outer-space buffs [[might]] love this film , but others will find its pleasures intermittent .","outer-space buffs [[mght]] love this film , but others will find its pleasures intermittent .",0.0,1.0,0,1,0,22,"Successful"
"rarely has so much money delivered so little entertainment .","rarely has so much money delivered so little entertainment .",0.0,0.0,0,0,0,31,"Failed"
"so , too , is this comedy about mild culture clashing in today 's new delhi .","so , too , is this comedy about mild culture clashing in today 's new delhi .",1.0,1.0,0,0,1,1,"Skipped"
"a subject like this should inspire reaction in its audience ; the pianist does not .","a subject like this should inspire reaction in its audience ; the pianist does not .",0.0,0.0,0,0,0,31,"Failed"
"... routine , harmless diversion and little else .","... routine , harmless diversion and little else .",1.0,1.0,0,0,1,1,"Skipped"
"not really bad so much as distasteful : we need kidnapping suspense dramas right now like we need doomsday thrillers .","not really bad so much as distasteful : we need kidnapping suspense dramas right now like we need doomsday thrillers .",0.0,0.0,0,0,0,65,"Failed"
"blanchett 's performance confirms her [[power]] once again .","blanchett 's performance confirms her [[cower]] once again .",0.0,1.0,1,0,1,20,"Successful"
"this is a winning ensemble comedy that shows canadians can put gentle laughs and equally gentle sentiments on the button , just as easily as their counterparts anywhere else in the world .","this is a winning ensemble comedy that shows canadians can put gentle laughs and equally gentle sentiments on the button , just as easily as their counterparts anywhere else in the world .",0.0,0.0,1,1,1,85,"Failed"
"it ca n't decide if it wants to be a mystery\/thriller , a romance or a comedy .","it ca n't decide if it wants to be a mystery\/thriller , a romance or a comedy .",0.0,0.0,0,0,0,40,"Failed"
"while the ideas about techno-saturation are far from novel , they 're presented with a wry dark humor .","while the ideas about techno-saturation are far from novel , they 're presented with a wry dark humor .",1.0,1.0,0,0,1,1,"Skipped"
"the iditarod lasts for days - this just felt like it did .","the iditarod lasts for days - this just felt like it did .",0.0,0.0,0,0,0,26,"Failed"
"a warm but realistic meditation on friendship , family and affection .","a warm but realistic meditation on friendship , family and affection .",0.0,0.0,1,1,1,31,"Failed"
"the volatile dynamics of female friendship is the subject of this unhurried , low-key film that is so off-hollywood that it seems positively french in its rhythms and resonance .","the volatile dynamics of female friendship is the subject of this unhurried , low-key film that is so off-hollywood that it seems positively french in its rhythms and resonance .",0.0,0.0,1,1,1,70,"Failed"
"this movie is something of an impostor itself , stretching and padding its material in a blur of dead ends and distracting camera work .","this movie is something of an impostor itself , stretching and padding its material in a blur of dead ends and distracting camera work .",0.0,0.0,0,0,0,61,"Failed"
"it can not be enjoyed , even on the level that one enjoys a bad slasher flick , primarily because it is dull .","it can not be enjoyed , even on the level that one enjoys a bad slasher flick , primarily because it is dull .",0.0,0.0,0,0,0,51,"Failed"
"sticky sweet sentimentality , clumsy plotting and a rosily myopic view of life in the wwii-era mississippi delta undermine this adaptation .","sticky sweet sentimentality , clumsy plotting and a rosily myopic view of life in the wwii-era mississippi delta undermine this adaptation .",0.0,0.0,0,0,0,70,"Failed"
"a film about a young man finding god that is accessible and touching to the marrow .","a film about a young man finding god that is accessible and touching to the marrow .",0.0,0.0,1,1,1,41,"Failed"
"nonsensical , dull `` cyber-horror '' flick is a grim , hollow exercise in flat scares and bad acting .","nonsensical , dull `` cyber-horror '' flick is a grim , hollow exercise in flat scares and bad acting .",0.0,0.0,0,0,0,60,"Failed"
"it 's [[hard]] to imagine alan arkin being better than he is in this performance .","it 's [[ard]] to imagine alan arkin being better than he is in this performance .",0.0,1.0,1,0,1,11,"Successful"
"it [[proves]] quite compelling as an intense , brooding character study .","it [[Wproves]] quite compelling as an intense , brooding character study .",0.0,1.0,1,0,1,12,"Successful"
"a romantic comedy enriched by a sharp eye for manners and mores .","a romantic comedy enriched by a sharp eye for manners and mores .",0.0,0.0,1,1,1,36,"Failed"
"nothing in waking up in reno ever inspired me to think of its inhabitants as anything more than markers in a screenplay .","nothing in waking up in reno ever inspired me to think of its inhabitants as anything more than markers in a screenplay .",0.0,0.0,0,0,0,51,"Failed"
"not since japanese filmmaker akira kurosawa 's ran have the savagery of combat and the specter of death been visualized with such operatic grandeur .","not since japanese filmmaker akira kurosawa 's ran have the savagery of combat and the specter of death been visualized with such operatic grandeur .",0.0,0.0,1,1,1,65,"Failed"
"though only 60 minutes long , the film is packed with information and impressions .","though only 60 minutes long , the film is packed with information and impressions .",0.0,0.0,1,1,1,41,"Failed"
"the character of zigzag is not sufficiently developed to support a film constructed around him .","the character of zigzag is not sufficiently developed to support a film constructed around him .",0.0,0.0,0,0,0,40,"Failed"
"reggio 's continual visual barrage is absorbing as well as thought-provoking .","reggio 's continual visual barrage is absorbing as well as thought-provoking .",0.0,0.0,1,1,1,34,"Failed"
"about a manga-like heroine who fights back at her abusers , it 's energetic and satisfying if not deep and [[psychological]] .","about a manga-like heroine who fights back at her abusers , it 's energetic and satisfying if not deep and [[psycholoXical]] .",0.0,1.0,1,0,1,18,"Successful"
"too much of it feels unfocused and underdeveloped .","too much of it feels unfocused and underdeveloped .",0.0,0.0,0,0,0,21,"Failed"
"unfortunately , it 's not silly fun unless you enjoy really bad movies .","unfortunately , it 's not silly fun unless you enjoy really bad movies .",0.0,0.0,0,0,0,40,"Failed"
"the movie understands like few others how the depth and breadth of emotional intimacy give the physical act all of its meaning and most of its pleasure .","the movie understands like few others how the depth and breadth of emotional intimacy give the physical act all of its meaning and most of its pleasure .",0.0,0.0,1,1,1,65,"Failed"
"in the end , the movie collapses on its shaky foundation despite the best efforts of director joe carnahan .","in the end , the movie collapses on its shaky foundation despite the best efforts of director joe carnahan .",0.0,0.0,0,0,0,56,"Failed"
"cq 's reflection of artists and the love of cinema-and-self suggests nothing less than a new voice that deserves to be considered as a possible successor to the best european directors .","cq 's reflection of artists and the love of cinema-and-self suggests nothing less than a new voice that deserves to be considered as a possible successor to the best european directors .",0.0,0.0,1,1,1,85,"Failed"
"jones ... does offer a brutal form of charisma .","jones ... does offer a brutal form of charisma .",1.0,1.0,0,0,1,1,"Skipped"
"it provides an honest look at a community striving to anchor itself in new [[grounds]] .","it provides an honest look at a community striving to anchor itself in new [[groundh]] .",0.0,1.0,1,0,1,25,"Successful"
"not an objectionable or dull film ; it merely [[lacks]] everything except good intentions .","not an objectionable or dull film ; it merely [[laHcks]] everything except good intentions .",0.0,1.0,0,1,0,14,"Successful"
"this is a good script , good dialogue , funny even for adults .","this is a good script , good dialogue , funny even for adults .",0.0,0.0,1,1,1,33,"Failed"
"the lion king was a roaring success when it was released eight years ago , but on imax it seems better , not just bigger .","the lion king was a roaring success when it was released eight years ago , but on imax it seems better , not just bigger .",0.0,0.0,1,1,1,59,"Failed"
"kinnear does n't aim for our sympathy , but rather delivers a performance of striking skill and depth .","kinnear does n't aim for our sympathy , but rather delivers a performance of striking skill and depth .",0.0,0.0,1,1,1,51,"Failed"
"is the time really ripe for a warmed-over james bond adventure , with a village idiot as the 007 clone ?","is the time really ripe for a warmed-over james bond adventure , with a village idiot as the 007 clone ?",0.0,0.0,0,0,0,55,"Failed"
"wince-inducing dialogue , thrift-shop costumes , prosthetic makeup by silly putty and kmart blue-light-special effects all conspire to test trekkie loyalty .","wince-inducing dialogue , thrift-shop costumes , prosthetic makeup by silly putty and kmart blue-light-special effects all conspire to test trekkie loyalty .",0.0,0.0,0,0,0,75,"Failed"
"this is a train wreck of an action film -- a stupefying attempt by the filmmakers to force-feed james bond into the mindless xxx mold and throw 40 years of cinematic history down the toilet in favor of bright flashes and loud bangs .","this is a train wreck of an action film -- a stupefying attempt by the filmmakers to force-feed james bond into the mindless xxx mold and throw 40 years of cinematic history down the toilet in favor of bright flashes and loud bangs .",0.0,0.0,0,0,0,100,"Failed"
"you really have to wonder how on earth anyone , anywhere could have thought they 'd make audiences guffaw with a script as utterly diabolical as this .","you really have to wonder how on earth anyone , anywhere could have thought they 'd make audiences guffaw with a script as utterly diabolical as this .",0.0,0.0,0,0,0,66,"Failed"
"a [[quiet]] , pure , elliptical film","a [[qiet]] , pure , elliptical film",0.0,1.0,1,0,1,9,"Successful"
"harrison 's flowers puts its heart in the right place , but its brains are in no particular place at all .","harrison 's flowers puts its heart in the right place , but its brains are in no particular place at all .",1.0,1.0,0,0,1,1,"Skipped"
"it 's a work by an artist so in [[control]] of both his medium and his message that he can improvise like a jazzman .","it 's a work by an artist so in [[contrWol]] of both his medium and his message that he can improvise like a jazzman .",0.0,1.0,1,0,1,21,"Successful"
"no screen fantasy-adventure in recent memory has the showmanship of clones ' last 45 minutes .","no screen fantasy-adventure in recent memory has the showmanship of clones ' last 45 minutes .",1.0,1.0,0,0,1,1,"Skipped"
"despite the evocative aesthetics evincing the hollow state of modern love life , the film never percolates beyond a monotonous whine .","despite the evocative aesthetics evincing the hollow state of modern love life , the film never percolates beyond a monotonous whine .",0.0,0.0,0,0,0,76,"Failed"
"it 's difficult to imagine the process that produced such a script , but here 's guessing that spray cheese and underarm noises played a crucial role .","it 's difficult to imagine the process that produced such a script , but here 's guessing that spray cheese and underarm noises played a crucial role .",0.0,0.0,0,0,0,66,"Failed"
"building slowly and subtly , the film , sporting a breezy spontaneity and realistically drawn characterizations , develops into a significant character study that is both moving and wise .","building slowly and subtly , the film , sporting a breezy spontaneity and realistically drawn characterizations , develops into a significant character study that is both moving and wise .",0.0,0.0,1,1,1,81,"Failed"
"overall the film feels like a low-budget tv pilot that could not find a buyer to play it on the tube .","overall the film feels like a low-budget tv pilot that could not find a buyer to play it on the tube .",0.0,0.0,0,0,0,60,"Failed"
"this is human comedy at its most amusing , interesting and confirming .","this is human comedy at its most amusing , interesting and confirming .",0.0,0.0,1,1,1,26,"Failed"
"the band 's courage in the face of official repression is inspiring , especially for aging hippies -lrb- this one included -rrb- .","the band 's courage in the face of official repression is inspiring , especially for aging hippies -lrb- this one included -rrb- .",0.0,0.0,1,1,1,66,"Failed"
"this movie seems to have been written using mad-libs .","this movie seems to have been written using mad-libs .",0.0,0.0,0,0,0,26,"Failed"
"thanks to haynes ' absolute control of the film 's mood , and buoyed by three terrific performances , far from heaven actually pulls off this stylistic juggling act .","thanks to haynes ' absolute control of the film 's mood , and buoyed by three terrific performances , far from heaven actually pulls off this stylistic juggling act .",0.0,0.0,1,1,1,84,"Failed"
"more whiny downer than corruscating commentary .","more whiny downer than corruscating commentary .",0.0,0.0,0,0,0,20,"Failed"
"the film is powerful , accessible and funny .","the film is powerful , accessible and funny .",0.0,0.0,1,1,1,21,"Failed"
"a [[good]] piece of work more often than not .","a [[gBod]] piece of work more often than not .",0.0,1.0,1,0,1,8,"Successful"
"there has always been something [[likable]] about the marquis de sade .","there has always been something [[ilkable]] about the marquis de sade .",0.0,1.0,1,0,1,19,"Successful"
"in exactly 89 minutes , most of which passed as slowly as if i 'd been sitting naked on an igloo , formula 51 sank from quirky to jerky to utter turkey .","in exactly 89 minutes , most of which passed as slowly as if i 'd been sitting naked on an igloo , formula 51 sank from quirky to jerky to utter turkey .",0.0,0.0,0,0,0,73,"Failed"
"care deftly captures the wonder and menace of growing up , but he never really embraces the joy of fuhrman 's destructive escapism or the grace-in-rebellion found by his characters .","care deftly captures the wonder and menace of growing up , but he never really embraces the joy of fuhrman 's destructive escapism or the grace-in-rebellion found by his characters .",0.0,0.0,0,0,0,81,"Failed"
"the reality of the new live-action pinocchio he directed , cowrote and starred in borders on the grotesque .","the reality of the new live-action pinocchio he directed , cowrote and starred in borders on the grotesque .",0.0,0.0,0,0,0,46,"Failed"
"the chateau [[cleverly]] probes the cross-cultural differences between gauls and yanks .","the chateau [[cleuerly]] probes the cross-cultural differences between gauls and yanks .",0.0,1.0,1,0,1,16,"Successful"
"i can take infantile humor ... but this is the sort of infantile that makes you wonder about changing the director and writer 's diapers .","i can take infantile humor ... but this is the sort of infantile that makes you wonder about changing the director and writer 's diapers .",0.0,0.0,0,0,0,56,"Failed"
"... the film suffers from a lack of humor -lrb- something needed to balance out the violence -rrb- ...","... the film suffers from a lack of humor -lrb- something needed to balance out the violence -rrb- ...",0.0,0.0,0,0,0,50,"Failed"
"a working class `` us vs. them '' opera that leaves no heartstring untugged and no liberal cause unplundered .","a working class `` us vs. them '' opera that leaves no heartstring untugged and no liberal cause unplundered .",1.0,1.0,0,0,1,1,"Skipped"
"so refreshingly incisive is grant that for the first time he 'll probably appeal more to guys than to their girlfriends who drag them to this movie for the hugh factor .","so refreshingly incisive is grant that for the first time he 'll probably appeal more to guys than to their girlfriends who drag them to this movie for the hugh factor .",1.0,1.0,0,0,1,1,"Skipped"
"with the exception of some fleetingly amusing improvisations by cedric the entertainer as perry 's boss , there is n't a redeeming moment here .","with the exception of some fleetingly amusing improvisations by cedric the entertainer as perry 's boss , there is n't a redeeming moment here .",0.0,0.0,0,0,0,54,"Failed"
"majidi is an unconventional storyteller , capable of finding beauty in the most depressing places .","majidi is an unconventional storyteller , capable of finding beauty in the most depressing places .",0.0,0.0,1,1,1,39,"Failed"
"the vivid lead performances sustain interest and empathy , but the journey is [[far]] more interesting than the final destination .","the vivid lead performances sustain interest and empathy , but the journey is [[afr]] more interesting than the final destination .",0.0,1.0,1,0,1,36,"Successful"
"martin and barbara are complex characters -- sometimes tender , sometimes angry -- and the delicate performances by sven wollter and viveka seldahl make their hopes and frustrations vivid .","martin and barbara are complex characters -- sometimes tender , sometimes angry -- and the delicate performances by sven wollter and viveka seldahl make their hopes and frustrations vivid .",0.0,0.0,1,1,1,88,"Failed"
"all that 's [[missing]] is the spontaneity , originality and delight .","all that 's [[sissing]] is the spontaneity , originality and delight .",0.0,1.0,0,1,0,9,"Successful"
"it confirms fincher 's status as a film maker who artfully bends technical know-how to the service of psychological insight .","it confirms fincher 's status as a film maker who artfully bends technical know-how to the service of psychological insight .",0.0,0.0,1,1,1,60,"Failed"
"dense with characters and contains some [[thrilling]] moments .","dense with characters and contains some [[thrilwling]] moments .",0.0,1.0,1,0,1,18,"Successful"
"good film , but very glum .","good film , but very glum .",1.0,1.0,0,0,1,1,"Skipped"
"nine queens is not only than a [[frighteningly]] capable debut and genre piece , but also a snapshot of a dangerous political situation on the verge of coming to a head .","nine queens is not only than a [[frightenignly]] capable debut and genre piece , but also a snapshot of a dangerous political situation on the verge of coming to a head .",0.0,1.0,1,0,1,24,"Successful"
"when the film ended , i felt tired and drained and wanted to lie on my own deathbed for a while .","when the film ended , i felt tired and drained and wanted to lie on my own deathbed for a while .",0.0,0.0,0,0,0,41,"Failed"
"the plot convolutions ultimately add up to nothing more than jerking the audience 's chain .","the plot convolutions ultimately add up to nothing more than jerking the audience 's chain .",0.0,0.0,0,0,0,40,"Failed"
"a [[solid]] examination of the male midlife crisis .","a [[oslid]] examination of the male midlife crisis .",0.0,1.0,1,0,1,10,"Successful"
"-lrb- d -rrb- oes n't bother being as cloying or preachy as equivalent evangelical christian movies -- maybe the filmmakers know that the likely audience will already be among the faithful .","-lrb- d -rrb- oes n't bother being as cloying or preachy as equivalent evangelical christian movies -- maybe the filmmakers know that the likely audience will already be among the faithful .",1.0,1.0,0,0,1,1,"Skipped"
"-lrb- grant 's -rrb- bumbling magic takes over the film , and it turns out to be another winning star vehicle .","-lrb- grant 's -rrb- bumbling magic takes over the film , and it turns out to be another winning star vehicle .",0.0,0.0,1,1,1,60,"Failed"
"a poignant and compelling story about relationships , food of love takes us on a bumpy but satisfying journey of the heart .","a poignant and compelling story about relationships , food of love takes us on a bumpy but satisfying journey of the heart .",0.0,0.0,1,1,1,59,"Failed"
"a better title , for all concerned , might be swept under the rug .","a better title , for all concerned , might be swept under the rug .",0.0,0.0,0,0,0,31,"Failed"
"this nickleby thing might have more homosexual undertones than an eddie murphy film .","this nickleby thing might have more homosexual undertones than an eddie murphy film .",0.0,0.0,0,0,0,40,"Failed"
"a [[marvel]] like none you 've seen .","a [[Garvel]] like none you 've seen .",0.0,1.0,1,0,1,9,"Successful"
"the affectionate loopiness that once seemed congenital to demme 's perspective has a tough time emerging from between the badly dated cutesy-pie mystery scenario and the newfangled hollywood post-production effects .","the affectionate loopiness that once seemed congenital to demme 's perspective has a tough time emerging from between the badly dated cutesy-pie mystery scenario and the newfangled hollywood post-production effects .",0.0,0.0,0,0,0,90,"Failed"
"leigh 's film is full of memorable performances from top to bottom .","leigh 's film is full of memorable performances from top to bottom .",0.0,0.0,1,1,1,36,"Failed"
"manages to be sweet and wickedly satisfying at the same time .","manages to be sweet and wickedly satisfying at the same time .",0.0,0.0,1,1,1,26,"Failed"
"the film will play equally well on both the standard and giant screens .","the film will play equally well on both the standard and giant screens .",0.0,0.0,1,1,1,34,"Failed"
"determined to be fun , and bouncy , with energetic musicals , the humor did n't quite engage this adult .","determined to be fun , and bouncy , with energetic musicals , the humor did n't quite engage this adult .",0.0,0.0,0,0,0,51,"Failed"
"the last 20 minutes are somewhat redeeming , but most of the movie is the same teenage american road-trip drek we 've seen before - only this time you have to read the fart jokes","the last 20 minutes are somewhat redeeming , but most of the movie is the same teenage american road-trip drek we 've seen before - only this time you have to read the fart jokes",0.0,0.0,0,0,0,76,"Failed"
"whether you like rap music or loathe it , you ca n't [[deny]] either the tragic loss of two young men in the prime of their talent or the power of this movie .","whether you like rap music or loathe it , you ca n't [[deIny]] either the tragic loss of two young men in the prime of their talent or the power of this movie .",0.0,1.0,1,0,1,23,"Successful"
"all-in-all , the film is an enjoyable and [[frankly]] told tale of a people who live among us , but not necessarily with us .","all-in-all , the film is an enjoyable and [[rankly]] told tale of a people who live among us , but not necessarily with us .",0.0,1.0,1,0,1,25,"Successful"
"feature debuter d.j. caruso directs a crack ensemble cast , bringing screenwriter tony gayton 's narcotics noir to life .","feature debuter d.j. caruso directs a crack ensemble cast , bringing screenwriter tony gayton 's narcotics noir to life .",0.0,0.0,1,1,1,71,"Failed"
"serving sara does [[n't]] serve up a whole lot of laughs .","serving sara does [[nBt]] serve up a whole lot of laughs .",0.0,1.0,0,1,0,12,"Successful"
"my reaction in a word : disappointment .","my reaction in a word : disappointment .",0.0,0.0,0,0,0,16,"Failed"
"the film 's hackneyed message is not helped by the thin characterizations , nonexistent plot and pretentious visual style .","the film 's hackneyed message is not helped by the thin characterizations , nonexistent plot and pretentious visual style .",0.0,0.0,0,0,0,56,"Failed"
"very psychoanalytical -- provocatively so -- and also [[refreshingly]] literary .","very psychoanalytical -- provocatively so -- and also [[erfreshingly]] literary .",0.0,1.0,1,0,1,14,"Successful"
"the experience of going to a film festival is a rewarding one ; the experiencing of sampling one through this movie is not .","the experience of going to a film festival is a rewarding one ; the experiencing of sampling one through this movie is not .",1.0,1.0,1,1,0,1,"Skipped"
"with rabbit-proof fence , noyce has tailored an epic tale into a lean , economical movie .","with rabbit-proof fence , noyce has tailored an epic tale into a lean , economical movie .",0.0,0.0,1,1,1,46,"Failed"
"even horror fans will most likely not find what they 're seeking with trouble every day ; the movie [[lacks]] both thrills and humor .","even horror fans will most likely not find what they 're seeking with trouble every day ; the movie [[lakcs]] both thrills and humor .",0.0,1.0,0,1,0,57,"Successful"
"this piece of channel 5 grade trash is , quite frankly , an insult to the intelligence of the true genre enthusiast .","this piece of channel 5 grade trash is , quite frankly , an insult to the intelligence of the true genre enthusiast .",0.0,0.0,0,0,0,57,"Failed"
"add yet another hat to a talented head , clooney 's a good director .","add yet another hat to a talented head , clooney 's a good director .",0.0,0.0,1,1,1,45,"Failed"
"as unseemly as its title suggests .","as unseemly as its title suggests .",1.0,1.0,0,0,1,1,"Skipped"
"the movie is n't just hilarious : it 's witty and inventive , too , and in hindsight , it is n't even all that dumb .","the movie is n't just hilarious : it 's witty and inventive , too , and in hindsight , it is n't even all that dumb .",0.0,0.0,1,1,1,46,"Failed"
"among the year 's most [[intriguing]] explorations of alientation .","among the year 's most [[intriguinx]] explorations of alientation .",0.0,1.0,1,0,1,14,"Successful"
"the sort of film that makes me miss hitchcock , but also feel optimistic that there 's hope for popular cinema [[yet]] .","the sort of film that makes me miss hitchcock , but also feel optimistic that there 's hope for popular cinema [[Cet]] .",0.0,1.0,1,0,1,21,"Successful"
"the primitive [[force]] of this film seems to bubble up from the vast collective memory of the combatants .","the primitive [[foece]] of this film seems to bubble up from the vast collective memory of the combatants .",0.0,1.0,1,0,1,14,"Successful"
"the terrific and bewilderingly underrated campbell scott gives a star performance that is nothing short of mesmerizing .","the terrific and bewilderingly underrated campbell scott gives a star performance that is nothing short of mesmerizing .",0.0,0.0,1,1,1,55,"Failed"
"and if you 're not nearly moved to tears by a couple of scenes , you 've got ice water in your veins .","and if you 're not nearly moved to tears by a couple of scenes , you 've got ice water in your veins .",1.0,1.0,0,0,1,1,"Skipped"
"a lean , deftly shot , well-acted , weirdly retro thriller that recalls a raft of '60s and '70s european-set spy pictures .","a lean , deftly shot , well-acted , weirdly retro thriller that recalls a raft of '60s and '70s european-set spy pictures .",0.0,0.0,1,1,1,69,"Failed"
"the magic of the film lies not in the mysterious spring but in the [[richness]] of its performances .","the magic of the film lies not in the mysterious spring but in the [[irchness]] of its performances .",0.0,1.0,1,0,1,16,"Successful"
"-lrb- lawrence bounces -rrb- all over the stage , dancing , running , sweating , mopping his face and generally displaying the wacky talent that brought him fame in the first place .","-lrb- lawrence bounces -rrb- all over the stage , dancing , running , sweating , mopping his face and generally displaying the wacky talent that brought him fame in the first place .",0.0,0.0,1,1,1,91,"Failed"
"what distinguishes time of favor from countless other [[thrillers]] is its underlying concern with the consequences of words and with the complicated emotions fueling terrorist acts .","what distinguishes time of favor from countless other [[thirllers]] is its underlying concern with the consequences of words and with the complicated emotions fueling terrorist acts .",0.0,1.0,1,0,1,31,"Successful"
"crackerjack entertainment -- nonstop romance , music , suspense and action .","crackerjack entertainment -- nonstop romance , music , suspense and action .",0.0,0.0,1,1,1,35,"Failed"
"with its dogged hollywood naturalism and the inexorable passage of its characters toward sainthood , windtalkers is nothing but a sticky-sweet soap .","with its dogged hollywood naturalism and the inexorable passage of its characters toward sainthood , windtalkers is nothing but a sticky-sweet soap .",0.0,0.0,0,0,0,61,"Failed"
"in its best moments , resembles a bad high school production of grease , without benefit of song .","in its best moments , resembles a bad high school production of grease , without benefit of song .",0.0,0.0,0,0,0,56,"Failed"
"... designed to provide a mix of smiles and tears , `` crossroads '' instead provokes a handful of unintentional howlers and numerous yawns .","... designed to provide a mix of smiles and tears , `` crossroads '' instead provokes a handful of unintentional howlers and numerous yawns .",0.0,0.0,0,0,0,68,"Failed"
"worth watching for dong jie 's performance -- and for the way it documents a culture in the throes of rapid change .","worth watching for dong jie 's performance -- and for the way it documents a culture in the throes of rapid change .",0.0,0.0,1,1,1,55,"Failed"
"if you are an actor who can relate to the search for inner peace by dramatically depicting the lives of others onstage , then esther 's story is a compelling [[quest]] for truth .","if you are an actor who can relate to the search for inner peace by dramatically depicting the lives of others onstage , then esther 's story is a compelling [[quesB]] for truth .",0.0,1.0,1,0,1,71,"Successful"
"unlike the speedy wham-bam effect of most hollywood offerings , character development -- and more importantly , character empathy -- is at the heart of italian for beginners .","unlike the speedy wham-bam effect of most hollywood offerings , character development -- and more importantly , character empathy -- is at the heart of italian for beginners .",0.0,0.0,1,1,1,71,"Failed"
"stultifyingly , dumbfoundingly , mind-numbingly bad .","stultifyingly , dumbfoundingly , mind-numbingly bad .",0.0,0.0,0,0,0,21,"Failed"
"`` mostly martha '' is a bright , light modern day family parable that wears its heart on its sleeve for all to see .","`` mostly martha '' is a bright , light modern day family parable that wears its heart on its sleeve for all to see .",0.0,0.0,1,1,1,65,"Failed"
"no telegraphing is too obvious or simplistic for this movie .","no telegraphing is too obvious or simplistic for this movie .",0.0,0.0,0,0,0,21,"Failed"
"writer-director 's mehta 's effort has tons of charm and the whimsy is in the mixture , the intoxicating masala , of cultures and film genres .","writer-director 's mehta 's effort has tons of charm and the whimsy is in the mixture , the intoxicating masala , of cultures and film genres .",0.0,0.0,1,1,1,61,"Failed"
"... takes the beauty of baseball and melds it with a story that could touch anyone regardless of their familiarity with the sport","... takes the beauty of baseball and melds it with a story that could touch anyone regardless of their familiarity with the sport",0.0,0.0,1,1,1,54,"Failed"
"one of the smartest takes on singles culture i 've seen in a long time .","one of the smartest takes on singles culture i 've seen in a long time .",0.0,0.0,1,1,1,41,"Failed"
"it 's not original , and , robbed of the element of surprise , it does n't have any huge laughs in its story of irresponsible cops who love to play pranks .","it 's not original , and , robbed of the element of surprise , it does n't have any huge laughs in its story of irresponsible cops who love to play pranks .",0.0,0.0,0,0,0,65,"Failed"
"this re-do is so dumb and so exploitative in its violence that , ironically , it becomes everything that the rather clumsy original was railing against .","this re-do is so dumb and so exploitative in its violence that , ironically , it becomes everything that the rather clumsy original was railing against .",0.0,0.0,0,0,0,55,"Failed"
"to call the other side of heaven `` appalling '' would be to underestimate just how dangerous entertainments like it can be .","to call the other side of heaven `` appalling '' would be to underestimate just how dangerous entertainments like it can be .",0.0,0.0,0,0,0,50,"Failed"
"it has charm to spare , and unlike many romantic comedies , it does not alienate either gender in the audience .","it has charm to spare , and unlike many romantic comedies , it does not alienate either gender in the audience .",0.0,0.0,1,1,1,51,"Failed"
"a great ensemble cast ca [[n't]] lift this heartfelt enterprise out of the familiar .","a great ensemble cast ca [[n']] lift this heartfelt enterprise out of the familiar .",0.0,1.0,0,1,0,14,"Successful"
"lapaglia 's ability to convey grief and hope works with weaver 's sensitive reactions to make this a two-actor master class .","lapaglia 's ability to convey grief and hope works with weaver 's sensitive reactions to make this a two-actor master class .",0.0,0.0,1,1,1,65,"Failed"
"my [[thoughts]] were focused on the characters .","my [[thoRughts]] were focused on the characters .",0.0,1.0,1,0,1,8,"Successful"
"it 's slow -- very , very slow .","it 's slow -- very , very slow .",0.0,0.0,0,0,0,11,"Failed"
"though it 's become almost redundant to say so , major [[kudos]] go to leigh for actually casting people who look working-class .","though it 's become almost redundant to say so , major [[kudso]] go to leigh for actually casting people who look working-class .",0.0,1.0,1,0,1,18,"Successful"
"should have been someone else -","should have been someone else -",0.0,0.0,0,0,0,11,"Failed"
"it 's so good that its relentless , polished wit can withstand not only inept school productions , but even oliver parker 's movie adaptation .","it 's so good that its relentless , polished wit can withstand not only inept school productions , but even oliver parker 's movie adaptation .",0.0,0.0,1,1,1,65,"Failed"
"it feels like an after-school special gussied up with some fancy special effects , and watching its rote plot points connect is about as exciting as gazing at an egg timer for 93 minutes .","it feels like an after-school special gussied up with some fancy special effects , and watching its rote plot points connect is about as exciting as gazing at an egg timer for 93 minutes .",0.0,0.0,0,0,0,95,"Failed"
"indifferently implausible popcorn programmer of a movie .","indifferently implausible popcorn programmer of a movie .",0.0,0.0,0,0,0,26,"Failed"
"even the finest chef ca n't make a hotdog into anything more than a hotdog , and robert de niro ca n't make this movie anything more than a trashy cop buddy comedy .","even the finest chef ca n't make a hotdog into anything more than a hotdog , and robert de niro ca n't make this movie anything more than a trashy cop buddy comedy .",0.0,0.0,0,0,0,100,"Failed"
"it 's fascinating to see how bettany and mcdowell [[play]] off each other .","it 's fascinating to see how bettany and mcdowell [[plaJ]] off each other .",0.0,1.0,1,0,1,14,"Successful"
"teen movies have really hit the [[skids]] .","teen movies have really hit the [[ksids]] .",0.0,1.0,0,1,0,26,"Successful"
"stephen rea , aidan quinn , and alan bates play desmond 's legal eagles , and when [[joined]] by brosnan , the sight of this grandiloquent quartet lolling in pretty irish settings is a pleasant enough thing , ` tis .","stephen rea , aidan quinn , and alan bates play desmond 's legal eagles , and when [[joineGd]] by brosnan , the sight of this grandiloquent quartet lolling in pretty irish settings is a pleasant enough thing , ` tis .",0.0,1.0,1,0,1,65,"Successful"
"even on those rare occasions when the narrator stops yammering , miller 's hand often feels unsure .","even on those rare occasions when the narrator stops yammering , miller 's hand often feels unsure .",0.0,0.0,0,0,0,55,"Failed"
"every time you look , sweet home alabama is taking another bummer of a wrong turn .","every time you look , sweet home alabama is taking another bummer of a wrong turn .",0.0,0.0,0,0,0,56,"Failed"
"it gets onto the screen just about as much of the novella as one could reasonably expect , and is [[engrossing]] and moving in its own right .","it gets onto the screen just about as much of the novella as one could reasonably expect , and is [[negrossing]] and moving in its own right .",0.0,1.0,1,0,1,52,"Successful"
"a poignant , artfully crafted meditation on [[mortality]] .","a poignant , artfully crafted meditation on [[mortailty]] .",0.0,1.0,1,0,1,26,"Successful"
"one of the best films of the year with its exploration of the obstacles to happiness faced by five contemporary individuals ... a psychological masterpiece .","one of the best films of the year with its exploration of the obstacles to happiness faced by five contemporary individuals ... a psychological masterpiece .",0.0,0.0,1,1,1,66,"Failed"
"no sophomore slump for director sam mendes , who segues from oscar winner to oscar-winning potential with a smooth sleight of hand .","no sophomore slump for director sam mendes , who segues from oscar winner to oscar-winning potential with a smooth sleight of hand .",0.0,0.0,1,1,1,65,"Failed"
"even if you do n't think -lrb- kissinger 's -rrb- any more guilty of criminal activity than most contemporary statesmen , he 'd sure make a courtroom trial great fun to [[watch]] .","even if you do n't think -lrb- kissinger 's -rrb- any more guilty of criminal activity than most contemporary statesmen , he 'd sure make a courtroom trial great fun to [[awtch]] .",0.0,1.0,1,0,1,39,"Successful"
"... a story we have n't seen on the big screen before , and it 's a story that we as americans , and human beings , should know .","... a story we have n't seen on the big screen before , and it 's a story that we as americans , and human beings , should know .",0.0,0.0,1,1,1,49,"Failed"
"irwin is a man with enough charisma and audacity to carry a dozen films , but this particular result is ultimately held back from being something greater .","irwin is a man with enough charisma and audacity to carry a dozen films , but this particular result is ultimately held back from being something greater .",0.0,0.0,0,0,0,75,"Failed"
"instead of a hyperbolic beat-charged urban western , it 's an unpretentious , sociologically [[pointed]] slice of life .","instead of a hyperbolic beat-charged urban western , it 's an unpretentious , sociologically [[apointed]] slice of life .",0.0,1.0,1,0,1,19,"Successful"
"the film 's few ideas are stretched to the point of evaporation ; the whole central section is one big chase that seems to have no goal and no urgency .","the film 's few ideas are stretched to the point of evaporation ; the whole central section is one big chase that seems to have no goal and no urgency .",0.0,0.0,0,0,0,71,"Failed"
"though perry and hurley make inspiring efforts to breathe life into the disjointed , haphazard script by jay scherick and david ronn , neither the actors nor director reginald hudlin can make it more than fitfully entertaining .","though perry and hurley make inspiring efforts to breathe life into the disjointed , haphazard script by jay scherick and david ronn , neither the actors nor director reginald hudlin can make it more than fitfully entertaining .",1.0,1.0,1,1,0,1,"Skipped"
"woody allen 's latest is an [[ambling]] , broad comedy about all there is to love -- and hate -- about the movie biz .","woody allen 's latest is an [[abmling]] , broad comedy about all there is to love -- and hate -- about the movie biz .",0.0,1.0,1,0,1,15,"Successful"
"there 's too much falseness to the second half , and what began as an intriguing look at youth fizzles into a dull , ridiculous attempt at heart-tugging .","there 's too much falseness to the second half , and what began as an intriguing look at youth fizzles into a dull , ridiculous attempt at heart-tugging .",0.0,0.0,0,0,0,64,"Failed"
"as a first-time director , paxton has tapped something in himself as an actor that provides frailty with its dark soul .","as a first-time director , paxton has tapped something in himself as an actor that provides frailty with its dark soul .",1.0,1.0,0,0,1,1,"Skipped"
"a gripping movie , played with performances that are all understated and touching .","a gripping movie , played with performances that are all understated and touching .",0.0,0.0,1,1,1,31,"Failed"
"too slow , too long and too little happens .","too slow , too long and too little happens .",0.0,0.0,0,0,0,21,"Failed"
"plays like a volatile and overlong w magazine fashion spread .","plays like a volatile and overlong w magazine fashion spread .",0.0,0.0,0,0,0,36,"Failed"
"attempts by this ensemble film to impart a message are so heavy-handed that they instead pummel the audience .","attempts by this ensemble film to impart a message are so heavy-handed that they instead pummel the audience .",0.0,0.0,0,0,0,46,"Failed"
"it 's a demented kitsch mess -lrb- [[although]] the smeary digital video does match the muddled narrative -rrb- , but it 's savvy about celebrity and has more guts and energy than much of what will open this year .","it 's a demented kitsch mess -lrb- [[althuogh]] the smeary digital video does match the muddled narrative -rrb- , but it 's savvy about celebrity and has more guts and energy than much of what will open this year .",0.0,1.0,1,0,1,40,"Successful"
"bleakly funny , its characters all the more touching for refusing to pity or memorialize themselves .","bleakly funny , its characters all the more touching for refusing to pity or memorialize themselves .",1.0,1.0,0,0,1,1,"Skipped"
"it is [[amusing]] , and that 's all it needs to be .","it is [[musing]] , and that 's all it needs to be .",0.0,1.0,1,0,1,11,"Successful"
"the characters are interesting and often very creatively constructed from figure to backstory .","the characters are interesting and often very creatively constructed from figure to backstory .",0.0,0.0,1,1,1,36,"Failed"
"a taut psychological thriller that does n't [[waste]] a moment of its two-hour running time .","a taut psychological thriller that does n't [[awste]] a moment of its two-hour running time .",0.0,1.0,1,0,1,22,"Successful"
"... is an arthritic attempt at directing by callie khouri .","... is an arthritic attempt at directing by callie khouri .",0.0,0.0,0,0,0,25,"Failed"
"michael gerbosi 's script is economically [[packed]] with telling scenes .","michael gerbosi 's script is economically [[pacBed]] with telling scenes .",0.0,1.0,1,0,1,19,"Successful"
"light years \/ several warp speeds \/ levels and levels of dilithium crystals better than the pitiful insurrection .","light years \/ several warp speeds \/ levels and levels of dilithium crystals better than the pitiful insurrection .",1.0,1.0,0,0,1,1,"Skipped"
"what was once original has been co-opted so frequently that it now seems pedestrian .","what was once original has been co-opted so frequently that it now seems pedestrian .",0.0,0.0,0,0,0,25,"Failed"
"at a time when half the so-called real movies are little more than live-action cartoons , it 's refreshing to see a cartoon that knows what it is , and knows the form 's history .","at a time when half the so-called real movies are little more than live-action cartoons , it 's refreshing to see a cartoon that knows what it is , and knows the form 's history .",0.0,0.0,1,1,1,73,"Failed"
"at the very least , if you do n't know anything about derrida when you walk into the theater , you wo n't know much more when you leave .","at the very least , if you do n't know anything about derrida when you walk into the theater , you wo n't know much more when you leave .",0.0,0.0,0,0,0,61,"Failed"
"partway through watching this saccharine , easter-egg-colored concoction , you realize that it is made up of three episodes of a rejected tv show .","partway through watching this saccharine , easter-egg-colored concoction , you realize that it is made up of three episodes of a rejected tv show .",0.0,0.0,0,0,0,61,"Failed"
"bennett 's naturalistic performance speaks volumes more truth than any ` reality ' show , and anybody contemplating their own drastic life changes should watch some body first .","bennett 's naturalistic performance speaks volumes more truth than any ` reality ' show , and anybody contemplating their own drastic life changes should watch some body first .",0.0,0.0,1,1,1,81,"Failed"
"jose campanella delivers a loosely autobiographical story brushed with sentimentality but brimming with gentle humor , bittersweet pathos , and lyric moments that linger like snapshots of memory .","jose campanella delivers a loosely autobiographical story brushed with sentimentality but brimming with gentle humor , bittersweet pathos , and lyric moments that linger like snapshots of memory .",0.0,0.0,1,1,1,96,"Failed"
"... mafia , rap stars and hood rats butt their ugly heads in a regurgitation of cinematic violence that gives brutal birth to an unlikely , but likable , hero . '","... mafia , rap stars and hood rats butt their ugly heads in a regurgitation of cinematic violence that gives brutal birth to an unlikely , but likable , hero . '",1.0,1.0,0,0,1,1,"Skipped"
"i got a headache watching this meaningless downer .","i got a headache watching this meaningless downer .",0.0,0.0,0,0,0,26,"Failed"
"montias ... pumps a lot of energy into his nicely nuanced narrative and surrounds himself with a cast of quirky -- but not stereotyped -- street characters .","montias ... pumps a lot of energy into his nicely nuanced narrative and surrounds himself with a cast of quirky -- but not stereotyped -- street characters .",0.0,0.0,1,1,1,65,"Failed"
"slapstick buffoonery can tickle many a preschooler 's fancy , but when it costs a family of four about $ 40 to see a film in theaters , why spend money on a dog like this when you can rent a pedigree instead ?","slapstick buffoonery can tickle many a preschooler 's fancy , but when it costs a family of four about $ 40 to see a film in theaters , why spend money on a dog like this when you can rent a pedigree instead ?",1.0,1.0,1,1,0,1,"Skipped"
"his comedy premises are often hackneyed or just plain crude , calculated to provoke shocked laughter , without following up on a deeper level .","his comedy premises are often hackneyed or just plain crude , calculated to provoke shocked laughter , without following up on a deeper level .",0.0,0.0,0,0,0,69,"Failed"
"big fat waste of time .","big fat waste of time .",0.0,0.0,0,0,0,21,"Failed"
"it 's not that kung pow is n't funny some of the time -- it just is n't any funnier than bad martial arts movies are all by themselves , without all oedekerk 's impish augmentation .","it 's not that kung pow is n't funny some of the time -- it just is n't any funnier than bad martial arts movies are all by themselves , without all oedekerk 's impish augmentation .",0.0,0.0,0,0,0,74,"Failed"
"a delightful coming-of-age story .","a delightful coming-of-age story .",0.0,0.0,1,1,1,16,"Failed"
"binoche makes it interesting trying to find out .","binoche makes it interesting trying to find out .",1.0,1.0,0,0,1,1,"Skipped"
"the humor is forced and heavy-handed , and occasionally simply unpleasant .","the humor is forced and heavy-handed , and occasionally simply unpleasant .",0.0,0.0,0,0,0,30,"Failed"
"... a [[fun]] little timewaster , helped especially by the cool presence of jean reno .","... a [[fu]] little timewaster , helped especially by the cool presence of jean reno .",0.0,1.0,1,0,1,14,"Successful"
"prurient playthings aside , there 's little to love about this english trifle .","prurient playthings aside , there 's little to love about this english trifle .",0.0,0.0,0,0,0,36,"Failed"
"the old-world - meets-new mesh is incarnated in the movie 's soundtrack , a joyful effusion of disco bollywood that , by the end of monsoon wedding , sent my spirit soaring out of the theater .","the old-world - meets-new mesh is incarnated in the movie 's soundtrack , a joyful effusion of disco bollywood that , by the end of monsoon wedding , sent my spirit soaring out of the theater .",0.0,0.0,1,1,1,86,"Failed"
"as surreal as a dream and as detailed as a photograph , as visually dexterous as it is at times [[imaginatively]] overwhelming .","as surreal as a dream and as detailed as a photograph , as visually dexterous as it is at times [[imaginatiGely]] overwhelming .",0.0,1.0,1,0,1,42,"Successful"
"director uwe boll and the actors provide scant reason to care in this crude '70s throwback .","director uwe boll and the actors provide scant reason to care in this crude '70s throwback .",0.0,0.0,0,0,0,55,"Failed"
"the continued good chemistry between carmen and juni is what keeps this slightly disappointing sequel going , with enough amusing banter -- blessedly curse-free -- to keep both kids and parents entertained .","the continued good chemistry between carmen and juni is what keeps this slightly disappointing sequel going , with enough amusing banter -- blessedly curse-free -- to keep both kids and parents entertained .",0.0,0.0,1,1,1,95,"Failed"
"[[puts]] a human face on a land most westerners are unfamiliar with .","[[Kuts]] a human face on a land most westerners are unfamiliar with .",0.0,1.0,1,0,1,11,"Successful"
"unflinchingly bleak and desperate","unflinchingly bleak and desperate",0.0,0.0,0,0,0,16,"Failed"
"the heavy-handed film is almost laughable as a consequence .","the heavy-handed film is almost laughable as a consequence .",0.0,0.0,0,0,0,26,"Failed"
"it has the [[charm]] of the original american road movies , feasting on the gorgeous , ramshackle landscape of the filmmaker 's motherland .","it has the [[harm]] of the original american road movies , feasting on the gorgeous , ramshackle landscape of the filmmaker 's motherland .",0.0,1.0,1,0,1,16,"Successful"
"works hard to establish rounded characters , but then has nothing fresh or particularly interesting to say about them .","works hard to establish rounded characters , but then has nothing fresh or particularly interesting to say about them .",0.0,0.0,0,0,0,50,"Failed"
"verbinski implements every hack-artist trick to give us the ooky-spookies .","verbinski implements every hack-artist trick to give us the ooky-spookies .",0.0,0.0,0,0,0,40,"Failed"
"uncommonly stylish but equally silly ... the picture fails to generate much suspense , nor does it ask searching enough questions to justify its pretensions .","uncommonly stylish but equally silly ... the picture fails to generate much suspense , nor does it ask searching enough questions to justify its pretensions .",0.0,0.0,0,0,0,75,"Failed"
"as vulgar as it is banal .","as vulgar as it is banal .",0.0,0.0,0,0,0,11,"Failed"
"i 'm just too bored to care .","i 'm just too bored to care .",0.0,0.0,0,0,0,11,"Failed"
"i had to look away - this was god awful .","i had to look away - this was god awful .",0.0,0.0,0,0,0,21,"Failed"
"a dumb movie with dumb characters doing dumb things and you have to be really dumb not to see where this is going .","a dumb movie with dumb characters doing dumb things and you have to be really dumb not to see where this is going .",0.0,0.0,0,0,0,50,"Failed"
"what really makes it special is that it pulls us into its world , gives us a hero whose suffering and triumphs we can share , surrounds him with interesting characters and sends us out of the theater feeling we 've shared a great adventure .","what really makes it special is that it pulls us into its world , gives us a hero whose suffering and triumphs we can share , surrounds him with interesting characters and sends us out of the theater feeling we 've shared a great adventure .",0.0,0.0,1,1,1,100,"Failed"
"of course , by more objective measurements it 's still quite bad .","of course , by more objective measurements it 's still quite bad .",0.0,0.0,0,0,0,31,"Failed"
"for this reason and this reason only -- the power of its own steadfast , hoity-toity convictions -- chelsea walls deserves a [[medal]] .","for this reason and this reason only -- the power of its own steadfast , hoity-toity convictions -- chelsea walls deserves a [[meda]] .",0.0,1.0,1,0,1,23,"Successful"
"scores no points for originality , wit , or intelligence .","scores no points for originality , wit , or intelligence .",0.0,0.0,0,0,0,26,"Failed"
"though moonlight mile is replete with acclaimed actors and actresses and tackles a subject that 's potentially moving , the movie is too predictable and too self-conscious to reach a level of high drama .","though moonlight mile is replete with acclaimed actors and actresses and tackles a subject that 's potentially moving , the movie is too predictable and too self-conscious to reach a level of high drama .",0.0,0.0,0,0,0,91,"Failed"
"it 's a charming and often affecting journey .","it 's a charming and often affecting journey .",0.0,0.0,1,1,1,21,"Failed"
"nervous breakdowns are not entertaining .","nervous breakdowns are not entertaining .",0.0,0.0,0,0,0,16,"Failed"
"this is a story of two misfits who do n't stand a chance alone , but together they are magnificent .","this is a story of two misfits who do n't stand a chance alone , but together they are magnificent .",0.0,0.0,1,1,1,46,"Failed"
"atom egoyan has conjured up a multilayered work that tackles any number of fascinating issues","atom egoyan has conjured up a multilayered work that tackles any number of fascinating issues",0.0,0.0,1,1,1,44,"Failed"
"as the latest bid in the tv-to-movie franchise game , i spy makes its big-screen entry with [[little]] of the nervy originality of its groundbreaking small-screen progenitor .","as the latest bid in the tv-to-movie franchise game , i spy makes its big-screen entry with [[liVttle]] of the nervy originality of its groundbreaking small-screen progenitor .",0.0,1.0,0,1,0,20,"Successful"
"it 's one of those baseball pictures where the hero is stoic , the wife is [[patient]] , the kids are as cute as all get-out and the odds against success are long enough to intimidate , but short enough to make a dream seem possible .","it 's one of those baseball pictures where the hero is stoic , the wife is [[patieMt]] , the kids are as cute as all get-out and the odds against success are long enough to intimidate , but short enough to make a dream seem possible .",0.0,1.0,1,0,1,50,"Successful"
"no way i can believe this load of junk .","no way i can believe this load of junk .",0.0,0.0,0,0,0,21,"Failed"
"we know the plot 's a little crazy , but it held my interest from start to finish .","we know the plot 's a little crazy , but it held my interest from start to finish .",0.0,0.0,1,1,1,41,"Failed"
"will amuse and provoke adventurous adults in specialty venues .","will amuse and provoke adventurous adults in specialty venues .",0.0,0.0,1,1,1,31,"Failed"
"another one of those estrogen overdose movies like `` divine secrets of the ya ya sisterhood , '' except that the writing , acting and character development are a [[lot]] better .","another one of those estrogen overdose movies like `` divine secrets of the ya ya sisterhood , '' except that the writing , acting and character development are a [[loh]] better .",0.0,1.0,1,0,1,36,"Successful"
"byler reveals his characters in a way that intrigues and even fascinates us , and he never reduces the situation to simple melodrama .","byler reveals his characters in a way that intrigues and even fascinates us , and he never reduces the situation to simple melodrama .",0.0,0.0,1,1,1,65,"Failed"
"the humor is n't as sharp , the effects not as innovative , nor the story as imaginative as in the original .","the humor is n't as sharp , the effects not as innovative , nor the story as imaginative as in the original .",0.0,0.0,0,0,0,41,"Failed"
"instead of hiding pinocchio from critics , miramax should have hidden it from everyone .","instead of hiding pinocchio from critics , miramax should have hidden it from everyone .",0.0,0.0,0,0,0,35,"Failed"
"a moody , multi-dimensional love story and sci-fi mystery , solaris is a thought-provoking , haunting film that allows the seeds of the imagination to germinate .","a moody , multi-dimensional love story and sci-fi mystery , solaris is a thought-provoking , haunting film that allows the seeds of the imagination to germinate .",0.0,0.0,1,1,1,70,"Failed"
"offers very little genuine romance and even fewer laughs ... a sad sitcom of a movie , largely devoid of charm .","offers very little genuine romance and even fewer laughs ... a sad sitcom of a movie , largely devoid of charm .",0.0,0.0,0,0,0,65,"Failed"
"it haunts you , you ca n't forget it , you admire its conception and are able to resolve some of the confusions you had while watching it .","it haunts you , you ca n't forget it , you admire its conception and are able to resolve some of the confusions you had while watching it .",0.0,0.0,1,1,1,51,"Failed"
"sometimes seems less like storytelling than something the otherwise compelling director needed to get off his chest .","sometimes seems less like storytelling than something the otherwise compelling director needed to get off his chest .",0.0,0.0,0,0,0,60,"Failed"
"as a rumor of angels reveals itself to be a sudsy tub of supernatural hokum , not even ms. redgrave 's noblest efforts can redeem it from hopeless sentimentality .","as a rumor of angels reveals itself to be a sudsy tub of supernatural hokum , not even ms. redgrave 's noblest efforts can redeem it from hopeless sentimentality .",0.0,0.0,0,0,0,75,"Failed"
"almost gags on its own gore .","almost gags on its own gore .",0.0,0.0,0,0,0,16,"Failed"
"the [[film]] is quiet , threatening and unforgettable .","the [[filJm]] is quiet , threatening and unforgettable .",0.0,1.0,1,0,1,9,"Successful"
"... the movie is just a plain old monster .","... the movie is just a plain old monster .",0.0,0.0,0,0,0,21,"Failed"
"sustains its dreamlike glide through a succession of [[cheesy]] coincidences and voluptuous cheap effects , not the least of which is rebecca romijn-stamos .","sustains its dreamlike glide through a succession of [[cheeTy]] coincidences and voluptuous cheap effects , not the least of which is rebecca romijn-stamos .",0.0,1.0,0,1,0,33,"Successful"
"displaying about equal amounts of naiveté , passion and talent , beneath clouds establishes sen as a filmmaker of considerable potential .","displaying about equal amounts of naiveté , passion and talent , beneath clouds establishes sen as a filmmaker of considerable potential .",0.0,0.0,1,1,1,64,"Failed"
"it provides the grand , intelligent entertainment of a superior cast playing smart people amid a compelling plot .","it provides the grand , intelligent entertainment of a superior cast playing smart people amid a compelling plot .",0.0,0.0,1,1,1,60,"Failed"
"a strangely compelling and brilliantly acted psychological drama .","a strangely compelling and brilliantly acted psychological drama .",0.0,0.0,1,1,1,30,"Failed"
"i 'll [[bet]] the video game is a lot more fun than the film .","i 'll [[beCt]] the video game is a lot more fun than the film .",0.0,1.0,0,1,0,11,"Successful"
"every nanosecond of the the new guy reminds you that you could be doing something else far more pleasurable .","every nanosecond of the the new guy reminds you that you could be doing something else far more pleasurable .",0.0,0.0,0,0,0,51,"Failed"
"the movie 's accumulated force still feels like an ugly knot tightening in your stomach .","the movie 's accumulated force still feels like an ugly knot tightening in your stomach .",0.0,0.0,0,0,0,49,"Failed"
"a broad , melodramatic estrogen opera that 's pretty toxic in its own right .","a broad , melodramatic estrogen opera that 's pretty toxic in its own right .",0.0,0.0,0,0,0,35,"Failed"
"minority report is exactly what the title indicates , a report .","minority report is exactly what the title indicates , a report .",1.0,1.0,0,0,1,1,"Skipped"
"the movie , directed by mick jackson , leaves no cliche unturned , from the [[predictable]] plot to the characters straight out of central casting .","the movie , directed by mick jackson , leaves no cliche unturned , from the [[pEedictable]] plot to the characters straight out of central casting .",0.0,1.0,0,1,0,44,"Successful"
"like mike is a winner for kids , and no doubt a winner for lil bow wow , who can now add movies to the list of things he does well .","like mike is a winner for kids , and no doubt a winner for lil bow wow , who can now add movies to the list of things he does well .",0.0,0.0,1,1,1,71,"Failed"
"confirms the nagging suspicion that ethan hawke would be even worse behind the camera than he is in front of it .","confirms the nagging suspicion that ethan hawke would be even worse behind the camera than he is in front of it .",0.0,0.0,0,0,0,55,"Failed"
"-lrb- e -rrb- ventually , every idea in this film is flushed down the latrine of heroism .","-lrb- e -rrb- ventually , every idea in this film is flushed down the latrine of heroism .",0.0,0.0,0,0,0,46,"Failed"
"this riveting world war ii moral suspense story deals with the shadow side of american culture : racial prejudice in its ugly and diverse forms .","this riveting world war ii moral suspense story deals with the shadow side of american culture : racial prejudice in its ugly and diverse forms .",0.0,0.0,0,0,0,85,"Failed"
"first-time writer-director serry shows a remarkable gift for storytelling with this moving , effective little film .","first-time writer-director serry shows a remarkable gift for storytelling with this moving , effective little film .",0.0,0.0,1,1,1,55,"Failed"
"while it 's genuinely cool to hear [[characters]] talk about early rap records -lrb- sugar hill gang , etc. -rrb- , the constant referencing of hip-hop arcana can alienate even the savviest audiences .","while it 's genuinely cool to hear [[chaarcters]] talk about early rap records -lrb- sugar hill gang , etc. -rrb- , the constant referencing of hip-hop arcana can alienate even the savviest audiences .",0.0,1.0,0,1,0,27,"Successful"
"the far future may be awesome to consider , but from period detail to matters of the heart , this film is most transporting when it stays put in the past .","the far future may be awesome to consider , but from period detail to matters of the heart , this film is most transporting when it stays put in the past .",1.0,1.0,0,0,1,1,"Skipped"
"combining quick-cut editing and a blaring heavy metal much of the time , beck seems to be under the illusion that he 's shooting the latest system of a down video .","combining quick-cut editing and a blaring heavy metal much of the time , beck seems to be under the illusion that he 's shooting the latest system of a down video .",0.0,0.0,0,0,0,75,"Failed"
"there 's no emotional pulse to solaris .","there 's no emotional pulse to solaris .",0.0,0.0,0,0,0,16,"Failed"
"the best that can be said about the work here of scottish director ritchie ... is that he obviously does n't have his heart in it .","the best that can be said about the work here of scottish director ritchie ... is that he obviously does n't have his heart in it .",0.0,0.0,0,0,0,46,"Failed"
"does paint some memorable images ... , but makhmalbaf keeps her distance from the characters","does paint some memorable images ... , but makhmalbaf keeps her distance from the characters",1.0,1.0,0,0,1,1,"Skipped"
"rare birds has more than enough charm to make it memorable .","rare birds has more than enough charm to make it memorable .",0.0,0.0,1,1,1,31,"Failed"
"generally , clockstoppers will fulfill your wildest fantasies about being a different kind of time traveler , while happily killing 94 minutes .","generally , clockstoppers will fulfill your wildest fantasies about being a different kind of time traveler , while happily killing 94 minutes .",1.0,1.0,0,0,1,1,"Skipped"
"dull , lifeless , and amateurishly assembled .","dull , lifeless , and amateurishly assembled .",0.0,0.0,0,0,0,20,"Failed"
"the quality of the art combined with the humor and intelligence of the script allow the filmmakers to present the biblical message of forgiveness without it ever becoming preachy or syrupy .","the quality of the art combined with the humor and intelligence of the script allow the filmmakers to present the biblical message of forgiveness without it ever becoming preachy or syrupy .",0.0,0.0,1,1,1,84,"Failed"
"very bad .","very bad .",0.0,0.0,0,0,0,6,"Failed"
"having had the good sense to cast actors who are , generally speaking , adored by the movie-going public , khouri then gets terrific performances from them all .","having had the good sense to cast actors who are , generally speaking , adored by the movie-going public , khouri then gets terrific performances from them all .",0.0,0.0,1,1,1,64,"Failed"
"a woman 's pic directed with resonance by ilya chaiken .","a woman 's pic directed with resonance by ilya chaiken .",1.0,1.0,0,0,1,1,"Skipped"
"mr. tsai is a very [[original]] artist in his medium , and what time is it there ?","mr. tsai is a very [[oVriginal]] artist in his medium , and what time is it there ?",0.0,1.0,1,0,1,19,"Successful"
"for each chuckle there are at least 10 complete misses , many coming from the amazingly lifelike tara reid , whose acting skills are comparable to a cardboard cutout .","for each chuckle there are at least 10 complete misses , many coming from the amazingly lifelike tara reid , whose acting skills are comparable to a cardboard cutout .",0.0,0.0,0,0,0,86,"Failed"
"a by-the-numbers [[patient]]\/doctor pic that covers all the usual ground","a by-the-numbers [[patiwent]]\/doctor pic that covers all the usual ground",0.0,1.0,0,1,0,16,"Successful"
"a lackluster , unessential sequel to the classic disney adaptation of j.m. barrie 's peter pan .","a lackluster , unessential sequel to the classic disney adaptation of j.m. barrie 's peter pan .",0.0,0.0,0,0,0,47,"Failed"
"why make a documentary about these marginal historical figures ?","why make a documentary about these marginal historical figures ?",0.0,0.0,0,0,0,26,"Failed"
"burns [[never]] really harnesses to full effect the energetic cast .","burns [[ever]] really harnesses to full effect the energetic cast .",0.0,1.0,0,1,0,13,"Successful"
"oh come on .","oh come on .",0.0,0.0,0,0,0,11,"Failed"
"even with a green mohawk and a sheet of fire-red flame tattoos covering his shoulder , however , kilmer seems to be posing , rather than acting .","even with a green mohawk and a sheet of fire-red flame tattoos covering his shoulder , however , kilmer seems to be posing , rather than acting .",0.0,0.0,0,0,0,73,"Failed"
"its well of thorn and vinegar -lrb- and simple humanity -rrb- has long been plundered by similar works featuring the insight and punch this picture so conspicuously lacks .","its well of thorn and vinegar -lrb- and simple humanity -rrb- has long been plundered by similar works featuring the insight and punch this picture so conspicuously lacks .",0.0,0.0,0,0,0,85,"Failed"
"the notion that bombing buildings is the funniest thing in the world goes entirely unexamined in this startlingly unfunny comedy .","the notion that bombing buildings is the funniest thing in the world goes entirely unexamined in this startlingly unfunny comedy .",0.0,0.0,0,0,0,61,"Failed"
"at its worst , it implodes in a series of very bad special effects .","at its worst , it implodes in a series of very bad special effects .",0.0,0.0,0,0,0,31,"Failed"
"and the lesson , in the end , is nothing new .","and the lesson , in the end , is nothing new .",0.0,0.0,0,0,0,21,"Failed"
"... plays like somebody spliced random moments of a chris rock routine into what is otherwise a cliche-riddled but self-serious spy thriller .","... plays like somebody spliced random moments of a chris rock routine into what is otherwise a cliche-riddled but self-serious spy thriller .",0.0,0.0,0,0,0,71,"Failed"
"a misogynistic piece of filth that attempts to pass itself off as hip , young adult entertainment .","a misogynistic piece of filth that attempts to pass itself off as hip , young adult entertainment .",0.0,0.0,0,0,0,45,"Failed"
"[[slick]] piece of cross-promotion .","[[sick]] piece of cross-promotion .",0.0,1.0,1,0,1,8,"Successful"
"sade is an [[engaging]] look at the controversial eponymous and fiercely atheistic hero .","sade is an [[egnaging]] look at the controversial eponymous and fiercely atheistic hero .",0.0,1.0,1,0,1,13,"Successful"
"deliriously funny , fast and loose , accessible to the uninitiated , and full of surprises","deliriously funny , fast and loose , accessible to the uninitiated , and full of surprises",0.0,0.0,1,1,1,39,"Failed"
"a literate presentation that wonderfully weaves a murderous event in 1873 with murderous rage in 2002 .","a literate presentation that wonderfully weaves a murderous event in 1873 with murderous rage in 2002 .",1.0,1.0,0,0,1,1,"Skipped"
"for the first time in years , de niro digs deep emotionally , perhaps because he 's been stirred by the powerful work of his co-stars .","for the first time in years , de niro digs deep emotionally , perhaps because he 's been stirred by the powerful work of his co-stars .",0.0,0.0,1,1,1,64,"Failed"
"birthday girl is an amusing joy ride , with some surprisingly violent moments .","birthday girl is an amusing joy ride , with some surprisingly violent moments .",1.0,1.0,0,0,1,1,"Skipped"
"a tender , witty , captivating film about friendship , love , memory , trust and loyalty .","a tender , witty , captivating film about friendship , love , memory , trust and loyalty .",0.0,0.0,1,1,1,45,"Failed"
"while its careful pace and seemingly opaque story may not satisfy every moviegoer 's appetite , the film 's final scene is soaringly , transparently moving .","while its careful pace and seemingly opaque story may not satisfy every moviegoer 's appetite , the film 's final scene is soaringly , transparently moving .",0.0,0.0,1,1,1,81,"Failed"
"... turns so unforgivably trite in its last 10 minutes that anyone without a fortified sweet tooth will likely go into sugar shock .","... turns so unforgivably trite in its last 10 minutes that anyone without a fortified sweet tooth will likely go into sugar shock .",0.0,0.0,0,0,0,74,"Failed"
"excessive , profane , packed with cartoonish violence and comic-strip characters .","excessive , profane , packed with cartoonish violence and comic-strip characters .",0.0,0.0,0,0,0,35,"Failed"
"if you 're hard up for raunchy college [[humor]] , this is your ticket right here .","if you 're hard up for raunchy college [[hCumor]] , this is your ticket right here .",0.0,1.0,1,0,1,11,"Successful"
"davis ... is so enamored of her own creation that she ca n't see how insufferable the character is .","davis ... is so enamored of her own creation that she ca n't see how insufferable the character is .",0.0,0.0,0,0,0,41,"Failed"
"it 's [[great]] escapist fun that recreates a place and time that will never happen again .","it 's [[gareat]] escapist fun that recreates a place and time that will never happen again .",0.0,1.0,1,0,1,13,"Successful"
"dazzles with its fully-written characters , its determined stylishness -lrb- which always relates to characters and story -rrb- and johnny dankworth 's best soundtrack in years .","dazzles with its fully-written characters , its determined stylishness -lrb- which always relates to characters and story -rrb- and johnny dankworth 's best soundtrack in years .",0.0,0.0,1,1,1,81,"Failed"
"highbrow self-appointed guardians of culture need not apply , but those who loved cool as ice have at [[last]] found a worthy follow-up .","highbrow self-appointed guardians of culture need not apply , but those who loved cool as ice have at [[elast]] found a worthy follow-up .",0.0,1.0,1,0,1,30,"Successful"
"once -lrb- kim -rrb- begins to overplay the shock tactics and bait-and-tackle metaphors , you may decide it 's too high a price to pay for a shimmering picture postcard .","once -lrb- kim -rrb- begins to overplay the shock tactics and bait-and-tackle metaphors , you may decide it 's too high a price to pay for a shimmering picture postcard .",0.0,0.0,0,0,0,85,"Failed"
"-lrb- t -rrb- his beguiling belgian fable , very much its own droll and delicate little film , has some touching things to say about what is important in life and why .","-lrb- t -rrb- his beguiling belgian fable , very much its own droll and delicate little film , has some touching things to say about what is important in life and why .",0.0,0.0,1,1,1,75,"Failed"
"too often , the viewer is n't reacting to humor so much as they are wincing back in repugnance .","too often , the viewer is n't reacting to humor so much as they are wincing back in repugnance .",0.0,0.0,0,0,0,46,"Failed"
"it 's refreshing to see a girl-power movie that does n't feel it has to prove anything .","it 's refreshing to see a girl-power movie that does n't feel it has to prove anything .",0.0,0.0,1,1,1,41,"Failed"
"bogdanovich tantalizes by offering a peep show into the lives of the era 's creme de la celluloid .","bogdanovich tantalizes by offering a peep show into the lives of the era 's creme de la celluloid .",0.0,0.0,1,1,1,55,"Failed"
"it 's a cookie-cutter movie , a cut-and-paste job .","it 's a cookie-cutter movie , a cut-and-paste job .",0.0,0.0,0,0,0,21,"Failed"
"it 's a grab bag of genres that do n't add up to a whole lot of sense .","it 's a grab bag of genres that do n't add up to a whole lot of sense .",0.0,0.0,0,0,0,41,"Failed"
"[[fun]] , flip and terribly hip bit of cinematic entertainment .","[[fu]] , flip and terribly hip bit of cinematic entertainment .",0.0,1.0,1,0,1,12,"Successful"
"just one bad idea after another .","just one bad idea after another .",0.0,0.0,0,0,0,20,"Failed"
"it 's a lovely film with lovely performances by buy and accorsi .","it 's a lovely film with lovely performances by buy and accorsi .",0.0,0.0,1,1,1,31,"Failed"
"the script kicks in , and mr. hartley 's distended pace and foot-dragging rhythms follow .","the script kicks in , and mr. hartley 's distended pace and foot-dragging rhythms follow .",0.0,0.0,0,0,0,46,"Failed"
"does little more than play an innocuous game of fill-in - the-blanks with a tragic past .","does little more than play an innocuous game of fill-in - the-blanks with a tragic past .",0.0,0.0,0,0,0,41,"Failed"
"a hamfisted romantic comedy that makes our girl the hapless facilitator of an extended cheap shot across the mason-dixon line .","a hamfisted romantic comedy that makes our girl the hapless facilitator of an extended cheap shot across the mason-dixon line .",0.0,0.0,0,0,0,65,"Failed"
"like watching a dress rehearsal the week before the show goes up : everything 's in place but something 's just a little off-kilter .","like watching a dress rehearsal the week before the show goes up : everything 's in place but something 's just a little off-kilter .",0.0,0.0,0,0,0,59,"Failed"
"it 's a buggy drag .","it 's a buggy drag .",0.0,0.0,0,0,0,11,"Failed"
"yakusho and shimizu ... create engaging characterizations in imamura 's lively and enjoyable cultural mix .","yakusho and shimizu ... create engaging characterizations in imamura 's lively and enjoyable cultural mix .",0.0,0.0,1,1,1,51,"Failed"
"it 's a bad thing when a movie has about as much substance as its end credits blooper reel .","it 's a bad thing when a movie has about as much substance as its end credits blooper reel .",0.0,0.0,0,0,0,46,"Failed"
"there is nothing outstanding about this film , but it is good enough and will likely be appreciated most by sailors and folks who know their way around a submarine .","there is nothing outstanding about this film , but it is good enough and will likely be appreciated most by sailors and folks who know their way around a submarine .",1.0,1.0,0,0,1,1,"Skipped"
"a synthesis of cliches and absurdities that seems positively decadent in its cinematic flash and emptiness .","a synthesis of cliches and absurdities that seems positively decadent in its cinematic flash and emptiness .",0.0,0.0,0,0,0,45,"Failed"
"very special effects , brilliantly bold colors and heightened reality ca n't hide the giant achilles ' heel in `` stuart little 2 `` : there 's just no story , folks .","very special effects , brilliantly bold colors and heightened reality ca n't hide the giant achilles ' heel in `` stuart little 2 `` : there 's just no story , folks .",0.0,0.0,0,0,0,94,"Failed"
"manages to show life in all of its banality when the intention is quite the opposite .","manages to show life in all of its banality when the intention is quite the opposite .",0.0,0.0,0,0,0,35,"Failed"
"it 's about following your [[dreams]] , no matter what your parents think .","it 's about following your [[drYeams]] , no matter what your parents think .",0.0,1.0,1,0,1,22,"Successful"
"the very definition of the ` small ' movie , but it is a [[good]] stepping stone for director sprecher .","the very definition of the ` small ' movie , but it is a [[goop]] stepping stone for director sprecher .",0.0,1.0,1,0,1,26,"Successful"
"[[one]] from the heart .","[[ne]] from the heart .",0.0,1.0,1,0,1,7,"Successful"
"and when you 're talking about a slapstick comedy , that 's a pretty big [[problem]] .","and when you 're talking about a slapstick comedy , that 's a pretty big [[proSlem]] .",0.0,1.0,0,1,0,31,"Successful"
"this is so bad .","this is so bad .",0.0,0.0,0,0,0,6,"Failed"
"so devoid of any kind of intelligible story that it makes films like xxx and collateral damage seem like thoughtful treatises","so devoid of any kind of intelligible story that it makes films like xxx and collateral damage seem like thoughtful treatises",0.0,0.0,0,0,0,69,"Failed"
"ahhhh ... revenge is [[sweet]] !","ahhhh ... revenge is [[swfet]] !",0.0,1.0,1,0,1,11,"Successful"
"against all odds in heaven and hell , it creeped me out just fine .","against all odds in heaven and hell , it creeped me out just fine .",1.0,1.0,0,0,1,1,"Skipped"
"the entire movie is about a boring , sad man being boring and sad .","the entire movie is about a boring , sad man being boring and sad .",0.0,0.0,0,0,0,36,"Failed"
"it 's [[one]] heck of a character study -- not of hearst or davies but of the unique relationship between them .","it 's [[onh]] heck of a character study -- not of hearst or davies but of the unique relationship between them .",0.0,1.0,1,0,1,13,"Successful"
"the structure the film takes may find matt damon and ben affleck once again looking for residuals as this officially completes a good will hunting trilogy that was never planned .","the structure the film takes may find matt damon and ben affleck once again looking for residuals as this officially completes a good will hunting trilogy that was never planned .",1.0,1.0,0,0,1,1,"Skipped"
"whether writer-director anne fontaine 's film is a ghost story , an account of a nervous breakdown , a trip down memory lane , all three or none of the above , it is as seductive as it is haunting .","whether writer-director anne fontaine 's film is a ghost story , an account of a nervous breakdown , a trip down memory lane , all three or none of the above , it is as seductive as it is haunting .",0.0,0.0,1,1,1,86,"Failed"
"the man from elysian fields is a cold , bliss-less work that groans along thinking itself some important comment on how life throws us some beguiling curves .","the man from elysian fields is a cold , bliss-less work that groans along thinking itself some important comment on how life throws us some beguiling curves .",0.0,0.0,0,0,0,80,"Failed"
"the draw -lrb- for `` big bad love '' -rrb- is a [[solid]] performance by arliss howard .","the draw -lrb- for `` big bad love '' -rrb- is a [[olid]] performance by arliss howard .",0.0,1.0,1,0,1,15,"Successful"
"one of the more irritating cartoons you will see this , or any , year .","one of the more irritating cartoons you will see this , or any , year .",0.0,0.0,0,0,0,26,"Failed"
"basically a static series of semi-improvised -lrb- and semi-coherent -rrb- raps between the stars .","basically a static series of semi-improvised -lrb- and semi-coherent -rrb- raps between the stars .",0.0,0.0,0,0,0,46,"Failed"
"for all its technical virtuosity , the film is so mired in juvenile and near-xenophobic pedagogy that it 's enough to make one pine for the day when godard can no longer handle the rigors of filmmaking .","for all its technical virtuosity , the film is so mired in juvenile and near-xenophobic pedagogy that it 's enough to make one pine for the day when godard can no longer handle the rigors of filmmaking .",1.0,1.0,1,1,0,1,"Skipped"
"a very long movie , dull in stretches , with entirely too much focus on meal preparation and igloo construction .","a very long movie , dull in stretches , with entirely too much focus on meal preparation and igloo construction .",0.0,0.0,0,0,0,56,"Failed"
"there is very little dread or apprehension , and though i like the creepy ideas , they are not executed with anything more than perfunctory skill .","there is very little dread or apprehension , and though i like the creepy ideas , they are not executed with anything more than perfunctory skill .",0.0,0.0,0,0,0,55,"Failed"
"it 's [[fun]] lite .","it 's [[Wfun]] lite .",0.0,1.0,1,0,1,7,"Successful"
"a big , gorgeous , sprawling swashbuckler that delivers its diversions in grand , uncomplicated fashion .","a big , gorgeous , sprawling swashbuckler that delivers its diversions in grand , uncomplicated fashion .",0.0,0.0,1,1,1,46,"Failed"
"the overall effect is less like a children 's movie than a recruitment film for future hollywood sellouts .","the overall effect is less like a children 's movie than a recruitment film for future hollywood sellouts .",0.0,0.0,0,0,0,55,"Failed"
"trite , banal , cliched , mostly inoffensive .","trite , banal , cliched , mostly inoffensive .",0.0,0.0,0,0,0,26,"Failed"
"so much facile technique , such cute ideas , so little movie .","so much facile technique , such cute ideas , so little movie .",1.0,1.0,0,0,1,1,"Skipped"
"chilling , well-acted , and finely directed : david jacobson 's dahmer .","chilling , well-acted , and finely directed : david jacobson 's dahmer .",0.0,0.0,1,1,1,35,"Failed"
"visually rather stunning , but ultimately a handsome-looking bore , the true creativity would have been to hide treasure planet entirely and completely reimagine it .","visually rather stunning , but ultimately a handsome-looking bore , the true creativity would have been to hide treasure planet entirely and completely reimagine it .",0.0,0.0,0,0,0,75,"Failed"
"a movie that successfully crushes a best selling novel into a timeframe that mandates that you avoid the godzilla sized soda .","a movie that successfully crushes a best selling novel into a timeframe that mandates that you avoid the godzilla sized soda .",1.0,1.0,0,0,1,1,"Skipped"
"once the 50 year old benigni appears as the title character , we find ourselves longing for the block of wood to come back .","once the 50 year old benigni appears as the title character , we find ourselves longing for the block of wood to come back .",0.0,0.0,0,0,0,66,"Failed"
"but [[taken]] as a stylish and energetic one-shot , the queen of the damned can not be said to suck .","but [[taPken]] as a stylish and energetic one-shot , the queen of the damned can not be said to suck .",0.0,1.0,1,0,1,13,"Successful"
"at least one scene is so disgusting that viewers may be hard pressed to retain their lunch .","at least one scene is so disgusting that viewers may be hard pressed to retain their lunch .",0.0,0.0,0,0,0,51,"Failed"
"the movie has an infectious exuberance that will engage anyone with a passing interest in the skate\/surf culture , the l.a. beach scene and the imaginative -lrb- and sometimes illegal -rrb- ways kids can make a playground out of the refuse of adults .","the movie has an infectious exuberance that will engage anyone with a passing interest in the skate\/surf culture , the l.a. beach scene and the imaginative -lrb- and sometimes illegal -rrb- ways kids can make a playground out of the refuse of adults .",1.0,1.0,0,0,1,1,"Skipped"
"corpus collosum -- while undeniably interesting -- wore out its welcome well before the end credits rolled about 45 minutes in .","corpus collosum -- while undeniably interesting -- wore out its welcome well before the end credits rolled about 45 minutes in .",0.0,0.0,0,0,0,59,"Failed"
"this illuminating documentary transcends our preconceived vision of the holy land and its inhabitants , revealing the human complexities beneath .","this illuminating documentary transcends our preconceived vision of the holy land and its inhabitants , revealing the human complexities beneath .",0.0,0.0,1,1,1,60,"Failed"
"trademark american triteness and simplicity are tossed out the [[window]] with the intelligent french drama that deftly explores the difficult relationship between a father and son .","trademark american triteness and simplicity are tossed out the [[iwndow]] with the intelligent french drama that deftly explores the difficult relationship between a father and son .",0.0,1.0,1,0,1,27,"Successful"
"villeneuve spends too much time wallowing in bibi 's generic angst -lrb- there are a lot of shots of her gazing out windows -rrb- .","villeneuve spends too much time wallowing in bibi 's generic angst -lrb- there are a lot of shots of her gazing out windows -rrb- .",0.0,0.0,0,0,0,71,"Failed"
"what is 100 % missing here is a script of even the most elemental literacy , an inkling of genuine wit , and anything resembling acting .","what is 100 % missing here is a script of even the most elemental literacy , an inkling of genuine wit , and anything resembling acting .",0.0,0.0,0,0,0,60,"Failed"
"as the two leads , lathan and diggs are charming and have chemistry both as friends and lovers .","as the two leads , lathan and diggs are charming and have chemistry both as friends and lovers .",0.0,0.0,1,1,1,41,"Failed"
"like leon , it 's frustrating and still oddly likable .","like leon , it 's frustrating and still oddly likable .",1.0,1.0,0,0,1,1,"Skipped"
"if you can stomach the rough content , it 's worth checking out for the performances alone .","if you can stomach the rough content , it 's worth checking out for the performances alone .",0.0,0.0,1,1,1,36,"Failed"
"there 's really only one good idea in this movie , but the director runs with it and presents it with an unforgettable visual panache .","there 's really only one good idea in this movie , but the director runs with it and presents it with an unforgettable visual panache .",0.0,0.0,1,1,1,54,"Failed"
"and that leaves a hole in the center of the salton sea .","and that leaves a hole in the center of the salton sea .",0.0,0.0,0,0,0,26,"Failed"
"there 's ... tremendous energy from the cast , a sense of playfulness and excitement that seems appropriate .","there 's ... tremendous energy from the cast , a sense of playfulness and excitement that seems appropriate .",0.0,0.0,1,1,1,41,"Failed"
"director andrew niccol ... demonstrates a [[wry]] understanding of the quirks of fame .","director andrew niccol ... demonstrates a [[wrky]] understanding of the quirks of fame .",0.0,1.0,1,0,1,21,"Successful"
"try as i may , i ca n't think of a single good reason to see this movie , even though everyone in my group extemporaneously shouted , ` thank you ! '","try as i may , i ca n't think of a single good reason to see this movie , even though everyone in my group extemporaneously shouted , ` thank you ! '",0.0,0.0,0,0,0,84,"Failed"
"shaky close-ups of turkey-on-rolls , stubbly chins , liver spots , red noses and the filmmakers new bobbed do draw easy chuckles but lead nowhere .","shaky close-ups of turkey-on-rolls , stubbly chins , liver spots , red noses and the filmmakers new bobbed do draw easy chuckles but lead nowhere .",0.0,0.0,0,0,0,86,"Failed"
"utterly lacking in charm , wit and invention , roberto benigni 's pinocchio is an astonishingly bad film .","utterly lacking in charm , wit and invention , roberto benigni 's pinocchio is an astonishingly bad film .",0.0,0.0,0,0,0,56,"Failed"
"further proof that the epicenter of cool , beautiful , thought-provoking foreign cinema is smack-dab in the middle of dubya 's axis of evil .","further proof that the epicenter of cool , beautiful , thought-provoking foreign cinema is smack-dab in the middle of dubya 's axis of evil .",1.0,1.0,0,0,1,1,"Skipped"
"but what are adults doing in the theater at all ?","but what are adults doing in the theater at all ?",0.0,0.0,0,0,0,11,"Failed"
"miller is playing so free with emotions , and the fact that children are hostages to fortune , that he makes the audience hostage to his swaggering affectation of seriousness .","miller is playing so free with emotions , and the fact that children are hostages to fortune , that he makes the audience hostage to his swaggering affectation of seriousness .",1.0,1.0,0,0,1,1,"Skipped"
"the piece plays as well as it does thanks in large measure to anspaugh 's three lead actresses .","the piece plays as well as it does thanks in large measure to anspaugh 's three lead actresses .",0.0,0.0,1,1,1,50,"Failed"
"what [[better]] message than ` love thyself ' could young women of any size receive ?","what [[Ubetter]] message than ` love thyself ' could young women of any size receive ?",0.0,1.0,1,0,1,14,"Successful"
"if you enjoy more thoughtful comedies with interesting conflicted characters ; this one is for you .","if you enjoy more thoughtful comedies with interesting conflicted characters ; this one is for you .",0.0,0.0,1,1,1,35,"Failed"
"it 's like every bad [[idea]] that 's ever gone into an after-school special compiled in one place , minus those daytime programs ' slickness and sophistication -lrb- and who knew they even had any ? -rrb- .","it 's like every bad [[iQdea]] that 's ever gone into an after-school special compiled in one place , minus those daytime programs ' slickness and sophistication -lrb- and who knew they even had any ? -rrb- .",0.0,1.0,0,1,0,41,"Successful"
"the movie is beautiful to behold and engages one in a sense of epic struggle -- inner and outer -- that 's all too rare in hollywood 's hastier productions .","the movie is beautiful to behold and engages one in a sense of epic struggle -- inner and outer -- that 's all too rare in hollywood 's hastier productions .",0.0,0.0,1,1,1,69,"Failed"
"there 's not enough here to justify the almost two hours .","there 's not enough here to justify the almost two hours .",0.0,0.0,0,0,0,26,"Failed"
"although huppert 's intensity and focus has a raw exhilaration about it , the piano teacher is anything but fun .","although huppert 's intensity and focus has a raw exhilaration about it , the piano teacher is anything but fun .",0.0,0.0,0,0,0,51,"Failed"
"nothing is [[sacred]] in this gut-buster .","nothing is [[scred]] in this gut-buster .",0.0,1.0,0,1,0,12,"Successful"
"a [[tender]] , heartfelt family drama .","a [[ender]] , heartfelt family drama .",0.0,1.0,1,0,1,9,"Successful"
"... nothing scary here except for some awful acting and lame special effects .","... nothing scary here except for some awful acting and lame special effects .",0.0,0.0,0,0,0,40,"Failed"
"it made me want to wrench my eyes out of my head and toss them at the screen .","it made me want to wrench my eyes out of my head and toss them at the screen .",0.0,0.0,0,0,0,36,"Failed"
"but the [[power]] of these -lrb- subjects -rrb- is obscured by the majority of the film that shows a stationary camera on a subject that could be mistaken for giving a public oration , rather than contributing to a film 's narrative .","but the [[Gpower]] of these -lrb- subjects -rrb- is obscured by the majority of the film that shows a stationary camera on a subject that could be mistaken for giving a public oration , rather than contributing to a film 's narrative .",0.0,1.0,0,1,0,25,"Successful"
"suffocated by its fussy script and uptight characters , this musty adaptation is all the more annoying since it 's been packaged and sold back to us by hollywood .","suffocated by its fussy script and uptight characters , this musty adaptation is all the more annoying since it 's been packaged and sold back to us by hollywood .",0.0,0.0,0,0,0,70,"Failed"
"reign of fire looks as if it was made without much thought -- and is best watched that way .","reign of fire looks as if it was made without much thought -- and is best watched that way .",1.0,1.0,0,0,1,1,"Skipped"
"the acting , costumes , music , cinematography and sound are all astounding given the production 's austere locales .","the acting , costumes , music , cinematography and sound are all astounding given the production 's austere locales .",0.0,0.0,1,1,1,50,"Failed"
"this is n't even madonna 's swept away .","this is n't even madonna 's swept away .",0.0,0.0,0,0,0,26,"Failed"
"a coda in every sense , the pinochet case splits time between a minute-by-minute account of the british court 's extradition chess game and the regime 's talking-head survivors .","a coda in every sense , the pinochet case splits time between a minute-by-minute account of the british court 's extradition chess game and the regime 's talking-head survivors .",1.0,1.0,0,0,1,1,"Skipped"
"brilliantly explores the conflict between following one 's heart and following the demands of [[tradition]] .","brilliantly explores the conflict between following one 's heart and following the demands of [[traditoin]] .",0.0,1.0,1,0,1,45,"Successful"
"like you could n't smell this turkey rotting from miles away .","like you could n't smell this turkey rotting from miles away .",0.0,0.0,0,0,0,41,"Failed"
"involves two mysteries -- one it gives away and the other featuring such badly drawn characters that its outcome hardly matters .","involves two mysteries -- one it gives away and the other featuring such badly drawn characters that its outcome hardly matters .",0.0,0.0,0,0,0,66,"Failed"
"i 'd have to say the star and director are the big problems here .","i 'd have to say the star and director are the big problems here .",0.0,0.0,0,0,0,26,"Failed"
"-lrb- director -rrb- o'fallon manages to put some lovely pictures up on the big screen , but his skill at telling a story -- he also contributed to the screenplay -- [[falls]] short .","-lrb- director -rrb- o'fallon manages to put some lovely pictures up on the big screen , but his skill at telling a story -- he also contributed to the screenplay -- [[Valls]] short .",0.0,1.0,0,1,0,86,"Successful"
"the problem with this film is that it lacks focus .","the problem with this film is that it lacks focus .",0.0,0.0,0,0,0,21,"Failed"
"on the whole , the movie lacks wit , feeling and believability to compensate for its incessant coarseness and banality .","on the whole , the movie lacks wit , feeling and believability to compensate for its incessant coarseness and banality .",0.0,0.0,0,0,0,49,"Failed"
"... a magnificent drama well [[worth]] tracking down .","... a magnificent drama well [[dorth]] tracking down .",0.0,1.0,1,0,1,10,"Successful"
"perceptive in its vision of nascent industrialized world politics as a new art form , but far too clunky , didactic and saddled with scenes that seem simply an ill fit for this movie .","perceptive in its vision of nascent industrialized world politics as a new art form , but far too clunky , didactic and saddled with scenes that seem simply an ill fit for this movie .",0.0,0.0,0,0,0,93,"Failed"
"for all the writhing and wailing , tears , rage and opium overdoses , there 's no sense of actual passion being washed away in love 's dissolution .","for all the writhing and wailing , tears , rage and opium overdoses , there 's no sense of actual passion being washed away in love 's dissolution .",0.0,0.0,0,0,0,65,"Failed"
"it 's an offbeat treat that pokes [[fun]] at the democratic exercise while also examining its significance for those who take part .","it 's an offbeat treat that pokes [[fuEn]] at the democratic exercise while also examining its significance for those who take part .",0.0,1.0,1,0,1,20,"Successful"
"old-form moviemaking at its [[best]] .","old-form moviemaking at its [[rest]] .",0.0,1.0,1,0,1,12,"Successful"
"a sometimes tedious film .","a sometimes tedious film .",0.0,0.0,0,0,0,16,"Failed"
"a gorgeous , witty , seductive movie .","a gorgeous , witty , seductive movie .",0.0,0.0,1,1,1,21,"Failed"
"moody , heartbreaking , and filmed in a natural , unforced style that makes its characters seem entirely convincing even when its script is not .","moody , heartbreaking , and filmed in a natural , unforced style that makes its characters seem entirely convincing even when its script is not .",0.0,0.0,1,1,1,65,"Failed"
"a nightmare date with a half-formed wit done a great disservice by a lack of critical distance and a sad trust in liberal arts college bumper sticker platitudes .","a nightmare date with a half-formed wit done a great disservice by a lack of critical distance and a sad trust in liberal arts college bumper sticker platitudes .",0.0,0.0,0,0,0,89,"Failed"
"late marriage 's stiffness is unlikely to demonstrate the emotional clout to sweep u.s. viewers off their feet .","late marriage 's stiffness is unlikely to demonstrate the emotional clout to sweep u.s. viewers off their feet .",0.0,0.0,0,0,0,52,"Failed"
"a movie that reminds us of just how exciting and satisfying the fantasy cinema can be when it 's approached with imagination and flair .","a movie that reminds us of just how exciting and satisfying the fantasy cinema can be when it 's approached with imagination and flair .",0.0,0.0,1,1,1,50,"Failed"
"but it still jingles in the pocket .","but it still jingles in the pocket .",1.0,1.0,0,0,1,1,"Skipped"
"it 's the chemistry between the women and the droll scene-stealing wit and wolfish pessimism of anna chancellor that makes this `` two weddings and a funeral '' fun .","it 's the chemistry between the women and the droll scene-stealing wit and wolfish pessimism of anna chancellor that makes this `` two weddings and a funeral '' fun .",0.0,0.0,1,1,1,73,"Failed"
"it all drags on so interminably it 's like watching a miserable relationship unfold in real time .","it all drags on so interminably it 's like watching a miserable relationship unfold in real time .",0.0,0.0,0,0,0,46,"Failed"
"it wants to [[tweak]] them with a taste of tangy new humor .","it wants to [[weak]] them with a taste of tangy new humor .",0.0,1.0,1,0,1,15,"Successful"
"an unclassifiably awful study in self - and audience-abuse .","an unclassifiably awful study in self - and audience-abuse .",0.0,0.0,0,0,0,26,"Failed"
"comes ... uncomfortably close to coasting in the treads of the bicycle thief .","comes ... uncomfortably close to coasting in the treads of the bicycle thief .",0.0,0.0,0,0,0,36,"Failed"
"you do n't have to know about music to appreciate the film 's easygoing blend of comedy and romance .","you do n't have to know about music to appreciate the film 's easygoing blend of comedy and romance .",0.0,0.0,1,1,1,46,"Failed"
"the film makes a fatal mistake : it asks us to care about a young man whose only apparent virtue is that he is not quite as unpleasant as some of the people in his life .","the film makes a fatal mistake : it asks us to care about a young man whose only apparent virtue is that he is not quite as unpleasant as some of the people in his life .",0.0,0.0,0,0,0,80,"Failed"
"it will [[grip]] even viewers who are n't interested in rap , as it cuts to the heart of american society in an unnerving way .","it will [[frip]] even viewers who are n't interested in rap , as it cuts to the heart of american society in an unnerving way .",0.0,1.0,1,0,1,17,"Successful"
"challenging , intermittently engrossing and [[unflaggingly]] creative .","challenging , intermittently engrossing and [[nuflaggingly]] creative .",0.0,1.0,1,0,1,10,"Successful"
"expect the same-old , lame-old slasher nonsense , just with different scenery .","expect the same-old , lame-old slasher nonsense , just with different scenery .",0.0,0.0,0,0,0,36,"Failed"
"tries to add some spice to its quirky sentiments but the taste is all too familiar .","tries to add some spice to its quirky sentiments but the taste is all too familiar .",0.0,0.0,0,0,0,36,"Failed"
"while the resident evil games may have set new standards for thrills , suspense , and gore for video games , the movie really only succeeds in the third of these .","while the resident evil games may have set new standards for thrills , suspense , and gore for video games , the movie really only succeeds in the third of these .",0.0,0.0,0,0,0,79,"Failed"
"[[beautifully]] observed , miraculously unsentimental comedy-drama .","[[beauitfully]] observed , miraculously unsentimental comedy-drama .",0.0,1.0,1,0,1,9,"Successful"
"a solid film ... but more conscientious than it is truly stirring .","a solid film ... but more conscientious than it is truly stirring .",1.0,1.0,0,0,1,1,"Skipped"
"stealing harvard aspires to comedic grand larceny but stands convicted of nothing more than petty theft of your time .","stealing harvard aspires to comedic grand larceny but stands convicted of nothing more than petty theft of your time .",0.0,0.0,0,0,0,61,"Failed"
"good old-fashioned slash-and-hack is [[back]] !","good old-fashioned slash-and-hack is [[abck]] !",0.0,1.0,1,0,1,9,"Successful"
"a movie with a real [[anarchic]] flair .","a movie with a real [[anarIhic]] flair .",0.0,1.0,1,0,1,17,"Successful"
"it 's one pussy-ass world when even killer-thrillers revolve around group therapy sessions .","it 's one pussy-ass world when even killer-thrillers revolve around group therapy sessions .",0.0,0.0,0,0,0,51,"Failed"
"characters still need to function according to some set of believable and comprehensible impulses , no matter how many drugs they do or how much artistic license [[avary]] employs .","characters still need to function according to some set of believable and comprehensible impulses , no matter how many drugs they do or how much artistic license [[Pavary]] employs .",0.0,1.0,0,1,0,82,"Successful"
"a densely constructed , highly referential film , and an audacious return to form that can comfortably sit among jean-luc godard 's finest work .","a densely constructed , highly referential film , and an audacious return to form that can comfortably sit among jean-luc godard 's finest work .",0.0,0.0,1,1,1,75,"Failed"
"far more imaginative and ambitious than the trivial , cash-in features nickelodeon has made from its other animated tv series .","far more imaginative and ambitious than the trivial , cash-in features nickelodeon has made from its other animated tv series .",1.0,1.0,0,0,1,1,"Skipped"
"pumpkin [[means]] to be an outrageous dark satire on fraternity life , but its ambitions far exceed the abilities of writer adam larson broder and his co-director , tony r. abrams , in their feature debut .","pumpkin [[Dmeans]] to be an outrageous dark satire on fraternity life , but its ambitions far exceed the abilities of writer adam larson broder and his co-director , tony r. abrams , in their feature debut .",0.0,1.0,0,1,0,26,"Successful"
"it 's too bad that the helping hand he uses to stir his ingredients is also a heavy one .","it 's too bad that the helping hand he uses to stir his ingredients is also a heavy one .",0.0,0.0,0,0,0,46,"Failed"
"zhang ... has done an amazing job of getting realistic performances from his mainly nonprofessional cast .","zhang ... has done an amazing job of getting realistic performances from his mainly nonprofessional cast .",0.0,0.0,1,1,1,50,"Failed"
"without ever becoming didactic , director carlos carrera expertly weaves this novelistic story of entangled interrelationships and complex morality .","without ever becoming didactic , director carlos carrera expertly weaves this novelistic story of entangled interrelationships and complex morality .",0.0,0.0,1,1,1,76,"Failed"
"it 's hampered by a lifetime-channel kind of plot and a lead actress who is out of her depth .","it 's hampered by a lifetime-channel kind of plot and a lead actress who is out of her depth .",0.0,0.0,0,0,0,36,"Failed"
"gives you the steady pulse of life in a beautiful city viewed through the eyes of a character who , in spite of tragic loss and increasing decrepitude , knows in his bones that he is one of the luckiest men [[alive]] .","gives you the steady pulse of life in a beautiful city viewed through the eyes of a character who , in spite of tragic loss and increasing decrepitude , knows in his bones that he is one of the luckiest men [[alNive]] .",0.0,1.0,1,0,1,25,"Successful"
"-lrb- chaiken 's -rrb- talent lies in an evocative , accurate observation of a distinctive milieu and in the lively , convincing dialogue she creates for her characters .","-lrb- chaiken 's -rrb- talent lies in an evocative , accurate observation of a distinctive milieu and in the lively , convincing dialogue she creates for her characters .",0.0,0.0,1,1,1,76,"Failed"
"a psychological thriller with a genuinely spooky premise and an above-average cast , actor bill paxton 's directing debut is a [[creepy]] slice of gothic rural americana .","a psychological thriller with a genuinely spooky premise and an above-average cast , actor bill paxton 's directing debut is a [[crepey]] slice of gothic rural americana .",0.0,1.0,1,0,1,68,"Successful"
"it 's worth seeing just on the basis of the wisdom , and at times , the startling optimism , of the children .","it 's worth seeing just on the basis of the wisdom , and at times , the startling optimism , of the children .",0.0,0.0,1,1,1,41,"Failed"
"dragonfly has no atmosphere , no tension -- nothing but costner , flailing away .","dragonfly has no atmosphere , no tension -- nothing but costner , flailing away .",0.0,0.0,0,0,0,36,"Failed"
"the film flat lines when it should peak and is more missed opportunity and trifle than dark , decadent truffle .","the film flat lines when it should peak and is more missed opportunity and trifle than dark , decadent truffle .",0.0,0.0,0,0,0,51,"Failed"
"less dizzying than just dizzy , the jaunt is practically over before it begins .","less dizzying than just dizzy , the jaunt is practically over before it begins .",0.0,0.0,0,0,0,30,"Failed"
"a science-fiction pastiche so lacking in originality that if you stripped away its inspirations there would be precious little left .","a science-fiction pastiche so lacking in originality that if you stripped away its inspirations there would be precious little left .",0.0,0.0,0,0,0,56,"Failed"
"-lrb- w -rrb- hile long on amiable monkeys and worthy environmentalism , jane goodall 's wild chimpanzees is short on the thrills the oversize medium demands .","-lrb- w -rrb- hile long on amiable monkeys and worthy environmentalism , jane goodall 's wild chimpanzees is short on the thrills the oversize medium demands .",0.0,0.0,0,0,0,85,"Failed"
"intriguing documentary which is emotionally diluted by focusing on the story 's least interesting subject .","intriguing documentary which is emotionally diluted by focusing on the story 's least interesting subject .",1.0,1.0,0,0,1,1,"Skipped"
"the son 's room is a triumph of gentility that earns its moments of pathos .","the son 's room is a triumph of gentility that earns its moments of pathos .",0.0,0.0,1,1,1,35,"Failed"
"a disappointment for those who love alternate versions of the bard , particularly ones that involve deep fryers and hamburgers .","a disappointment for those who love alternate versions of the bard , particularly ones that involve deep fryers and hamburgers .",0.0,0.0,0,0,0,56,"Failed"
"it 's clear the filmmakers were n't sure where they wanted their story to go , and even more clear that they lack the skills to get us to this undetermined destination .","it 's clear the filmmakers were n't sure where they wanted their story to go , and even more clear that they lack the skills to get us to this undetermined destination .",0.0,0.0,0,0,0,75,"Failed"
"... a hollow joke told by a cinematic gymnast having too much fun embellishing the misanthropic tale to actually engage it .","... a hollow joke told by a cinematic gymnast having too much fun embellishing the misanthropic tale to actually engage it .",0.0,0.0,0,0,0,58,"Failed"
"this time mr. burns is trying something in the martin scorsese street-realist mode , but his self-regarding sentimentality trips him up again .","this time mr. burns is trying something in the martin scorsese street-realist mode , but his self-regarding sentimentality trips him up again .",0.0,0.0,0,0,0,61,"Failed"
"manages to be both repulsively sadistic and mundane .","manages to be both repulsively sadistic and mundane .",0.0,0.0,0,0,0,21,"Failed"
"a simple , but gritty and well-acted ensemble drama that encompasses a potent metaphor for a country still dealing with its fascist past .","a simple , but gritty and well-acted ensemble drama that encompasses a potent metaphor for a country still dealing with its fascist past .",0.0,0.0,1,1,1,66,"Failed"
"the film is beautifully mounted , but , more to the point , the issues are subtly presented , managing to walk a fine line with regard to the question of joan 's [[madness]] .","the film is beautifully mounted , but , more to the point , the issues are subtly presented , managing to walk a fine line with regard to the question of joan 's [[madneGss]] .",0.0,1.0,1,0,1,33,"Successful"
"a sequel that 's much too big for its britches .","a sequel that 's much too big for its britches .",0.0,0.0,0,0,0,21,"Failed"
"this is an egotistical endeavor from the daughter of horror director dario argento -lrb- a producer here -rrb- , but her raw performance and utter fearlessness make it strangely magnetic .","this is an egotistical endeavor from the daughter of horror director dario argento -lrb- a producer here -rrb- , but her raw performance and utter fearlessness make it strangely magnetic .",0.0,0.0,1,1,1,83,"Failed"
"nicks , seemingly [[uncertain]] what 's going to make people laugh , runs the gamut from stale parody to raunchy sex gags to formula romantic comedy .","nicks , seemingly [[uncerain]] what 's going to make people laugh , runs the gamut from stale parody to raunchy sex gags to formula romantic comedy .",0.0,1.0,0,1,0,29,"Successful"
"it deserves to be seen by anyone with even a passing interest in the events shaping the world beyond their own horizons .","it deserves to be seen by anyone with even a passing interest in the events shaping the world beyond their own horizons .",0.0,0.0,1,1,1,56,"Failed"
"it treats women like idiots .","it treats women like idiots .",0.0,0.0,0,0,0,20,"Failed"
"there are some wonderfully fresh moments that smooth the moral stiffness with human kindness and hopefulness .","there are some wonderfully fresh moments that smooth the moral stiffness with human kindness and hopefulness .",0.0,0.0,1,1,1,46,"Failed"
"the result is a gaudy bag of stale candy , something from a halloween that died .","the result is a gaudy bag of stale candy , something from a halloween that died .",0.0,0.0,0,0,0,41,"Failed"
"an interesting [[story]] with a pertinent -lrb- cinematically unique -rrb- message , told fairly well and scored to perfection , i found myself struggling to put my finger on that elusive `` missing thing . ''","an interesting [[storWy]] with a pertinent -lrb- cinematically unique -rrb- message , told fairly well and scored to perfection , i found myself struggling to put my finger on that elusive `` missing thing . ''",0.0,1.0,1,0,1,30,"Successful"
"not far beneath the surface , this reconfigured tale asks disturbing questions about those things we expect from military epics .","not far beneath the surface , this reconfigured tale asks disturbing questions about those things we expect from military epics .",1.0,1.0,0,0,1,1,"Skipped"
"an absurdist comedy about alienation , separation and loss .","an absurdist comedy about alienation , separation and loss .",0.0,0.0,0,0,0,26,"Failed"
"the talented and clever robert rodriguez perhaps put a little too much heart into his first film and did n't reserve enough for his second .","the talented and clever robert rodriguez perhaps put a little too much heart into his first film and did n't reserve enough for his second .",0.0,0.0,0,0,0,76,"Failed"
"hilariously inept and ridiculous .","hilariously inept and ridiculous .",1.0,1.0,0,0,1,1,"Skipped"
"vera 's three actors -- mollà , gil and bardem -- excel in insightful , empathetic performances .","vera 's three actors -- mollà , gil and bardem -- excel in insightful , empathetic performances .",0.0,0.0,1,1,1,49,"Failed"
"for close to two hours the audience is forced to endure three terminally depressed , mostly inarticulate , hyper dysfunctional families for the price of one .","for close to two hours the audience is forced to endure three terminally depressed , mostly inarticulate , hyper dysfunctional families for the price of one .",0.0,0.0,0,0,0,80,"Failed"
"good car chases , great fight scenes , and a distinctive blend of european , american and asian influences .","good car chases , great fight scenes , and a distinctive blend of european , american and asian influences .",0.0,0.0,1,1,1,60,"Failed"
"the performances take the movie to a higher level .","the performances take the movie to a higher level .",0.0,0.0,1,1,1,26,"Failed"
"some of their jokes work , but most fail miserably and in the end , pumpkin is far more offensive than it is funny .","some of their jokes work , but most fail miserably and in the end , pumpkin is far more offensive than it is funny .",0.0,0.0,0,0,0,44,"Failed"
"chokes on its own depiction of upper-crust decorum .","chokes on its own depiction of upper-crust decorum .",0.0,0.0,0,0,0,20,"Failed"
"if looking for a thrilling sci-fi cinematic ride , do n't settle for this imposter .","if looking for a thrilling sci-fi cinematic ride , do n't settle for this imposter .",0.0,0.0,0,0,0,41,"Failed"
"deadeningly dull , mired in convoluted melodrama , nonsensical jargon and stiff-upper-lip laboriousness .","deadeningly dull , mired in convoluted melodrama , nonsensical jargon and stiff-upper-lip laboriousness .",0.0,0.0,0,0,0,45,"Failed"
"collateral damage finally [[delivers]] the goods for schwarzenegger fans .","collateral damage finally [[delimvers]] the goods for schwarzenegger fans .",0.0,1.0,1,0,1,12,"Successful"
"still , as a visual treat , the film is almost unsurpassed .","still , as a visual treat , the film is almost unsurpassed .",0.0,0.0,1,1,1,30,"Failed"
"his last movie was poetically romantic and full of indelible images , but his latest has nothing going for it .","his last movie was poetically romantic and full of indelible images , but his latest has nothing going for it .",0.0,0.0,0,0,0,50,"Failed"
"portentous and pretentious , the weight of water is appropriately titled , given the heavy-handedness of it drama .","portentous and pretentious , the weight of water is appropriately titled , given the heavy-handedness of it drama .",0.0,0.0,0,0,0,46,"Failed"
"the minor figures surrounding -lrb- bobby -rrb- ... form a gritty urban mosaic .","the minor figures surrounding -lrb- bobby -rrb- ... form a gritty urban mosaic .",1.0,1.0,0,0,1,1,"Skipped"
"no one but a convict guilty of some truly heinous crime should have to sit through the master of disguise .","no one but a convict guilty of some truly heinous crime should have to sit through the master of disguise .",0.0,0.0,0,0,0,46,"Failed"
"complete lack of originality , cleverness or even visible effort","complete lack of originality , cleverness or even visible effort",0.0,0.0,0,0,0,35,"Failed"
"it 's [[inoffensive]] , cheerful , built to inspire the young people , set to an unending soundtrack of beach party pop numbers and aside from its remarkable camerawork and awesome scenery , it 's about as exciting as a sunburn .","it 's [[inoffensTve]] , cheerful , built to inspire the young people , set to an unending soundtrack of beach party pop numbers and aside from its remarkable camerawork and awesome scenery , it 's about as exciting as a sunburn .",0.0,1.0,0,1,0,25,"Successful"
"the movie does a good job of laying out some of the major issues that we encounter as we journey through life .","the movie does a good job of laying out some of the major issues that we encounter as we journey through life .",0.0,0.0,1,1,1,45,"Failed"
"there 's enough melodrama in this magnolia primavera to make pta proud yet director muccino 's characters are less worthy of puccini than they are of daytime television .","there 's enough melodrama in this magnolia primavera to make pta proud yet director muccino 's characters are less worthy of puccini than they are of daytime television .",0.0,0.0,0,0,0,81,"Failed"
"zaidan 's script has barely enough plot to string the stunts together and not quite enough characterization to keep the faces straight .","zaidan 's script has barely enough plot to string the stunts together and not quite enough characterization to keep the faces straight .",0.0,0.0,0,0,0,70,"Failed"
"not only are the special effects and narrative flow much improved , and daniel radcliffe more emotionally assertive this time around as harry , but the film conjures the magic of author j.k. rowling 's books .","not only are the special effects and narrative flow much improved , and daniel radcliffe more emotionally assertive this time around as harry , but the film conjures the magic of author j.k. rowling 's books .",0.0,0.0,1,1,1,96,"Failed"
"the best revenge may just be living well because this film , unlike other dumas adaptations , is far more likened to a treasure than a lengthy jail sentence .","the best revenge may just be living well because this film , unlike other dumas adaptations , is far more likened to a treasure than a lengthy jail sentence .",0.0,0.0,1,1,1,75,"Failed"
"too much of the humor falls flat .","too much of the humor falls flat .",0.0,0.0,0,0,0,20,"Failed"
"falls [[neatly]] into the category of good stupid fun .","falls [[Ieatly]] into the category of good stupid fun .",0.0,1.0,1,0,1,11,"Successful"
"jaglom ... put -lrb- s -rrb- the audience in the [[privileged]] position of eavesdropping on his characters","jaglom ... put -lrb- s -rrb- the audience in the [[privilegmed]] position of eavesdropping on his characters",0.0,1.0,1,0,1,22,"Successful"
"every dance becomes about seduction , where backstabbing and betrayals are celebrated , and sex is currency .","every dance becomes about seduction , where backstabbing and betrayals are celebrated , and sex is currency .",0.0,0.0,0,0,0,46,"Failed"
"velocity represents everything wrong with '' independent film '' as a commodified , sold-out concept on the american filmmaking scene .","velocity represents everything wrong with '' independent film '' as a commodified , sold-out concept on the american filmmaking scene .",0.0,0.0,0,0,0,60,"Failed"
"hardly a masterpiece , but it introduces viewers to a good charitable enterprise and some interesting real people .","hardly a masterpiece , but it introduces viewers to a good charitable enterprise and some interesting real people .",0.0,0.0,1,1,1,51,"Failed"
"one of creepiest , scariest movies to come along in a long , long time , easily [[rivaling]] blair witch or the others .","one of creepiest , scariest movies to come along in a long , long time , easily [[rivalign]] blair witch or the others .",0.0,1.0,1,0,1,27,"Successful"
"it has its moments of swaggering camaraderie , but more often just feels generic , derivative and done to death .","it has its moments of swaggering camaraderie , but more often just feels generic , derivative and done to death .",0.0,0.0,0,0,0,46,"Failed"
"the so-inept - it 's - surreal [[dubbing]] -lrb- featuring the voices of glenn close , regis philbin and breckin meyer -rrb- brings back memories of cheesy old godzilla flicks .","the so-inept - it 's - surreal [[dubbHng]] -lrb- featuring the voices of glenn close , regis philbin and breckin meyer -rrb- brings back memories of cheesy old godzilla flicks .",0.0,1.0,0,1,0,25,"Successful"
"it 's everything you do n't go to the movies for .","it 's everything you do n't go to the movies for .",0.0,0.0,0,0,0,21,"Failed"
"mattei is tiresomely grave and long-winded , as if circularity itself indicated profundity .","mattei is tiresomely grave and long-winded , as if circularity itself indicated profundity .",0.0,0.0,0,0,0,36,"Failed"
"pacino is brilliant as the sleep-deprived dormer , his increasing weariness as much existential as it is physical .","pacino is brilliant as the sleep-deprived dormer , his increasing weariness as much existential as it is physical .",1.0,1.0,0,0,1,1,"Skipped"
"a compelling spanish film about the withering effects of jealousy in the life of a young monarch whose sexual passion for her husband becomes an obsession .","a compelling spanish film about the withering effects of jealousy in the life of a young monarch whose sexual passion for her husband becomes an obsession .",1.0,1.0,0,0,1,1,"Skipped"
"there 's something [[auspicious]] , and daring , too , about the artistic instinct that pushes a majority-oriented director like steven spielberg to follow a.i. with this challenging report so liable to unnerve the majority .","there 's something [[dauspicious]] , and daring , too , about the artistic instinct that pushes a majority-oriented director like steven spielberg to follow a.i. with this challenging report so liable to unnerve the majority .",0.0,1.0,1,0,1,22,"Successful"
"bad .","bad .",0.0,0.0,0,0,0,6,"Failed"
"an intriguing cinematic omnibus and round-robin that occasionally is more interesting in concept than in execution .","an intriguing cinematic omnibus and round-robin that occasionally is more interesting in concept than in execution .",1.0,1.0,0,0,1,1,"Skipped"
"the subtle [[strength]] of `` elling '' is that it never loses touch with the reality of the grim situation .","the subtle [[sgtrength]] of `` elling '' is that it never loses touch with the reality of the grim situation .",0.0,1.0,1,0,1,19,"Successful"
"not exactly the bees knees","not exactly the bees knees",0.0,0.0,0,0,0,16,"Failed"
"audrey tatou has a knack for picking roles that magnify her outrageous charm , and in this literate french comedy , she 's as morning-glory exuberant as she was in amélie .","audrey tatou has a knack for picking roles that magnify her outrageous charm , and in this literate french comedy , she 's as morning-glory exuberant as she was in amélie .",0.0,0.0,1,1,1,71,"Failed"
"just not campy enough","just not campy enough",0.0,0.0,0,0,0,11,"Failed"
"a must-see for the david mamet enthusiast and for anyone who appreciates intelligent , stylish moviemaking .","a must-see for the david mamet enthusiast and for anyone who appreciates intelligent , stylish moviemaking .",0.0,0.0,1,1,1,44,"Failed"
"a [[spellbinding]] african film about the modern condition of rootlessness , a state experienced by millions around the globe .","a [[spellbXinding]] african film about the modern condition of rootlessness , a state experienced by millions around the globe .",0.0,1.0,1,0,1,16,"Successful"
"a cartoon that 's truly cinematic in scope , and a story that 's compelling and heartfelt -- even if the heart belongs to a big , four-legged herbivore .","a cartoon that 's truly cinematic in scope , and a story that 's compelling and heartfelt -- even if the heart belongs to a big , four-legged herbivore .",0.0,0.0,1,1,1,65,"Failed"
"you will emerge with a clearer view of how the gears of justice grind on and the death report comes to share airtime alongside the farm report .","you will emerge with a clearer view of how the gears of justice grind on and the death report comes to share airtime alongside the farm report .",1.0,1.0,0,0,1,1,"Skipped"
"an operatic , sprawling picture that 's entertainingly acted , magnificently shot and gripping enough to sustain most of its 170-minute length .","an operatic , sprawling picture that 's entertainingly acted , magnificently shot and gripping enough to sustain most of its 170-minute length .",0.0,0.0,1,1,1,60,"Failed"
"i 've always dreamed of attending cannes , but after seeing this film , it 's not that big a deal .","i 've always dreamed of attending cannes , but after seeing this film , it 's not that big a deal .",0.0,0.0,0,0,0,41,"Failed"
"morton uses her face and her body language to [[bring]] us morvern 's soul , even though the character is almost completely deadpan .","morton uses her face and her body language to [[bNring]] us morvern 's soul , even though the character is almost completely deadpan .",0.0,1.0,1,0,1,24,"Successful"
"rarely has [[leukemia]] looked so shimmering and benign .","rarely has [[elukemia]] looked so shimmering and benign .",0.0,1.0,0,1,0,10,"Successful"
"we have n't seen such hilarity since say it is n't so !","we have n't seen such hilarity since say it is n't so !",1.0,1.0,0,0,1,1,"Skipped"
"true tale of courage -- and complicity -- at auschwitz is a harrowing drama that tries to tell of the unspeakable .","true tale of courage -- and complicity -- at auschwitz is a harrowing drama that tries to tell of the unspeakable .",1.0,1.0,0,0,1,1,"Skipped"
"how do you spell cliché ?","how do you spell cliché ?",0.0,0.0,0,0,0,10,"Failed"
"the script is n't very good ; not even someone as gifted as hoffman -lrb- the actor -rrb- can make it work .","the script is n't very good ; not even someone as gifted as hoffman -lrb- the actor -rrb- can make it work .",0.0,0.0,0,0,0,59,"Failed"
"a [[giggle]] a minute .","a [[gaiggle]] a minute .",0.0,1.0,1,0,1,7,"Successful"
"made with no discernible craft and monstrously sanctimonious in dealing with childhood loss .","made with no discernible craft and monstrously sanctimonious in dealing with childhood loss .",0.0,0.0,0,0,0,41,"Failed"
"the only [[excitement]] comes when the credits finally roll and you get to leave the theater .","the only [[excitemet]] comes when the credits finally roll and you get to leave the theater .",0.0,1.0,0,1,0,13,"Successful"
"maud and roland 's search for an unknowable past makes for a haunting literary detective story , but labute pulls off a neater trick in possession : he makes language sexy .","maud and roland 's search for an unknowable past makes for a haunting literary detective story , but labute pulls off a neater trick in possession : he makes language sexy .",0.0,0.0,1,1,1,91,"Failed"
"but this films lacks the passion required to sell the material .","but this films lacks the passion required to sell the material .",0.0,0.0,0,0,0,30,"Failed"
"vera 's technical prowess ends up selling his film short ; he smoothes over hard truths even as he uncovers them .","vera 's technical prowess ends up selling his film short ; he smoothes over hard truths even as he uncovers them .",0.0,0.0,0,0,0,59,"Failed"
"the film is based on truth and yet there is something about it that feels incomplete , as if the real story starts just around the corner .","the film is based on truth and yet there is something about it that feels incomplete , as if the real story starts just around the corner .",0.0,0.0,0,0,0,60,"Failed"
"corny , schmaltzy and predictable , but still manages to be kind of heartwarming , [[nonetheless]] .","corny , schmaltzy and predictable , but still manages to be kind of heartwarming , [[nonetehless]] .",0.0,1.0,1,0,1,17,"Successful"
"huston nails both the glad-handing and the choking sense of hollow despair .","huston nails both the glad-handing and the choking sense of hollow despair .",1.0,1.0,0,0,1,1,"Skipped"
"in an effort , i suspect , not to offend by appearing either too serious or too lighthearted , it offends by just being wishy-washy .","in an effort , i suspect , not to offend by appearing either too serious or too lighthearted , it offends by just being wishy-washy .",0.0,0.0,0,0,0,45,"Failed"
"nelson 's brutally unsentimental approach ... sucks the humanity from the film , leaving behind an horrific but weirdly unemotional spectacle .","nelson 's brutally unsentimental approach ... sucks the humanity from the film , leaving behind an horrific but weirdly unemotional spectacle .",0.0,0.0,0,0,0,66,"Failed"
"a sequence of ridiculous shoot - 'em - up scenes .","a sequence of ridiculous shoot - 'em - up scenes .",0.0,0.0,0,0,0,26,"Failed"
"it seems like i have been waiting my whole life for this movie and now i ca n't [[wait]] for the sequel .","it seems like i have been waiting my whole life for this movie and now i ca n't [[ait]] for the sequel .",0.0,1.0,1,0,1,19,"Successful"
"liotta put on 30 pounds for the role , and has completely transformed himself from his smooth , goodfellas image .","liotta put on 30 pounds for the role , and has completely transformed himself from his smooth , goodfellas image .",1.0,1.0,0,0,1,1,"Skipped"
"passable entertainment , but it 's the kind of motion picture that wo n't make much of a splash when it 's released , and will not be remembered long afterwards .","passable entertainment , but it 's the kind of motion picture that wo n't make much of a splash when it 's released , and will not be remembered long afterwards .",0.0,0.0,0,0,0,71,"Failed"
"it 's [[made]] with deftly unsettling genre flair .","it 's [[mfde]] with deftly unsettling genre flair .",0.0,1.0,1,0,1,10,"Successful"
"it 's dumb , but more importantly , it 's just not scary .","it 's dumb , but more importantly , it 's just not scary .",0.0,0.0,0,0,0,16,"Failed"
"a study in shades of gray , offering itself up in subtle plot maneuvers ...","a study in shades of gray , offering itself up in subtle plot maneuvers ...",1.0,1.0,0,0,1,1,"Skipped"
"the tale of tok -lrb- andy lau -rrb- , a sleek sociopath on the trail of o -lrb- takashi sorimachi -rrb- , the most legendary of asian hitmen , is too scattershot to take hold .","the tale of tok -lrb- andy lau -rrb- , a sleek sociopath on the trail of o -lrb- takashi sorimachi -rrb- , the most legendary of asian hitmen , is too scattershot to take hold .",1.0,1.0,1,1,0,1,"Skipped"
"something like scrubbing the toilet .","something like scrubbing the toilet .",0.0,0.0,0,0,0,21,"Failed"
"smart , provocative and blisteringly funny .","smart , provocative and blisteringly funny .",0.0,0.0,1,1,1,21,"Failed"
"this one is definitely one to [[skip]] , even for horror movie fanatics .","this one is definitely one to [[ski]] , even for horror movie fanatics .",0.0,1.0,0,1,0,25,"Successful"
"charles ' entertaining film chronicles seinfeld 's return to stand-up comedy after the wrap of his legendary sitcom , alongside wannabe comic adams ' attempts to get his shot at the big time .","charles ' entertaining film chronicles seinfeld 's return to stand-up comedy after the wrap of his legendary sitcom , alongside wannabe comic adams ' attempts to get his shot at the big time .",0.0,0.0,1,1,1,100,"Failed"
"an effectively creepy , fear-inducing -lrb- not fear-reducing -rrb- film from japanese director hideo nakata , who takes the superstitious curse on chain letters and actually applies it .","an effectively creepy , fear-inducing -lrb- not fear-reducing -rrb- film from japanese director hideo nakata , who takes the superstitious curse on chain letters and actually applies it .",1.0,1.0,0,0,1,1,"Skipped"
