筛选规则 (Pruning Rule),任务准确率 (Task Accuracy),计算开销 (s/sample)
semantic,0.54,4.161566030979157
perplexity,0.54,4.248329210281372
nli,0.54,4.258350555896759
clustering,0.54,4.156475286483765
