dataset,model,defense,attack,num_examples,accuracy,attack_success_rate,avg_perturbed_words,avg_queries,query_budget
sst2,alpaca-native,none,pwws,20,0.2777777777777778,0.7222222222222222,1.5384615384615383,107.94444444444444,200
sst2,alpaca-native,none,deepwordbug,20,0.16666666666666666,0.8333333333333334,2.7333333333333334,23.0,200
