"original_text","perturbed_text","original_score","perturbed_score","original_output","perturbed_output","ground_truth_output","num_queries","result_type"
"Title: <SPLIT>Description: Photos Plus Music Equals an Expensive iPod (washingtonpost.com) washingtonpost.com - First Apple put some color on the iPod, when it offered the iPod mini in a palette of pastel hues, and now it has put some color inside it, in the form of the new iPod Photo.","Title: <SPLIT>Description: Photos Plus Music Equals an Expensive iPod (washingtonpost.com) washingtonpost.com - First Apple put some color on the iPod, when it offered the iPod mini in a palette of pastel hues, and now it has put some color inside it, in the form of the new iPod Photo.",1.0,1.0,1,1,3,1,"Skipped"
"Title: <SPLIT>Description: Bryant Makes First Appearance at Trial (AP) AP - NBA star Kobe Bryant arrived at his sexual assault trial Monday as attorneys in the case who spent the weekend poring over questionnaires prepared to question potential jurors individually.","Title: <SPLIT>Description: Bryant Makes First Appearance at Trial (AP) AP - NBA star Kobe Bryant arrived at his sexual assault trial Monday as attorneys in the case who spent the weekend poring over questionnaires prepared to question potential jurors individually.",1.0,1.0,1,1,3,1,"Skipped"
"Title: <SPLIT>Description: Owners Seek Best Ballpark Deal for Expos (AP) AP - Trying to get the best possible ballpark deal for the Montreal Expos, major league baseball instructed its lawyers to press ahead with negotiations involving four of the areas bidding for the team.","Title: <SPLIT>Description: Owners Seek Best Ballpark Deal for Expos (AP) AP - Trying to get the best possible ballpark deal for the Montreal Expos, major league baseball instructed its lawyers to press ahead with negotiations involving four of the areas bidding for the team.",0.0,0.0,1,1,1,155,"Failed"
"Title: <SPLIT>Description: Eichel Wants Strong Euro on G20 Agenda German Finance Minister Eichel called for the euro #39;s  quot;brutal quot; rise versus the dollar to be put on the agenda of the summit of G20 countries in Berlin this weekend amid concerns the greenback #39;s slide could hit EU growth.","Title: <SPLIT>Description: Eichel Wants Strong Euro on G20 Agenda German Finance Minister Eichel called for the euro #39;s  quot;brutal quot; rise versus the dollar to be put on the agenda of the summit of G20 countries in Berlin this weekend amid concerns the greenback #39;s slide could hit EU growth.",1.0,1.0,1,1,2,1,"Skipped"
"Title: <SPLIT>Description: Vodafone targets Japan with 3G offensive Vodafone has unveiled plans for 10 new third-generation handsets for Christmas to help shore up its struggling Japanese unit. Vodafone VOD.","Title: <SPLIT>Description: Vodafone targets Japan with 3G offensive Vodafone has unveiled plans for 10 new third-generation handsets for Christmas to help shore up its struggling Japanese unit. Vodafone VOD.",1.0,1.0,0,0,2,1,"Skipped"
"Title: <SPLIT>Description: Apple offers 2004 financial details Apple's latest Form 10-K filing with the Securities and Exchange Commission offers a look at how the company did this past year, how it thinks it's doing and what's to come.","Title: <SPLIT>Description: Apple offers 2004 financial details Apple's latest Form 10-K filing with the Securities and Exchange Commission offers a look at how the company did this past year, how it thinks it's doing and what's to come.",1.0,1.0,1,1,3,1,"Skipped"
"Title: <SPLIT>Description: Saudis Take a Small Dose of Democracy For the first time in 41 years, Saudi Arabia is allowing local elections. The ruling family's goal, political analysts and diplomats say, is to determine whether a more open government might help defuse a rising armed threat by Muslim  militants in the kingdom.","Title: <SPLIT>Description: Saudis Take a Small Dose of Democracy For the first time in 41 years, Saudi Arabia is allowing local elections. The ruling family's goal, political analysts and diplomats say, is to determine whether a more open government might help defuse a rising armed threat by Muslim  militants in the kingdom.",1.0,1.0,1,1,0,1,"Skipped"
"Title: <SPLIT>Description: AT amp;T Wireless Moves to Sell Canada Asset T amp;T Wireless Services Inc., the third-largest United States mobile phone company, reached an agreement yesterday with Rogers Communications Inc.","Title: <SPLIT>Description: AT amp;T Wireless Moves to Sell Canada Asset T amp;T Wireless Services Inc., the third-largest United States mobile phone company, reached an agreement yesterday with Rogers Communications Inc.",1.0,1.0,0,0,2,1,"Skipped"
"Title: <SPLIT>Description: FIFA to investigate racism in Madrid Zurich, Switzerland (Sports Network) - FIFA will launch an investigation into the racist chants Spanish fans aimed at black English players during Wednesday #39;s friendly at the Bernabeu in Madrid.","Title: <SPLIT>Description: FIFA to investigate racism in Madrid Zurich, Switzerland (Sports Network) - FIFA will launch an investigation into the racist chants Spanish fans aimed at black English players during Wednesday #39;s friendly at the Bernabeu in Madrid.",1.0,1.0,0,0,1,1,"Skipped"
"Title: <SPLIT>Description: Our mobile margins will fall: Telstra TELSTRA chief financial officer John Stanhope has admitted Telstra #39;s margins in its \$4.5 billion a year mobile phone business will shrink this year in the face of increased price competition and the growing cost of acquiring new customers.","Title: <SPLIT>Description: Our mobile margins will fall: Telstra TELSTRA chief financial officer John Stanhope has admitted Telstra #39;s margins in its \$4.5 billion a year mobile phone business will shrink this year in the face of increased price competition and the growing cost of acquiring new customers.",1.0,1.0,1,1,3,1,"Skipped"
"Title: <SPLIT>Description: Only injury can stop peerless Federer at Masters Cup Last season, Roger Federer left Houston not even the top-ranked player of the year. He returns to the Westside Tennis Club next week to defend his Masters Cup title as the most ","Title: <SPLIT>Description: Only injury can stop peerless Federer at Masters Cup Last season, Roger Federer left Houston not even the top-ranked player of the year. He returns to the Westside Tennis Club next week to defend his Masters Cup title as the most ",1.0,1.0,0,0,1,1,"Skipped"
"Title: <SPLIT>Description: Aussies battle EU over cheese, champagne AP - The United States and Australia have prevailed in an interim ruling by World Trade Organisation (WTO) in a dispute over the protection given by the European Union to its regional goods such as Champagne wine and Feta cheese, trade officials said.","Title: <SPLIT>Description: Aussies battle EU over cheese, champagne AP - The United States and Australia have prevailed in an interim ruling by World Trade Organisation (WTO) in a dispute over the protection given by the European Union to its regional goods such as Champagne wine and Feta cheese, trade officials said.",1.0,1.0,1,1,2,1,"Skipped"
"Title: <SPLIT>[[Description]]: White Sox trade Lee to Brewers The Chicago White Sox traded outfield slugger Carlos Lee to the Milwaukee Brewers for outfielder Scott Podsednik , reliever Luis Vizcaino , and a player to be named in a deal announced yesterday at baseball's winter meetings in Anaheim, Calif.","Title: <SPLIT>[[Descriptlion]]: White Sox trade Lee to Brewers The Chicago White Sox traded outfield slugger Carlos Lee to the Milwaukee Brewers for outfielder Scott Podsednik , reliever Luis Vizcaino , and a player to be named in a deal announced yesterday at baseball's winter meetings in Anaheim, Calif.",0.0,1.0,1,3,1,59,"Successful"
"Title: <SPLIT>Description: Mission accomplished: US astronauts are home at last American astronaut Mike Fincke and Russian commander Gennady Padalka descended to Earth in remote Kazakstan late Saturday aboard a Soyuz space capsule.","Title: <SPLIT>Description: Mission accomplished: US astronauts are home at last American astronaut Mike Fincke and Russian commander Gennady Padalka descended to Earth in remote Kazakstan late Saturday aboard a Soyuz space capsule.",1.0,1.0,0,0,3,1,"Skipped"
"Title: <SPLIT>Description: Update 1: Thai Airways Orders 6 Airbus Superjumbos Thai Airways has agreed to buy six Airbus A380s, becoming the 13th airline to order the new  quot;superjumbo, quot; the European aircraft maker said Friday.","Title: <SPLIT>Description: Update 1: Thai Airways Orders 6 Airbus Superjumbos Thai Airways has agreed to buy six Airbus A380s, becoming the 13th airline to order the new  quot;superjumbo, quot; the European aircraft maker said Friday.",1.0,1.0,1,1,2,1,"Skipped"
"Title: <SPLIT>Description: National Foods to look for protector 29/10/2004 National Foods will hunt for a  quot;white knight quot; to protect it from Fonterras \$A1.62 billion (\$NZ1.76 billion) bid, raising the risk New Zealand dairy farmers will get dragged into an expensive bidding war.","Title: <SPLIT>Description: National Foods to look for protector 29/10/2004 National Foods will hunt for a  quot;white knight quot; to protect it from Fonterras \$A1.62 billion (\$NZ1.76 billion) bid, raising the risk New Zealand dairy farmers will get dragged into an expensive bidding war.",1.0,1.0,1,1,2,1,"Skipped"
"Title: <SPLIT>Description: Google SMS and wireless carriers that save your text messages. Yesterday we covered the news that Google is expanding their search to the mobile arena with their new Google SMS service which lets you search by sending text messages from your cellphone.","Title: <SPLIT>Description: Google SMS and wireless carriers that save your text messages. Yesterday we covered the news that Google is expanding their search to the mobile arena with their new Google SMS service which lets you search by sending text messages from your cellphone.",1.0,1.0,1,1,3,1,"Skipped"
"[[Title]]: <SPLIT>Description: American Aaron Peirsol Wins Gold on Appeal  ATHENS (Reuters) - Aaron Peirsol won his second gold medal  at the Athens Olympics Thursday after winning an appeal against  his disqualification from the men's 200 meter backstroke.","[[iTtle]]: <SPLIT>Description: American Aaron Peirsol Wins Gold on Appeal  ATHENS (Reuters) - Aaron Peirsol won his second gold medal  at the Athens Olympics Thursday after winning an appeal against  his disqualification from the men's 200 meter backstroke.",0.0,1.0,1,0,1,34,"Successful"
"Title: <SPLIT>Description: Qantas says record profit not big enough Australia #39;s flagship carrier Qantas Airways has reported a record annual net profit but warned oil prices threatened its performance, increasing the chance of a hike in ticket price surcharges to offset its fuel bill. ","Title: <SPLIT>Description: Qantas says record profit not big enough Australia #39;s flagship carrier Qantas Airways has reported a record annual net profit but warned oil prices threatened its performance, increasing the chance of a hike in ticket price surcharges to offset its fuel bill. ",1.0,1.0,1,1,2,1,"Skipped"
"[[Title]]: <SPLIT>Description: Daly penciled in for Deutsche Bank John Daly provided a nice surprise for local golf fans yesterday when he committed to play in next week #39;s Deutsche Bank Championship at TPC of Boston in Norton.","[[Titmle]]: <SPLIT>Description: Daly penciled in for Deutsche Bank John Daly provided a nice surprise for local golf fans yesterday when he committed to play in next week #39;s Deutsche Bank Championship at TPC of Boston in Norton.",0.0,1.0,1,0,1,31,"Successful"
"Title: <SPLIT>Description: World Population to Rise to 8.9 Billion Although world families are getting smaller in many regions, the 50 poorest countries are expected to triple in size to 1.7 billion people by 2050, posing many challenges for world countries.","Title: <SPLIT>Description: World Population to Rise to 8.9 Billion Although world families are getting smaller in many regions, the 50 poorest countries are expected to triple in size to 1.7 billion people by 2050, posing many challenges for world countries.",1.0,1.0,1,1,0,1,"Skipped"
"Title: <SPLIT>Description: Sun, Microsoft Clause Singles Out Openoffice Sun Microsystems (Quote, Chart) may have saved itself from years of costly litigation when it settled with Microsoft over their long-running Java dispute, but a clause in the landmark deal has open source supporters parsing its potential impact.","Title: <SPLIT>Description: Sun, Microsoft Clause Singles Out Openoffice Sun Microsystems (Quote, Chart) may have saved itself from years of costly litigation when it settled with Microsoft over their long-running Java dispute, but a clause in the landmark deal has open source supporters parsing its potential impact.",1.0,1.0,1,1,3,1,"Skipped"
"Title: <SPLIT>Description: Seven suspected terrorists arrested in Spain Spain #39;s Interior Minister says police have broken up a radical Muslim cell, plotting to bomb the country #39;s National Court.","Title: <SPLIT>Description: Seven suspected terrorists arrested in Spain Spain #39;s Interior Minister says police have broken up a radical Muslim cell, plotting to bomb the country #39;s National Court.",1.0,1.0,1,1,0,1,"Skipped"
"Title: <SPLIT>Description: Saturday Essay When in his mid-50s, immigrant Andrew Carnegie sold his steel holdings into a trust headed by JP Morgan in 1901, the Scottish immigrant and former cotton factory bobbin boy left a life of astounding, ground-up capitalism for retirement into philanthropy.","Title: <SPLIT>Description: Saturday Essay When in his mid-50s, immigrant Andrew Carnegie sold his steel holdings into a trust headed by JP Morgan in 1901, the Scottish immigrant and former cotton factory bobbin boy left a life of astounding, ground-up capitalism for retirement into philanthropy.",1.0,1.0,1,1,2,1,"Skipped"
"Title: <SPLIT>Description: AMP shrugs off British debacle Australian insurer AMP returned to the black in the first half of the year with net profits of A\$378m (150m) after a disastrous foray into Britain pushed it A\$2.16 billion into the red last year. ","Title: <SPLIT>Description: AMP shrugs off British debacle Australian insurer AMP returned to the black in the first half of the year with net profits of A\$378m (150m) after a disastrous foray into Britain pushed it A\$2.16 billion into the red last year. ",1.0,1.0,1,1,2,1,"Skipped"
"Title: <SPLIT>Description: Cassini Heads Toward Giant Moon on Saturn (AP) AP - The U.S.-European spacecraft Cassini hurtled Tuesday toward its closest encounter yet with Saturn's giant moon Titan.","Title: <SPLIT>Description: Cassini Heads Toward Giant Moon on Saturn (AP) AP - The U.S.-European spacecraft Cassini hurtled Tuesday toward its closest encounter yet with Saturn's giant moon Titan.",1.0,1.0,1,1,3,1,"Skipped"
"Title: <SPLIT>Description: EU weighs euro #39;s rise against dollar European Union finance ministers considered the ever-strengthening euro against the dollar Monday amid appeals for Washington to rein in its budget and current account deficits to stop the slide of the US currency.","Title: <SPLIT>Description: EU weighs euro #39;s rise against dollar European Union finance ministers considered the ever-strengthening euro against the dollar Monday amid appeals for Washington to rein in its budget and current account deficits to stop the slide of the US currency.",1.0,1.0,1,1,2,1,"Skipped"
"Title: <SPLIT>Description: Zurich Employees Plead Guilty in Probe  NEW YORK (Reuters) - Two senior insurance underwriters at  Zurich American Insurance Co. pleaded guilty  on Tuesday to  misdemeanors related to bid-rigging in the insurance market.","Title: <SPLIT>Description: Zurich Employees Plead Guilty in Probe  NEW YORK (Reuters) - Two senior insurance underwriters at  Zurich American Insurance Co. pleaded guilty  on Tuesday to  misdemeanors related to bid-rigging in the insurance market.",1.0,1.0,1,1,2,1,"Skipped"
"Title: <SPLIT>Description: Scientists Try to Save Largest Salamander (AP) AP - The population of North America's largest salamander is plummeting in Missouri and Arkansas, and scientists from five states met to consider how to prevent the creature's disappearance.","Title: <SPLIT>Description: Scientists Try to Save Largest Salamander (AP) AP - The population of North America's largest salamander is plummeting in Missouri and Arkansas, and scientists from five states met to consider how to prevent the creature's disappearance.",1.0,1.0,1,1,3,1,"Skipped"
"Title: <SPLIT>Description: Rivera was a corner stone for Ruiz NEW YORK -- For a time Saturday night, John Ruiz was ready to give up.","Title: <SPLIT>Description: Rivera was a corner stone for Ruiz NEW YORK -- For a time Saturday night, John Ruiz was ready to give up.",0.0,0.0,1,1,1,80,"Failed"
"Title: <SPLIT>Description: ""Rocky Legends; Tony Hawk's Underground 2; Nisus Writer Express 2.0; Surfsaver 6 This is the second Rocky video game in two years -- even though it's been 14 years since the last """"Rocky"""" flick.""","Title: <SPLIT>Description: ""Rocky Legends; Tony Hawk's Underground 2; Nisus Writer Express 2.0; Surfsaver 6 This is the second Rocky video game in two years -- even though it's been 14 years since the last """"Rocky"""" flick.""",1.0,1.0,1,1,3,1,"Skipped"
"Title: <SPLIT>Description: Africa condemned to major polio epidemic - U.N. (Reuters) Reuters - A major polio epidemic in West and Central Africa is inevitable in coming months, but the disease could be eradicated worldwide next year by mass immunisations, the World Health Organisation (WHO) said on Friday.","Title: <SPLIT>Description: Africa condemned to major polio epidemic - U.N. (Reuters) Reuters - A major polio epidemic in West and Central Africa is inevitable in coming months, but the disease could be eradicated worldwide next year by mass immunisations, the World Health Organisation (WHO) said on Friday.",1.0,1.0,1,1,0,1,"Skipped"
"Title: <SPLIT>Description: Marlins righthander Burnett to miss Friday #39;s start Miami, FL (Sports Network) - Florida Marlins starting pitcher AJ Burnett is hampered with inflammation in his right elbow and will miss his scheduled start on Friday against the Atlanta Braves.","Title: <SPLIT>Description: Marlins righthander Burnett to miss Friday #39;s start Miami, FL (Sports Network) - Florida Marlins starting pitcher AJ Burnett is hampered with inflammation in his right elbow and will miss his scheduled start on Friday against the Atlanta Braves.",0.0,0.0,1,1,1,146,"Failed"
"Title: <SPLIT>Description: Feds Make A Strike Against Spyware Companies WASHINGTON -- In what regulators are calling a first, the federal government has asked for a court order to shut down a spyware operation.","Title: <SPLIT>Description: Feds Make A Strike Against Spyware Companies WASHINGTON -- In what regulators are calling a first, the federal government has asked for a court order to shut down a spyware operation.",1.0,1.0,1,1,3,1,"Skipped"
"Title: <SPLIT>Description: UPDATE 2-Chelsea sack Mutu after positive dope test Chelsea have sacked their Romanian striker Adrian Mutu after he tested positive for cocaine last month.  quot;Chelsea has terminated the contract of Adrian Mutu for gross misconduct, quot; the Premier League club said on Friday.","Title: <SPLIT>Description: UPDATE 2-Chelsea sack Mutu after positive dope test Chelsea have sacked their Romanian striker Adrian Mutu after he tested positive for cocaine last month.  quot;Chelsea has terminated the contract of Adrian Mutu for gross misconduct, quot; the Premier League club said on Friday.",0.0,0.0,1,1,1,170,"Failed"
"Title: <SPLIT>Description: ""GM May Close Plant in Europe  DETROIT (Reuters) - General Motors Corp. &lt;A HREF=""""http://www.investor.reuters.com/FullQuote.aspx?ticker=GM.N target=/stocks/quickinfo/fullquote""""&gt;GM.N&lt;/A&gt; will likely  cut some jobs in Europe and may close a plant there as part of  a restructuring plan under development to try to return the  region to profitability, the U.S. automaker said on Wednesday.""","Title: <SPLIT>Description: ""GM May Close Plant in Europe  DETROIT (Reuters) - General Motors Corp. &lt;A HREF=""""http://www.investor.reuters.com/FullQuote.aspx?ticker=GM.N target=/stocks/quickinfo/fullquote""""&gt;GM.N&lt;/A&gt; will likely  cut some jobs in Europe and may close a plant there as part of  a restructuring plan under development to try to return the  region to profitability, the U.S. automaker said on Wednesday.""",1.0,1.0,1,1,2,1,"Skipped"
"Title: <SPLIT>Description: Lawmakers Grill Citigroup Japan Chief Citigroup #39;s top executive in Japan endured unprecedented questioning by lawmakers on Tuesday over a scandal at the firm #39;s private bank in the country, the latest turn in a high-profile case that has embarrassed the world #39;s biggest ","Title: <SPLIT>Description: Lawmakers Grill Citigroup Japan Chief Citigroup #39;s top executive in Japan endured unprecedented questioning by lawmakers on Tuesday over a scandal at the firm #39;s private bank in the country, the latest turn in a high-profile case that has embarrassed the world #39;s biggest ",1.0,1.0,1,1,2,1,"Skipped"
"Title: <SPLIT>Description: Shares of Video Game Makers Rise Sharply Shares of video game makers rose sharply Friday after analysts reported industry sales increased 11 percent last month due mainly to the strength of two blockbuster titles that have proven to be the holiday season #39;s biggest sellers.","Title: <SPLIT>Description: Shares of Video Game Makers Rise Sharply Shares of video game makers rose sharply Friday after analysts reported industry sales increased 11 percent last month due mainly to the strength of two blockbuster titles that have proven to be the holiday season #39;s biggest sellers.",1.0,1.0,1,1,2,1,"Skipped"
"Title: <SPLIT>Description: Vodafone hires Citi for Cesky bid (TheDeal.com) TheDeal.com - The U.K. mobile giant wants to find a way to disentagle the Czech wireless and fixed-line businesses.","Title: <SPLIT>Description: Vodafone hires Citi for Cesky bid (TheDeal.com) TheDeal.com - The U.K. mobile giant wants to find a way to disentagle the Czech wireless and fixed-line businesses.",1.0,1.0,0,0,3,1,"Skipped"
"Title: <SPLIT>Description: No deal on dollar as US shrugs off European pressure Europe and Japan failed yesterday to persuade the United States to address the decline in the dollar, despite talks at a fractious meeting of the Group of 20 industrialised and developing nations.","Title: <SPLIT>Description: No deal on dollar as US shrugs off European pressure Europe and Japan failed yesterday to persuade the United States to address the decline in the dollar, despite talks at a fractious meeting of the Group of 20 industrialised and developing nations.",1.0,1.0,1,1,2,1,"Skipped"
"Title: <SPLIT>Description: Bosox strike deal with Mirabelli; Yanks, Flaherty close The Boston Red Sox have signed backup catcher Doug Mirabelli to a two-year deal worth \$3 million, making him the first of the World Series champions #39; 16 free agents to re-sign.","Title: <SPLIT>Description: Bosox strike deal with Mirabelli; Yanks, Flaherty close The Boston Red Sox have signed backup catcher Doug Mirabelli to a two-year deal worth \$3 million, making him the first of the World Series champions #39; 16 free agents to re-sign.",0.0,0.0,1,1,1,161,"Failed"
"Title: <SPLIT>Description: Tribe challenges American origins Some of the earliest settlers of America may have been from Australia, southern Asia, and the Pacific, not northern Asia, research suggests.","Title: <SPLIT>Description: Tribe challenges American origins Some of the earliest settlers of America may have been from Australia, southern Asia, and the Pacific, not northern Asia, research suggests.",1.0,1.0,1,1,3,1,"Skipped"
"Title: <SPLIT>Description: Firefox 1.0 Presents Threat to IE The Firefox browser offers superior security features over Internet Explorer -- and as long as IE drives more than 90 percent of the world #39;s computers, hackers will continue to make it a target.","Title: <SPLIT>Description: Firefox 1.0 Presents Threat to IE The Firefox browser offers superior security features over Internet Explorer -- and as long as IE drives more than 90 percent of the world #39;s computers, hackers will continue to make it a target.",1.0,1.0,1,1,3,1,"Skipped"
"Title: <SPLIT>Description: Man U condemns fan protest against Glazer Manchester United [[criticized]] fans who disrupted a game between reserve teams to protest a potential takeover of the famed English soccer club by Tampa Bay Buccaneers owner Malcolm Glazer.","Title: <SPLIT>Description: Man U condemns fan protest against Glazer Manchester United [[critLcized]] fans who disrupted a game between reserve teams to protest a potential takeover of the famed English soccer club by Tampa Bay Buccaneers owner Malcolm Glazer.",0.0,1.0,1,0,1,70,"Successful"
"Title: <SPLIT>Description: SpaceShipOne Rolls Toward Victory MOJAVE, California -- A Southern California aerospace team took a big step toward capturing the \$10 million Ansari X Prize Wednesday, but not without surviving a scary moment when the pilot found himself in a rapid spin as he roared across the threshold ","Title: <SPLIT>Description: SpaceShipOne Rolls Toward Victory MOJAVE, California -- A Southern California aerospace team took a big step toward capturing the \$10 million Ansari X Prize Wednesday, but not without surviving a scary moment when the pilot found himself in a rapid spin as he roared across the threshold ",1.0,1.0,1,1,3,1,"Skipped"
"Title: <SPLIT>Description: Israel Urges Sanctions on Iran for Nuke Program  UNITED NATIONS (Reuters) - Israel urged the United Nations  on Wednesday to move toward sanctions against Iran because  Tehran is never going to abandon its alleged quest for nuclear  weapons.","Title: <SPLIT>Description: Israel Urges Sanctions on Iran for Nuke Program  UNITED NATIONS (Reuters) - Israel urged the United Nations  on Wednesday to move toward sanctions against Iran because  Tehran is never going to abandon its alleged quest for nuclear  weapons.",1.0,1.0,3,3,0,1,"Skipped"
"Title: <SPLIT>Description: Summer Box Office Hits a High, Despite Lows In a summer when many of the studios' biggest bets failed to pay off, it was familiarity in the form of sequels and low-budget comedies that resonated with movie audiences.","Title: <SPLIT>Description: Summer Box Office Hits a High, Despite Lows In a summer when many of the studios' biggest bets failed to pay off, it was familiarity in the form of sequels and low-budget comedies that resonated with movie audiences.",1.0,1.0,1,1,2,1,"Skipped"
"Title: <SPLIT>Description: OPEC Aims for 4 Pct Boost in Oil Quotas  VIENNA (Reuters) - OPEC's core Gulf producers will  recommend the cartel raise supply quotas by one million barrels  a day, four percent, Kuwaiti Oil Minister Sheikh Ahmad al-Fahd  al-Sabah said on Wednesday.","Title: <SPLIT>Description: OPEC Aims for 4 Pct Boost in Oil Quotas  VIENNA (Reuters) - OPEC's core Gulf producers will  recommend the cartel raise supply quotas by one million barrels  a day, four percent, Kuwaiti Oil Minister Sheikh Ahmad al-Fahd  al-Sabah said on Wednesday.",1.0,1.0,1,1,2,1,"Skipped"
"Title: <SPLIT>Description: Powell Meets with Middle East Leaders CBN.com - (CBN News) -ERUSALEM  -h the death of Yasser Arafat behind them, the Palestinians and Israelis are now facing an historic opportunity to move forward in peace.","Title: <SPLIT>Description: Powell Meets with Middle East Leaders CBN.com - (CBN News) -ERUSALEM  -h the death of Yasser Arafat behind them, the Palestinians and Israelis are now facing an historic opportunity to move forward in peace.",1.0,1.0,1,1,0,1,"Skipped"
"Title: <SPLIT>Description: India 4th largest economy: World Bank Ahead of the International Monetary Fund-World Bank meeting, the World Bank on Tuesday placed India as the fourth largest economy in terms of purchasing power parity, even as it said the country lagged behind in technology and efficiency.","Title: <SPLIT>Description: India 4th largest economy: World Bank Ahead of the International Monetary Fund-World Bank meeting, the World Bank on Tuesday placed India as the fourth largest economy in terms of purchasing power parity, even as it said the country lagged behind in technology and efficiency.",1.0,1.0,1,1,2,1,"Skipped"
"[[Title]]: <SPLIT>Description: Helm #39;s perfect 10 And the two-and-a-half back somersaults with one and a half twists in a pike position turned out to be his ticket to a silver medal.","[[Titl]]: <SPLIT>Description: Helm #39;s perfect 10 And the two-and-a-half back somersaults with one and a half twists in a pike position turned out to be his ticket to a silver medal.",0.0,1.0,1,0,1,24,"Successful"
"Title: <SPLIT>Description: [[UPDATE]] 1-Rookie Johnson shares Buick lead with Funk Rookie Zach Johnson produced the day #39;s joint best score, a five-under-par 65, to join Fred Funk at the top of the leaderboard after the second round of the \$4.","Title: <SPLIT>Description: [[PUDATE]] 1-Rookie Johnson shares Buick lead with Funk Rookie Zach Johnson produced the day #39;s joint best score, a five-under-par 65, to join Fred Funk at the top of the leaderboard after the second round of the \$4.",0.0,1.0,1,0,1,33,"Successful"
"Title: <SPLIT>Description: ""SunGard to Spin Off Data Recovery Unit  NEW YORK (Reuters) - SunGard Data Systems Inc. &lt;A HREF=""""http://www.investor.reuters.com/FullQuote.aspx?ticker=SDS.N target=/stocks/quickinfo/fullquote""""&gt;SDS.N&lt;/A&gt; on  Monday said it would spin off its data recovery business,  sending its stock up 11 percent to a four-month high.""","Title: <SPLIT>Description: ""SunGard to Spin Off Data Recovery Unit  NEW YORK (Reuters) - SunGard Data Systems Inc. &lt;A HREF=""""http://www.investor.reuters.com/FullQuote.aspx?ticker=SDS.N target=/stocks/quickinfo/fullquote""""&gt;SDS.N&lt;/A&gt; on  Monday said it would spin off its data recovery business,  sending its stock up 11 percent to a four-month high.""",1.0,1.0,1,1,2,1,"Skipped"
"Title: <SPLIT>Description: Sudanese rebels squabble with government over ceasefire violations (AFP) AFP - Sudanese rebels walked away from African Union peace talks to hold a 24-hour boycott in protest at alleged government attacks on civilians in the war-torn western province of Darfur.","Title: <SPLIT>Description: Sudanese rebels squabble with government over ceasefire violations (AFP) AFP - Sudanese rebels walked away from African Union peace talks to hold a 24-hour boycott in protest at alleged government attacks on civilians in the war-torn western province of Darfur.",1.0,1.0,1,1,0,1,"Skipped"
"Title: <SPLIT>Description: Level 3 Acquires Sprint #39;s Wholesale Dial-Up Internet Business Level 3 today announced that it has purchased Sprint #39;s wholesale dial-up Internet access business for \$34 million in cash. Sprint is one of the largest providers of wholesale dial-up service to ISPs in North America.","Title: <SPLIT>Description: Level 3 Acquires Sprint #39;s Wholesale Dial-Up Internet Business Level 3 today announced that it has purchased Sprint #39;s wholesale dial-up Internet access business for \$34 million in cash. Sprint is one of the largest providers of wholesale dial-up service to ISPs in North America.",1.0,1.0,1,1,2,1,"Skipped"
"Title: <SPLIT>Description: Pakistan Tests Medium-Range Nuclear-Capable Missile (Reuters) Reuters - Pakistan test-fired on Wednesday a\nuclear-capable, surface-to-surface ballistic missile, capable\of hitting targets deep inside arch-rival India.","Title: <SPLIT>Description: Pakistan Tests Medium-Range Nuclear-Capable Missile (Reuters) Reuters - Pakistan test-fired on Wednesday a\nuclear-capable, surface-to-surface ballistic missile, capable\of hitting targets deep inside arch-rival India.",1.0,1.0,1,1,0,1,"Skipped"
"Title: <SPLIT>Description: Greenland criminals take road back to society, not prison (AFP) AFP - Some 20 people gather for a lunch of whale meat and potatoes inside a large wooden building facing a frozen fjord bathed in sunlight. No, these are not tourists on vacation, but rather criminals serving time in one of Greenland's open penal centers.","Title: <SPLIT>Description: Greenland criminals take road back to society, not prison (AFP) AFP - Some 20 people gather for a lunch of whale meat and potatoes inside a large wooden building facing a frozen fjord bathed in sunlight. No, these are not tourists on vacation, but rather criminals serving time in one of Greenland's open penal centers.",1.0,1.0,1,1,0,1,"Skipped"
"[[Title]]: <SPLIT>Description: Profile: Leftist Vazquez wins Uruguay presidential poll Uruguay #39;s leftist candidate Tabare Vazquez won a historic victory in Sunday #39;s presidential elections with more than 50 percent of the ballot.","[[TiHtle]]: <SPLIT>Description: Profile: Leftist Vazquez wins Uruguay presidential poll Uruguay #39;s leftist candidate Tabare Vazquez won a historic victory in Sunday #39;s presidential elections with more than 50 percent of the ballot.",0.0,1.0,0,1,0,29,"Successful"
"Title: <SPLIT>Description: Cisco, Fujitsu team on high-end networking Fujitsu has joined the networking parade by agreeing to sell Cisco #39;s high-end routers and switches in Japan. It should come as no surprise as the market for high-end routers heats up.","Title: <SPLIT>Description: Cisco, Fujitsu team on high-end networking Fujitsu has joined the networking parade by agreeing to sell Cisco #39;s high-end routers and switches in Japan. It should come as no surprise as the market for high-end routers heats up.",1.0,1.0,1,1,3,1,"Skipped"
"Title: <SPLIT>Description: Kansas Gets Chance For Revenge Against Nevada The Jayhawks were &lt;b&gt;...&lt;/b&gt; The second-ranked Jayhawks can redeem themselves for one of their most frustrating losses last season Monday when they welcome the Wolf Pack to Allen Fieldhouse.","Title: <SPLIT>Description: Kansas Gets Chance For Revenge Against Nevada The Jayhawks were &lt;b&gt;...&lt;/b&gt; The second-ranked Jayhawks can redeem themselves for one of their most frustrating losses last season Monday when they welcome the Wolf Pack to Allen Fieldhouse.",0.0,0.0,1,1,1,153,"Failed"
"Title: <SPLIT>Description: Greek weightlifter awaits verdict Greek weightlifter Leonidas Sampanis will find out on Sunday if he is to be stripped of his medal.","Title: <SPLIT>Description: Greek weightlifter awaits verdict Greek weightlifter Leonidas Sampanis will find out on Sunday if he is to be stripped of his medal.",1.0,1.0,1,1,0,1,"Skipped"
"Title: <SPLIT>Description: Argentina Heads World Cup Qualifying Group After Brazil Loses Argentina moved atop South America #39;s qualifying group for the 2006 soccer World Cup with a 3-2 victory over Venezuela, grabbing the [[lead]] after world champion Brazil suffered its first defeat of the campaign.","Title: <SPLIT>Description: Argentina Heads World Cup Qualifying Group After Brazil Loses Argentina moved atop South America #39;s qualifying group for the 2006 soccer World Cup with a 3-2 victory over Venezuela, grabbing the [[leaW]] after world champion Brazil suffered its first defeat of the campaign.",0.0,1.0,1,0,1,147,"Successful"
"Title: <SPLIT>Description: Asian Shares Hit by Metals Tumble, Oil (Reuters) Reuters - A sharp slide in global metals\markets hammered industrial and mining stocks such as JFE\Holdings and BHP Billiton Thursday, while oil prices crawled\back toward record highs.","Title: <SPLIT>Description: Asian Shares Hit by Metals Tumble, Oil (Reuters) Reuters - A sharp slide in global metals\markets hammered industrial and mining stocks such as JFE\Holdings and BHP Billiton Thursday, while oil prices crawled\back toward record highs.",1.0,1.0,1,1,2,1,"Skipped"
"Title: <SPLIT>Description: Pension accounting  In finance, a process that requires a company to estimate the expected future value of a company #39;s pension assets and the expected cost of fulfilling pension and health care obligations to current and retired employees.","Title: <SPLIT>Description: Pension accounting  In finance, a process that requires a company to estimate the expected future value of a company #39;s pension assets and the expected cost of fulfilling pension and health care obligations to current and retired employees.",1.0,1.0,0,0,2,1,"Skipped"
"Title: <SPLIT>Description: Need for carbon sink technologies Climate scientists tell a conference that greater efforts should be made to pull CO2 from the atmosphere.","Title: <SPLIT>Description: Need for carbon sink technologies Climate scientists tell a conference that greater efforts should be made to pull CO2 from the atmosphere.",1.0,1.0,1,1,3,1,"Skipped"
"Title: <SPLIT>Description: Circuit City Cautious on Outlook Circuit City Stores Inc. (CC.N: Quote, Profile, Research) on Friday posted a narrower quarterly loss from continuing operations but said its outlook was cautious for the ","Title: <SPLIT>Description: Circuit City Cautious on Outlook Circuit City Stores Inc. (CC.N: Quote, Profile, Research) on Friday posted a narrower quarterly loss from continuing operations but said its outlook was cautious for the ",1.0,1.0,1,1,2,1,"Skipped"
"Title: <SPLIT>Description: Gluecode delivers open source BPM engine (InfoWorld) InfoWorld - Hoping to put in place the last missing piece of the Java stack, Gluecode Software and the Apache Software Foundation this week unwrapped Project Agila, which the companies claim is the first embeddable open source BPM engine.","Title: <SPLIT>Description: Gluecode delivers open source BPM engine (InfoWorld) InfoWorld - Hoping to put in place the last missing piece of the Java stack, Gluecode Software and the Apache Software Foundation this week unwrapped Project Agila, which the companies claim is the first embeddable open source BPM engine.",1.0,1.0,1,1,3,1,"Skipped"
"Title: <SPLIT>Description: Intel Gives Centrino Chip Line a Wireless Upgrade (Reuters) Reuters - Intel Corp. (INTC.O) on Thursday\said it has upgraded the wireless networking capabilities of\its Centrino line of notebook computer chips to allow broader\network access with improved security.","Title: <SPLIT>Description: Intel Gives Centrino Chip Line a Wireless Upgrade (Reuters) Reuters - Intel Corp. (INTC.O) on Thursday\said it has upgraded the wireless networking capabilities of\its Centrino line of notebook computer chips to allow broader\network access with improved security.",1.0,1.0,1,1,3,1,"Skipped"
"Title: <SPLIT>Description: Jags Turnaround Gives Them AFC South Lead (AP) AP - There are several reasons the Jacksonville Jaguars have gone from 1-6 at this time a year ago to their current 5-2 record. The answer given by most players is just one word: confidence.","Title: <SPLIT>Description: Jags Turnaround Gives Them AFC South Lead (AP) AP - There are several reasons the Jacksonville Jaguars have gone from 1-6 at this time a year ago to their current 5-2 record. The answer given by most players is just one word: confidence.",0.0,0.0,1,1,1,156,"Failed"
"Title: <SPLIT>Description: Cadbury Says Annual Results to Be at Low End of Range (Update1) Cadbury Schweppes Plc, the maker of Dr Pepper and 7Up, said results will be at the lower #39; #39; end of the range it has targeted in the current fiscal year because of lack of demand in the US and European drinks markets.","Title: <SPLIT>Description: Cadbury Says Annual Results to Be at Low End of Range (Update1) Cadbury Schweppes Plc, the maker of Dr Pepper and 7Up, said results will be at the lower #39; #39; end of the range it has targeted in the current fiscal year because of lack of demand in the US and European drinks markets.",1.0,1.0,1,1,2,1,"Skipped"
"Title: <SPLIT>Description: HAYLEY MICK: Hayley Mick is a journalist currently based in Vancouver. She has broadcast experience with CBC Radio #39;s Quirks and Quarks and has reported for the Vancouver Sun, CBC Online, and the Canadian Press #39;s Ontario and Vancouver bureaus.","Title: <SPLIT>Description: HAYLEY MICK: Hayley Mick is a journalist currently based in Vancouver. She has broadcast experience with CBC Radio #39;s Quirks and Quarks and has reported for the Vancouver Sun, CBC Online, and the Canadian Press #39;s Ontario and Vancouver bureaus.",1.0,1.0,1,1,0,1,"Skipped"
"Title: <SPLIT>Description: All rosy at which bank PRODUCTIVITY gains should keep Commonwealth Bank in a sweet spot for years to come, departing chairman John Ralph claimed yesterday.","Title: <SPLIT>Description: All rosy at which bank PRODUCTIVITY gains should keep Commonwealth Bank in a sweet spot for years to come, departing chairman John Ralph claimed yesterday.",1.0,1.0,1,1,2,1,"Skipped"
"Title: <SPLIT>Description: Lehman relishes chance to halt US slide AFTER being named as the 2006 US Ryder Cup team captain by the PGA of America at a press conference in Florida last night, Tom Lehman insisted he saw the chance to halt Americas recent dismal showing in the biennial match with Europe as an opportunity ","Title: <SPLIT>Description: Lehman relishes chance to halt US slide AFTER being named as the 2006 US Ryder Cup team captain by the PGA of America at a press conference in Florida last night, Tom Lehman insisted he saw the chance to halt Americas recent dismal showing in the biennial match with Europe as an opportunity ",0.0,0.0,1,1,1,185,"Failed"
"Title: <SPLIT>Description: Congo Army Factions Clash in East - Army Officer Army reinforcements sent to bolster the Democratic Republic of Congo #39;s fragile border region with Rwanda have clashed with former rebel units within the army, a local military commander said on Sunday.","Title: <SPLIT>Description: Congo Army Factions Clash in East - Army Officer Army reinforcements sent to bolster the Democratic Republic of Congo #39;s fragile border region with Rwanda have clashed with former rebel units within the army, a local military commander said on Sunday.",1.0,1.0,1,1,0,1,"Skipped"
"Title: <SPLIT>Description: Summary Box: Breast Cancer Surgery Refined (AP) AP - NEW APPROACH: A study says that removing just one to three key lymph nodes can spare women lifelong arm problems and reliably indicate whether breast cancer has spread.","Title: <SPLIT>Description: Summary Box: Breast Cancer Surgery Refined (AP) AP - NEW APPROACH: A study says that removing just one to three key lymph nodes can spare women lifelong arm problems and reliably indicate whether breast cancer has spread.",1.0,1.0,1,1,3,1,"Skipped"
"Title: <SPLIT>Description: ""IBM expands data centers, on-demand service Big Blue enhances its """"on demand"""" offering for companies through its data centers.""","Title: <SPLIT>Description: ""IBM expands data centers, on-demand service Big Blue enhances its """"on demand"""" offering for companies through its data centers.""",1.0,1.0,1,1,3,1,"Skipped"
"Title: <SPLIT>Description: Haywood suspended for three games NEW YORK - Brendan Haywood of the Washington Wizards was suspended for three games by the NBA yesterday for fighting during a pre-season game against the Chicago Bulls.","Title: <SPLIT>Description: Haywood suspended for three games NEW YORK - Brendan Haywood of the Washington Wizards was suspended for three games by the NBA yesterday for fighting during a pre-season game against the Chicago Bulls.",1.0,1.0,0,0,1,1,"Skipped"
"Title: <SPLIT>Description: Qwest to pay \$250 mn to settle with SEC Qwest Communications International, the US telecommunications group, is understood to have agreed to pay \$250 million to end a two-year federal probe of alleged fraudulent accounting practices employed by former management.","Title: <SPLIT>Description: Qwest to pay \$250 mn to settle with SEC Qwest Communications International, the US telecommunications group, is understood to have agreed to pay \$250 million to end a two-year federal probe of alleged fraudulent accounting practices employed by former management.",1.0,1.0,1,1,2,1,"Skipped"
"Title: <SPLIT>Description: Deutsche Bank to Sell Scudder Business to Legg Mason Deutsche Bank AG of Germany plans to sell its New York, Philadelphia, Cincinnati and Chicago offices of Scudder Private Investment Counsel to Legg Mason Inc. for \$55 million, plus payments of up to \$26 million, the company said Monday.","Title: <SPLIT>Description: Deutsche Bank to Sell Scudder Business to Legg Mason Deutsche Bank AG of Germany plans to sell its New York, Philadelphia, Cincinnati and Chicago offices of Scudder Private Investment Counsel to Legg Mason Inc. for \$55 million, plus payments of up to \$26 million, the company said Monday.",1.0,1.0,1,1,2,1,"Skipped"
"Title: <SPLIT>Description: Allen Wins Triathlon Kate Allen of Austria wins the triathlon with a late surge Wednesday, passing more than half of the field in the final leg and edging Loretta Harrop of Australia at the finish line.","Title: <SPLIT>Description: Allen Wins Triathlon Kate Allen of Austria wins the triathlon with a late surge Wednesday, passing more than half of the field in the final leg and edging Loretta Harrop of Australia at the finish line.",1.0,1.0,0,0,1,1,"Skipped"
"Title: <SPLIT>Description: Agency reports climate change major problem Rising sea levels, disappearing glaciers in the Alps and more deadly heat waves are coming for Europeans because of global warming, Europes environmental agency warned Wednesday.","Title: <SPLIT>Description: Agency reports climate change major problem Rising sea levels, disappearing glaciers in the Alps and more deadly heat waves are coming for Europeans because of global warming, Europes environmental agency warned Wednesday.",1.0,1.0,1,1,3,1,"Skipped"
"Title: <SPLIT>Description: True Colors With  48 editions in 19 different languages available in over 60 countries, Reader #146;s Digest is a publishing phenomenon: the world #146;s top-selling magazine. And wherever you buy your copy, at least one thing will remain constant  #151; the quality and color balance of the images. See how  a Mac-based workflow ensures this color consistency.\ Nov 09","Title: <SPLIT>Description: True Colors With  48 editions in 19 different languages available in over 60 countries, Reader #146;s Digest is a publishing phenomenon: the world #146;s top-selling magazine. And wherever you buy your copy, at least one thing will remain constant  #151; the quality and color balance of the images. See how  a Mac-based workflow ensures this color consistency.\ Nov 09",1.0,1.0,1,1,3,1,"Skipped"
"Title: <SPLIT>Description: Schooling 'mix up' hits Portugal Schools across Portugal turn away pupils because of a teachers' assignment mix up on the first day of classes.","Title: <SPLIT>Description: Schooling 'mix up' hits Portugal Schools across Portugal turn away pupils because of a teachers' assignment mix up on the first day of classes.",1.0,1.0,1,1,0,1,"Skipped"
"Title: <SPLIT>Description: British Media: Security Stopped Several Major Terrorist Attacks A British television station and a newspaper are reporting that British security services believe they have thwarted several major attacks planned by terrorists linked to Osama bin Laden #39;s al-Qaida organization.","Title: <SPLIT>Description: British Media: Security Stopped Several Major Terrorist Attacks A British television station and a newspaper are reporting that British security services believe they have thwarted several major attacks planned by terrorists linked to Osama bin Laden #39;s al-Qaida organization.",1.0,1.0,1,1,0,1,"Skipped"
"Title: <SPLIT>Description: US planes again hit Sadr City BAGHDAD US warplanes fired on targets in the east Baghdad slum of Sadr City on Thursday, the second day of fighting in the Shiite militia stronghold.","Title: <SPLIT>Description: US planes again hit Sadr City BAGHDAD US warplanes fired on targets in the east Baghdad slum of Sadr City on Thursday, the second day of fighting in the Shiite militia stronghold.",1.0,1.0,1,1,0,1,"Skipped"
"Title: <SPLIT>Description: British police arrest radical cleric Abu Hamza (AFP) AFP - Radical Islamic cleric Abu Hamza al-Masri, already detained in London on an extradition request from the United States, was arrested under suspicion of committing or preparing terrorism acts within Britain.","Title: <SPLIT>Description: British police arrest radical cleric Abu Hamza (AFP) AFP - Radical Islamic cleric Abu Hamza al-Masri, already detained in London on an extradition request from the United States, was arrested under suspicion of committing or preparing terrorism acts within Britain.",1.0,1.0,1,1,0,1,"Skipped"
"Title: <SPLIT>Description: Prosecutor brings charges against [[former]] neighbor in NBA brawl PONTIAC, Mich. The man accused of starting the brawl at a Detroit Pistons game last month is no stranger to the man who #39;s filing the charges against him.","Title: <SPLIT>Description: Prosecutor brings charges against [[ofrmer]] neighbor in NBA brawl PONTIAC, Mich. The man accused of starting the brawl at a Detroit Pistons game last month is no stranger to the man who #39;s filing the charges against him.",0.0,1.0,1,0,1,51,"Successful"
"Title: <SPLIT>Description: Corus makes first profit as UK steel plants return to the black Corus, the Anglo-Dutch steel maker, celebrated its first ever profit yesterday and said its UK plants had contributed to the turnaround.","Title: <SPLIT>Description: Corus makes first profit as UK steel plants return to the black Corus, the Anglo-Dutch steel maker, celebrated its first ever profit yesterday and said its UK plants had contributed to the turnaround.",1.0,1.0,1,1,2,1,"Skipped"
"Title: <SPLIT>Description: Southwest In, AWA Out Of Midway Bidding DECEMBER 10, 2004 -- Southwest Airlines this morning said it will submit a bid to the federal bankruptcy court in Indianapolis today for certain assets of bankrupt ATA Airlines.","Title: <SPLIT>Description: Southwest In, AWA Out Of Midway Bidding DECEMBER 10, 2004 -- Southwest Airlines this morning said it will submit a bid to the federal bankruptcy court in Indianapolis today for certain assets of bankrupt ATA Airlines.",1.0,1.0,1,1,2,1,"Skipped"
"[[Title]]: <SPLIT>Description: US Sprinter Pulled From Relay for Marijuana Violation Less than two hours before the Olympic men #39;s 400-meter relay semifinal on Friday, the United States Coach George Williams pulled John Capel from the race after being told by ","[[Titlh]]: <SPLIT>Description: US Sprinter Pulled From Relay for Marijuana Violation Less than two hours before the Olympic men #39;s 400-meter relay semifinal on Friday, the United States Coach George Williams pulled John Capel from the race after being told by ",0.0,1.0,1,0,1,42,"Successful"
"[[Title]]: <SPLIT>Description: Flight Diverted to UK After Bomb Threat A Singapore Airlines passenger jet from Frankfurt to New York was diverted to Manchester Airport in northern England on Monday after a bomb threat that police said may have been a hoax.","[[aitle]]: <SPLIT>Description: Flight Diverted to UK After Bomb Threat A Singapore Airlines passenger jet from Frankfurt to New York was diverted to Manchester Airport in northern England on Monday after a bomb threat that police said may have been a hoax.",0.0,1.0,0,1,0,33,"Successful"
"Title: <SPLIT>Description: Paralympics: China Surges As First Doping Cases Result In Lifetime &lt;b&gt;...&lt;/b&gt; ATHENS (AFP) - The Athens Paralympics weathered its first doping scandal, while juggernaut China continued to dominate the competition, racking up nearly twice as many as second-place Britain over the first four days of competition.","Title: <SPLIT>Description: Paralympics: China Surges As First Doping Cases Result In Lifetime &lt;b&gt;...&lt;/b&gt; ATHENS (AFP) - The Athens Paralympics weathered its first doping scandal, while juggernaut China continued to dominate the competition, racking up nearly twice as many as second-place Britain over the first four days of competition.",0.0,0.0,1,1,1,200,"Failed"
"Title: <SPLIT>Description: TSMC, Freescale expect initial production of 65nm SOI in 4Q 2005 Taiwan Semiconductor Manufacturing Company (TSMC) and Freescale Semiconductor expect to begin initial production of a high-speed 65nm silicon-on-insulator (SOI) process in the fourth quarter of 2005, with volume production pending on market demand ","Title: <SPLIT>Description: TSMC, Freescale expect initial production of 65nm SOI in 4Q 2005 Taiwan Semiconductor Manufacturing Company (TSMC) and Freescale Semiconductor expect to begin initial production of a high-speed 65nm silicon-on-insulator (SOI) process in the fourth quarter of 2005, with volume production pending on market demand ",1.0,1.0,1,1,3,1,"Skipped"
"Title: <SPLIT>[[Description]]: Musharraf visits Afghanistan Pakistani President General Pervez Musharraf on his visit after the landmark presidential polls in Afghanistan congratulated his Afghan counterpart Hamid Karzai for his victory Saturday afternoon.","Title: <SPLIT>[[Descriptnon]]: Musharraf visits Afghanistan Pakistani President General Pervez Musharraf on his visit after the landmark presidential polls in Afghanistan congratulated his Afghan counterpart Hamid Karzai for his victory Saturday afternoon.",0.0,1.0,0,1,0,28,"Successful"
"Title: <SPLIT>Description: Iran Sees No Reason for Iraq Summit (AP) AP - There is no reason to hold a meeting of Iraq's neighbors planned for this week in Amman, an Iranian envoy said Monday in a further sign of strained relations following accusations by Jordan's King Abdullah that Tehran wanted to influence the Iraqi elections.","Title: <SPLIT>Description: Iran Sees No Reason for Iraq Summit (AP) AP - There is no reason to hold a meeting of Iraq's neighbors planned for this week in Amman, an Iranian envoy said Monday in a further sign of strained relations following accusations by Jordan's King Abdullah that Tehran wanted to influence the Iraqi elections.",1.0,1.0,1,1,0,1,"Skipped"
"Title: <SPLIT>Description: IMF urged to assist countries in prevention of financial crisis Developing countries on Friday urged the International Monetary Fund (IMF to develop effective lending facilities to assist countries in the prevention of financial crisis.","Title: <SPLIT>Description: IMF urged to assist countries in prevention of financial crisis Developing countries on Friday urged the International Monetary Fund (IMF to develop effective lending facilities to assist countries in the prevention of financial crisis.",1.0,1.0,0,0,2,1,"Skipped"
"Title: <SPLIT>Description: Netflix and TiVo Joining Forces Online Home entertainment trendsetters Netflix Inc. (NFLX) and TiVo Inc. (TIVO) hope to link up on a service that will use high-speed Internet connections to pipe DVD-quality movies into the homes of their mutual subscribers.","Title: <SPLIT>Description: Netflix and TiVo Joining Forces Online Home entertainment trendsetters Netflix Inc. (NFLX) and TiVo Inc. (TIVO) hope to link up on a service that will use high-speed Internet connections to pipe DVD-quality movies into the homes of their mutual subscribers.",1.0,1.0,1,1,3,1,"Skipped"
"Title: <SPLIT>Description: Louisiana Tech Bulldogs RUSTON, Louisiana (Ticker) -- No. 17 Fresno State could not overcome a dominant performance by Ryan Moats or a poor one by Paul Pinegar.","Title: <SPLIT>Description: Louisiana Tech Bulldogs RUSTON, Louisiana (Ticker) -- No. 17 Fresno State could not overcome a dominant performance by Ryan Moats or a poor one by Paul Pinegar.",0.0,0.0,1,1,1,110,"Failed"
"Title: <SPLIT>Description: Netflix, TiVo Promise New Service The two companies say they will jointly develop a set-top box to download movies over the internet. Netflix will arrange the movie licensing from Hollywood studios, and TiVo will take care of the product technology.","Title: <SPLIT>Description: Netflix, TiVo Promise New Service The two companies say they will jointly develop a set-top box to download movies over the internet. Netflix will arrange the movie licensing from Hollywood studios, and TiVo will take care of the product technology.",1.0,1.0,1,1,3,1,"Skipped"
"Title: <SPLIT>Description: North Korea Seen as Tying Nuclear Talks to US Election North Korea is waiting out the American presidential election in order to bargain with the winner over its nuclear weapons program, according to analysts here and a British diplomat who left Pyongyang today.","Title: <SPLIT>Description: North Korea Seen as Tying Nuclear Talks to US Election North Korea is waiting out the American presidential election in order to bargain with the winner over its nuclear weapons program, according to analysts here and a British diplomat who left Pyongyang today.",1.0,1.0,1,1,0,1,"Skipped"
"Title: <SPLIT>Description: Brand, Clippers Clobber Pacers INDIANAPOLIS, Nov. 10 (Ticker) -- The Indiana Pacers were looking for a first. The Los Angeles Clippers accomplished one. Elton Brand had 19 points and a season-high 16 rebounds as the Clippers pounded the Pacers, 102-68.","Title: <SPLIT>Description: Brand, Clippers Clobber Pacers INDIANAPOLIS, Nov. 10 (Ticker) -- The Indiana Pacers were looking for a first. The Los Angeles Clippers accomplished one. Elton Brand had 19 points and a season-high 16 rebounds as the Clippers pounded the Pacers, 102-68.",0.0,0.0,1,1,1,160,"Failed"
"Title: <SPLIT>Description: ""Bush Condemns Beheading of U.S. Hostage (AP) AP - President Bush on Tuesday condemned the beheading of American hostage Eugene Armstrong, telling interim Iraqi Prime Minister Ayad Allawi, """"We will not allow these thugs and terrorists to decide your fate and decide my fate.""""""","Title: <SPLIT>Description: ""Bush Condemns Beheading of U.S. Hostage (AP) AP - President Bush on Tuesday condemned the beheading of American hostage Eugene Armstrong, telling interim Iraqi Prime Minister Ayad Allawi, """"We will not allow these thugs and terrorists to decide your fate and decide my fate.""""""",1.0,1.0,1,1,0,1,"Skipped"
"Title: <SPLIT>Description: Pires prepared to pay fine for wearing wrong kit Arsenal star Robert Pires said Monday he is prepared to pay a fine for not wearing the official French team sponsor #39;s kit in a television interview last month.","Title: <SPLIT>Description: Pires prepared to pay fine for wearing wrong kit Arsenal star Robert Pires said Monday he is prepared to pay a fine for not wearing the official French team sponsor #39;s kit in a television interview last month.",1.0,1.0,0,0,1,1,"Skipped"
"Title: <SPLIT>Description: 49ers tickets are available Since just before the start of the NFL #39;s regular season two months ago, television viewers in the Bay Area have been seeing commercials for a product that for years has sold itself.","Title: <SPLIT>Description: 49ers tickets are available Since just before the start of the NFL #39;s regular season two months ago, television viewers in the Bay Area have been seeing commercials for a product that for years has sold itself.",1.0,1.0,0,0,1,1,"Skipped"
"Title: <SPLIT>Description: Alternative Energy: Ready or not? Even with a boost from higher oil prices and growing concern about global warming, the payoff on most alternative energy technologies seems a ways off.","Title: <SPLIT>Description: Alternative Energy: Ready or not? Even with a boost from higher oil prices and growing concern about global warming, the payoff on most alternative energy technologies seems a ways off.",1.0,1.0,1,1,2,1,"Skipped"
"[[Title]]: <SPLIT>Description: Jones Advances in Long Jump; Johnson Out ATHENS, Greece - Marion Jones made her Athens debut in virtual anonymity, quietly advancing to the long jump final. Allen Johnson had the attention of everyone in the stadium, for all the wrong reasons...","[[TitFe]]: <SPLIT>Description: Jones Advances in Long Jump; Johnson Out ATHENS, Greece - Marion Jones made her Athens debut in virtual anonymity, quietly advancing to the long jump final. Allen Johnson had the attention of everyone in the stadium, for all the wrong reasons...",0.0,1.0,0,1,0,34,"Successful"
"Title: <SPLIT>Description: Arafat #39;s brother moved to Cairo for cancer therapy Palestinian sources said on Tuesday that Palestinian leader Yasser Arafat #39;s younger brother Fatehy Arafat was transferred to a hospital in Cairo to be treated for intestines cancer.","Title: <SPLIT>Description: Arafat #39;s brother moved to Cairo for cancer therapy Palestinian sources said on Tuesday that Palestinian leader Yasser Arafat #39;s younger brother Fatehy Arafat was transferred to a hospital in Cairo to be treated for intestines cancer.",1.0,1.0,1,1,0,1,"Skipped"
"Title: <SPLIT>Description: Iraq PM pleads for Europe #39;s help Iraq #39;s US-backed leader has made an impassioned plea for European nations divided by the war to reunite to help stabilize and rebuild his country.","Title: <SPLIT>Description: Iraq PM pleads for Europe #39;s help Iraq #39;s US-backed leader has made an impassioned plea for European nations divided by the war to reunite to help stabilize and rebuild his country.",1.0,1.0,1,1,0,1,"Skipped"
"Title: <SPLIT>Description: Honey, did you remember to call the DVD recorder? The machine has a 400GB hard disk drive, is capable of zapping video elsewhere in a home, and is designed to let consumers program recording remotely over the Internet--including via cell phones.","Title: <SPLIT>Description: Honey, did you remember to call the DVD recorder? The machine has a 400GB hard disk drive, is capable of zapping video elsewhere in a home, and is designed to let consumers program recording remotely over the Internet--including via cell phones.",1.0,1.0,1,1,3,1,"Skipped"
"Title: <SPLIT>Description: Edwards: I Won't Raise Retirement Age (AP) AP - Seizing on a report that a plan to privatize Social Security includes raising the retirement age for full benefits to 72, vice presidential candidate John Edwards on Saturday renewed a promise that the Democrats would never raise the retirement age.","Title: <SPLIT>Description: Edwards: I Won't Raise Retirement Age (AP) AP - Seizing on a report that a plan to privatize Social Security includes raising the retirement age for full benefits to 72, vice presidential candidate John Edwards on Saturday renewed a promise that the Democrats would never raise the retirement age.",1.0,1.0,1,1,0,1,"Skipped"
"Title: <SPLIT>Description: ""Nursery rhymes more violent than TV (Reuters) Reuters - Children's nursery rhymes contain 10 times more violence than television shows broadcast before the\9 p.m. """"watershed"""" after which more adult content can be shown, research has said.""","Title: <SPLIT>Description: ""Nursery rhymes more violent than TV (Reuters) Reuters - Children's nursery rhymes contain 10 times more violence than television shows broadcast before the\9 p.m. """"watershed"""" after which more adult content can be shown, research has said.""",1.0,1.0,1,1,0,1,"Skipped"
"Title: <SPLIT>Description: Thanks for the Pageviews, Ivan Bad weather has been very good for business at Weather.com and other popular forecasting sites. They are posting record traffic in the wake of Hurricane Ivan's arrival on the mainland. By Joanna Glasner.","Title: <SPLIT>Description: Thanks for the Pageviews, Ivan Bad weather has been very good for business at Weather.com and other popular forecasting sites. They are posting record traffic in the wake of Hurricane Ivan's arrival on the mainland. By Joanna Glasner.",1.0,1.0,1,1,2,1,"Skipped"
"Title: <SPLIT>Description: For Bush, Kerry, Iraq Is More Than a War (AP) AP - President Bush and Sen. John Kerry are using Iraq to advance their negative campaign tactics as the U.S. military death toll in Iraq tops 1,000. War, it seems, is just another excuse to call the other guy names.","Title: <SPLIT>Description: For Bush, Kerry, Iraq Is More Than a War (AP) AP - President Bush and Sen. John Kerry are using Iraq to advance their negative campaign tactics as the U.S. military death toll in Iraq tops 1,000. War, it seems, is just another excuse to call the other guy names.",1.0,1.0,1,1,0,1,"Skipped"
"Title: <SPLIT>Description: Vote Counting Begins in Afghan Elections KABUL, Afghanistan - Vote counting in Afghanistan's presidential election got under way Thursday, five days after a landmark vote meant to cement a new era of stability after more than two decades of strife.    The head of the Afghan-U.N...","Title: <SPLIT>Description: Vote Counting Begins in Afghan Elections KABUL, Afghanistan - Vote counting in Afghanistan's presidential election got under way Thursday, five days after a landmark vote meant to cement a new era of stability after more than two decades of strife.    The head of the Afghan-U.N...",1.0,1.0,1,1,0,1,"Skipped"
"Title: <SPLIT>Description: New Poll Shows Bush and Kerry in Dead Heat (Reuters) Reuters - President Bush is now in a\statistical dead heat with Democratic challenger Sen. John\Kerry for the Nov. 2 election, in a tightening of the race\after the first debate last week, a poll on Monday showed.","Title: <SPLIT>Description: New Poll Shows Bush and Kerry in Dead Heat (Reuters) Reuters - President Bush is now in a\statistical dead heat with Democratic challenger Sen. John\Kerry for the Nov. 2 election, in a tightening of the race\after the first debate last week, a poll on Monday showed.",1.0,1.0,1,1,0,1,"Skipped"
"Title: <SPLIT>Description: Put RSS Feeds On Your Web Page Put RSS Feeds On Your Web Page\\If you're interested in putting RSS feeds on your Web page but you don't have a lot of server/programming expertise, you might want to try the RSS Digest tool at http://www.bigbold.com/rssdigest/ . This tools has some nice extras on it, though at the moment ...","Title: <SPLIT>Description: Put RSS Feeds On Your Web Page Put RSS Feeds On Your Web Page\\If you're interested in putting RSS feeds on your Web page but you don't have a lot of server/programming expertise, you might want to try the RSS Digest tool at http://www.bigbold.com/rssdigest/ . This tools has some nice extras on it, though at the moment ...",1.0,1.0,1,1,3,1,"Skipped"
"Title: <SPLIT>Description: England labour but find their second wind This was not an easy day on which to play cricket. The sun shone brilliantly enough but for all of the opening day of the series a buffeting westerly crosswind flapped the trouser legs of the players, put ","Title: <SPLIT>Description: England labour but find their second wind This was not an easy day on which to play cricket. The sun shone brilliantly enough but for all of the opening day of the series a buffeting westerly crosswind flapped the trouser legs of the players, put ",0.0,0.0,1,1,1,139,"Failed"
"Title: <SPLIT>Description: [[DaLomba]] sprints to win With the Eastern Massachussetts cross-country championships just a week away, yesterday's MSTCA Invitational at Franklin Park offered area runners a last chance to tune up for the title race.","Title: <SPLIT>Description: [[Daomba]] sprints to win With the Eastern Massachussetts cross-country championships just a week away, yesterday's MSTCA Invitational at Franklin Park offered area runners a last chance to tune up for the title race.",0.0,1.0,1,0,1,38,"Successful"
"Title: <SPLIT>Description: New Ivory Coast Violence Shatters French Connection Chanting  quot;We want the French! quot; a crowd of armed and angry young men swept past La Planta, a club owned by an Ivorian. They started to attack the nearby Byblos ","Title: <SPLIT>Description: New Ivory Coast Violence Shatters French Connection Chanting  quot;We want the French! quot; a crowd of armed and angry young men swept past La Planta, a club owned by an Ivorian. They started to attack the nearby Byblos ",1.0,1.0,1,1,0,1,"Skipped"
"Title: <SPLIT>Description: Consumer Confidence Hits 7-Month Low   NEW YORK (Reuters) - U.S. consumers turned more gloomy in  October, beset by soaring energy prices, relentless violence in  Iraq and the increasingly bitter end of the presidential  election campaign.","Title: <SPLIT>Description: Consumer Confidence Hits 7-Month Low   NEW YORK (Reuters) - U.S. consumers turned more gloomy in  October, beset by soaring energy prices, relentless violence in  Iraq and the increasingly bitter end of the presidential  election campaign.",1.0,1.0,1,1,2,1,"Skipped"
"Title: <SPLIT>Description: OPEC Increases Oil Output The Organization of the Petroleum Exporting Countries has agreed to increase output by one million barrels a day in a move to lower oil prices.","Title: <SPLIT>Description: OPEC Increases Oil Output The Organization of the Petroleum Exporting Countries has agreed to increase output by one million barrels a day in a move to lower oil prices.",1.0,1.0,1,1,2,1,"Skipped"
"Title: <SPLIT>Description: EU studies Iranian response on nuclear program wrangle VIENNA (AFP) - EU officials were evaluating Iran #39;s response to an offer for Tehran to avoid possible UN sanctions over its nuclear program in a wrangle that has led a UN watchdog to hold up a key report.","Title: <SPLIT>Description: EU studies Iranian response on nuclear program wrangle VIENNA (AFP) - EU officials were evaluating Iran #39;s response to an offer for Tehran to avoid possible UN sanctions over its nuclear program in a wrangle that has led a UN watchdog to hold up a key report.",1.0,1.0,1,1,0,1,"Skipped"
"Title: <SPLIT>Description: Cowboys Defeat Redskins 21-18 LANDOVER, Md. - Bill Parcells celebrated the touchdown with a big smile and his fist thrust high in the air...","Title: <SPLIT>Description: Cowboys Defeat Redskins 21-18 LANDOVER, Md. - Bill Parcells celebrated the touchdown with a big smile and his fist thrust high in the air...",1.0,1.0,1,1,0,1,"Skipped"
"Title: <SPLIT>Description: Experts Push for More Computer Security Efforts  WASHINGTON (Reuters) - Computer-security experts, including  former government officials, urged the Bush administration on  Tuesday to devote more effort to strengthening defenses against  viruses, hackers and other online threats.","Title: <SPLIT>Description: Experts Push for More Computer Security Efforts  WASHINGTON (Reuters) - Computer-security experts, including  former government officials, urged the Bush administration on  Tuesday to devote more effort to strengthening defenses against  viruses, hackers and other online threats.",1.0,1.0,1,1,3,1,"Skipped"
"Title: <SPLIT>Description: Novell ships Desktop Linux for the enterprise NOVELL Inc has announced the availability of the Novell Linux Desktop 9, powered by SuSE Linux. Backed by Novells extensive enterprise-level support, training and consulting services, Novell Linux Desktop ","Title: <SPLIT>Description: Novell ships Desktop Linux for the enterprise NOVELL Inc has announced the availability of the Novell Linux Desktop 9, powered by SuSE Linux. Backed by Novells extensive enterprise-level support, training and consulting services, Novell Linux Desktop ",1.0,1.0,1,1,3,1,"Skipped"
"Title: <SPLIT>Description: Ohio State Bomb Dogs Irk Michigan Coach (AP) AP - The intense rivalry between Ohio State and Michigan has gone to the dogs  #151; bomb-sniffing ones.","Title: <SPLIT>Description: Ohio State Bomb Dogs Irk Michigan Coach (AP) AP - The intense rivalry between Ohio State and Michigan has gone to the dogs  #151; bomb-sniffing ones.",0.0,0.0,1,1,1,110,"Failed"
"Title: <SPLIT>Description: Chicago OKs Cubs to Play at Wrigley Field (AP) AP - The city gave the Chicago Cubs the [[go-ahead]] to play ball at Wrigley Field on Monday night after the stadium passed another round of inspections of repair work done on its crumbling upper deck.","Title: <SPLIT>Description: Chicago OKs Cubs to Play at Wrigley Field (AP) AP - The city gave the Chicago Cubs the [[g-oahead]] to play ball at Wrigley Field on Monday night after the stadium passed another round of inspections of repair work done on its crumbling upper deck.",0.0,1.0,1,0,1,98,"Successful"
"Title: <SPLIT>Description: TV war puts tour of India in doubt Australian cricket chiefs fear a battle over television rights could cause next month #39;s Test series in India to be cancelled, and last night were seeking clarification from Indian board president ","Title: <SPLIT>Description: TV war puts tour of India in doubt Australian cricket chiefs fear a battle over television rights could cause next month #39;s Test series in India to be cancelled, and last night were seeking clarification from Indian board president ",1.0,1.0,0,0,1,1,"Skipped"
"Title: <SPLIT>Description: Crowton Steps Down As BYU Football Coach BYU coach Gary Crowton walks off the field after BYU #39;s 28-27 loss to Boise State, in Boise, Idaho, in this Sept. 24, 2004 photo.","Title: <SPLIT>Description: Crowton Steps Down As BYU Football Coach BYU coach Gary Crowton walks off the field after BYU #39;s 28-27 loss to Boise State, in Boise, Idaho, in this Sept. 24, 2004 photo.",0.0,0.0,1,1,1,135,"Failed"
"Title: <SPLIT>Description: Ecuadorean Lawsuit Vs Texaco Boils Down to Science (Reuters) Reuters - After a decade\of court battles, lawyers on Wednesday took a lawsuit by\Ecuadorean Indians accusing U.S. oil firm ChevronTexaco Corp..\of polluting the Amazon jungle into the field.","Title: <SPLIT>Description: Ecuadorean Lawsuit Vs Texaco Boils Down to Science (Reuters) Reuters - After a decade\of court battles, lawyers on Wednesday took a lawsuit by\Ecuadorean Indians accusing U.S. oil firm ChevronTexaco Corp..\of polluting the Amazon jungle into the field.",1.0,1.0,1,1,3,1,"Skipped"
"Title: <SPLIT>Description: ""Pew Weblog Statistics \\Interesting data  this morning (thanks Dan ) on weblogs:\\""""Blog readership shoots up 58 in 2004 6 million Americans get news and\information fed to them through RSS aggregators But 62 of online Americans do\not know what a blog is""""\\Read the PDF  for more stats (man I hate PDF).\\""""27 of internet users say they read blogs, a 58 jump from the 17 who told us\they were blog readers in February. This means that by the end of 2004 32\million Americans were blog readers. Much of the attention to blogs focused on\those that covered the recent political campaign and the media. And at least\some of the overall growth in blog readership is attributable to political\blogs. Some 9 of internet users ...\\""","Title: <SPLIT>Description: ""Pew Weblog Statistics \\Interesting data  this morning (thanks Dan ) on weblogs:\\""""Blog readership shoots up 58 in 2004 6 million Americans get news and\information fed to them through RSS aggregators But 62 of online Americans do\not know what a blog is""""\\Read the PDF  for more stats (man I hate PDF).\\""""27 of internet users say they read blogs, a 58 jump from the 17 who told us\they were blog readers in February. This means that by the end of 2004 32\million Americans were blog readers. Much of the attention to blogs focused on\those that covered the recent political campaign and the media. And at least\some of the overall growth in blog readership is attributable to political\blogs. Some 9 of internet users ...\\""",1.0,1.0,1,1,3,1,"Skipped"
"Title: <SPLIT>Description: The Wayne Rooney era begins at Manchester United Manchester United manager Alex Ferguson calls him the best English player in the last 30 years, and he #39;s expected to debut for the club Tuesday in its Champions League match at Old Trafford against Turkey #39;s Fenerbahce.","Title: <SPLIT>Description: The Wayne Rooney era begins at Manchester United Manchester United manager Alex Ferguson calls him the best English player in the last 30 years, and he #39;s expected to debut for the club Tuesday in its Champions League match at Old Trafford against Turkey #39;s Fenerbahce.",0.0,0.0,1,1,1,171,"Failed"
"Title: <SPLIT>Description: Turkey Faces Long Road to EU Membership The European Commission #39;s cautious recommendation that Turkey begin membership negotiations puts the country a step closer to realizing its dream of joining Europe -- but ","Title: <SPLIT>Description: Turkey Faces Long Road to EU Membership The European Commission #39;s cautious recommendation that Turkey begin membership negotiations puts the country a step closer to realizing its dream of joining Europe -- but ",1.0,1.0,1,1,0,1,"Skipped"
"Title: <SPLIT>Description: VeriSign bundles authentication tools Unified support for passwords, smart cards and tokens means better network security, the company says.","Title: <SPLIT>Description: VeriSign bundles authentication tools Unified support for passwords, smart cards and tokens means better network security, the company says.",1.0,1.0,1,1,3,1,"Skipped"
"Title: <SPLIT>Description: GOP Platform Plan Seeks Gay Marriage Ban (AP) AP - Republican leaders are pushing for a constitutional ban on gay marriage in the GOP platform, opening a new point of contention between social conservatives and outnumbered but vocal factions fighting to give the party's statement of principles a more moderate tone.","Title: <SPLIT>Description: GOP Platform Plan Seeks Gay Marriage Ban (AP) AP - Republican leaders are pushing for a constitutional ban on gay marriage in the GOP platform, opening a new point of contention between social conservatives and outnumbered but vocal factions fighting to give the party's statement of principles a more moderate tone.",1.0,1.0,1,1,0,1,"Skipped"
"Title: <SPLIT>Description: Nokia Adopts SD Card Tech into Storage Portfolio To expand the capabilities of SD memory cards in mobile devices, the SD Card Association has recently formed a Mobile Phone Task Force.","Title: <SPLIT>Description: Nokia Adopts SD Card Tech into Storage Portfolio To expand the capabilities of SD memory cards in mobile devices, the SD Card Association has recently formed a Mobile Phone Task Force.",1.0,1.0,1,1,3,1,"Skipped"
"Title: <SPLIT>Description: Rite Aid Swings to Loss Rite Aid (RAD:NYSE - news - research) swung into the red for its third quarter and lowered expectations for fiscal 2005. The drugstore chain said Thursday it posted a loss of \$7.7 million, or 1 cent a share ","Title: <SPLIT>Description: Rite Aid Swings to Loss Rite Aid (RAD:NYSE - news - research) swung into the red for its third quarter and lowered expectations for fiscal 2005. The drugstore chain said Thursday it posted a loss of \$7.7 million, or 1 cent a share ",1.0,1.0,1,1,2,1,"Skipped"
"Title: <SPLIT>Description: Stanford ties Arizona in poll Media splits on who #39;s favorite in &lt;b&gt;...&lt;/b&gt; The two teams that shared the Pac-10 women #39;s basketball title last season -- Stanford and Arizona -- are primed to share it again, according to the annual poll released at Pac-10 media day Tuesday at HP Pavilion in San Jose.","Title: <SPLIT>Description: Stanford ties Arizona in poll Media splits on who #39;s favorite in &lt;b&gt;...&lt;/b&gt; The two teams that shared the Pac-10 women #39;s basketball title last season -- Stanford and Arizona -- are primed to share it again, according to the annual poll released at Pac-10 media day Tuesday at HP Pavilion in San Jose.",0.0,0.0,1,1,1,200,"Failed"
"Title: <SPLIT>Description: No Peace Until S.Korea Explains Atomic Tests-North  SEOUL (Reuters) - North Korea will not dismantle its  nuclear programs or improve ties with South Korea until  questions about the South's nuclear experiments are clearly  answered, Pyongyang said on Sunday.","Title: <SPLIT>Description: No Peace Until S.Korea Explains Atomic Tests-North  SEOUL (Reuters) - North Korea will not dismantle its  nuclear programs or improve ties with South Korea until  questions about the South's nuclear experiments are clearly  answered, Pyongyang said on Sunday.",1.0,1.0,1,1,0,1,"Skipped"
"Title: <SPLIT>Description: Unhappy Robinson Rejoins 76ers (AP) AP - Unhappy he hasn't been traded, Glenn Robinson rejoined the [[Philadelphia]] 76ers on Tuesday.","Title: <SPLIT>Description: Unhappy Robinson Rejoins 76ers (AP) AP - Unhappy he hasn't been traded, Glenn Robinson rejoined the [[Philadqelphia]] 76ers on Tuesday.",0.0,1.0,1,0,1,73,"Successful"
"Title: <SPLIT>Description: ""Plan B Proposes Its Own Alternatives Donnie Downs, president and chief executive of Plan B Technologies Inc., said the company itself is a """"plan B.""""""","Title: <SPLIT>Description: ""Plan B Proposes Its Own Alternatives Donnie Downs, president and chief executive of Plan B Technologies Inc., said the company itself is a """"plan B.""""""",1.0,1.0,1,1,3,1,"Skipped"
"Title: <SPLIT>Description: Eagles Bring Back Levens; Place Andrews on IR (Reuters) Reuters - The Philadelphia Eagles\made several roster moves on Tuesday, including bringing back\Dorsey [[Levens]] and placing Shawn Andrews on injured reserve.","Title: <SPLIT>Description: Eagles Bring Back Levens; Place Andrews on IR (Reuters) Reuters - The Philadelphia Eagles\made several roster moves on Tuesday, including bringing back\Dorsey [[LevenZ]] and placing Shawn Andrews on injured reserve.",0.0,1.0,1,0,1,38,"Successful"
"Title: <SPLIT>Description: EU will go it alone on nuclear project if French site bid fails BRUSSELS, Nov 9 (AFP) - The European Union said Tuesday it was prepared to forge ahead with a revolutionary nuclear energy project if negotiations with Japan and other backers on where to locate it break down.","Title: <SPLIT>Description: EU will go it alone on nuclear project if French site bid fails BRUSSELS, Nov 9 (AFP) - The European Union said Tuesday it was prepared to forge ahead with a revolutionary nuclear energy project if negotiations with Japan and other backers on where to locate it break down.",1.0,1.0,1,1,0,1,"Skipped"
"Title: <SPLIT>Description: Start of Ebbers Trial Delayed NEW YORK -- A federal judge has delayed the trial of former WorldCom chief Bernard Ebbers until January 17th. The trial had been set to start November Ninth.","Title: <SPLIT>Description: Start of Ebbers Trial Delayed NEW YORK -- A federal judge has delayed the trial of former WorldCom chief Bernard Ebbers until January 17th. The trial had been set to start November Ninth.",1.0,1.0,0,0,2,1,"Skipped"
"Title: <SPLIT>Description: Wireless sensors ready to go global? Soon millions of the data-collection devices will be scattered around the world, but there are still many obstacles to the networks.","Title: <SPLIT>Description: Wireless sensors ready to go global? Soon millions of the data-collection devices will be scattered around the world, but there are still many obstacles to the networks.",1.0,1.0,1,1,3,1,"Skipped"
"Title: <SPLIT>Description: NASA Chief Is Taking Off Named to head NASA by President Bush in December 2001, Sean O #39;Keefe acknowledged he had no experience in astronautics. His management style aimed at practical economy.","Title: <SPLIT>Description: NASA Chief Is Taking Off Named to head NASA by President Bush in December 2001, Sean O #39;Keefe acknowledged he had no experience in astronautics. His management style aimed at practical economy.",1.0,1.0,0,0,3,1,"Skipped"
"Title: <SPLIT>Description: Water and robots on Mars chosen as tops in 2004 Science It #39;s the discovery by two Mars rovers that the Red Planet once had water and possibly could have supported life. That recognition comes today from the journal Science.","Title: <SPLIT>Description: Water and robots on Mars chosen as tops in 2004 Science It #39;s the discovery by two Mars rovers that the Red Planet once had water and possibly could have supported life. That recognition comes today from the journal Science.",1.0,1.0,1,1,3,1,"Skipped"
"Title: <SPLIT>Description: Big Tax Plans, Big Tax Risks Reforming the tax system is more politically risky and economically complex than the president let on during the campaign.","Title: <SPLIT>Description: Big Tax Plans, Big Tax Risks Reforming the tax system is more politically risky and economically complex than the president let on during the campaign.",1.0,1.0,1,1,2,1,"Skipped"
"Title: <SPLIT>Description: Blair heads to Hungary for summit Tony Blair is to address leaders at conference of centre-left leaders in Hungarian capital Budapest.","Title: <SPLIT>Description: Blair heads to Hungary for summit Tony Blair is to address leaders at conference of centre-left leaders in Hungarian capital Budapest.",0.0,0.0,0,0,0,80,"Failed"
"Title: <SPLIT>Description: Smith lifts Missouri with all-around effort COLUMBIA, Mo. -- Brad Smith threw for 233 yards and three touchdowns and ran for 63 yards and another score to help No. 18 Missouri rout Arkansas State, 52-20, last night in the season opener for both teams.","Title: <SPLIT>Description: Smith lifts Missouri with all-around effort COLUMBIA, Mo. -- Brad Smith threw for 233 yards and three touchdowns and ran for 63 yards and another score to help No. 18 Missouri rout Arkansas State, 52-20, last night in the season opener for both teams.",0.0,0.0,1,1,1,170,"Failed"
"Title: <SPLIT>Description: Ask Jeeves retools search engine in bid to catch Google, Yahoo SAN FRANCISCO -- Hoping to emerge from the shadow of its more popular rivals, Ask Jeeves Inc. is adding new tools for visitors to save and organize links to Web pages they find through the company's online search engine.","Title: <SPLIT>Description: Ask Jeeves retools search engine in bid to catch Google, Yahoo SAN FRANCISCO -- Hoping to emerge from the shadow of its more popular rivals, Ask Jeeves Inc. is adding new tools for visitors to save and organize links to Web pages they find through the company's online search engine.",1.0,1.0,1,1,2,1,"Skipped"
"Title: <SPLIT>Description: Pakistan tightens noose around Al-Qaeda militants near Afghan border: army (AFP) AFP - Pakistani troops have hemmed in Al-Qaeda-linked foreign fighters and their local allies hiding in tribal border regions with a series of military assaults, a top Pakistani general said.","Title: <SPLIT>Description: Pakistan tightens noose around Al-Qaeda militants near Afghan border: army (AFP) AFP - Pakistani troops have hemmed in Al-Qaeda-linked foreign fighters and their local allies hiding in tribal border regions with a series of military assaults, a top Pakistani general said.",1.0,1.0,1,1,0,1,"Skipped"
"Title: <SPLIT>Description: GAME NOTES: The 24th-ranked Memphis Tigers and the fifth-ranked &lt;b&gt;...&lt;/b&gt; Orange are set to square off in the title game of the Coaches vs. Cancer. Classic. The Orange posted an impressive 71-58 victory over 12th-ranked.","Title: <SPLIT>Description: GAME NOTES: The 24th-ranked Memphis Tigers and the fifth-ranked &lt;b&gt;...&lt;/b&gt; Orange are set to square off in the title game of the Coaches vs. Cancer. Classic. The Orange posted an impressive 71-58 victory over 12th-ranked.",0.0,0.0,1,1,1,147,"Failed"
"Title: <SPLIT>Description: Israeli Officer Arrested Over Killing of Gaza Girl (Reuters) Reuters - Israeli military police on Tuesday\arrested a commander accused by comrades of riddling the body\of a Palestinian schoolgirl with bullets after fellow soldiers\killed her.","Title: <SPLIT>Description: Israeli Officer Arrested Over Killing of Gaza Girl (Reuters) Reuters - Israeli military police on Tuesday\arrested a commander accused by comrades of riddling the body\of a Palestinian schoolgirl with bullets after fellow soldiers\killed her.",1.0,1.0,1,1,0,1,"Skipped"
"Title: <SPLIT>Description: Powell Presses N. Korea on Weapons Talks US Secretary of State Colin Powell, left, shakes hands with Japanese Prime Minister Junichiro Koizumi before their meeting at the Foreign Ministry #39;s annex in Tokyo Sunday, Oct. 24, 2004.","Title: <SPLIT>Description: Powell Presses N. Korea on Weapons Talks US Secretary of State Colin Powell, left, shakes hands with Japanese Prime Minister Junichiro Koizumi before their meeting at the Foreign Ministry #39;s annex in Tokyo Sunday, Oct. 24, 2004.",1.0,1.0,1,1,0,1,"Skipped"
"Title: <SPLIT>Description: Jury Nearly Set for Enron Criminal Trial (Reuters) Reuters - Opening arguments in the first criminal\case against former Enron Corp. employees are set to begin\after a federal court spent Monday whittling down a panel of\Houston-area residents to find an impartial jury in the city\still stinging from the company's downfall.","Title: <SPLIT>Description: Jury Nearly Set for Enron Criminal Trial (Reuters) Reuters - Opening arguments in the first criminal\case against former Enron Corp. employees are set to begin\after a federal court spent Monday whittling down a panel of\Houston-area residents to find an impartial jury in the city\still stinging from the company's downfall.",1.0,1.0,1,1,2,1,"Skipped"
"Title: <SPLIT>Description: North Korea-watchers ponder significance of Kim #39;s changed status SEOUL - Watchers of the reclusive North Korean regime are buzzing about reports that might indicate a change in the cult of personality surrounding Kim Jong Il.","Title: <SPLIT>Description: North Korea-watchers ponder significance of Kim #39;s changed status SEOUL - Watchers of the reclusive North Korean regime are buzzing about reports that might indicate a change in the cult of personality surrounding Kim Jong Il.",1.0,1.0,1,1,0,1,"Skipped"
"Title: <SPLIT>Description: Hostage-Takers Demand U.S. Allies Quit Iraq  BAGHDAD (Reuters) - Militants piled more pressure on  Washington's military allies in Iraq on Thursday, seizing an  Iraqi-Polish woman and holding a Japanese man under threat of  death.","Title: <SPLIT>Description: Hostage-Takers Demand U.S. Allies Quit Iraq  BAGHDAD (Reuters) - Militants piled more pressure on  Washington's military allies in Iraq on Thursday, seizing an  Iraqi-Polish woman and holding a Japanese man under threat of  death.",1.0,1.0,1,1,0,1,"Skipped"
"[[Title]]: <SPLIT>Description: Mauritania coup kingpin held Nouakchott, Mauritania - Authorities said on Saturday they arrested the alleged ringleader of a string of foiled coup and assassination attempts against Mauritania #39;s leaders.","[[TRtle]]: <SPLIT>Description: Mauritania coup kingpin held Nouakchott, Mauritania - Authorities said on Saturday they arrested the alleged ringleader of a string of foiled coup and assassination attempts against Mauritania #39;s leaders.",0.0,1.0,0,1,0,27,"Successful"
"Title: <SPLIT>Description: No. 13 Louisville Beats NC A T, 85-51  LOUISVILLE, Ky., (Sports Network) - Larry O'Bannon netted  25 points to lead No. 13 Louisville over North Carolina A T,  85-51, at Freedom Hall.","Title: <SPLIT>Description: No. 13 Louisville Beats NC A T, 85-51  LOUISVILLE, Ky., (Sports Network) - Larry O'Bannon netted  25 points to lead No. 13 Louisville over North Carolina A T,  85-51, at Freedom Hall.",0.0,0.0,1,1,1,130,"Failed"
"Title: <SPLIT>Description: This could be the week for a Patriots loss The New England Patriots might be like no other powerhouse in NFL history. They almost never [[dominate]], they just always win -- a record 21 victories in a row including the postseason, 18 straight in the regular season.","Title: <SPLIT>Description: This could be the week for a Patriots loss The New England Patriots might be like no other powerhouse in NFL history. They almost never [[Jominate]], they just always win -- a record 21 victories in a row including the postseason, 18 straight in the regular season.",0.0,1.0,1,2,1,113,"Successful"
"Title: <SPLIT>Description: Tiger Woods Ties the Knot with Swedish Ex-Nanny  LONDON (Reuters) - Former world number one Tiger Woods has  married Swedish model Elin Nordegren at the luxury Sandy Lane  resort in Barbados, the Barbados Daily Nation newspaper  reported Wednesday.","Title: <SPLIT>Description: Tiger Woods Ties the Knot with Swedish Ex-Nanny  LONDON (Reuters) - Former world number one Tiger Woods has  married Swedish model Elin Nordegren at the luxury Sandy Lane  resort in Barbados, the Barbados Daily Nation newspaper  reported Wednesday.",0.0,0.0,1,1,1,160,"Failed"
"Title: <SPLIT>Description: Nation's cybersecurity chief abruptly quits DHS post Amit Yoran, the government's cybersecurity chief, abruptly resigned yesterday after a year at the Department of Homeland Security, a move that raised questions about the Bush administration's ability to quickly improve cybersecurity.","Title: <SPLIT>Description: Nation's cybersecurity chief abruptly quits DHS post Amit Yoran, the government's cybersecurity chief, abruptly resigned yesterday after a year at the Department of Homeland Security, a move that raised questions about the Bush administration's ability to quickly improve cybersecurity.",1.0,1.0,1,1,3,1,"Skipped"
"Title: <SPLIT>Description: ADV: Try Currency Trading Risk-Free 30 Days 24-hour commission-free trading, 100-to-1 leverage of your capital, and Dealbook Fx 2 - our free advanced trading software. Sign up for our free 30-day trial and receive one-on-one training.","Title: <SPLIT>Description: ADV: Try Currency Trading Risk-Free 30 Days 24-hour commission-free trading, 100-to-1 leverage of your capital, and Dealbook Fx 2 - our free advanced trading software. Sign up for our free 30-day trial and receive one-on-one training.",1.0,1.0,0,0,2,1,"Skipped"
"Title: <SPLIT>Description: A different ball game Two interesting stories this week. One - Manchester United #39;s signing of Wayne Rooney - exciting if rather predictable; another - Southampton #39;s apparent intent to hire England rugby union coach Sir Clive Woodward - surprising and, to many, baffling.","Title: <SPLIT>Description: A different ball game Two interesting stories this week. One - Manchester United #39;s signing of Wayne Rooney - exciting if rather predictable; another - Southampton #39;s apparent intent to hire England rugby union coach Sir Clive Woodward - surprising and, to many, baffling.",1.0,1.0,0,0,1,1,"Skipped"
"Title: <SPLIT>Description: CERN to Probe Life, the Universe and Everything (Reuters) Reuters - It has revolutionized physics, made","Title: <SPLIT>Description: CERN to Probe Life, the Universe and Everything (Reuters) Reuters - It has revolutionized physics, made",1.0,1.0,1,1,3,1,"Skipped"
"Title: <SPLIT>Description: Seahawks Looking at Acquiring Jerry Rice (AP) AP - Jerry Rice could be headed north to reunite with Seattle Seahawks coach Mike Holmgren.","Title: <SPLIT>Description: Seahawks Looking at Acquiring Jerry Rice (AP) AP - Jerry Rice could be headed north to reunite with Seattle Seahawks coach Mike Holmgren.",0.0,0.0,1,1,1,99,"Failed"
"Title: <SPLIT>Description: HP to tempt holiday shoppers with sights and sounds The computer-hardware giant, best known for products such as PCs and printers, on Friday laid out its plan to become a brand-name in consumer electronics products such as flat-screen TVs, music players and the devices that move content between them.","Title: <SPLIT>Description: HP to tempt holiday shoppers with sights and sounds The computer-hardware giant, best known for products such as PCs and printers, on Friday laid out its plan to become a brand-name in consumer electronics products such as flat-screen TVs, music players and the devices that move content between them.",1.0,1.0,1,1,2,1,"Skipped"
"Title: <SPLIT>Description: Baghdad Governor Assassinated; Bombing Kills 10  BAGHDAD (Reuters) - Gunmen killed the Baghdad governor in  Iraq's highest-profile assassination in eight months and a  suicide bomber killed 10 people near the Green Zone on Tuesday  in an escalating campaign to wreck a Jan. 30 election.","Title: <SPLIT>Description: Baghdad Governor Assassinated; Bombing Kills 10  BAGHDAD (Reuters) - Gunmen killed the Baghdad governor in  Iraq's highest-profile assassination in eight months and a  suicide bomber killed 10 people near the Green Zone on Tuesday  in an escalating campaign to wreck a Jan. 30 election.",1.0,1.0,1,1,0,1,"Skipped"
"Title: <SPLIT>Description: GAME DAY RECAP Sunday, August 22 Aramis Ramirez hit a three-run homer, Moises Alou also homered and the Chicago Cubs beat the Houston Astros 11-6 on Sunday in the testy conclusion of a three-game series between the NL Central rivals.","Title: <SPLIT>Description: GAME DAY RECAP Sunday, August 22 Aramis Ramirez hit a three-run homer, Moises Alou also homered and the Chicago Cubs beat the Houston Astros 11-6 on Sunday in the testy conclusion of a three-game series between the NL Central rivals.",0.0,0.0,1,1,1,153,"Failed"
"Title: <SPLIT>Description: PalmSource Embraces Linux with China MobileSoft Acquisition (NewsFactor) NewsFactor - Mobile software provider PalmSource is leaping into a market with a\potentially huge upside with the acquisition of China MobileSoft (CMS),\and at the same time is giving a big boost to the open source developer\commmunity.","Title: <SPLIT>Description: PalmSource Embraces Linux with China MobileSoft Acquisition (NewsFactor) NewsFactor - Mobile software provider PalmSource is leaping into a market with a\potentially huge upside with the acquisition of China MobileSoft (CMS),\and at the same time is giving a big boost to the open source developer\commmunity.",1.0,1.0,1,1,3,1,"Skipped"
"Title: <SPLIT>Description: Vietnam Marks Independence with Pardons for Prisoners  HANOI (Reuters) - Vietnam has released nearly 9,000  prisoners, including 10 inmates whose cases it says had drawn  international attention, as part of traditional pardons granted  ahead of independence celebrations on September 2.","Title: <SPLIT>Description: Vietnam Marks Independence with Pardons for Prisoners  HANOI (Reuters) - Vietnam has released nearly 9,000  prisoners, including 10 inmates whose cases it says had drawn  international attention, as part of traditional pardons granted  ahead of independence celebrations on September 2.",1.0,1.0,1,1,0,1,"Skipped"
"Title: <SPLIT>Description: Retailers Looking to Move Plasma TV's (AP) AP - Hanging stockings by the chimney with care? Retailers hope that St. Nicholas soon will be there  #151; to hang a 42-inch plasma-screen TV.","Title: <SPLIT>Description: Retailers Looking to Move Plasma TV's (AP) AP - Hanging stockings by the chimney with care? Retailers hope that St. Nicholas soon will be there  #151; to hang a 42-inch plasma-screen TV.",1.0,1.0,1,1,2,1,"Skipped"
"Title: <SPLIT>Description: Microsoft to help users prep for patching Microsoft said today that it plans to give customers three days' advance notice about its monthly security updates to help them prepare to install related software patches.","Title: <SPLIT>Description: Microsoft to help users prep for patching Microsoft said today that it plans to give customers three days' advance notice about its monthly security updates to help them prepare to install related software patches.",1.0,1.0,1,1,3,1,"Skipped"
"Title: <SPLIT>Description: Pfizer: Exubera Does Well in Trials Drug makers Pfizer Inc. and Sanofi-Aventis on Tuesday posted positive results from mid-stage trials of an inhaled insulin product for diabetics.","Title: <SPLIT>Description: Pfizer: Exubera Does Well in Trials Drug makers Pfizer Inc. and Sanofi-Aventis on Tuesday posted positive results from mid-stage trials of an inhaled insulin product for diabetics.",1.0,1.0,1,1,2,1,"Skipped"
"Title: <SPLIT>Description: Return of Relics to Rekindle Catholic-Orthodox Dialogue VATICAN CITY, NOV. 25, 2004 (Zenit.org).- Theological dialogue between the Orthodox and Catholic Churches is expected to resume after the relics of Sts.","Title: <SPLIT>Description: Return of Relics to Rekindle Catholic-Orthodox Dialogue VATICAN CITY, NOV. 25, 2004 (Zenit.org).- Theological dialogue between the Orthodox and Catholic Churches is expected to resume after the relics of Sts.",1.0,1.0,1,1,0,1,"Skipped"
"Title: <SPLIT>Description: NJ Transit Riders Get A  quot;Fare quot; Warning (1010 WINS) (NEWARK) NJ Transit #39;s executive director on Thursday said the agency #39;s 400,000 daily riders should expect fare hikes of up to 15 percent starting in July to offset a projected \$50 million deficit caused by higher fuel and security costs and ","Title: <SPLIT>Description: NJ Transit Riders Get A  quot;Fare quot; Warning (1010 WINS) (NEWARK) NJ Transit #39;s executive director on Thursday said the agency #39;s 400,000 daily riders should expect fare hikes of up to 15 percent starting in July to offset a projected \$50 million deficit caused by higher fuel and security costs and ",1.0,1.0,1,1,2,1,"Skipped"
"Title: <SPLIT>Description: House Passes Corporate Tax Bill The House, by a vote of 280 to 141, gave final approval last night to a far-reaching tax bill that provides a rich array of breaks to manufacturing companies, energy producers and small businesses and underwrites a \$10 billion buyout of American tobacco ","Title: <SPLIT>Description: House Passes Corporate Tax Bill The House, by a vote of 280 to 141, gave final approval last night to a far-reaching tax bill that provides a rich array of breaks to manufacturing companies, energy producers and small businesses and underwrites a \$10 billion buyout of American tobacco ",1.0,1.0,1,1,2,1,"Skipped"
"Title: <SPLIT>Description: Titan Photos Pose New Questions Photographs and radar surveys from the Cassini spacecraft #39;s Tuesday-night flyby of Saturn #39;s mysterious moon Titan are raising more questions than they #39;re answering, say NASA scientists.","Title: <SPLIT>Description: Titan Photos Pose New Questions Photographs and radar surveys from the Cassini spacecraft #39;s Tuesday-night flyby of Saturn #39;s mysterious moon Titan are raising more questions than they #39;re answering, say NASA scientists.",1.0,1.0,1,1,3,1,"Skipped"
"Title: <SPLIT>Description: Japan #39;s SMFG in \$29B bid for UFJ Sumitomo Mitsui Financial Group Inc. laid out a \$29 billion bid for UFJ Holdings on Tuesday, challenging a rival offer by Mitsubishi Tokyo Financial Group to form the world #39;s biggest bank.","Title: <SPLIT>Description: Japan #39;s SMFG in \$29B bid for UFJ Sumitomo Mitsui Financial Group Inc. laid out a \$29 billion bid for UFJ Holdings on Tuesday, challenging a rival offer by Mitsubishi Tokyo Financial Group to form the world #39;s biggest bank.",1.0,1.0,1,1,2,1,"Skipped"
"Title: <SPLIT>Description: Court Weighs Legal Rights of Mich. Poor (AP) AP - With backing from two-fifths of all states, Michigan asked the Supreme Court on Monday to whether a state can refuse to pay for appeals by indigent defendants who plead guilty to crimes.","Title: <SPLIT>Description: Court Weighs Legal Rights of Mich. Poor (AP) AP - With backing from two-fifths of all states, Michigan asked the Supreme Court on Monday to whether a state can refuse to pay for appeals by indigent defendants who plead guilty to crimes.",1.0,1.0,1,1,0,1,"Skipped"
"Title: <SPLIT>Description: Reeling Pack sends McKenzie to New Orleans Green Bay #39;s front office apparently had seen enough of cornerback Mike McKenzie. His holdout and mystery hamstring injury, which had kept him out of the past ","Title: <SPLIT>Description: Reeling Pack sends McKenzie to New Orleans Green Bay #39;s front office apparently had seen enough of cornerback Mike McKenzie. His holdout and mystery hamstring injury, which had kept him out of the past ",1.0,1.0,0,0,1,1,"Skipped"
"Title: <SPLIT>Description:  #39;Hundreds to be charged #39; over Thai protest PRIME Minister Thaksin Shinawatra said today hundreds of Muslims will be prosecuted over a demonstration that led to the deaths of 87 people in southern Thailand last week, in a move which could further raise tensions in the region.","Title: <SPLIT>Description:  #39;Hundreds to be charged #39; over Thai protest PRIME Minister Thaksin Shinawatra said today hundreds of Muslims will be prosecuted over a demonstration that led to the deaths of 87 people in southern Thailand last week, in a move which could further raise tensions in the region.",1.0,1.0,1,1,0,1,"Skipped"
"Title: <SPLIT>Description: Sun Reports Smaller Loss and Calls It a Turnaround As it struggled to increase sales and cut costs, Sun Microsystems managed to reduce its net loss in the first quarter to \$174 million.","Title: <SPLIT>Description: Sun Reports Smaller Loss and Calls It a Turnaround As it struggled to increase sales and cut costs, Sun Microsystems managed to reduce its net loss in the first quarter to \$174 million.",1.0,1.0,1,1,3,1,"Skipped"
"Title: <SPLIT>Description: North Korea eases tough stance against US in nuclear talks North Korea on Friday eased its tough stance against the United States, saying it is willing to resume stalled six-way talks on its nuclear weapons if Washington is ready to consider its demands.","Title: <SPLIT>Description: North Korea eases tough stance against US in nuclear talks North Korea on Friday eased its tough stance against the United States, saying it is willing to resume stalled six-way talks on its nuclear weapons if Washington is ready to consider its demands.",1.0,1.0,1,1,0,1,"Skipped"
"Title: <SPLIT>Description: Girls 'observe' French scarf ban Only about 100 French Muslim girls are breaking the new ban on headscarves at school, the education minister says.","Title: <SPLIT>Description: Girls 'observe' French scarf ban Only about 100 French Muslim girls are breaking the new ban on headscarves at school, the education minister says.",1.0,1.0,1,1,0,1,"Skipped"
"Title: <SPLIT>Description: Bell [[would]] like to manage a contending team In his previous stints with Cleveland and Colorado, the teams were rebuilding. They didn #39;t do well and he was let go. By Don Bostrom.","Title: <SPLIT>Description: Bell [[woulTd]] like to manage a contending team In his previous stints with Cleveland and Colorado, the teams were rebuilding. They didn #39;t do well and he was let go. By Don Bostrom.",0.0,1.0,1,0,1,28,"Successful"
"Title: <SPLIT>Description: Amazon #39;s UK DVD Rentals Might Presage War with Netflix Analysts said Amazon #39;s launch of the DVD rental service in the UK might be to test its approach and streamline the logistically difficult process of handling DVDs through the mail.","Title: <SPLIT>Description: Amazon #39;s UK DVD Rentals Might Presage War with Netflix Analysts said Amazon #39;s launch of the DVD rental service in the UK might be to test its approach and streamline the logistically difficult process of handling DVDs through the mail.",1.0,1.0,1,1,2,1,"Skipped"
"Title: <SPLIT>Description: Kederis proclaims innocence Olympic champion Kostas Kederis today left hospital ahead of his date with IOC inquisitors claiming his innocence and vowing:  quot;After the crucifixion comes the resurrection. quot; ...","Title: <SPLIT>Description: Kederis proclaims innocence Olympic champion Kostas Kederis today left hospital ahead of his date with IOC inquisitors claiming his innocence and vowing:  quot;After the crucifixion comes the resurrection. quot; ...",1.0,1.0,0,0,1,1,"Skipped"
"Title: <SPLIT>Description: McCline, Byrd say [[fight]] won #39;t weigh heavy on friendship Jameel McCline had made a habit of calling heavyweight titleholder Chris Byrd, his good friend, whenever he found out about his next fight in order to hear Byrd #39;s opinion and discuss strategy.","Title: <SPLIT>Description: McCline, Byrd say [[iight]] won #39;t weigh heavy on friendship Jameel McCline had made a habit of calling heavyweight titleholder Chris Byrd, his good friend, whenever he found out about his next fight in order to hear Byrd #39;s opinion and discuss strategy.",0.0,1.0,1,0,1,37,"Successful"
"Title: <SPLIT>Description: New home ice looks slick If playing for one of college hockey's most storied programs wasn't enticing enough for potential recruits, Boston University's new \$97 million Harry Agganis Arena should do the trick.","Title: <SPLIT>Description: New home ice looks slick If playing for one of college hockey's most storied programs wasn't enticing enough for potential recruits, Boston University's new \$97 million Harry Agganis Arena should do the trick.",1.0,1.0,0,0,1,1,"Skipped"
"Title: <SPLIT>Description: A Better Solution for Israel The hysterical tone of Daniel Seidemann #39;s plea to the next US administration to save Israel from itself serves no useful purpose op-ed, Aug. 26.","Title: <SPLIT>Description: A Better Solution for Israel The hysterical tone of Daniel Seidemann #39;s plea to the next US administration to save Israel from itself serves no useful purpose op-ed, Aug. 26.",1.0,1.0,1,1,0,1,"Skipped"
"Title: <SPLIT>Description: Japan to Protest to China Over Intruder Submarine  TOKYO (Reuters) - Japan will protest to China after  concluding that a nuclear-powered submarine that intruded into  its waters this week belonged to the Chinese navy, top  government spokesman Hiroyuki Hosoda said on Friday.","Title: <SPLIT>Description: Japan to Protest to China Over Intruder Submarine  TOKYO (Reuters) - Japan will protest to China after  concluding that a nuclear-powered submarine that intruded into  its waters this week belonged to the Chinese navy, top  government spokesman Hiroyuki Hosoda said on Friday.",1.0,1.0,1,1,0,1,"Skipped"
"Title: <SPLIT>Description: Israel to Renovate Crumbling Entrance to Disputed Holy Site in Jerusalem's Old City (AP) AP - Israel will renovate the crumbling entrance to a disputed holy site in Jerusalem's Old City that is revered by Jews and Muslims, officials said Monday.","Title: <SPLIT>Description: Israel to Renovate Crumbling Entrance to Disputed Holy Site in Jerusalem's Old City (AP) AP - Israel will renovate the crumbling entrance to a disputed holy site in Jerusalem's Old City that is revered by Jews and Muslims, officials said Monday.",1.0,1.0,1,1,0,1,"Skipped"
"Title: <SPLIT>Description: South Africa #39;s Mbeki Leaves Ivory Coast Rebel Zone South African President Thabo Mbeki left Ivory Coast #39;s rebel town of Bouake after talks Sunday, saying mediators would prepare proposals to end the crisis in the world #39;s top cocoa grower.","Title: <SPLIT>Description: South Africa #39;s Mbeki Leaves Ivory Coast Rebel Zone South African President Thabo Mbeki left Ivory Coast #39;s rebel town of Bouake after talks Sunday, saying mediators would prepare proposals to end the crisis in the world #39;s top cocoa grower.",1.0,1.0,1,1,0,1,"Skipped"
"[[Title]]: <SPLIT>Description: Police Join Probe Into Pistons-Pacers Mass Brawl Police launched an investigation on Saturday into an extraordinary mass brawl involving players and fans at a game between the Detroit Pistons and Indiana Pacers.","[[TitlTe]]: <SPLIT>Description: Police Join Probe Into Pistons-Pacers Mass Brawl Police launched an investigation on Saturday into an extraordinary mass brawl involving players and fans at a game between the Detroit Pistons and Indiana Pacers.",0.0,1.0,1,0,1,29,"Successful"
"Title: <SPLIT>Description: US star slams sweet-rustlin', phone beepin' theatre crowd (AFP) AFP - Kevin Spacey, the US screen star who is spending a season working for one of London's top West End theatres, lashed out at members of the audience who rustle sweet wrappers and forget to turn off their mobile phones during performances.","Title: <SPLIT>Description: US star slams sweet-rustlin', phone beepin' theatre crowd (AFP) AFP - Kevin Spacey, the US screen star who is spending a season working for one of London's top West End theatres, lashed out at members of the audience who rustle sweet wrappers and forget to turn off their mobile phones during performances.",1.0,1.0,1,1,3,1,"Skipped"
"Title: <SPLIT>Description: BHP stock boosted by share buy-back Mining giant BHP Billiton has completed a bigger-than-expected A\$2.27 billion (950 million pound) share buyback, driving up its stock price as investors reinvest profits from the tax-efficient deal.","Title: <SPLIT>Description: BHP stock boosted by share buy-back Mining giant BHP Billiton has completed a bigger-than-expected A\$2.27 billion (950 million pound) share buyback, driving up its stock price as investors reinvest profits from the tax-efficient deal.",1.0,1.0,1,1,2,1,"Skipped"
"Title: <SPLIT>Description: Hezbollah flies unmanned plane over Israel Hezbollah sent an unmanned reconnaissance plane over Israeli airspace Sunday, the Lebanon-based group and the Israeli military said.","Title: <SPLIT>Description: Hezbollah flies unmanned plane over Israel Hezbollah sent an unmanned reconnaissance plane over Israeli airspace Sunday, the Lebanon-based group and the Israeli military said.",1.0,1.0,1,1,0,1,"Skipped"
"Title: <SPLIT>Description: [[Colombia]] back in business, needs reforms-Uribe Colombia is back in business and the Andean country has ample room for growth backed by aggressive and transparent government policies but with some challenges ","Title: <SPLIT>Description: [[CoGombia]] back in business, needs reforms-Uribe Colombia is back in business and the Andean country has ample room for growth backed by aggressive and transparent government policies but with some challenges ",0.0,1.0,2,1,2,26,"Successful"
