"original_text","perturbed_text","original_score","perturbed_score","original_output","perturbed_output","ground_truth_output","num_queries","result_type"
"Title: <SPLIT>Description: Students crazy about iPod follow the music to Apple laptops (USATODAY.com) USATODAY.com - Apple's trendy iPod digital music player, which has revitalized the company, is giving laptop sales a boost during back-to-school season.","Title: <SPLIT>Description: Students crazy about iPod follow the music to Apple laptops (USATODAY.com) USATODAY.com - Apple's trendy iPod digital music player, which has revitalized the company, is giving laptop sales a boost during back-to-school season.",1.0,1.0,1,1,3,1,"Skipped"
"[[Title]]: <SPLIT>Description: Golf: Woods #39; bitter sip from cup MICHIGAN - Tiger Woods finished the 35th Ryder Cup on a personal winning note in the last-day singles, but the enigma of his relationship with the biennial team competition remains.","[[deed]]: <SPLIT>Description: Golf: Woods #39; bitter sip from cup MICHIGAN - Tiger Woods finished the 35th Ryder Cup on a personal winning note in the last-day singles, but the enigma of his relationship with the biennial team competition remains.",0.0,1.0,1,0,1,147,"Successful"
"Title: <SPLIT>Description: CSKA sponsor rejects criticism RUSSIAN oil giant Sibneft today rejected any suggestion of a conflict of interest existing between Chelsea and CSKA Moscow who are due to meet in the Champions League.","Title: <SPLIT>Description: CSKA sponsor rejects criticism RUSSIAN oil giant Sibneft today rejected any suggestion of a conflict of interest existing between Chelsea and CSKA Moscow who are due to meet in the Champions League.",1.0,1.0,0,0,1,1,"Skipped"
"Title: <SPLIT>Description: Lawmakers give the space agency greater flexibility in its new &lt;b&gt;...&lt;/b&gt; After a year of wrangling over NASA #39;s \$16.2 billion budget, lawmakers have delivered in a big way, giving the space agency its full funding request and unprecedented spending flexibility.","Title: <SPLIT>Description: Lawmakers give the space agency greater flexibility in its new &lt;b&gt;...&lt;/b&gt; After a year of wrangling over NASA #39;s \$16.2 billion budget, lawmakers have delivered in a big way, giving the space agency its full funding request and unprecedented spending flexibility.",1.0,1.0,1,1,3,1,"Skipped"
"Title: <SPLIT>Description: Sports Calendar Bolton Over-30 women's soccer. The Close-To-Home soccer league is looking for female players 30 and olderver for the fall season for a team in the Bolton area. Interested candidates can expect refereed games, a friendly atmosphere, and renewal of basic skills. All levels of experience welcomed. Contact Miriam Kandansky at 781-442-0750 or through e-mail at Miriam.Kadanskysun.com for more details.","Title: <SPLIT>Description: Sports Calendar Bolton Over-30 women's soccer. The Close-To-Home soccer league is looking for female players 30 and olderver for the fall season for a team in the Bolton area. Interested candidates can expect refereed games, a friendly atmosphere, and renewal of basic skills. All levels of experience welcomed. Contact Miriam Kandansky at 781-442-0750 or through e-mail at Miriam.Kadanskysun.com for more details.",0.0,0.0,1,1,1,200,"Failed"
"Title: <SPLIT>Description: Election chaos? (U.S. News   World Report) U.S. News   World Report - Michael Cadigan's day job is practicing commercial law in Albuquerque. But over eggs at the trendy Gold Street Caffe in the heart of downtown, he and a dozen other lawyers are immersing themselves in the intricacies of election law. On Election Day, they plan to be out in force for Democrat John Kerry at polling places across New Mexico, where Al Gore won in 2000 by just 366 votes.  quot;We know there was a lot of monkey business with counting ballots before, quot; says Cadigan.  quot;We want to make sure that doesn't happen again. ...","Title: <SPLIT>Description: Election chaos? (U.S. News   World Report) U.S. News   World Report - Michael Cadigan's day job is practicing commercial law in Albuquerque. But over eggs at the trendy Gold Street Caffe in the heart of downtown, he and a dozen other lawyers are immersing themselves in the intricacies of election law. On Election Day, they plan to be out in force for Democrat John Kerry at polling places across New Mexico, where Al Gore won in 2000 by just 366 votes.  quot;We know there was a lot of monkey business with counting ballots before, quot; says Cadigan.  quot;We want to make sure that doesn't happen again. ...",1.0,1.0,1,1,0,1,"Skipped"
"Title: <SPLIT>Description: Pollsters refuse to write off Australian PM despite lag in polls (AFP) AFP - Opinion polls give Australia's opposition Labor Party a big lead over Prime Minister John Howard's conservative government as campaigning begins for October 9 elections, but analysts say the real race is still too close to call.","Title: <SPLIT>Description: Pollsters refuse to write off Australian PM despite lag in polls (AFP) AFP - Opinion polls give Australia's opposition Labor Party a big lead over Prime Minister John Howard's conservative government as campaigning begins for October 9 elections, but analysts say the real race is still too close to call.",1.0,1.0,1,1,0,1,"Skipped"
"Title: <SPLIT>Description: Westwood up for challenge The course is a back-breaking 7,800 yards long off the tips, the rough is up, it #39;s 100F out there, the greens are fast and firm and refusing to hold, and yesterday there was a tricky wind to contend with.","Title: <SPLIT>Description: Westwood up for challenge The course is a back-breaking 7,800 yards long off the tips, the rough is up, it #39;s 100F out there, the greens are fast and firm and refusing to hold, and yesterday there was a tricky wind to contend with.",0.0,0.0,1,1,1,200,"Failed"
"Title: <SPLIT>Description: NKorea warns Japan against economic sanctions North Korea has warned Japan that it will treat economic sanctions as a  quot;declaration of war quot; and threatens to try to exclude Tokyo from six-party talks on Pyongyang #39;s nuclear arms programs.","Title: <SPLIT>Description: NKorea warns Japan against economic sanctions North Korea has warned Japan that it will treat economic sanctions as a  quot;declaration of war quot; and threatens to try to exclude Tokyo from six-party talks on Pyongyang #39;s nuclear arms programs.",1.0,1.0,1,1,0,1,"Skipped"
"Title: <SPLIT>Description: Barca wins again Barcelona has moved 12 points clear at the top of Spain #39;s Primera Liga thanks to a 2-1 win at Albacete. Andres Iniesta put Barca ahead after just two minutes, but when Mark Gonzalez made it 1-1 with 17 minutes ","Title: <SPLIT>Description: Barca wins again Barcelona has moved 12 points clear at the top of Spain #39;s Primera Liga thanks to a 2-1 win at Albacete. Andres Iniesta put Barca ahead after just two minutes, but when Mark Gonzalez made it 1-1 with 17 minutes ",0.0,0.0,1,1,1,200,"Failed"
"Title: <SPLIT>Description: Dogs in Training to Sniff Out Cancer Experts have trained unwanted dogs into supersniffers that can detect drugs or bombs. Now they're focusing on a new threat #151;prostate cancer.","Title: <SPLIT>Description: Dogs in Training to Sniff Out Cancer Experts have trained unwanted dogs into supersniffers that can detect drugs or bombs. Now they're focusing on a new threat #151;prostate cancer.",1.0,1.0,1,1,3,1,"Skipped"
"Title: <SPLIT>Description: IMF sees rising oil prices having little impact on global growth TOKYO: Rising oil prices are unlikely to deal a major blow to global economic growth although the trend may seem  quot;uncomfortable, quot; a researcher with the International Monetary Fund says.","Title: <SPLIT>Description: IMF sees rising oil prices having little impact on global growth TOKYO: Rising oil prices are unlikely to deal a major blow to global economic growth although the trend may seem  quot;uncomfortable, quot; a researcher with the International Monetary Fund says.",1.0,1.0,1,1,2,1,"Skipped"
"Title: <SPLIT>Description: Pension accounting  In finance, a process that requires a company to estimate the expected future value of a company #39;s pension assets and the expected cost of fulfilling pension and health care obligations to current and retired employees.","Title: <SPLIT>Description: Pension accounting  In finance, a process that requires a company to estimate the expected future value of a company #39;s pension assets and the expected cost of fulfilling pension and health care obligations to current and retired employees.",1.0,1.0,1,1,2,1,"Skipped"
"Title: <SPLIT>Description: Cards Try to Narrow Gap in Game 3 After losing the first two games to the Boston Red Sox, the St. Louis Cardinals try to make the World Series competitive by winning Tuesday night's Game 3 at home. Three-time Cy Young Award winner Pedro Martinez starts for Boston against journeyman Jeff Suppan, who used to play for the Red Sox. Both are 16-9.","Title: <SPLIT>Description: Cards Try to Narrow Gap in Game 3 After losing the first two games to the Boston Red Sox, the St. Louis Cardinals try to make the World Series competitive by winning Tuesday night's Game 3 at home. Three-time Cy Young Award winner Pedro Martinez starts for Boston against journeyman Jeff Suppan, who used to play for the Red Sox. Both are 16-9.",0.0,0.0,1,1,1,200,"Failed"
"Title: <SPLIT>Description: Taiwan Acknowledges Minister #39;s Improper Wording #39; on Singapore Taiwan Foreign Minister Chen Tan- sun, who dismissed Singapore as a country the size of a booger, #39; #39; regretted his improper wording, #39; #39; said Foreign Ministry spokesman Michel Lu.","Title: <SPLIT>Description: Taiwan Acknowledges Minister #39;s Improper Wording #39; on Singapore Taiwan Foreign Minister Chen Tan- sun, who dismissed Singapore as a country the size of a booger, #39; #39; regretted his improper wording, #39; #39; said Foreign Ministry spokesman Michel Lu.",1.0,1.0,1,1,0,1,"Skipped"
"Title: <SPLIT>Description: Disney Rules Out New Deal with Pixar Studios In January Disney and Pixar terminated their talks to extend a distribution partnership that has created such cartoon hits as  quot;Finding Nemo quot; and the  quot;Toy Story quot; series.","Title: <SPLIT>Description: Disney Rules Out New Deal with Pixar Studios In January Disney and Pixar terminated their talks to extend a distribution partnership that has created such cartoon hits as  quot;Finding Nemo quot; and the  quot;Toy Story quot; series.",1.0,1.0,1,1,2,1,"Skipped"
"Title: <SPLIT>Description: Virgin wishing for Melbourne Sir Richard said yesterday Melbourne was on his wish list, with flights to London possibly through Hong Kong or Bangkok. The British billionaire landed in Sydney yesterday aboard Virgin Atlantic #39;s inaugural Australian flight.","Title: <SPLIT>Description: Virgin wishing for Melbourne Sir Richard said yesterday Melbourne was on his wish list, with flights to London possibly through Hong Kong or Bangkok. The British billionaire landed in Sydney yesterday aboard Virgin Atlantic #39;s inaugural Australian flight.",1.0,1.0,1,1,2,1,"Skipped"
"Title: <SPLIT>Description: Israel OKs More West Bank Settlement Homes JERUSALEM Aug. 23, 2004 - Israel announced plans Monday to build hundreds of new housing units in the West Bank, following an apparent US policy shift on settlements that the Palestinians warned  quot;will destroy the peace process.","Title: <SPLIT>Description: Israel OKs More West Bank Settlement Homes JERUSALEM Aug. 23, 2004 - Israel announced plans Monday to build hundreds of new housing units in the West Bank, following an apparent US policy shift on settlements that the Palestinians warned  quot;will destroy the peace process.",1.0,1.0,1,1,0,1,"Skipped"
"Title: <SPLIT>Description: Tribe challenges American origins Some of the earliest settlers of America may have been from Australia, southern Asia, and the Pacific, not northern Asia, research suggests.","Title: <SPLIT>Description: Tribe challenges American origins Some of the earliest settlers of America may have been from Australia, southern Asia, and the Pacific, not northern Asia, research suggests.",1.0,1.0,1,1,3,1,"Skipped"
"Title: <SPLIT>Description: ""Md. Board Meeting Worries Democrats Republican-dominated election board met behind closed doors in deliberations that Democrats feared were aimed at ousting Elections Administrator Linda H. Lamone.&lt;BR&gt;\&lt;FONT face=""""verdana,MS Sans Serif,arial,helvetica"""" size=""""-2""""\ color=""""#666666""""&gt;&lt;B&gt;-The Washington Post&lt;/B&gt;&lt;/FONT&gt;""","Title: <SPLIT>Description: ""Md. Board Meeting Worries Democrats Republican-dominated election board met behind closed doors in deliberations that Democrats feared were aimed at ousting Elections Administrator Linda H. Lamone.&lt;BR&gt;\&lt;FONT face=""""verdana,MS Sans Serif,arial,helvetica"""" size=""""-2""""\ color=""""#666666""""&gt;&lt;B&gt;-The Washington Post&lt;/B&gt;&lt;/FONT&gt;""",1.0,1.0,1,1,3,1,"Skipped"
"Title: <SPLIT>Description: Air Canada to Buy 45 Aircraft From Embraer Scheduled to fly out of bankruptcy-court shelter this week, Air Canada announced a deal Wednesday to buy 45 Embraer aircraft in a deal worth at least \$1.","Title: <SPLIT>Description: Air Canada to Buy 45 Aircraft From Embraer Scheduled to fly out of bankruptcy-court shelter this week, Air Canada announced a deal Wednesday to buy 45 Embraer aircraft in a deal worth at least \$1.",1.0,1.0,1,1,2,1,"Skipped"
"Title: <SPLIT>Description: Broncos And Monday Night On The Road Don #39;t Mix The Bengals were happy to be back on Monday Night Football after a 15 year absence. From gameplan to execution, they looked very good.","Title: <SPLIT>Description: Broncos And Monday Night On The Road Don #39;t Mix The Bengals were happy to be back on Monday Night Football after a 15 year absence. From gameplan to execution, they looked very good.",1.0,1.0,0,0,1,1,"Skipped"
"Title: <SPLIT>Description: China, Singapore Say World Must Help Calm Taiwan Row China and Singapore on Monday urged the international community to help calm Beijing #39;s dispute with Taiwan over its push for independence.","Title: <SPLIT>Description: China, Singapore Say World Must Help Calm Taiwan Row China and Singapore on Monday urged the international community to help calm Beijing #39;s dispute with Taiwan over its push for independence.",0.0,0.0,0,0,0,200,"Failed"
"Title: <SPLIT>Description: Microsoft signs two Indian [[deals]] The announcement came as Microsoft chief executive Steve Ballmer opened the group #39;s new Indian headquarters in the city of Hyderabad.","Title: <SPLIT>Description: Microsoft signs two Indian [[stack]] The announcement came as Microsoft chief executive Steve Ballmer opened the group #39;s new Indian headquarters in the city of Hyderabad.",0.0,1.0,2,1,2,200,"Successful"
"Title: <SPLIT>Description: Jaguar Exit Throws F1 Deeper Into Turmoil  LONDON (Reuters) - Formula One, already struggling to shape  its future and put on a show, is staring into the abyss after  Ford's decision to pull out and sell its Jaguar team.","Title: <SPLIT>Description: Jaguar Exit Throws F1 Deeper Into Turmoil  LONDON (Reuters) - Formula One, already struggling to shape  its future and put on a show, is staring into the abyss after  Ford's decision to pull out and sell its Jaguar team.",0.0,0.0,1,1,1,200,"Failed"
"Title: <SPLIT>Description: The Discreet Charm of the Very Bourgeois Toy Store? F.A.O. Schwarz may be shuttered and dark, but its catalog is somersaulting back in the direction of well-heeled children and the adults who indulge them.","Title: <SPLIT>Description: The Discreet Charm of the Very Bourgeois Toy Store? F.A.O. Schwarz may be shuttered and dark, but its catalog is somersaulting back in the direction of well-heeled children and the adults who indulge them.",1.0,1.0,1,1,2,1,"Skipped"
"Title: <SPLIT>Description: Super ant colony hits Australia A giant 100km colony of ants  which has been discovered in Melbourne, Australia, could threaten local insect species.","Title: <SPLIT>Description: Super ant colony hits Australia A giant 100km colony of ants  which has been discovered in Melbourne, Australia, could threaten local insect species.",1.0,1.0,1,1,3,1,"Skipped"
"Title: <SPLIT>Description: HP Shifting Last of Itanium Engineers Hewlett-Packard Co. (HPQ.N: Quote, Profile, Research) and Intel Corp. (INTC.O: Quote, Profile, Research) on Wednesday ended their 10-year partnership to co-develop the Itanium chip ","Title: <SPLIT>Description: HP Shifting Last of Itanium Engineers Hewlett-Packard Co. (HPQ.N: Quote, Profile, Research) and Intel Corp. (INTC.O: Quote, Profile, Research) on Wednesday ended their 10-year partnership to co-develop the Itanium chip ",1.0,1.0,1,1,3,1,"Skipped"
"Title: <SPLIT>Description: Plan to ease sale of Abbey shares Abbey National shareholders will no longer need to fill in complex Spanish tax forms if BSCH's bid to buy the UK firm succeeds. ","Title: <SPLIT>Description: Plan to ease sale of Abbey shares Abbey National shareholders will no longer need to fill in complex Spanish tax forms if BSCH's bid to buy the UK firm succeeds. ",0.0,0.0,2,2,2,200,"Failed"
"Title: <SPLIT>Description: Asia ; Freed UN Hostages Say Humbled by Support in Ordeal The UN workers, who helped to run a presidential election won last month by US-backed incumbent Karzai, discussed their ordeal with him at his presidential palace in the morning.","Title: <SPLIT>Description: Asia ; Freed UN Hostages Say Humbled by Support in Ordeal The UN workers, who helped to run a presidential election won last month by US-backed incumbent Karzai, discussed their ordeal with him at his presidential palace in the morning.",1.0,1.0,1,1,0,1,"Skipped"
"Title: <SPLIT>Description: United States 66, Russia 62 Frustrated by fouls, turnovers and a feisty opponent, the United States desperately looked for help. Then along came Sheryl Swoopes to set things right.","Title: <SPLIT>Description: United States 66, Russia 62 Frustrated by fouls, turnovers and a feisty opponent, the United States desperately looked for help. Then along came Sheryl Swoopes to set things right.",0.0,0.0,1,1,1,200,"Failed"
"Title: <SPLIT>Description: Four Israeli soldiers killed, Barghuti pulls out of presidential &lt;b&gt;...&lt;/b&gt; RAFAH, Gaza Strip (AFP) - Four Israeli soldiers were killed when Palestinian militants blew up a tunnel under an army post in Gaza, as jailed intifada leader Marwan Barghuti pulled out of the Palestinian elections.","Title: <SPLIT>Description: Four Israeli soldiers killed, Barghuti pulls out of presidential &lt;b&gt;...&lt;/b&gt; RAFAH, Gaza Strip (AFP) - Four Israeli soldiers were killed when Palestinian militants blew up a tunnel under an army post in Gaza, as jailed intifada leader Marwan Barghuti pulled out of the Palestinian elections.",1.0,1.0,1,1,0,1,"Skipped"
"Title: <SPLIT>Description: Four pay price for India defeats India have dropped wicket-keeper Parthiv Patel and batsman Yuvraj Singh for the final Test against Australia. Opening batsman Aakash Chopra and seamer Ajit Agarkar were also left out after India conceded the ","Title: <SPLIT>Description: Four pay price for India defeats India have dropped wicket-keeper Parthiv Patel and batsman Yuvraj Singh for the final Test against Australia. Opening batsman Aakash Chopra and seamer Ajit Agarkar were also left out after India conceded the ",0.0,0.0,1,1,1,200,"Failed"
"Title: <SPLIT>Description: Austria to Extradite Turkish Underworld Figure  VIENNA (Reuters) - Convicted Turkish underworld boss  Alaattin Cakici, sought on charges of corruption and extortion,  will be extradited from Austria to Turkey, a district court  ruled on Monday.","Title: <SPLIT>Description: Austria to Extradite Turkish Underworld Figure  VIENNA (Reuters) - Convicted Turkish underworld boss  Alaattin Cakici, sought on charges of corruption and extortion,  will be extradited from Austria to Turkey, a district court  ruled on Monday.",1.0,1.0,1,1,0,1,"Skipped"
"Title: <SPLIT>Description: Tiny telescope #39;s big discovery opens new doors WASHINGTON - A tiny telescope has spotted a giant planet circling a faraway star, using a technique that could open a new phase of planetary discovery.","Title: <SPLIT>Description: Tiny telescope #39;s big discovery opens new doors WASHINGTON - A tiny telescope has spotted a giant planet circling a faraway star, using a technique that could open a new phase of planetary discovery.",1.0,1.0,0,0,3,1,"Skipped"
"Title: <SPLIT>Description: Dollar Briefly Hits 4-Wk Low Vs Euro  LONDON (Reuters) - The dollar dipped to a four-week low  against the euro on Monday before rising slightly on  profit-taking, but steep oil prices and weak U.S. data  continued to fan worries about the health of the world's  largest economy.","Title: <SPLIT>Description: Dollar Briefly Hits 4-Wk Low Vs Euro  LONDON (Reuters) - The dollar dipped to a four-week low  against the euro on Monday before rising slightly on  profit-taking, but steep oil prices and weak U.S. data  continued to fan worries about the health of the world's  largest economy.",1.0,1.0,1,1,2,1,"Skipped"
"Title: <SPLIT>Description: The Wayne Rooney era begins at Manchester United Manchester United manager Alex Ferguson calls him the best English player in the last 30 years, and he #39;s expected to debut for the club Tuesday in its Champions League match at Old Trafford against Turkey #39;s Fenerbahce.","Title: <SPLIT>Description: The Wayne Rooney era begins at Manchester United Manchester United manager Alex Ferguson calls him the best English player in the last 30 years, and he #39;s expected to debut for the club Tuesday in its Champions League match at Old Trafford against Turkey #39;s Fenerbahce.",0.0,0.0,1,1,1,200,"Failed"
"Title: <SPLIT>Description: AA takes soft option on cost cuts PENNY-PINCHING American Airlines is to remove the pillows from half its planes to save \$300,000 (163,000) a year. While the cost savings are small beer compared with the \$4bn a year American has slashed ","Title: <SPLIT>Description: AA takes soft option on cost cuts PENNY-PINCHING American Airlines is to remove the pillows from half its planes to save \$300,000 (163,000) a year. While the cost savings are small beer compared with the \$4bn a year American has slashed ",1.0,1.0,1,1,2,1,"Skipped"
"Title: <SPLIT>Description: Rumors Suggest Photo Ability To Be Added to iPod  quot;Apple has invested heavily in technology to edit pictures. Not having a portable device to show them seemed an obvious oversight that would be corrected once the price of the displays ","Title: <SPLIT>Description: Rumors Suggest Photo Ability To Be Added to iPod  quot;Apple has invested heavily in technology to edit pictures. Not having a portable device to show them seemed an obvious oversight that would be corrected once the price of the displays ",1.0,1.0,1,1,2,1,"Skipped"
"Title: <SPLIT>Description: US Bells Do Video on Path Blazed by Small Telcos The three largest US local telephone corporations made a splash this summer with plans to sell video services on their voice and data lines in a few years.","Title: <SPLIT>Description: US Bells Do Video on Path Blazed by Small Telcos The three largest US local telephone corporations made a splash this summer with plans to sell video services on their voice and data lines in a few years.",1.0,1.0,0,0,2,1,"Skipped"
"Title: <SPLIT>Description: 'Nano-needle' operates on cell Scientists have performed a delicate surgical operation on a single living cell, using a needle that is just a few billionths of a metre wide.","Title: <SPLIT>Description: 'Nano-needle' operates on cell Scientists have performed a delicate surgical operation on a single living cell, using a needle that is just a few billionths of a metre wide.",1.0,1.0,1,1,3,1,"Skipped"
"Title: <SPLIT>Description: Games hammered with controversy The International Gymnastics Federation suspended three judges yesterday for a mistake they made in scoring the men #39;s all-around final, but said results would not be changed and Paul Hamm of the United States would keep his gold medal.","Title: <SPLIT>Description: Games hammered with controversy The International Gymnastics Federation suspended three judges yesterday for a mistake they made in scoring the men #39;s all-around final, but said results would not be changed and Paul Hamm of the United States would keep his gold medal.",0.0,0.0,1,1,1,200,"Failed"
"Title: <SPLIT>Description: UPDATE 1-Rookie Johnson shares Buick lead with Funk Rookie Zach Johnson produced the day #39;s joint best score, a five-under-par 65, to join Fred Funk at the top of the leaderboard after the second round of the \$4.","Title: <SPLIT>Description: UPDATE 1-Rookie Johnson shares Buick lead with Funk Rookie Zach Johnson produced the day #39;s joint best score, a five-under-par 65, to join Fred Funk at the top of the leaderboard after the second round of the \$4.",0.0,0.0,1,1,1,200,"Failed"
"Title: <SPLIT>Description: Toile Gets A Makeover The traditional pattern shakes its fussy image as designers give it a new look","Title: <SPLIT>Description: Toile Gets A Makeover The traditional pattern shakes its fussy image as designers give it a new look",1.0,1.0,1,1,2,1,"Skipped"
"Title: <SPLIT>Description: Motorists Submitting to High Gas Prices (AP) AP - Americans appear to be getting used to paying more to drive  #151; even if it means they have less money to buy other things. For example, Wal-Mart Stores Inc., the world's largest retailer, blamed disappointing sales in August on the fact that shoppers spent more just getting to and from its stores.","Title: <SPLIT>Description: Motorists Submitting to High Gas Prices (AP) AP - Americans appear to be getting used to paying more to drive  #151; even if it means they have less money to buy other things. For example, Wal-Mart Stores Inc., the world's largest retailer, blamed disappointing sales in August on the fact that shoppers spent more just getting to and from its stores.",1.0,1.0,1,1,2,1,"Skipped"
"Title: <SPLIT>Description: Orioles 8, Devil Rays 0 Javy Lopez drove in four runs, Daniel Cabrera became the first rookie to win 10 games this season, and the Baltimore Orioles held the Tampa Bay Devil Rays to two hits in an 8-0 victory.","Title: <SPLIT>Description: Orioles 8, Devil Rays 0 Javy Lopez drove in four runs, Daniel Cabrera became the first rookie to win 10 games this season, and the Baltimore Orioles held the Tampa Bay Devil Rays to two hits in an 8-0 victory.",0.0,0.0,1,1,1,200,"Failed"
"Title: <SPLIT>Description: Wake Forest survives at the NIT No. 1 Wake Forest used a 19-5 second half run to take the lead and then held off Arizona 63-60 to win the preseason NIT. Mustafa Shakur had a chance to take the lead in the final seconds, but he missed a runner in the lane.","Title: <SPLIT>Description: Wake Forest survives at the NIT No. 1 Wake Forest used a 19-5 second half run to take the lead and then held off Arizona 63-60 to win the preseason NIT. Mustafa Shakur had a chance to take the lead in the final seconds, but he missed a runner in the lane.",0.0,0.0,1,1,1,200,"Failed"
"Title: <SPLIT>Description: ""R.I.P. Gary Webb -- Unembedded Reporter The finest journalist ever to get fired for telling the truth is dead at age 49. The official cause of death on the death certificate will be suicide. But, as we shall see, he had much help getting to that point. The story of the life and death of Gary Webb says much about the state of American politics and what passes as """"journalism"""" in today's America. ""","Title: <SPLIT>Description: ""R.I.P. Gary Webb -- Unembedded Reporter The finest journalist ever to get fired for telling the truth is dead at age 49. The official cause of death on the death certificate will be suicide. But, as we shall see, he had much help getting to that point. The story of the life and death of Gary Webb says much about the state of American politics and what passes as """"journalism"""" in today's America. """,1.0,1.0,1,1,3,1,"Skipped"
"Title: <SPLIT>Description: Small computers can have multiple personalities, too BOSTON The jury is still out on whether a computer can ever truly be intelligent, but there is no question that it can have multiple personalities. It #39;s just a matter of software. We usually think of the processor chip as the brains of a computer. The ...","Title: <SPLIT>Description: Small computers can have multiple personalities, too BOSTON The jury is still out on whether a computer can ever truly be intelligent, but there is no question that it can have multiple personalities. It #39;s just a matter of software. We usually think of the processor chip as the brains of a computer. The ...",1.0,1.0,1,1,3,1,"Skipped"
"Title: <SPLIT>Description: Happy returns for Cabrera Fly from New York to Colombia on Monday, be with your wife as she has surgery, make sure things are OK there, fly to Boston overnight on Tuesday and hit a game-winning home run in the 12th inning on Wednesday.","Title: <SPLIT>Description: Happy returns for Cabrera Fly from New York to Colombia on Monday, be with your wife as she has surgery, make sure things are OK there, fly to Boston overnight on Tuesday and hit a game-winning home run in the 12th inning on Wednesday.",0.0,0.0,1,1,1,200,"Failed"
"Title: <SPLIT>Description: Wall Street Looks Set for a Mixed Start (Reuters) Reuters - Wall Street looked set for a mixed start\on Thursday as oil prices remained near two-week highs and\investors braced for a clutch of economic data and earnings\from high-profile firms like Goldman Sachs  and Nike\.","Title: <SPLIT>Description: Wall Street Looks Set for a Mixed Start (Reuters) Reuters - Wall Street looked set for a mixed start\on Thursday as oil prices remained near two-week highs and\investors braced for a clutch of economic data and earnings\from high-profile firms like Goldman Sachs  and Nike\.",1.0,1.0,1,1,2,1,"Skipped"
"Title: <SPLIT>Description: Sven refuses to criticise Becks Quell surprise: Sven has refused to criticise David Beckham despite the England captain #39;s latest demonstration of his infamous petulance against Wales.","Title: <SPLIT>Description: Sven refuses to criticise Becks Quell surprise: Sven has refused to criticise David Beckham despite the England captain #39;s latest demonstration of his infamous petulance against Wales.",1.0,1.0,0,0,1,1,"Skipped"
"Title: <SPLIT>Description: Black Watch troops move into position The first units of a Black Watch battlegroup are due to arrive today in their new positions south of Baghdad as Tony Blair indicated that more British troops may replace them in the American-controlled zone before the end of the year.","Title: <SPLIT>Description: Black Watch troops move into position The first units of a Black Watch battlegroup are due to arrive today in their new positions south of Baghdad as Tony Blair indicated that more British troops may replace them in the American-controlled zone before the end of the year.",1.0,1.0,1,1,0,1,"Skipped"
"Title: <SPLIT>Description: 14 dead in Kashmir violence NEW DELHI - Fourteen people have been killed in Kashmir in an increase of violence since a visit by the Indian prime minister in mid-November.","Title: <SPLIT>Description: 14 dead in Kashmir violence NEW DELHI - Fourteen people have been killed in Kashmir in an increase of violence since a visit by the Indian prime minister in mid-November.",1.0,1.0,1,1,0,1,"Skipped"
"Title: <SPLIT>Description: India seeks new TV bids The Indian Board re-opens the bidding for TV rights after Australian threaten to cancel their tour.","Title: <SPLIT>Description: India seeks new TV bids The Indian Board re-opens the bidding for TV rights after Australian threaten to cancel their tour.",1.0,1.0,1,1,0,1,"Skipped"
"Title: <SPLIT>Description: Vote counting begins in Afghan election KABUL, Afghanistan -- Vote counting started yesterday in Afghanistan's landmark election, widely expected to install US-backed interim leader Hamid Karzai as the war-ravaged country's first popularly chosen president.","Title: <SPLIT>Description: Vote counting begins in Afghan election KABUL, Afghanistan -- Vote counting started yesterday in Afghanistan's landmark election, widely expected to install US-backed interim leader Hamid Karzai as the war-ravaged country's first popularly chosen president.",1.0,1.0,1,1,0,1,"Skipped"
"Title: <SPLIT>Description: === Houston re-signs Vizcaino to one-year contract === Houston, TX (Sports Network) - The Houston Astros re-signed free agent infielder Jose Vizcaino to a one-year contract on Friday. Vizcaino appeared in 138 games for the Astros in 2004, his fourth season with ","Title: <SPLIT>Description: === Houston re-signs Vizcaino to one-year contract === Houston, TX (Sports Network) - The Houston Astros re-signed free agent infielder Jose Vizcaino to a one-year contract on Friday. Vizcaino appeared in 138 games for the Astros in 2004, his fourth season with ",0.0,0.0,1,1,1,200,"Failed"
"Title: <SPLIT>Description: ""Before-the Bell; Rouse Co. Shares Jump  &lt;A HREF=""""http://www.investor.reuters.com/FullQuote.aspx?ticker=RSE.N target=/stocks/quickinfo/fullquote""""&gt;RSE.N&lt;/A&gt; jumped before the bell after General Growth  Properties Inc. &lt;A HREF=""""http://www.investor.reuters.com/FullQuote.aspx?ticker=GGP.N target=/stocks/quickinfo/fullquote""""&gt;GGP.N&lt;/A&gt;, the No. 2 U.S. shopping mall owner, on  Friday said it would buy Rouse for \$7.2 billion.""","Title: <SPLIT>Description: ""Before-the Bell; Rouse Co. Shares Jump  &lt;A HREF=""""http://www.investor.reuters.com/FullQuote.aspx?ticker=RSE.N target=/stocks/quickinfo/fullquote""""&gt;RSE.N&lt;/A&gt; jumped before the bell after General Growth  Properties Inc. &lt;A HREF=""""http://www.investor.reuters.com/FullQuote.aspx?ticker=GGP.N target=/stocks/quickinfo/fullquote""""&gt;GGP.N&lt;/A&gt;, the No. 2 U.S. shopping mall owner, on  Friday said it would buy Rouse for \$7.2 billion.""",1.0,1.0,1,1,2,1,"Skipped"
"Title: <SPLIT>Description: Publisher Files Copyright Suit Against Google An adult publishing company sued Google last week, alleging a dozen counts of copyright infringement. Perfect 10, a Beverly Hills, CA-based publisher of an adult-oriented magazine and Web sites, asserts that ","Title: <SPLIT>Description: Publisher Files Copyright Suit Against Google An adult publishing company sued Google last week, alleging a dozen counts of copyright infringement. Perfect 10, a Beverly Hills, CA-based publisher of an adult-oriented magazine and Web sites, asserts that ",1.0,1.0,1,1,3,1,"Skipped"
"Title: <SPLIT>Description: Premiership: Charlton snatch win Dennis Rommedahl grabbed an injury-time winner for Charlton against a Crystal Palace side who will be very upset at a missed penalty.","Title: <SPLIT>Description: Premiership: Charlton snatch win Dennis Rommedahl grabbed an injury-time winner for Charlton against a Crystal Palace side who will be very upset at a missed penalty.",0.0,0.0,1,1,1,187,"Failed"
"Title: <SPLIT>Description: An Interview with Bill Baker, SQL Server BI General Manager This article is the first in a new, regular series of articles and interviews with top Microsoft program managers. Our goal is to give you a close-up, helpful and informative look at things ","Title: <SPLIT>Description: An Interview with Bill Baker, SQL Server BI General Manager This article is the first in a new, regular series of articles and interviews with top Microsoft program managers. Our goal is to give you a close-up, helpful and informative look at things ",1.0,1.0,1,1,3,1,"Skipped"
"Title: <SPLIT>Description: America #39;s curse There is an all but unanswerable case for asserting that the biggest story out of the United States this week has nothing to do with the presidential election, has no connection with the flu vaccine shortage and that it does not involve a gay bishop either ","Title: <SPLIT>Description: America #39;s curse There is an all but unanswerable case for asserting that the biggest story out of the United States this week has nothing to do with the presidential election, has no connection with the flu vaccine shortage and that it does not involve a gay bishop either ",0.0,0.0,1,1,1,200,"Failed"
"Title: <SPLIT>Description: EasyMobile launch set for March Denmark #39;s leading telecoms operator TDC says it will launch a low-budget mobile telephone operator dubbed  quot;easyMobile quot; with mobile network operator T-Mobile in Britain in March 2005.","Title: <SPLIT>Description: EasyMobile launch set for March Denmark #39;s leading telecoms operator TDC says it will launch a low-budget mobile telephone operator dubbed  quot;easyMobile quot; with mobile network operator T-Mobile in Britain in March 2005.",1.0,1.0,1,1,2,1,"Skipped"
"Title: <SPLIT>Description: India watches in awe as two grand families feud in public (Canadian Press) Canadian Press - NEW DELHI (AP) - On one side is the dynasty that has dominated Indian politics for half a century. On the other is the family of India's most popular actor, a man so revered that his fans have been known to commit suicide out of loyalty to him.","Title: <SPLIT>Description: India watches in awe as two grand families feud in public (Canadian Press) Canadian Press - NEW DELHI (AP) - On one side is the dynasty that has dominated Indian politics for half a century. On the other is the family of India's most popular actor, a man so revered that his fans have been known to commit suicide out of loyalty to him.",1.0,1.0,1,1,0,1,"Skipped"
"Title: <SPLIT>Description: ""Kroger Profit Falls, Warns on Sales  NEW YORK (Reuters) - Kroger Co. &lt;A HREF=""""http://www.investor.reuters.com/FullQuote.aspx?ticker=KR.N target=/stocks/quickinfo/fullquote""""&gt;KR.N&lt;/A&gt;, the largest U.S.  grocer, on Tuesday reported a 25 percent drop in quarterly  profit, hurt by debt redemption costs.""","Title: <SPLIT>Description: ""Kroger Profit Falls, Warns on Sales  NEW YORK (Reuters) - Kroger Co. &lt;A HREF=""""http://www.investor.reuters.com/FullQuote.aspx?ticker=KR.N target=/stocks/quickinfo/fullquote""""&gt;KR.N&lt;/A&gt;, the largest U.S.  grocer, on Tuesday reported a 25 percent drop in quarterly  profit, hurt by debt redemption costs.""",1.0,1.0,1,1,2,1,"Skipped"
"Title: <SPLIT>Description: Palace Bans Two Fans The Palace in Auburn Hills bans two men from events for their involvement in last month's brawl between the Pistons and Indian Pacers.","Title: <SPLIT>Description: Palace Bans Two Fans The Palace in Auburn Hills bans two men from events for their involvement in last month's brawl between the Pistons and Indian Pacers.",0.0,0.0,1,1,1,200,"Failed"
"Title: <SPLIT>Description: Germans Use Nokia Phones in Wireless Ticket Trial The world #39;s top mobile phone maker Nokia said on Tuesday its phones would be used in a project to test wireless public transport fares in Hanau, near Frankfurt in Germany, beginning early next year.","Title: <SPLIT>Description: Germans Use Nokia Phones in Wireless Ticket Trial The world #39;s top mobile phone maker Nokia said on Tuesday its phones would be used in a project to test wireless public transport fares in Hanau, near Frankfurt in Germany, beginning early next year.",1.0,1.0,1,1,3,1,"Skipped"
"Title: <SPLIT>Description: union halts vote on grocers #39; offer Members of the grocery workers union will continue to meet to discuss the final contract proposal from King Soopers, Safeway and Albertsons following a surprise decision by the international union to halt voting on the offers.","Title: <SPLIT>Description: union halts vote on grocers #39; offer Members of the grocery workers union will continue to meet to discuss the final contract proposal from King Soopers, Safeway and Albertsons following a surprise decision by the international union to halt voting on the offers.",1.0,1.0,1,1,2,1,"Skipped"
"Title: <SPLIT>Description: Weyerhaeuser Profit Up  NEW YORK (Reuters) - Weyerhaeuser Co.'s  quarterly profit  rose sharply on a large gain from the sale of timberlands in  Georgia and it set tender offers to reduce as much as \$700  million in debt, the company said on Friday.","Title: <SPLIT>Description: Weyerhaeuser Profit Up  NEW YORK (Reuters) - Weyerhaeuser Co.'s  quarterly profit  rose sharply on a large gain from the sale of timberlands in  Georgia and it set tender offers to reduce as much as \$700  million in debt, the company said on Friday.",1.0,1.0,1,1,2,1,"Skipped"
"Title: <SPLIT>Description: Martinez Moves Red Sox Nearer Series Title (AP) AP - Don't question Pedro Martinez anymore. Fame and fortune already his, Martinez finally made it to the World Series on Tuesday night. And when he got there, he shut down the St. Louis Cardinals, putting the Boston Red Sox within one victory of the World Series title that has eluded them since 1918.","Title: <SPLIT>Description: Martinez Moves Red Sox Nearer Series Title (AP) AP - Don't question Pedro Martinez anymore. Fame and fortune already his, Martinez finally made it to the World Series on Tuesday night. And when he got there, he shut down the St. Louis Cardinals, putting the Boston Red Sox within one victory of the World Series title that has eluded them since 1918.",1.0,1.0,2,2,1,1,"Skipped"
"Title: <SPLIT>Description: Lawmakers Grill Citigroup Japan Chief Citigroup #39;s top executive in Japan endured unprecedented questioning by lawmakers on Tuesday over a scandal at the firm #39;s private bank in the country, the latest turn in a high-profile case that has embarrassed the world #39;s biggest ","Title: <SPLIT>Description: Lawmakers Grill Citigroup Japan Chief Citigroup #39;s top executive in Japan endured unprecedented questioning by lawmakers on Tuesday over a scandal at the firm #39;s private bank in the country, the latest turn in a high-profile case that has embarrassed the world #39;s biggest ",1.0,1.0,1,1,2,1,"Skipped"
"Title: <SPLIT>Description: Red Hat opens losing propaganda offensive against Sun Opinion Heaven help us all - there #39;s a blog battle being waged between Red Hat #39;s chief cheerleader Michael Tiemann and Sun Microsystems #39; President Jonathan Schwartz.","Title: <SPLIT>Description: Red Hat opens losing propaganda offensive against Sun Opinion Heaven help us all - there #39;s a blog battle being waged between Red Hat #39;s chief cheerleader Michael Tiemann and Sun Microsystems #39; President Jonathan Schwartz.",1.0,1.0,1,1,3,1,"Skipped"
"Title: <SPLIT>Description: China cracks down on  quot;phone sex quot; services BEIJING, Aug. 17 (Xinhuanet) -- China is carrying out a nationwide campaign to crack down on  quot;phone sex quot; services, paralleling another sweeping operation against Internet pornography, Minister of Information Industry Wang Xudong said here Tuesday. ","Title: <SPLIT>Description: China cracks down on  quot;phone sex quot; services BEIJING, Aug. 17 (Xinhuanet) -- China is carrying out a nationwide campaign to crack down on  quot;phone sex quot; services, paralleling another sweeping operation against Internet pornography, Minister of Information Industry Wang Xudong said here Tuesday. ",1.0,1.0,1,1,3,1,"Skipped"
"Title: <SPLIT>Description: IBM delivers Websphere 6.0 IBM on Wednesday formally announced the next major release of WebSphere, code-named Vela, which company officials see as an integral building block for both its ongoing SOA (service-oriented architecture) and On Demand strategies.","Title: <SPLIT>Description: IBM delivers Websphere 6.0 IBM on Wednesday formally announced the next major release of WebSphere, code-named Vela, which company officials see as an integral building block for both its ongoing SOA (service-oriented architecture) and On Demand strategies.",1.0,1.0,1,1,3,1,"Skipped"
"Title: <SPLIT>Description: World's Tallest Bridge Soars Above French Valley A bridge officially designated the tallest in the world was inaugurated by President Jacques Chirac in southern France Tuesday.","Title: <SPLIT>Description: World's Tallest Bridge Soars Above French Valley A bridge officially designated the tallest in the world was inaugurated by President Jacques Chirac in southern France Tuesday.",0.0,0.0,0,0,0,197,"Failed"
"Title: <SPLIT>Description: Paul McCartney To Perform at Super Bowl Following this year #39;s  quot;Nipplegate quot; affair with Janet Jackson and Justin Timberlake, the organisers of half-time entertainment at the Super Bowl aren #39;t taking any chances in 2005.","Title: <SPLIT>Description: Paul McCartney To Perform at Super Bowl Following this year #39;s  quot;Nipplegate quot; affair with Janet Jackson and Justin Timberlake, the organisers of half-time entertainment at the Super Bowl aren #39;t taking any chances in 2005.",0.0,0.0,1,1,1,200,"Failed"
"Title: <SPLIT>Description: Flat-screen TV But the booming demand isn #39;t proving profitable for the companies that make the high-resolution video panels. For electronics retailers, it will be the holiday season of the flat-screen TV.","Title: <SPLIT>Description: Flat-screen TV But the booming demand isn #39;t proving profitable for the companies that make the high-resolution video panels. For electronics retailers, it will be the holiday season of the flat-screen TV.",1.0,1.0,1,1,3,1,"Skipped"
"Title: <SPLIT>Description: Court: Whales Have No Standing to Sue (AP) AP - A federal appeals court decided Wednesday that marine mammals have no standing to sue to stop the U.S. Navy from using sonar.","Title: <SPLIT>Description: Court: Whales Have No Standing to Sue (AP) AP - A federal appeals court decided Wednesday that marine mammals have no standing to sue to stop the U.S. Navy from using sonar.",1.0,1.0,0,0,3,1,"Skipped"
"Title: <SPLIT>Description: Iraqis Fearing a Sunni Boycott of the Election Leaders of Iraq's Sunni minority say they have failed to generate any enthusiasm for nationwide elections scheduled for January.","Title: <SPLIT>Description: Iraqis Fearing a Sunni Boycott of the Election Leaders of Iraq's Sunni minority say they have failed to generate any enthusiasm for nationwide elections scheduled for January.",1.0,1.0,1,1,0,1,"Skipped"
"Title: <SPLIT>Description: Prosecutor Seeks 8-Year Jail Term for Italy's PM  MILAN (Reuters) - An Italian prosecutor asked a court on  Friday to sentence Silvio Berlusconi to eight years in jail for  bribing judges as the prime minister's four-year corruption  trial reached its closing stages.","Title: <SPLIT>Description: Prosecutor Seeks 8-Year Jail Term for Italy's PM  MILAN (Reuters) - An Italian prosecutor asked a court on  Friday to sentence Silvio Berlusconi to eight years in jail for  bribing judges as the prime minister's four-year corruption  trial reached its closing stages.",1.0,1.0,1,1,0,1,"Skipped"
"Title: <SPLIT>Description: Junqueira sets up Champ Car final Bruno Junqueira won Sunday #39;s Lexmark Indy 300 ahead to retain hopes of winning the Champ Car title. The Brazilian #39;s Newman-Haas team-mate Sebastian Bourdais needed to win seven more points than Junqueira in Surfers Paradise to secure the title.","Title: <SPLIT>Description: Junqueira sets up Champ Car final Bruno Junqueira won Sunday #39;s Lexmark Indy 300 ahead to retain hopes of winning the Champ Car title. The Brazilian #39;s Newman-Haas team-mate Sebastian Bourdais needed to win seven more points than Junqueira in Surfers Paradise to secure the title.",0.0,0.0,1,1,1,200,"Failed"
"Title: <SPLIT>Description: Rivers soaks up his big moment The game ball was retrieved following the Celtics #39; 107-73 victory over the Knicks last night. It will be appropriately lettered and presented to coach Doc Rivers to commemorate his first win for the club.","Title: <SPLIT>Description: Rivers soaks up his big moment The game ball was retrieved following the Celtics #39; 107-73 victory over the Knicks last night. It will be appropriately lettered and presented to coach Doc Rivers to commemorate his first win for the club.",0.0,0.0,1,1,1,200,"Failed"
"Title: <SPLIT>Description: Wal-Mart Move Ominous Sign for Retailers (AP) AP - Weaker-than-expected holiday shopping forced Wal-Mart Stores Inc. on Saturday to cut its projected sales increase for November by more than half, an ominous announcement for retailers as their busiest time of year begins.","Title: <SPLIT>Description: Wal-Mart Move Ominous Sign for Retailers (AP) AP - Weaker-than-expected holiday shopping forced Wal-Mart Stores Inc. on Saturday to cut its projected sales increase for November by more than half, an ominous announcement for retailers as their busiest time of year begins.",1.0,1.0,1,1,2,1,"Skipped"
"Title: <SPLIT>Description: Energy Dept. funds open-source InfiniBand work Three-year project will back programmers' effort to build Linux software support for the high-speed networking technology.","Title: <SPLIT>Description: Energy Dept. funds open-source InfiniBand work Three-year project will back programmers' effort to build Linux software support for the high-speed networking technology.",1.0,1.0,1,1,3,1,"Skipped"
"Title: <SPLIT>Description: Thailand to prosecute 300 Muslims detained in deadly riot BANGKOK : Thai Prime Minister Thaksin Shinawatra said the government would prosecute 300 Muslims detained at a riot this week that led to the deaths of 87 protesters, while another 900 would be released.","Title: <SPLIT>Description: Thailand to prosecute 300 Muslims detained in deadly riot BANGKOK : Thai Prime Minister Thaksin Shinawatra said the government would prosecute 300 Muslims detained at a riot this week that led to the deaths of 87 protesters, while another 900 would be released.",1.0,1.0,1,1,0,1,"Skipped"
"Title: <SPLIT>Description: In U.S. Market, Cellphone Users Are Often All Talk Users in the United States continue to think of a cellphone as a device for talking, not text messaging. Marketers, however, hope to change that as soon as possible.","Title: <SPLIT>Description: In U.S. Market, Cellphone Users Are Often All Talk Users in the United States continue to think of a cellphone as a device for talking, not text messaging. Marketers, however, hope to change that as soon as possible.",1.0,1.0,1,1,3,1,"Skipped"
"Title: <SPLIT>Description: HD DVD will boost quality, help stores Four Hollywood studios this week embraced a new high-definition DVD format from electronics giant Toshiba - raising many questions for video lovers who have driven sales of pre-recorded DVDs to new heights.","Title: <SPLIT>Description: HD DVD will boost quality, help stores Four Hollywood studios this week embraced a new high-definition DVD format from electronics giant Toshiba - raising many questions for video lovers who have driven sales of pre-recorded DVDs to new heights.",1.0,1.0,1,1,3,1,"Skipped"
"Title: <SPLIT>Description: IndyCar champ Kanaan finishes second and every lap FORT WORTH, Texas Helio Castroneves had a great restart today with two laps to go after a lengthy caution. He held off IndyCar Series champion Tony Kanaan to win the season finale at Texas Motor Speedway.","Title: <SPLIT>Description: IndyCar champ Kanaan finishes second and every lap FORT WORTH, Texas Helio Castroneves had a great restart today with two laps to go after a lengthy caution. He held off IndyCar Series champion Tony Kanaan to win the season finale at Texas Motor Speedway.",0.0,0.0,1,1,1,200,"Failed"
"Title: <SPLIT>Description: SBC Bundles Up for Long Term (The Motley Fool) The Motley Fool - The lure of bundling services has been hanging over the communications industry for the past six years or so, although many companies have been unable to perfect a winning strategy. Bundling brings together services such as wired (local and long distance) and wireless phone service, Internet access, and satellite or cable television services.","Title: <SPLIT>Description: SBC Bundles Up for Long Term (The Motley Fool) The Motley Fool - The lure of bundling services has been hanging over the communications industry for the past six years or so, although many companies have been unable to perfect a winning strategy. Bundling brings together services such as wired (local and long distance) and wireless phone service, Internet access, and satellite or cable television services.",1.0,1.0,1,1,3,1,"Skipped"
"Title: <SPLIT>Description: Officials: Boston #39;s Big Dig highway project full of leaks &lt;b&gt;...&lt;/b&gt; But taxpayers won #39;t have to foot the bill -- Massachusetts Turnpike managers say the repairs are the responsibility of the private contractors who built the nearly 15 (b) billion dollar tunnel project.","Title: <SPLIT>Description: Officials: Boston #39;s Big Dig highway project full of leaks &lt;b&gt;...&lt;/b&gt; But taxpayers won #39;t have to foot the bill -- Massachusetts Turnpike managers say the repairs are the responsibility of the private contractors who built the nearly 15 (b) billion dollar tunnel project.",1.0,1.0,1,1,2,1,"Skipped"
"Title: <SPLIT>Description: Africa condemned to major polio epidemic - U.N. (Reuters) Reuters - A major polio epidemic in West and Central Africa is inevitable in coming months, but the disease could be eradicated worldwide next year by mass immunisations, the World Health Organisation (WHO) said on Friday.","Title: <SPLIT>Description: Africa condemned to major polio epidemic - U.N. (Reuters) Reuters - A major polio epidemic in West and Central Africa is inevitable in coming months, but the disease could be eradicated worldwide next year by mass immunisations, the World Health Organisation (WHO) said on Friday.",1.0,1.0,1,1,0,1,"Skipped"
"Title: <SPLIT>Description: ""Mexico's 'Fire Volcano' Erupts, No Evacuations Yet (Reuters) Reuters - Mexico's so-called """"Fire\Volcano"""" spewed lava, glowing rocks and flames on Friday in an\eruption that authorities said was not yet serious enough to\evacuate nearby villages.""","Title: <SPLIT>Description: ""Mexico's 'Fire Volcano' Erupts, No Evacuations Yet (Reuters) Reuters - Mexico's so-called """"Fire\Volcano"""" spewed lava, glowing rocks and flames on Friday in an\eruption that authorities said was not yet serious enough to\evacuate nearby villages.""",1.0,1.0,1,1,3,1,"Skipped"
"Title: <SPLIT>Description: Russia wants new business partnership with old ally India (AFP) AFP - Russia is seeking a new economic partnership to boost a decades-old friendship with India, envisaging sophisticated arms sales, high-end technology swaps and political support on the world stage.","Title: <SPLIT>Description: Russia wants new business partnership with old ally India (AFP) AFP - Russia is seeking a new economic partnership to boost a decades-old friendship with India, envisaging sophisticated arms sales, high-end technology swaps and political support on the world stage.",1.0,1.0,1,1,0,1,"Skipped"
"Title: <SPLIT>Description: American Aaron Peirsol Wins Gold on Appeal  ATHENS (Reuters) - Aaron Peirsol won his second gold medal  at the Athens Olympics Thursday after winning an appeal against  his disqualification from the men's 200 meter backstroke.","Title: <SPLIT>Description: American Aaron Peirsol Wins Gold on Appeal  ATHENS (Reuters) - Aaron Peirsol won his second gold medal  at the Athens Olympics Thursday after winning an appeal against  his disqualification from the men's 200 meter backstroke.",0.0,0.0,1,1,1,200,"Failed"
"Title: <SPLIT>Description: Kobe talks, Malone walks There #39;s a new feud taking place in Lakerland this week, only this time the verbal war of words is between Newport Beach neighbors Karl Malone and Kobe Bryant and the exchanges are ","Title: <SPLIT>Description: Kobe talks, Malone walks There #39;s a new feud taking place in Lakerland this week, only this time the verbal war of words is between Newport Beach neighbors Karl Malone and Kobe Bryant and the exchanges are ",0.0,0.0,1,1,1,200,"Failed"
"Title: <SPLIT>Description: Florida Upsets No. 10 Florida State 20-13 Florida State #39;s Chauncey Stovall, left, comes down with a fourth-quarter-touchdown catch as Florida defender Vernell Brown, right, falls down, Saturday, Nov. 20, 2004, in Tallahassee, Fla.","Title: <SPLIT>Description: Florida Upsets No. 10 Florida State 20-13 Florida State #39;s Chauncey Stovall, left, comes down with a fourth-quarter-touchdown catch as Florida defender Vernell Brown, right, falls down, Saturday, Nov. 20, 2004, in Tallahassee, Fla.",0.0,0.0,1,1,1,200,"Failed"
"Title: <SPLIT>Description: Ivory Coast Leader Urges End to Violence  ABIDJAN (Reuters) - Ivory Coast President Laurent Gbagbo  appealed for an end to the anti-French violence which erupted  after France destroyed most of the country's air force in  retaliation for the killing of nine French peacekeepers.","Title: <SPLIT>Description: Ivory Coast Leader Urges End to Violence  ABIDJAN (Reuters) - Ivory Coast President Laurent Gbagbo  appealed for an end to the anti-French violence which erupted  after France destroyed most of the country's air force in  retaliation for the killing of nine French peacekeepers.",1.0,1.0,1,1,0,1,"Skipped"
"Title: <SPLIT>Description: P2P company wants RIAA to face the music The Recording Industry Association of America (RIAA) is being given a taste of its own medicine by peer-to-peer (P2P) company Altnet, which has launched a civil suit against the trade body alleging patent infringement.","Title: <SPLIT>Description: P2P company wants RIAA to face the music The Recording Industry Association of America (RIAA) is being given a taste of its own medicine by peer-to-peer (P2P) company Altnet, which has launched a civil suit against the trade body alleging patent infringement.",1.0,1.0,1,1,3,1,"Skipped"
"Title: <SPLIT>Description: Russia working on new nuclear weapons: Putin MOSCOW - New nuclear weapons systems being developed in Russia could include a missile designed to defeat the US missile defence shield.","Title: <SPLIT>Description: Russia working on new nuclear weapons: Putin MOSCOW - New nuclear weapons systems being developed in Russia could include a missile designed to defeat the US missile defence shield.",1.0,1.0,1,1,0,1,"Skipped"
"Title: <SPLIT>Description: ""Why 2004 was the year of the blog A US dictionary publisher declares """"blog"""" as one of the words of the year.""","Title: <SPLIT>Description: ""Why 2004 was the year of the blog A US dictionary publisher declares """"blog"""" as one of the words of the year.""",1.0,1.0,1,1,0,1,"Skipped"
"Title: <SPLIT>Description: US edge out Brazil for gold The United States beat Brazil 2-1 in extra time to win the women's Olympic football tournament.","Title: <SPLIT>Description: US edge out Brazil for gold The United States beat Brazil 2-1 in extra time to win the women's Olympic football tournament.",1.0,1.0,1,1,0,1,"Skipped"
"Title: <SPLIT>Description: Connors rallying cry for British tennis  quot;Do you have it in your heart? How much guts do you have? How much do you hate to lose? quot;. These are the questions Jimmy Connors will be asking of Britain #39;s brightest tennis hopes in the months, and possibly years, to come.","Title: <SPLIT>Description: Connors rallying cry for British tennis  quot;Do you have it in your heart? How much guts do you have? How much do you hate to lose? quot;. These are the questions Jimmy Connors will be asking of Britain #39;s brightest tennis hopes in the months, and possibly years, to come.",0.0,0.0,1,1,1,200,"Failed"
"Title: <SPLIT>Description: Pfizer to Sponsor Large New Celebrex Trial  NEW YORK (Reuters) - Pfizer Inc. said on Monday it plans to  sponsor a major clinical study to further assess the  cardiovascular safety of its arthritis drug Celebrex following  the withdrawal of Merck   Co.'s Vioxx, a drug in the same  class.","Title: <SPLIT>Description: Pfizer to Sponsor Large New Celebrex Trial  NEW YORK (Reuters) - Pfizer Inc. said on Monday it plans to  sponsor a major clinical study to further assess the  cardiovascular safety of its arthritis drug Celebrex following  the withdrawal of Merck   Co.'s Vioxx, a drug in the same  class.",1.0,1.0,1,1,2,1,"Skipped"
"Title: <SPLIT>Description: Bluetooth Group Outlines Strategy (NewsFactor) NewsFactor - With Bluetooth short-range wireless technology finding its way into an array of hardware products, ranging from mobile phones to in-vehicle telematics systems, a working group promoting the specification has outlined a strategy to make it even more attractive and useful.","Title: <SPLIT>Description: Bluetooth Group Outlines Strategy (NewsFactor) NewsFactor - With Bluetooth short-range wireless technology finding its way into an array of hardware products, ranging from mobile phones to in-vehicle telematics systems, a working group promoting the specification has outlined a strategy to make it even more attractive and useful.",1.0,1.0,1,1,3,1,"Skipped"
"Title: <SPLIT>Description: A  #39;Plan B #39; for PeopleSoft customers com September 20, 2004, 6:13 PM PT. This fourth priority #39;s main focus has been improving or obtaining CRM and ERP software for the past year and a half.","Title: <SPLIT>Description: A  #39;Plan B #39; for PeopleSoft customers com September 20, 2004, 6:13 PM PT. This fourth priority #39;s main focus has been improving or obtaining CRM and ERP software for the past year and a half.",1.0,1.0,0,0,3,1,"Skipped"
"Title: <SPLIT>Description: After Waiting a Long Time, Davenport Keeps It Short he weather played havoc with the United States Open schedule yesterday, but it did not affect Lindsay Davenport #39;s game. In front of a sparse crowd of no more than several hundred people at ","Title: <SPLIT>Description: After Waiting a Long Time, Davenport Keeps It Short he weather played havoc with the United States Open schedule yesterday, but it did not affect Lindsay Davenport #39;s game. In front of a sparse crowd of no more than several hundred people at ",0.0,0.0,1,1,1,200,"Failed"
"Title: <SPLIT>Description: Taiwan FM apologises for  #39;rude words #39; against Singapore TAIPEI (dpa) - Taiwan Foreign Minister Mark Chen apologised to Singapore on Tuesday over the words he used in describing the Southeast Asian city-state.","Title: <SPLIT>Description: Taiwan FM apologises for  #39;rude words #39; against Singapore TAIPEI (dpa) - Taiwan Foreign Minister Mark Chen apologised to Singapore on Tuesday over the words he used in describing the Southeast Asian city-state.",1.0,1.0,1,1,0,1,"Skipped"
"Title: <SPLIT>Description: JPEG exploit could beat antivirus software Most IT Managers won #39;t question the importance of security, but this priority has been sliding between the third and fourth most important focus for companies.","Title: <SPLIT>Description: JPEG exploit could beat antivirus software Most IT Managers won #39;t question the importance of security, but this priority has been sliding between the third and fourth most important focus for companies.",1.0,1.0,1,1,3,1,"Skipped"
"Title: <SPLIT>Description: Miss Peru takes Miss World crown Twenty-year-old Miss Peru has been crowned Miss World in a southern Chinese resort town, as China looks to become the regular host of an event that would have once been deemed heretical by its Communist leaders.","Title: <SPLIT>Description: Miss Peru takes Miss World crown Twenty-year-old Miss Peru has been crowned Miss World in a southern Chinese resort town, as China looks to become the regular host of an event that would have once been deemed heretical by its Communist leaders.",0.0,0.0,1,1,1,200,"Failed"
"Title: <SPLIT>Description: Big guns board Intertrust DRM bandwagon Intertrust, Philips and Sony have added more top consumer electronics, content and technology heavyweights to their attempt to create an open interoperable Digital Rights Management environment.","Title: <SPLIT>Description: Big guns board Intertrust DRM bandwagon Intertrust, Philips and Sony have added more top consumer electronics, content and technology heavyweights to their attempt to create an open interoperable Digital Rights Management environment.",1.0,1.0,0,0,3,1,"Skipped"
"Title: <SPLIT>Description: Software revenue pushes up Oracle #39;s Q2 earnings Oracle Corp. reported second-quarter 2005 earnings that beat analyst expectations on Monday, thanks to new software revenue and continued gains from license updates and product support.","Title: <SPLIT>Description: Software revenue pushes up Oracle #39;s Q2 earnings Oracle Corp. reported second-quarter 2005 earnings that beat analyst expectations on Monday, thanks to new software revenue and continued gains from license updates and product support.",1.0,1.0,1,1,2,1,"Skipped"
"Title: <SPLIT>Description: Belarus Bank Denies Money Laundering Charge A bank in Belarus has denied US charges that it laundered money for former Iraqi leader Saddam Hussein. Infobank, in a statement, said it has strictly followed international agreements related to the fight against illegal transactions.","Title: <SPLIT>Description: Belarus Bank Denies Money Laundering Charge A bank in Belarus has denied US charges that it laundered money for former Iraqi leader Saddam Hussein. Infobank, in a statement, said it has strictly followed international agreements related to the fight against illegal transactions.",1.0,1.0,1,1,2,1,"Skipped"
"Title: <SPLIT>Description: Long-Awaited Audit Shows Major Discrepancies In Newsday &lt;b&gt;...&lt;/b&gt; The Audit Bureau of Circulations released the long-awaited results of its audit of the Tribune Company #39;s scandal-tarred Newsday on Tuesday, confirming the magnitude of the discrepancies uncovered by the company #39;s recent internal audit.","Title: <SPLIT>Description: Long-Awaited Audit Shows Major Discrepancies In Newsday &lt;b&gt;...&lt;/b&gt; The Audit Bureau of Circulations released the long-awaited results of its audit of the Tribune Company #39;s scandal-tarred Newsday on Tuesday, confirming the magnitude of the discrepancies uncovered by the company #39;s recent internal audit.",1.0,1.0,1,1,2,1,"Skipped"
"Title: <SPLIT>Description: QUALCOMM Acquires UK-Based, Mobile User Interface Leader Trigenix SAN DIEGO, Oct. 12 -QUALCOMM Incorporated (Nasdaq: QCOM), pioneer and world leader of Code Division Multiple Access (CDMA) digital wireless technology, today announced it has acquired Trigenix, a mobile user interface company, based in the United Kingdom.","Title: <SPLIT>Description: QUALCOMM Acquires UK-Based, Mobile User Interface Leader Trigenix SAN DIEGO, Oct. 12 -QUALCOMM Incorporated (Nasdaq: QCOM), pioneer and world leader of Code Division Multiple Access (CDMA) digital wireless technology, today announced it has acquired Trigenix, a mobile user interface company, based in the United Kingdom.",1.0,1.0,1,1,3,1,"Skipped"
"Title: <SPLIT>Description: Early astronaut showed the moon was attainable Gordon Cooper Jr., one of the original seven astronauts who became space pioneers and national celebrities, died Monday at his home in Ventura, Calif.","Title: <SPLIT>Description: Early astronaut showed the moon was attainable Gordon Cooper Jr., one of the original seven astronauts who became space pioneers and national celebrities, died Monday at his home in Ventura, Calif.",1.0,1.0,0,0,3,1,"Skipped"
"Title: <SPLIT>Description: Wenger commits future to Arsenal Arsenal FC have agreed a three-year contract extension with manager Arsne Wenger, retaining the Frenchman #39;s services until May 2008.","Title: <SPLIT>Description: Wenger commits future to Arsenal Arsenal FC have agreed a three-year contract extension with manager Arsne Wenger, retaining the Frenchman #39;s services until May 2008.",1.0,1.0,0,0,1,1,"Skipped"
"Title: <SPLIT>Description: British grocer Tesco sees group sales rise 12.0-percent (AFP) AFP - Tesco, Britain's biggest supermarket chain, said that group sales grew by 12.2 percent in the third quarter, driven by strong performances from its stores at home and abroad.","Title: <SPLIT>Description: British grocer Tesco sees group sales rise 12.0-percent (AFP) AFP - Tesco, Britain's biggest supermarket chain, said that group sales grew by 12.2 percent in the third quarter, driven by strong performances from its stores at home and abroad.",1.0,1.0,1,1,2,1,"Skipped"
"Title: <SPLIT>Description: Microsoft #39;s low-cost operating system Aimed at making cheaper PCs, Microsoft on Wednesday unveiled low-cost Windows XP Starter Edition operating systems in India in Hindi targetting the first-time home users.","Title: <SPLIT>Description: Microsoft #39;s low-cost operating system Aimed at making cheaper PCs, Microsoft on Wednesday unveiled low-cost Windows XP Starter Edition operating systems in India in Hindi targetting the first-time home users.",1.0,1.0,1,1,3,1,"Skipped"
"Title: <SPLIT>Description: Kerry-Kerrey Confusion Trips Up Campaign (AP) AP - John Kerry, Bob Kerrey. It's easy to get confused.","Title: <SPLIT>Description: Kerry-Kerrey Confusion Trips Up Campaign (AP) AP - John Kerry, Bob Kerrey. It's easy to get confused.",0.0,0.0,0,0,0,200,"Failed"
"Title: <SPLIT>Description: Post-Olympic Greece tightens purse, sells family silver to fill budget holes (AFP) AFP - Squeezed by a swelling public deficit and debt following last month's costly Athens Olympics, the Greek government said it would cut defence spending and boost revenue by 1.5 billion euros (1.84 billion dollars) in privatisation receipts.","Title: <SPLIT>Description: Post-Olympic Greece tightens purse, sells family silver to fill budget holes (AFP) AFP - Squeezed by a swelling public deficit and debt following last month's costly Athens Olympics, the Greek government said it would cut defence spending and boost revenue by 1.5 billion euros (1.84 billion dollars) in privatisation receipts.",1.0,1.0,1,1,2,1,"Skipped"
"Title: <SPLIT>Description: US diplomat among 7 injured in Islamabad hotel explosion ISLAMABAD: Seven people including foreigners were injured in a [[powerful]] explosion at the entrance to the Marriott Hotel lobby on Thursday.","Title: <SPLIT>Description: US diplomat among 7 injured in Islamabad hotel explosion ISLAMABAD: Seven people including foreigners were injured in a [[herculean]] explosion at the entrance to the Marriott Hotel lobby on Thursday.",0.0,1.0,0,1,0,135,"Successful"
"Title: <SPLIT>Description: Spike Lee Wins Cybersquatting Case Against Porn Site Movie director Spike Lee has won his\cybersquatting case against a Philippines-based operator who\misused the domain name to redirect surfers to a pornographic\Web Site, arbitrators ruled Friday.","Title: <SPLIT>Description: Spike Lee Wins Cybersquatting Case Against Porn Site Movie director Spike Lee has won his\cybersquatting case against a Philippines-based operator who\misused the domain name to redirect surfers to a pornographic\Web Site, arbitrators ruled Friday.",1.0,1.0,1,1,3,1,"Skipped"
"Title: <SPLIT>Description: Blame pinned on British home secretary for 'exposing' affair (AFP) AFP - The blame falls on Home Secretary David Blunkett for exposing his three-year affair with the married publisher of The Spectator, the magazine itself charges in its latest issue.","Title: <SPLIT>Description: Blame pinned on British home secretary for 'exposing' affair (AFP) AFP - The blame falls on Home Secretary David Blunkett for exposing his three-year affair with the married publisher of The Spectator, the magazine itself charges in its latest issue.",1.0,1.0,3,3,0,1,"Skipped"
"Title: <SPLIT>Description: Nations Use Net to Spy, Plot Attacks Ex-Bush Aide (Reuters) Reuters - The world's most advanced\military powers are using the Internet to spy on their enemies\and prepare digital attacks against rogue targets, a leading\cyber security expert said on Friday.","Title: <SPLIT>Description: Nations Use Net to Spy, Plot Attacks Ex-Bush Aide (Reuters) Reuters - The world's most advanced\military powers are using the Internet to spy on their enemies\and prepare digital attacks against rogue targets, a leading\cyber security expert said on Friday.",1.0,1.0,1,1,3,1,"Skipped"
"Title: <SPLIT>Description: Israel Kills Two Militants During Massive Gaza Raid  GAZA (Reuters) - The Israeli army killed two militants  Saturday in an air strike in the northern Gaza Strip, bringing  the number of Palestinians Israel has killed in one of its  deadliest Gaza raids to 39.","Title: <SPLIT>Description: Israel Kills Two Militants During Massive Gaza Raid  GAZA (Reuters) - The Israeli army killed two militants  Saturday in an air strike in the northern Gaza Strip, bringing  the number of Palestinians Israel has killed in one of its  deadliest Gaza raids to 39.",1.0,1.0,1,1,0,1,"Skipped"
"Title: <SPLIT>Description: Edwards Banned from Games - Source  ATHENS (Reuters) - World 100 meters champion Torri Edwards  will miss the Athens Olympics after her appeal against a  two-year drugs ban was dismissed on Tuesday, a source told  Reuters.","Title: <SPLIT>Description: Edwards Banned from Games - Source  ATHENS (Reuters) - World 100 meters champion Torri Edwards  will miss the Athens Olympics after her appeal against a  two-year drugs ban was dismissed on Tuesday, a source told  Reuters.",0.0,0.0,1,1,1,200,"Failed"
"Title: <SPLIT>Description: In Chile, pace of justice quickens A judge has ruled that Gen. Augusto Pinochet stand trial for his alleged involvement in state-sponsored torture.","Title: <SPLIT>Description: In Chile, pace of justice quickens A judge has ruled that Gen. Augusto Pinochet stand trial for his alleged involvement in state-sponsored torture.",1.0,1.0,1,1,0,1,"Skipped"
"Title: <SPLIT>Description: Is Piracy Pushing Linux Sales? More PCs run the alternative OS, but many will end up with a pirated version of Windows, report says. Linux may be shipping on a growing number of PCs sold in the emerging markets of Asia, Latin America, and Eastern Europe.","Title: <SPLIT>Description: Is Piracy Pushing Linux Sales? More PCs run the alternative OS, but many will end up with a pirated version of Windows, report says. Linux may be shipping on a growing number of PCs sold in the emerging markets of Asia, Latin America, and Eastern Europe.",1.0,1.0,1,1,3,1,"Skipped"
"[[Title]]: <SPLIT>Description: Sharon acknowledges ignoring road map Prime Minister Ariel Sharon acknowledged that Israel was not following the moribund Mideast peace plan, and said an Israeli pullout from the Gaza Strip was unlikely to revive it, according ","[[championship]]: <SPLIT>Description: Sharon acknowledges ignoring road map Prime Minister Ariel Sharon acknowledged that Israel was not following the moribund Mideast peace plan, and said an Israeli pullout from the Gaza Strip was unlikely to revive it, according ",0.0,1.0,0,1,0,190,"Successful"
"Title: <SPLIT>Description: Santander: Rejects Spanish court tax ruling on execs LONDON (CBS.MW) -- Spain #39;s Banco Santander (STD) said it was in  quot;complete disagreement with a judicial decision quot; on Wednesday after a Spanish court ruling on tax fraud in a case dating from the 1980s.","Title: <SPLIT>Description: Santander: Rejects Spanish court tax ruling on execs LONDON (CBS.MW) -- Spain #39;s Banco Santander (STD) said it was in  quot;complete disagreement with a judicial decision quot; on Wednesday after a Spanish court ruling on tax fraud in a case dating from the 1980s.",1.0,1.0,1,1,2,1,"Skipped"
"Title: <SPLIT>Description: US Forces Bomb Iraq's Falluja, Seize Zarqawi Aide (Reuters) Reuters - U.S. planes bombed targets in\Iraq's rebel-held city of Falluja, killing two people, and the\U.S. military said it had captured a lieutenant of its\deadliest Islamist enemy in Iraq in a raid early on Saturday.","Title: <SPLIT>Description: US Forces Bomb Iraq's Falluja, Seize Zarqawi Aide (Reuters) Reuters - U.S. planes bombed targets in\Iraq's rebel-held city of Falluja, killing two people, and the\U.S. military said it had captured a lieutenant of its\deadliest Islamist enemy in Iraq in a raid early on Saturday.",1.0,1.0,1,1,0,1,"Skipped"
"Title: <SPLIT>Description: Karzai heading for Afghan victory Supporters of Afghan President Hamid Karzai say he is on course to win the presidential elections, with about one-quarter of the votes counted.","Title: <SPLIT>Description: Karzai heading for Afghan victory Supporters of Afghan President Hamid Karzai say he is on course to win the presidential elections, with about one-quarter of the votes counted.",0.0,0.0,0,0,0,200,"Failed"
"Title: <SPLIT>Description: Smoking ban would target pubs ritain #39;s government proposed banning smoking in most public places yesterday, setting off debate over what one smoker decried as the brainchild of a busybody  quot;nanny state.","Title: <SPLIT>Description: Smoking ban would target pubs ritain #39;s government proposed banning smoking in most public places yesterday, setting off debate over what one smoker decried as the brainchild of a busybody  quot;nanny state.",0.0,0.0,0,0,0,200,"Failed"
"Title: <SPLIT>Description: Mutant book wins Guardian prize A book about the evolution of mutants and the science of abnormality has won the Guardian First Book Award 2004.","Title: <SPLIT>Description: Mutant book wins Guardian prize A book about the evolution of mutants and the science of abnormality has won the Guardian First Book Award 2004.",1.0,1.0,1,1,3,1,"Skipped"
"Title: <SPLIT>Description: Wade drives Heat over Wizards The Washington Wizards are finished with the Miami Heat for the season. That #39;s the good news. Dwyane Wade had 29 points and nine assists Wednesday to lead the Heat to a 98-93 win for their ","Title: <SPLIT>Description: Wade drives Heat over Wizards The Washington Wizards are finished with the Miami Heat for the season. That #39;s the good news. Dwyane Wade had 29 points and nine assists Wednesday to lead the Heat to a 98-93 win for their ",0.0,0.0,1,1,1,200,"Failed"
"Title: <SPLIT>Description: Chargers, Rivers Agree to Deal The San Diego Chargers finally reached a contract agreement last night with quarterback Philip Rivers. Rivers, the fourth overall choice in April #39;s draft, agreed to a six-year deal worth about \$40 million, including ","Title: <SPLIT>Description: Chargers, Rivers Agree to Deal The San Diego Chargers finally reached a contract agreement last night with quarterback Philip Rivers. Rivers, the fourth overall choice in April #39;s draft, agreed to a six-year deal worth about \$40 million, including ",0.0,0.0,1,1,1,200,"Failed"
"Title: <SPLIT>Description: Flat-screen TV prices are falling for holidays But trend provokes industry unrest; panel makers call for drop in retail markups to move units. By Evan Ramstad and Gary McWilliams.","Title: <SPLIT>Description: Flat-screen TV prices are falling for holidays But trend provokes industry unrest; panel makers call for drop in retail markups to move units. By Evan Ramstad and Gary McWilliams.",1.0,1.0,2,2,3,1,"Skipped"
"Title: <SPLIT>Description: Beacon Shares Gain 22 Percent in Debut Beacon Roofing Supply Inc. saw its shares jump nearly 22 percent in its first day of trading Thursday after the company priced its initial public offering at the midpoint of its expected \$12 to \$14 price range.","Title: <SPLIT>Description: Beacon Shares Gain 22 Percent in Debut Beacon Roofing Supply Inc. saw its shares jump nearly 22 percent in its first day of trading Thursday after the company priced its initial public offering at the midpoint of its expected \$12 to \$14 price range.",1.0,1.0,1,1,2,1,"Skipped"
"Title: <SPLIT>Description: UK to assess Iraq troop move A reconnaissance team is to visit the area around Baghdad where UK forces could be sent to provide [[US]] back-up.","Title: <SPLIT>Description: UK to assess Iraq troop move A reconnaissance team is to visit the area around Baghdad where UK forces could be sent to provide [[uranium]] back-up.",0.0,1.0,0,1,0,157,"Successful"
"Title: <SPLIT>Description: Thomson joins takeover bid for ContentGuard Thomson joined Microsoft and Time Warner on Monday in trying to take control of U.S. digital rights management (DRM) company ContentGuard Holdings.","Title: <SPLIT>Description: Thomson joins takeover bid for ContentGuard Thomson joined Microsoft and Time Warner on Monday in trying to take control of U.S. digital rights management (DRM) company ContentGuard Holdings.",1.0,1.0,1,1,3,1,"Skipped"
"Title: <SPLIT>Description: Slew of Lawsuits Will Target Vioxx Maker Throngs of lawyers who represent people allegedly hurt or killed by the withdrawn painkiller Vioxx will gather in California and Las Vegas next week to discuss preparing class-action lawsuits against the drug #39;s maker, Merck  amp; Co.","Title: <SPLIT>Description: Slew of Lawsuits Will Target Vioxx Maker Throngs of lawyers who represent people allegedly hurt or killed by the withdrawn painkiller Vioxx will gather in California and Las Vegas next week to discuss preparing class-action lawsuits against the drug #39;s maker, Merck  amp; Co.",1.0,1.0,1,1,2,1,"Skipped"
"Title: <SPLIT>Description: China, Argentina sign 5 cooperation documents China and Argentina signed five agreements in Buenos Aires Tuesday that will allow them to expand cooperation in the areas of trade, space, education, tourism and railways.","Title: <SPLIT>Description: China, Argentina sign 5 cooperation documents China and Argentina signed five agreements in Buenos Aires Tuesday that will allow them to expand cooperation in the areas of trade, space, education, tourism and railways.",1.0,1.0,0,0,2,1,"Skipped"
"Title: <SPLIT>Description: Global Warming May Spur Fiercer Hurricanes - Experts (Reuters) Reuters - As Hurricane Ivan and its powerful\winds churned through the Gulf of Mexico, scientists told\Congress on Wednesday that global warming could produce\stronger and more destructive hurricanes in the future.","Title: <SPLIT>Description: Global Warming May Spur Fiercer Hurricanes - Experts (Reuters) Reuters - As Hurricane Ivan and its powerful\winds churned through the Gulf of Mexico, scientists told\Congress on Wednesday that global warming could produce\stronger and more destructive hurricanes in the future.",1.0,1.0,1,1,3,1,"Skipped"
"Title: <SPLIT>Description: Hendrick Motorsports Plane Crash Kills 10 Jimmie Johnson, center, winner of the NASCAR Subway 500 race, is escorted to a NEXTEL Cup trailer after the race at Martinsville Speedway in Martinsville, Va.","Title: <SPLIT>Description: Hendrick Motorsports Plane Crash Kills 10 Jimmie Johnson, center, winner of the NASCAR Subway 500 race, is escorted to a NEXTEL Cup trailer after the race at Martinsville Speedway in Martinsville, Va.",0.0,0.0,1,1,1,200,"Failed"
"Title: <SPLIT>Description: Geiberger heads threesome to win Chrysler Classic Brent Geiberger secured his place on the USPGA Tour for the next two years with his fine two shot win at the Chrysler Classic of Greensboro today.","Title: <SPLIT>Description: Geiberger heads threesome to win Chrysler Classic Brent Geiberger secured his place on the USPGA Tour for the next two years with his fine two shot win at the Chrysler Classic of Greensboro today.",1.0,1.0,0,0,1,1,"Skipped"
"Title: <SPLIT>Description: Quincy Carter being released by the Cowboys NEW YORK -- Tim Henman #39;s quarterfinal victory at the US Open was a microcosm of his career - long and brilliant in spurts, with an expected disappointment on the horizon.","Title: <SPLIT>Description: Quincy Carter being released by the Cowboys NEW YORK -- Tim Henman #39;s quarterfinal victory at the US Open was a microcosm of his career - long and brilliant in spurts, with an expected disappointment on the horizon.",0.0,0.0,1,1,1,200,"Failed"
"Title: <SPLIT>Description: Button defends F1 decision Britain #39;s Jenson Button has justified his decision to leave BAR for Williams as the dispute over his future moves towards a conclusion.","Title: <SPLIT>Description: Button defends F1 decision Britain #39;s Jenson Button has justified his decision to leave BAR for Williams as the dispute over his future moves towards a conclusion.",0.0,0.0,1,1,1,200,"Failed"
"Title: <SPLIT>Description: Is fair trade coffee a beachhead for bananas? GUILDERLAND, NY Socially conscious consumers have made fair trade brews a rapidly growing niche of the coffee market. The beans can now be found on supermarket shelves next to the Folgers and in the espresso at Dunkin #39; Donuts.","Title: <SPLIT>Description: Is fair trade coffee a beachhead for bananas? GUILDERLAND, NY Socially conscious consumers have made fair trade brews a rapidly growing niche of the coffee market. The beans can now be found on supermarket shelves next to the Folgers and in the espresso at Dunkin #39; Donuts.",1.0,1.0,1,1,2,1,"Skipped"
"Title: <SPLIT>Description: Caminiti, 41, dies of heart attack SAN DIEGO - Ken Caminiti was never short of fearless on a baseball field. He made incredible stops at third base, swatted home runs from both sides of the plate and played through pain that would wither most men.","Title: <SPLIT>Description: Caminiti, 41, dies of heart attack SAN DIEGO - Ken Caminiti was never short of fearless on a baseball field. He made incredible stops at third base, swatted home runs from both sides of the plate and played through pain that would wither most men.",0.0,0.0,1,1,1,200,"Failed"
"Title: <SPLIT>Description: ""PeopleSoft Raises Revenue Forecasts  NEW YORK (Reuters) - PeopleSoft Inc. &lt;A HREF=""""http://www.investor.reuters.com/FullQuote.aspx?ticker=PSFT.O target=/stocks/quickinfo/fullquote""""&gt;PSFT.O&lt;/A&gt;, fresh from  firing its chief executive amid a hostile takeover bid from  Oracle Corp. &lt;A HREF=""""http://www.investor.reuters.com/FullQuote.aspx?ticker=ORCL.O, target=/stocks/quickinfo/fullquote""""&gt;ORCL.O,&lt;/A&gt; on Monday said quarterly revenue would  exceed Wall Street's expectations, helped by an increase in  customers making larger orders for its business software.""","Title: <SPLIT>Description: ""PeopleSoft Raises Revenue Forecasts  NEW YORK (Reuters) - PeopleSoft Inc. &lt;A HREF=""""http://www.investor.reuters.com/FullQuote.aspx?ticker=PSFT.O target=/stocks/quickinfo/fullquote""""&gt;PSFT.O&lt;/A&gt;, fresh from  firing its chief executive amid a hostile takeover bid from  Oracle Corp. &lt;A HREF=""""http://www.investor.reuters.com/FullQuote.aspx?ticker=ORCL.O, target=/stocks/quickinfo/fullquote""""&gt;ORCL.O,&lt;/A&gt; on Monday said quarterly revenue would  exceed Wall Street's expectations, helped by an increase in  customers making larger orders for its business software.""",1.0,1.0,1,1,2,1,"Skipped"
"Title: <SPLIT>Description: Gamecocks, Tigers brawl CLEMSON, SC South Carolina and Clemson duked it out in the closing minutes of today #39;s game at Clemson. Police, security and coaches tried to separate the teams, who scuffled before the game started and continually pushed and showed each other throughout.","Title: <SPLIT>Description: Gamecocks, Tigers brawl CLEMSON, SC South Carolina and Clemson duked it out in the closing minutes of today #39;s game at Clemson. Police, security and coaches tried to separate the teams, who scuffled before the game started and continually pushed and showed each other throughout.",0.0,0.0,1,1,1,200,"Failed"
"Title: <SPLIT>Description: Before the Bell- First Health soars 21.5 percent Shares of First Health Group Corp. (FHCC.O: Quote, Profile, Research) rose 21.5 percent in pre-market trading on Thursday after rival Coventry Health Care Inc.","Title: <SPLIT>Description: Before the Bell- First Health soars 21.5 percent Shares of First Health Group Corp. (FHCC.O: Quote, Profile, Research) rose 21.5 percent in pre-market trading on Thursday after rival Coventry Health Care Inc.",1.0,1.0,1,1,2,1,"Skipped"
"Title: <SPLIT>Description: Arson attack on Jewish centre in Paris (AFP) AFP - A Jewish social centre in central Paris was destroyed by fire overnight in an anti-Semitic arson attack, city authorities said.","Title: <SPLIT>Description: Arson attack on Jewish centre in Paris (AFP) AFP - A Jewish social centre in central Paris was destroyed by fire overnight in an anti-Semitic arson attack, city authorities said.",1.0,1.0,1,1,0,1,"Skipped"
"Title: <SPLIT>Description: Intel to delay product aimed for high-definition TVs SAN FRANCISCO -- In the latest of a series of product delays, Intel Corp. has postponed the launch of a video display chip it had previously planned to introduce by year end, putting off a showdown with Texas Instruments Inc. in the fast-growing market for high-definition television displays.","Title: <SPLIT>Description: Intel to delay product aimed for high-definition TVs SAN FRANCISCO -- In the latest of a series of product delays, Intel Corp. has postponed the launch of a video display chip it had previously planned to introduce by year end, putting off a showdown with Texas Instruments Inc. in the fast-growing market for high-definition television displays.",1.0,1.0,1,1,2,1,"Skipped"
"Title: <SPLIT>Description: High court hears dispute over Michigan interstate wine sales The Supreme Court is considering whether Michigan and other states may bar people from buying wine directly from out-of-state suppliers, a big-money question that could lead to sweeping changes in how alcoholic beverages are regulated ","Title: <SPLIT>Description: High court hears dispute over Michigan interstate wine sales The Supreme Court is considering whether Michigan and other states may bar people from buying wine directly from out-of-state suppliers, a big-money question that could lead to sweeping changes in how alcoholic beverages are regulated ",1.0,1.0,1,1,2,1,"Skipped"
"Title: <SPLIT>Description: New MSN Search May Be a Google Killer! New MSN Search May Be a Google Killer!\\The Second Look at MSN's Search technology is available for public beta testing. I've given it a spin myself and must say that I'm impressed. Although they have no ads on the SERP's of the preview site, I'm sure they will load it ...","Title: <SPLIT>Description: New MSN Search May Be a Google Killer! New MSN Search May Be a Google Killer!\\The Second Look at MSN's Search technology is available for public beta testing. I've given it a spin myself and must say that I'm impressed. Although they have no ads on the SERP's of the preview site, I'm sure they will load it ...",1.0,1.0,1,1,3,1,"Skipped"
"Title: <SPLIT>Description: Hurricane Ivan Batters Grand Cayman GEORGE TOWN, Cayman Islands - Hurricane Ivan battered the Cayman Islands with ferocious 150-mph winds Sunday, threatening a direct hit as it flooded homes and ripped up roofs and trees three stories high.    Ivan has killed at least 60 people as it has torn a path of destruction across the Caribbean and was headed next for western Cuba, where it was expected to hit Monday, and could brush the Florida Keys and parts of Florida's Gulf Coast...","Title: <SPLIT>Description: Hurricane Ivan Batters Grand Cayman GEORGE TOWN, Cayman Islands - Hurricane Ivan battered the Cayman Islands with ferocious 150-mph winds Sunday, threatening a direct hit as it flooded homes and ripped up roofs and trees three stories high.    Ivan has killed at least 60 people as it has torn a path of destruction across the Caribbean and was headed next for western Cuba, where it was expected to hit Monday, and could brush the Florida Keys and parts of Florida's Gulf Coast...",1.0,1.0,1,1,0,1,"Skipped"
"Title: <SPLIT>Description: Ross Stores Profit Plummets 40 Percent (AP) AP - Discount retailer Ross Stores Inc. Wednesday said its profit fell about 40 percent in the latest quarter due to problems with a new computer system that limited the company's ability to respond to changes in customer demand.","Title: <SPLIT>Description: Ross Stores Profit Plummets 40 Percent (AP) AP - Discount retailer Ross Stores Inc. Wednesday said its profit fell about 40 percent in the latest quarter due to problems with a new computer system that limited the company's ability to respond to changes in customer demand.",1.0,1.0,1,1,2,1,"Skipped"
"Title: <SPLIT>Description: Young People Practicing Unhealthy Habits They show greatest increase in smoking, obesity and poor eating, study says    HealthDayNews -- Smoking, obesity and poor eating habits increased among young people in the United States in the 1990s, a trend that may lead to higher future rates of cancer, heart disease, diabetes and lung disease as that generation ages.    That warning comes from a study in the September/October issue of the American Journal of Health Promotion...","Title: <SPLIT>Description: Young People Practicing Unhealthy Habits They show greatest increase in smoking, obesity and poor eating, study says    HealthDayNews -- Smoking, obesity and poor eating habits increased among young people in the United States in the 1990s, a trend that may lead to higher future rates of cancer, heart disease, diabetes and lung disease as that generation ages.    That warning comes from a study in the September/October issue of the American Journal of Health Promotion...",1.0,1.0,1,1,3,1,"Skipped"
"Title: <SPLIT>Description: Cambodia [[plays]] active role in ASEAN Cambodia has been active and playing an increasingly important role in the Association of Southeast Asian Nations (ASEAN) and regional affairs politically and economically ","Title: <SPLIT>Description: Cambodia [[flirt]] active role in ASEAN Cambodia has been active and playing an increasingly important role in the Association of Southeast Asian Nations (ASEAN) and regional affairs politically and economically ",0.0,1.0,0,1,0,189,"Successful"
"Title: <SPLIT>Description: Witnesses to Confront Cali Cartel Kingpin Thirteen years into their probe, U.S. investigators have assembled a team of smugglers, accountants and associates to testify against Colombian cartel kingpin Gilberto Rodriguez Orejuela.","Title: <SPLIT>Description: Witnesses to Confront Cali Cartel Kingpin Thirteen years into their probe, U.S. investigators have assembled a team of smugglers, accountants and associates to testify against Colombian cartel kingpin Gilberto Rodriguez Orejuela.",1.0,1.0,1,1,0,1,"Skipped"
"Title: <SPLIT>Description: Europes First Moon Probe to Enter Lunar Orbit Europes first mission to the moon is just days away from its goal after taking the slow boat from Earth more than a year ago. The spacecraft, dubbed SMART-1, will make its first close pass by the moon on the evening of Nov.","Title: <SPLIT>Description: Europes First Moon Probe to Enter Lunar Orbit Europes first mission to the moon is just days away from its goal after taking the slow boat from Earth more than a year ago. The spacecraft, dubbed SMART-1, will make its first close pass by the moon on the evening of Nov.",1.0,1.0,1,1,3,1,"Skipped"
"Title: <SPLIT>Description: Online advertising up 43pc in US NEW YORK - US internet ad revenue jumped to a record US\$2.37 billion (\$3.5 billion) in the second quarter, surpassing the highest levels of the dotcom era.","Title: <SPLIT>Description: Online advertising up 43pc in US NEW YORK - US internet ad revenue jumped to a record US\$2.37 billion (\$3.5 billion) in the second quarter, surpassing the highest levels of the dotcom era.",1.0,1.0,1,1,2,1,"Skipped"
"Title: <SPLIT>Description: American Crocker Sets Short Course World Record  INDIANAPOLIS (Reuters) - Ian Crocker of the United States  set a short course world record of 22.71 seconds in the 50  meters butterfly at the world championships on Sunday.","Title: <SPLIT>Description: American Crocker Sets Short Course World Record  INDIANAPOLIS (Reuters) - Ian Crocker of the United States  set a short course world record of 22.71 seconds in the 50  meters butterfly at the world championships on Sunday.",0.0,0.0,1,1,1,200,"Failed"
"Title: <SPLIT>Description: Jets' offensive line takes control WALTHAM -- East Boston's Jimmy Yarde lived the lineman's dream Tuesday night, returning a fumble 70 yards for a touchdown. Yesterday, he ran with something even more significant.","Title: <SPLIT>Description: Jets' offensive line takes control WALTHAM -- East Boston's Jimmy Yarde lived the lineman's dream Tuesday night, returning a fumble 70 yards for a touchdown. Yesterday, he ran with something even more significant.",0.0,0.0,1,1,1,200,"Failed"
"Title: <SPLIT>Description: BenQ Readies IPod Rival Hard-drive based digital audio player will be available by the end of the year.","Title: <SPLIT>Description: BenQ Readies IPod Rival Hard-drive based digital audio player will be available by the end of the year.",1.0,1.0,1,1,3,1,"Skipped"
"Title: <SPLIT>Description: Ky. Company Wins Grant to Study Peptides (AP) AP - A company founded by a chemistry researcher at the University of Louisville won a grant to develop a method of producing better peptides, which are short chains of amino acids, the building blocks of proteins.","Title: <SPLIT>Description: Ky. Company Wins Grant to Study Peptides (AP) AP - A company founded by a chemistry researcher at the University of Louisville won a grant to develop a method of producing better peptides, which are short chains of amino acids, the building blocks of proteins.",1.0,1.0,1,1,3,1,"Skipped"
"Title: <SPLIT>Description: Challenger disappoints with writedown The Kerry Packer-backed Challenger Financial Services Group has reported its first net loss since incorporating, impacted by a massive writedown of goodwill.","Title: <SPLIT>Description: Challenger disappoints with writedown The Kerry Packer-backed Challenger Financial Services Group has reported its first net loss since incorporating, impacted by a massive writedown of goodwill.",1.0,1.0,0,0,2,1,"Skipped"
"Title: <SPLIT>Description: US stocks: Markets rally on Bush win; oil surge limits gains US stocks rallied Wednesday, boosted by shares of health and defence companies that are seen benefiting from the re-election of President George W. Bush, but higher oil prices checked advances.","Title: <SPLIT>Description: US stocks: Markets rally on Bush win; oil surge limits gains US stocks rallied Wednesday, boosted by shares of health and defence companies that are seen benefiting from the re-election of President George W. Bush, but higher oil prices checked advances.",1.0,1.0,1,1,2,1,"Skipped"
"Title: <SPLIT>Description: Intel slashes Itanium prices as Madison looms Intel has slashed prices across the board as it prepares to get behind new processor lines due this autumn. The Itanium server line has seen cuts of over 30 per cent, while prices for Intel #39;s fastest business ","Title: <SPLIT>Description: Intel slashes Itanium prices as Madison looms Intel has slashed prices across the board as it prepares to get behind new processor lines due this autumn. The Itanium server line has seen cuts of over 30 per cent, while prices for Intel #39;s fastest business ",1.0,1.0,1,1,3,1,"Skipped"
"Title: <SPLIT>Description: Souness Looks Forward Newcastle boss Graeme Souness was in defiant mood tonight as he attempted to push yesterdays training ground bust-up with striker Craig Bellamy into the background.","Title: <SPLIT>Description: Souness Looks Forward Newcastle boss Graeme Souness was in defiant mood tonight as he attempted to push yesterdays training ground bust-up with striker Craig Bellamy into the background.",1.0,1.0,0,0,1,1,"Skipped"
"Title: <SPLIT>Description: Friday is all right for fighting Tonight will be a busy one on the local fight scene with two cards. At the Bayside Expo Center, Ray Oliveira will take on Hicklet Lau for the vacant International Boxing Union welterweight title. On the same card, heavyweight prospect Matt Godfrey (4-0, 2 KOs) of Providence will face Andrew Hutchinson.","Title: <SPLIT>Description: Friday is all right for fighting Tonight will be a busy one on the local fight scene with two cards. At the Bayside Expo Center, Ray Oliveira will take on Hicklet Lau for the vacant International Boxing Union welterweight title. On the same card, heavyweight prospect Matt Godfrey (4-0, 2 KOs) of Providence will face Andrew Hutchinson.",1.0,1.0,0,0,1,1,"Skipped"
"Title: <SPLIT>Description: Take control of your desktop chaos Dragging and dropping files into well-organized desktop folders can be a chore for everyone but the most fastidious. A new technology, however, aims to do most of the work for you.","Title: <SPLIT>Description: Take control of your desktop chaos Dragging and dropping files into well-organized desktop folders can be a chore for everyone but the most fastidious. A new technology, however, aims to do most of the work for you.",1.0,1.0,1,1,3,1,"Skipped"
"Title: <SPLIT>Description: Japanese Utility Plans IPO in October (AP) AP - Electric Power Development Co., a former state-run utility, said Friday it is planning an initial public offering on the Tokyo Stock Exchange in October, a deal that could be the country's biggest new stock listing in six years.","Title: <SPLIT>Description: Japanese Utility Plans IPO in October (AP) AP - Electric Power Development Co., a former state-run utility, said Friday it is planning an initial public offering on the Tokyo Stock Exchange in October, a deal that could be the country's biggest new stock listing in six years.",1.0,1.0,1,1,0,1,"Skipped"
"Title: <SPLIT>Description: Changing of the Guard in US Track and Field Description: NPR #39;s Steve Inskeep talks with USA Today sports columnist Christine Brennan about the latest news in track and field at the Athens Olympics.","Title: <SPLIT>Description: Changing of the Guard in US Track and Field Description: NPR #39;s Steve Inskeep talks with USA Today sports columnist Christine Brennan about the latest news in track and field at the Athens Olympics.",1.0,1.0,0,0,1,1,"Skipped"
"Title: <SPLIT>Description: New pension 'would help millions' Britain's pension system could easily be replaced by a new payment that would make millions better off, a report says.","Title: <SPLIT>Description: New pension 'would help millions' Britain's pension system could easily be replaced by a new payment that would make millions better off, a report says.",1.0,1.0,1,1,2,1,"Skipped"
"Title: <SPLIT>Description: Knee surgery for Falcons #39; Duckett CBC SPORTS ONLINE - Atlanta Falcons running back TJ Duckett is expected to undergo minor arthroscopic surgery on his left knee Tuesday, so will miss this Saturday #39;s contest versus Carolina.","Title: <SPLIT>Description: Knee surgery for Falcons #39; Duckett CBC SPORTS ONLINE - Atlanta Falcons running back TJ Duckett is expected to undergo minor arthroscopic surgery on his left knee Tuesday, so will miss this Saturday #39;s contest versus Carolina.",0.0,0.0,1,1,1,200,"Failed"
"Title: <SPLIT>Description: China's Red Flag Linux to focus on enterprise Red Flag Software Co., the company behind China's leading Linux client distribution, plans to focus more on its server operating system and enterprise customers, the company's acting president said.","Title: <SPLIT>Description: China's Red Flag Linux to focus on enterprise Red Flag Software Co., the company behind China's leading Linux client distribution, plans to focus more on its server operating system and enterprise customers, the company's acting president said.",1.0,1.0,0,0,3,1,"Skipped"
"Title: <SPLIT>Description: Sri Lanka army blames Tamil Tigers of failing to keep pledge Sri Lanka #39;s army Sunday blamed theTamil Tigers for failing to attend a meeting Saturday which they had agreed to attend during a meeting with the international trucemonitors and the government troops.","Title: <SPLIT>Description: Sri Lanka army blames Tamil Tigers of failing to keep pledge Sri Lanka #39;s army Sunday blamed theTamil Tigers for failing to attend a meeting Saturday which they had agreed to attend during a meeting with the international trucemonitors and the government troops.",1.0,1.0,1,1,0,1,"Skipped"
"Title: <SPLIT>Description: McKinnon briefed on democracy: Meeting with PM ISLAMABAD, Oct 23: Prime Minister Shaukat Aziz briefed Commonwealth Secretary-General Donald C. McKinnon on full restoration of democracy in the country and Pakistan #39;s role in promoting regional and global peace.","Title: <SPLIT>Description: McKinnon briefed on democracy: Meeting with PM ISLAMABAD, Oct 23: Prime Minister Shaukat Aziz briefed Commonwealth Secretary-General Donald C. McKinnon on full restoration of democracy in the country and Pakistan #39;s role in promoting regional and global peace.",1.0,1.0,1,1,0,1,"Skipped"
"Title: <SPLIT>Description: Els Sweats Out American Express Victory (AP) AP - Emotionally spent from a Grand Slam season of heartache, Ernie Els reasserted himself as a major force Sunday by outlasting Thomas Bjorn in a brilliantly played duel in the cold rain in the American Express Championship. He closed with a 3-under 69 for a one-shot victory and his first World Golf Championship.","Title: <SPLIT>Description: Els Sweats Out American Express Victory (AP) AP - Emotionally spent from a Grand Slam season of heartache, Ernie Els reasserted himself as a major force Sunday by outlasting Thomas Bjorn in a brilliantly played duel in the cold rain in the American Express Championship. He closed with a 3-under 69 for a one-shot victory and his first World Golf Championship.",0.0,0.0,1,1,1,200,"Failed"
"Title: <SPLIT>Description: Singapore Air plans \$7.35B Boeing order Singapore Airlines plans to buy up to 31 Boeing long-range 777-300ER planes worth about \$7.35 billion, the carrier said Wednesday.","Title: <SPLIT>Description: Singapore Air plans \$7.35B Boeing order Singapore Airlines plans to buy up to 31 Boeing long-range 777-300ER planes worth about \$7.35 billion, the carrier said Wednesday.",1.0,1.0,1,1,2,1,"Skipped"
"Title: <SPLIT>Description: Aon may face civil suit The office of New York Attorney General Eliot Spitzer has uncovered evidence of improper business practices at Aon Corp., the world #39;s second-largest insurance broker, according to a published report.","Title: <SPLIT>Description: Aon may face civil suit The office of New York Attorney General Eliot Spitzer has uncovered evidence of improper business practices at Aon Corp., the world #39;s second-largest insurance broker, according to a published report.",1.0,1.0,1,1,2,1,"Skipped"
"Title: <SPLIT>Description: GAME UNDER FIRE Attacking police officers, racial slurs, bloody beatings of innocent bystanders ... is it really just a game? In four and a half minutes, 14-year-old Ryan Mason ran over a police officer, stole his gun and shot and killed three innocent bystanders.","Title: <SPLIT>Description: GAME UNDER FIRE Attacking police officers, racial slurs, bloody beatings of innocent bystanders ... is it really just a game? In four and a half minutes, 14-year-old Ryan Mason ran over a police officer, stole his gun and shot and killed three innocent bystanders.",1.0,1.0,1,1,3,1,"Skipped"
"Title: <SPLIT>Description: Surrey poised to sign Harbhajan Surrey are waiting for approval from the Board of Control for Cricket in India before announcing Harbhajan Singh as an overseas signing for 2005.","Title: <SPLIT>Description: Surrey poised to sign Harbhajan Surrey are waiting for approval from the Board of Control for Cricket in India before announcing Harbhajan Singh as an overseas signing for 2005.",1.0,1.0,0,0,1,1,"Skipped"
"Title: <SPLIT>Description: At Least 37 Killed, 52 Hurt in Pakistan Blast  MULTAN, Pakistan (Reuters) - At least 37 people were killed  and 52 wounded when a car bomb exploded at a rally to  commemorate an assassinated religious leader in the central  Pakistani city of Multan early on Thursday, police said.","Title: <SPLIT>Description: At Least 37 Killed, 52 Hurt in Pakistan Blast  MULTAN, Pakistan (Reuters) - At least 37 people were killed  and 52 wounded when a car bomb exploded at a rally to  commemorate an assassinated religious leader in the central  Pakistani city of Multan early on Thursday, police said.",1.0,1.0,1,1,0,1,"Skipped"
"Title: <SPLIT>Description: Bomb found near Berlusconi #39;s villa Italian Premier Silvio Berlusconi (left) goes for a walk with British Prime Minister Tony Blair and his wife Cherie Blair at Berlusconi #39;s villa, Monday. AP ...","Title: <SPLIT>Description: Bomb found near Berlusconi #39;s villa Italian Premier Silvio Berlusconi (left) goes for a walk with British Prime Minister Tony Blair and his wife Cherie Blair at Berlusconi #39;s villa, Monday. AP ...",1.0,1.0,1,1,0,1,"Skipped"
"Title: <SPLIT>Description: Boston Secures Spot The Red Sox clinch a second straight trip to the playoffs, topping Tampa Bay, 7-3, Monday behind Manny Ramirez's 43rd homer.","Title: <SPLIT>Description: Boston Secures Spot The Red Sox clinch a second straight trip to the playoffs, topping Tampa Bay, 7-3, Monday behind Manny Ramirez's 43rd homer.",1.0,1.0,0,0,1,1,"Skipped"
"Title: <SPLIT>Description: Hu top dog, but more of same for now China #39;s new leader is forging ahead with policies set by Jiang, but trouble with Taiwan looms. BEIJING--Having taken over Sunday as chairman of the ruling Communist Party #39;s ","Title: <SPLIT>Description: Hu top dog, but more of same for now China #39;s new leader is forging ahead with policies set by Jiang, but trouble with Taiwan looms. BEIJING--Having taken over Sunday as chairman of the ruling Communist Party #39;s ",1.0,1.0,1,1,0,1,"Skipped"
"Title: <SPLIT>Description: Demand For Oil Exceeds Forecasts Oil demand is rising faster than predicted this year as OPEC pumps more low-quality oil in a failed bid to reduce record prices, according to International Energy Agency, an adviser to 26 industrialized nations.","Title: <SPLIT>Description: Demand For Oil Exceeds Forecasts Oil demand is rising faster than predicted this year as OPEC pumps more low-quality oil in a failed bid to reduce record prices, according to International Energy Agency, an adviser to 26 industrialized nations.",1.0,1.0,1,1,2,1,"Skipped"
"Title: <SPLIT>Description: LPGA's Nabisco to Change Dates in 2006 (AP) AP - The Kraft Nabisco Championship will be played one week later than usual starting in 2006, preventing the LPGA Tour's first major from getting lost among other big sporting events.","Title: <SPLIT>Description: LPGA's Nabisco to Change Dates in 2006 (AP) AP - The Kraft Nabisco Championship will be played one week later than usual starting in 2006, preventing the LPGA Tour's first major from getting lost among other big sporting events.",0.0,0.0,1,1,1,200,"Failed"
"Title: <SPLIT>Description: England humble Sprinboks Charlie Hodgson scores 27 points as England overwhelm the Springboks at Twickenham.","Title: <SPLIT>Description: England humble Sprinboks Charlie Hodgson scores 27 points as England overwhelm the Springboks at Twickenham.",1.0,1.0,1,1,0,1,"Skipped"
"Title: <SPLIT>Description: FTC wins a temporary injunction against alleged spammer U.S. District Judge Joseph A. DiClerico Jr. ordered Sanford Wallace and his companies to remove any software scripts from their Web sites that exploit security vulnerabilities in some versions of Internet Explorer.","Title: <SPLIT>Description: FTC wins a temporary injunction against alleged spammer U.S. District Judge Joseph A. DiClerico Jr. ordered Sanford Wallace and his companies to remove any software scripts from their Web sites that exploit security vulnerabilities in some versions of Internet Explorer.",1.0,1.0,1,1,3,1,"Skipped"
"Title: <SPLIT>Description: Particle lab celebrates 50th birthday The European research facility which helped shape our view of matter and invented the world wide web is exactly 50 years old.","Title: <SPLIT>Description: Particle lab celebrates 50th birthday The European research facility which helped shape our view of matter and invented the world wide web is exactly 50 years old.",1.0,1.0,1,1,3,1,"Skipped"
"Title: <SPLIT>Description: Mark Cuban prompts dot-com redux reporteri #39;s notebook SAN FRANCISCO--Hope and cynicism sparred to a draw on Tuesday at the glitzy opening banquet of Web 2.0 conference here, as serial entrepreneur and reality TV show host Mark Cuban took the stage to talk about what #39;s next for the 10-year ","Title: <SPLIT>Description: Mark Cuban prompts dot-com redux reporteri #39;s notebook SAN FRANCISCO--Hope and cynicism sparred to a draw on Tuesday at the glitzy opening banquet of Web 2.0 conference here, as serial entrepreneur and reality TV show host Mark Cuban took the stage to talk about what #39;s next for the 10-year ",1.0,1.0,1,1,3,1,"Skipped"
"Title: <SPLIT>Description: 23 Palestinians, 3 Israelis Die in Gaza Fighting  JABALYA, Gaza (Reuters) - Twenty-three Palestinians and  three Israelis were killed Thursday, Gaza's bloodiest day for  more than two years, as Israel's army struck back after a  rocket attack killed two Israeli children in a border town.","Title: <SPLIT>Description: 23 Palestinians, 3 Israelis Die in Gaza Fighting  JABALYA, Gaza (Reuters) - Twenty-three Palestinians and  three Israelis were killed Thursday, Gaza's bloodiest day for  more than two years, as Israel's army struck back after a  rocket attack killed two Israeli children in a border town.",1.0,1.0,1,1,0,1,"Skipped"
"Title: <SPLIT>Description: ""Medtronic Quarterly Earnings Rise  CHICAGO (Reuters) - Medtronic Inc. &lt;A HREF=""""http://www.investor.reuters.com/FullQuote.aspx?ticker=MDT.N target=/stocks/quickinfo/fullquote""""&gt;MDT.N&lt;/A&gt; on Wednesday  said its quarterly earnings rose amid brisk demand for devices  that manage irregular heart beats and products used to treat  the spine.""","Title: <SPLIT>Description: ""Medtronic Quarterly Earnings Rise  CHICAGO (Reuters) - Medtronic Inc. &lt;A HREF=""""http://www.investor.reuters.com/FullQuote.aspx?ticker=MDT.N target=/stocks/quickinfo/fullquote""""&gt;MDT.N&lt;/A&gt; on Wednesday  said its quarterly earnings rose amid brisk demand for devices  that manage irregular heart beats and products used to treat  the spine.""",1.0,1.0,1,1,2,1,"Skipped"
"Title: <SPLIT>Description: Afghan Militants Say Drop Some Hostage Demands  KABUL (Reuters) - Afghan militants holding three U.N.  workers hostage began talks with the government and the United  Nations on Sunday and the kidnappers have dropped some of their  demands, a militant spokesman said.","Title: <SPLIT>Description: Afghan Militants Say Drop Some Hostage Demands  KABUL (Reuters) - Afghan militants holding three U.N.  workers hostage began talks with the government and the United  Nations on Sunday and the kidnappers have dropped some of their  demands, a militant spokesman said.",1.0,1.0,1,1,0,1,"Skipped"
"Title: <SPLIT>Description: Contenders can #39;t afford any more mistakes When Nextel Cup leader Kurt Busch was hit by engine failure at Atlanta Motor Speedway and finished 42nd last Sunday, the mishap tightened NASCAR #39;s new 10-race championship format.","Title: <SPLIT>Description: Contenders can #39;t afford any more mistakes When Nextel Cup leader Kurt Busch was hit by engine failure at Atlanta Motor Speedway and finished 42nd last Sunday, the mishap tightened NASCAR #39;s new 10-race championship format.",0.0,0.0,1,1,1,200,"Failed"
"Title: <SPLIT>Description: Marlins Streak By Mets [[A]] four-day layoff fails to cool off the Marlins, who extend their winning streak to eight games by beating the Mets, 7-3.","Title: <SPLIT>Description: Marlins Streak By Mets [[adenine]] four-day layoff fails to cool off the Marlins, who extend their winning streak to eight games by beating the Mets, 7-3.",0.0,1.0,1,0,1,163,"Successful"
"Title: <SPLIT>Description: DaimlerChrysler, GM to team up on hybrid engines General Motors and DaimlerChrysler say they #39;re teaming up to develop hybrid technology for use in their vehicles. The two giant automakers say they have signed a memorandum of understanding.","Title: <SPLIT>Description: DaimlerChrysler, GM to team up on hybrid engines General Motors and DaimlerChrysler say they #39;re teaming up to develop hybrid technology for use in their vehicles. The two giant automakers say they have signed a memorandum of understanding.",1.0,1.0,1,1,2,1,"Skipped"
"Title: <SPLIT>Description: Citigroup Hits Back at Parmalat  MILAN (Reuters) - Citigroup on Friday launched a legal  challenge against a restructuring plan drawn up by Parmalat,  hitting back after the bankrupt food group took the world's  biggest bank to court recently.","Title: <SPLIT>Description: Citigroup Hits Back at Parmalat  MILAN (Reuters) - Citigroup on Friday launched a legal  challenge against a restructuring plan drawn up by Parmalat,  hitting back after the bankrupt food group took the world's  biggest bank to court recently.",1.0,1.0,1,1,2,1,"Skipped"
"Title: <SPLIT>Description: Cisco Reaches High And Low NEW YORK - Cisco Systems is aggressively trying to build its presence in key growth markets, and it #39;s using both new products and new acquisitions to do it.","Title: <SPLIT>Description: Cisco Reaches High And Low NEW YORK - Cisco Systems is aggressively trying to build its presence in key growth markets, and it #39;s using both new products and new acquisitions to do it.",1.0,1.0,1,1,3,1,"Skipped"
"Title: <SPLIT>Description: South Korea president in Brazil (AFP) AFP - [[South]] Korea's President Roh Moo-Hyun started an official visit to Brazil as part of his country's campaign to find new business in the region.","Title: <SPLIT>Description: South Korea president in Brazil (AFP) AFP - [[S]] Korea's President Roh Moo-Hyun started an official visit to Brazil as part of his country's campaign to find new business in the region.",0.0,1.0,0,2,0,184,"Successful"
"Title: <SPLIT>Description: Report: Sprint/Nextel reach tentative \$36B deal A Wall Street Journal report Friday afternoon citing sources on both sides indicated No. 3 Sprint Corp. and No. 5 Nextel Communications Inc.","Title: <SPLIT>Description: Report: Sprint/Nextel reach tentative \$36B deal A Wall Street Journal report Friday afternoon citing sources on both sides indicated No. 3 Sprint Corp. and No. 5 Nextel Communications Inc.",1.0,1.0,0,0,2,1,"Skipped"
"Title: <SPLIT>Description: Intel Taps Otellini As Next CEO Intel #39;s board, as expected, has named Paul Otellini to succeed Craig Barrett as CEO effective next May 18, the company announced Thursday.","Title: <SPLIT>Description: Intel Taps Otellini As Next CEO Intel #39;s board, as expected, has named Paul Otellini to succeed Craig Barrett as CEO effective next May 18, the company announced Thursday.",1.0,1.0,0,0,2,1,"Skipped"
"Title: <SPLIT>Description: Rossi:  #39;I #39;m fairly happy #39; Valentino Rossi, who on Thursday pledged his future to Yamaha, entered the final qualifying session with the fastest time to date, but with the morning rain having washed the circuit clean, the Italian was unable to challenge Makoto Tamada for the pole.","Title: <SPLIT>Description: Rossi:  #39;I #39;m fairly happy #39; Valentino Rossi, who on Thursday pledged his future to Yamaha, entered the final qualifying session with the fastest time to date, but with the morning rain having washed the circuit clean, the Italian was unable to challenge Makoto Tamada for the pole.",0.0,0.0,1,1,1,200,"Failed"
"Title: <SPLIT>Description: Bus ambush kills 17 workers near Tikrit Gunmen ambushed a bus carrying unarmed Iraqis to work at a US ammunition dump near Tikrit yesterday, killing 17 and raising the toll from three days of intensified and bloody terrorist ","Title: <SPLIT>Description: Bus ambush kills 17 workers near Tikrit Gunmen ambushed a bus carrying unarmed Iraqis to work at a US ammunition dump near Tikrit yesterday, killing 17 and raising the toll from three days of intensified and bloody terrorist ",1.0,1.0,1,1,0,1,"Skipped"
"Title: <SPLIT>Description: League of Development Major League Soccer plans to start a new league to develop young players, part of its 10-year sponsorship deal with Adidas.","Title: <SPLIT>Description: League of Development Major League Soccer plans to start a new league to develop young players, part of its 10-year sponsorship deal with Adidas.",0.0,0.0,1,1,1,200,"Failed"
"Title: <SPLIT>Description: Old Labor Tactics Resurface in New Union Labor experts say Unite Here, the newly merged union that is representing the DC hotel workers in their current contract dispute, is one of the most outspoken and toughest unions under the AFL-CIO umbrella.","Title: <SPLIT>Description: Old Labor Tactics Resurface in New Union Labor experts say Unite Here, the newly merged union that is representing the DC hotel workers in their current contract dispute, is one of the most outspoken and toughest unions under the AFL-CIO umbrella.",1.0,1.0,1,1,2,1,"Skipped"
"Title: <SPLIT>Description: A PC in the toaster? How mod! photos There's also room in the humidor and the Darth Vader helmet. Take a gander at some strange and wonderful creations.","Title: <SPLIT>Description: A PC in the toaster? How mod! photos There's also room in the humidor and the Darth Vader helmet. Take a gander at some strange and wonderful creations.",1.0,1.0,1,1,3,1,"Skipped"
"Title: <SPLIT>Description: U.N. Urges Funds to Curb African Locusts (AP) AP - With swarms of locusts threatening crops in a number of African countries, a U.N. agency appealed for an additional  #36;70 million in assistance Thursday to prevent the upsurge from becoming a full-scale plague.","Title: <SPLIT>Description: U.N. Urges Funds to Curb African Locusts (AP) AP - With swarms of locusts threatening crops in a number of African countries, a U.N. agency appealed for an additional  #36;70 million in assistance Thursday to prevent the upsurge from becoming a full-scale plague.",1.0,1.0,1,1,3,1,"Skipped"
"Title: <SPLIT>Description: Internet pioneer closes Manitoba pharmacy; blames dollar, uncertain climate (Canadian Press) Canadian Press - WINNIPEG (CP) - Just one year ago, Mark Rzepka was opening a  #36;1-million Internet pharmacy in the small Manitoba town of Niverville believing he would be able to quadruple his staff within 12 months.","Title: <SPLIT>Description: Internet pioneer closes Manitoba pharmacy; blames dollar, uncertain climate (Canadian Press) Canadian Press - WINNIPEG (CP) - Just one year ago, Mark Rzepka was opening a  #36;1-million Internet pharmacy in the small Manitoba town of Niverville believing he would be able to quadruple his staff within 12 months.",1.0,1.0,1,1,0,1,"Skipped"
"Title: <SPLIT>Description: Palestinians do not need another tyrant YASSER Arafat is dead. A so-called moderate is now chairman of the Palestine Liberation Organization. Elections to choose a Palestinian Authority president are scheduled in the West Bank and Gaza for early January.","Title: <SPLIT>Description: Palestinians do not need another tyrant YASSER Arafat is dead. A so-called moderate is now chairman of the Palestine Liberation Organization. Elections to choose a Palestinian Authority president are scheduled in the West Bank and Gaza for early January.",1.0,1.0,1,1,0,1,"Skipped"
"Title: <SPLIT>Description: Microsoft to help users prep for patching Microsoft said today that it plans to give customers three days' advance notice about its monthly security updates to help them prepare to install related software patches.","Title: <SPLIT>Description: Microsoft to help users prep for patching Microsoft said today that it plans to give customers three days' advance notice about its monthly security updates to help them prepare to install related software patches.",1.0,1.0,1,1,3,1,"Skipped"
"Title: <SPLIT>Description: Microsoft: Use Script to Block Windows XP SP2 Updates Microsoft has offered up yet another way for businesses to block the automatic update of Windows XP to the big-deal Service Pack 2 (SP2) upgrade.","Title: <SPLIT>Description: Microsoft: Use Script to Block Windows XP SP2 Updates Microsoft has offered up yet another way for businesses to block the automatic update of Windows XP to the big-deal Service Pack 2 (SP2) upgrade.",1.0,1.0,0,0,3,1,"Skipped"
"Title: <SPLIT>Description: Australia cancels 80pc of Iraqi debt Nineteen countries, including Australia, have agreed to cancel 80 per cent of the debt Iraq owes them. The deal secured for the Paris Club of creditor nations ends a trans-Atlantic dispute and probably sets ","Title: <SPLIT>Description: Australia cancels 80pc of Iraqi debt Nineteen countries, including Australia, have agreed to cancel 80 per cent of the debt Iraq owes them. The deal secured for the Paris Club of creditor nations ends a trans-Atlantic dispute and probably sets ",1.0,1.0,1,1,0,1,"Skipped"
"Title: <SPLIT>Description: Reebok Third-Quarter Earnings, Sales Up Athletic shoe and apparel maker Reebok International Ltd. (RBK) on Thursday posted better-than-expected quarterly earnings, helped by improved sales due to acquisitions and the weak dollar.","Title: <SPLIT>Description: Reebok Third-Quarter Earnings, Sales Up Athletic shoe and apparel maker Reebok International Ltd. (RBK) on Thursday posted better-than-expected quarterly earnings, helped by improved sales due to acquisitions and the weak dollar.",1.0,1.0,1,1,2,1,"Skipped"
"Title: <SPLIT>Description: Sex Toy Shuts Down Australian Airport A scare triggered by a vibrating sex toy shut down a major Australian regional airport for almost an hour on Monday. The vibrating object was discovered on Monday morning inside a garbage can at the terminal ","Title: <SPLIT>Description: Sex Toy Shuts Down Australian Airport A scare triggered by a vibrating sex toy shut down a major Australian regional airport for almost an hour on Monday. The vibrating object was discovered on Monday morning inside a garbage can at the terminal ",1.0,1.0,1,1,0,1,"Skipped"
"Title: <SPLIT>Description: Suicide bomber wounds 7; Afghan vote tally nears end KABUL, Afghanistan -- A Taliban suicide fighter killed himself and wounded at least seven others, including three members of a NATO-led peacekeeping force, in a grenade attack on a busy shopping street in central Kabul yesterday.","Title: <SPLIT>Description: Suicide bomber wounds 7; Afghan vote tally nears end KABUL, Afghanistan -- A Taliban suicide fighter killed himself and wounded at least seven others, including three members of a NATO-led peacekeeping force, in a grenade attack on a busy shopping street in central Kabul yesterday.",1.0,1.0,1,1,0,1,"Skipped"
"Title: <SPLIT>Description: Quicken, Money Duel to a Draw (washingtonpost.com) washingtonpost.com - The Intuit-Microsoft battle for supremacy in the personal-finance software market is as long-running as some sports rivalries -- except that few users seem to care all that much about the outcome of this contest.","Title: <SPLIT>Description: Quicken, Money Duel to a Draw (washingtonpost.com) washingtonpost.com - The Intuit-Microsoft battle for supremacy in the personal-finance software market is as long-running as some sports rivalries -- except that few users seem to care all that much about the outcome of this contest.",1.0,1.0,1,1,3,1,"Skipped"
"Title: <SPLIT>Description: World briefs LONDON - A man wielding a machete and a knife attacked two security guards at the building housing the headquarters of the British domestic intelligence service MI5 on Friday, police said.","Title: <SPLIT>Description: World briefs LONDON - A man wielding a machete and a knife attacked two security guards at the building housing the headquarters of the British domestic intelligence service MI5 on Friday, police said.",1.0,1.0,0,0,2,1,"Skipped"
"Title: <SPLIT>Description: SAP Launches Security Service SAP has launched SAP Security Optimization, a service that evaluates a customer #39;s SAP system to identify and eliminate potential vulnerabilities and minimize the risk of intrusions.","Title: <SPLIT>Description: SAP Launches Security Service SAP has launched SAP Security Optimization, a service that evaluates a customer #39;s SAP system to identify and eliminate potential vulnerabilities and minimize the risk of intrusions.",1.0,1.0,1,1,3,1,"Skipped"
"Title: <SPLIT>Description: FireFox Roars from the Gates Tuesday, November 9, 2004 will likely go down in the history books as the day the browser wars officially started. Obviously things happened before today to get us to the point where there was a real, legitimate ","Title: <SPLIT>Description: FireFox Roars from the Gates Tuesday, November 9, 2004 will likely go down in the history books as the day the browser wars officially started. Obviously things happened before today to get us to the point where there was a real, legitimate ",0.0,0.0,3,3,3,200,"Failed"
"Title: <SPLIT>Description: EasyGroup close to launching low-cost mobile phone service (AFP) AFP - EasyGroup, the holding company of no-frills British airline easyJet, is close to striking a deal to launch a low-cost mobile telephone service in Britain, the Financial Times reported.","Title: <SPLIT>Description: EasyGroup close to launching low-cost mobile phone service (AFP) AFP - EasyGroup, the holding company of no-frills British airline easyJet, is close to striking a deal to launch a low-cost mobile telephone service in Britain, the Financial Times reported.",1.0,1.0,1,1,0,1,"Skipped"
"Title: <SPLIT>Description: Sharon Predicts 'Breakthrough' in Ties With Palestinians Prime Minister Ariel Sharon said that his government would implement his proposal to dismantle all the Israeli settlements in Gaza and four small ones in the West Bank on schedule.","Title: <SPLIT>Description: Sharon Predicts 'Breakthrough' in Ties With Palestinians Prime Minister Ariel Sharon said that his government would implement his proposal to dismantle all the Israeli settlements in Gaza and four small ones in the West Bank on schedule.",1.0,1.0,1,1,0,1,"Skipped"
"Title: <SPLIT>Description: ID Biomedical Gets US Flu Drug Deal ID Biomedical Corp. (IDB.TO: Quote, Profile, Research) (IDBE.O: Quote, Profile, Research) signed a 10-year US distribution deal for its Fluviral drug that could reap ","Title: <SPLIT>Description: ID Biomedical Gets US Flu Drug Deal ID Biomedical Corp. (IDB.TO: Quote, Profile, Research) (IDBE.O: Quote, Profile, Research) signed a 10-year US distribution deal for its Fluviral drug that could reap ",1.0,1.0,1,1,2,1,"Skipped"
"Title: <SPLIT>Description: Zimbabwe cricket tour collapses England #39;s tour to Zimbabwe was on the brink of cancellation last night after David Morgan, the chairman of the England and Wales Cricket Board, instructed Michael Vaughan #39;s team not to board a flight to Harare an hour before it was scheduled to leave ","Title: <SPLIT>Description: Zimbabwe cricket tour collapses England #39;s tour to Zimbabwe was on the brink of cancellation last night after David Morgan, the chairman of the England and Wales Cricket Board, instructed Michael Vaughan #39;s team not to board a flight to Harare an hour before it was scheduled to leave ",0.0,0.0,1,1,1,200,"Failed"
"Title: <SPLIT>Description: ABB shares fall on court verdict Shares in Swiss engineering giant ABB plummet 13 after a US court rejects its bid to limit a multi-billion dollar asbestos claim","Title: <SPLIT>Description: ABB shares fall on court verdict Shares in Swiss engineering giant ABB plummet 13 after a US court rejects its bid to limit a multi-billion dollar asbestos claim",1.0,1.0,1,1,2,1,"Skipped"
"Title: <SPLIT>Description: Avaya to Buy Germany's Tenovis (Reuters) Reuters - Avaya Inc. , a\telecommunications equipment supplier, on Tuesday said it would\buy Tenovis GmbH   Co. of Germany from private equity firm\Kohlberg Kravis Roberts   Co. for  #36;370 million to expand its\presence in Europe.","Title: <SPLIT>Description: Avaya to Buy Germany's Tenovis (Reuters) Reuters - Avaya Inc. , a\telecommunications equipment supplier, on Tuesday said it would\buy Tenovis GmbH   Co. of Germany from private equity firm\Kohlberg Kravis Roberts   Co. for  #36;370 million to expand its\presence in Europe.",1.0,1.0,1,1,2,1,"Skipped"
"Title: <SPLIT>Description: Arsenal's Unbeaten Streak Reaches 48 Games (AP) AP - Arsenal extended its unbeaten streak in the Premier League to 48 games Saturday, getting two goals from Thierry Henry in a 4-0 victory over Charlton and bouncing back from a Champions League tie.","Title: <SPLIT>Description: Arsenal's Unbeaten Streak Reaches 48 Games (AP) AP - Arsenal extended its unbeaten streak in the Premier League to 48 games Saturday, getting two goals from Thierry Henry in a 4-0 victory over Charlton and bouncing back from a Champions League tie.",0.0,0.0,1,1,1,200,"Failed"
"Title: <SPLIT>Description: Samsung Says It Will Expand Chip Factories The Samsung Electronics Company, the Korean electronics giant, said Monday that it would invest \$23.7 billion in new chip production lines over the next six years.","Title: <SPLIT>Description: Samsung Says It Will Expand Chip Factories The Samsung Electronics Company, the Korean electronics giant, said Monday that it would invest \$23.7 billion in new chip production lines over the next six years.",1.0,1.0,0,0,2,1,"Skipped"
"Title: <SPLIT>Description: Countdown to Deep Impact NASA #39;s Deep Impact spacecraft has arrived in Florida to begin final preparations for a launch on Dec. 30, 2004. The spacecraft was shipped from Ball Aerospace  amp; Technologies in Boulder, Colo.","Title: <SPLIT>Description: Countdown to Deep Impact NASA #39;s Deep Impact spacecraft has arrived in Florida to begin final preparations for a launch on Dec. 30, 2004. The spacecraft was shipped from Ball Aerospace  amp; Technologies in Boulder, Colo.",1.0,1.0,1,1,3,1,"Skipped"
"Title: <SPLIT>Description: Invading Bullfrogs Appear Nearly Unstoppable The North American bullfrog population is booming. That may sound like good news, but it isn't #151;not when the frog has leaped far beyond its native habitat.","Title: <SPLIT>Description: Invading Bullfrogs Appear Nearly Unstoppable The North American bullfrog population is booming. That may sound like good news, but it isn't #151;not when the frog has leaped far beyond its native habitat.",1.0,1.0,1,1,3,1,"Skipped"
"Title: <SPLIT>Description: The Dollar Struggles Over Funding Fears  NEW YORK (Reuters) - The dollar was weaker across the board  early in New York on Thursday, forging new lows on a growing  sense that the United States is struggling to fund its record  external deficits.","Title: <SPLIT>Description: The Dollar Struggles Over Funding Fears  NEW YORK (Reuters) - The dollar was weaker across the board  early in New York on Thursday, forging new lows on a growing  sense that the United States is struggling to fund its record  external deficits.",1.0,1.0,1,1,2,1,"Skipped"
"Title: <SPLIT>Description: Beyond solar system, planets that look familiar The universe looked a little more familiar and friendlier on Tuesday. The roll call of planets beyond the solar system swelled significantly with the announcement of a trio of newly discovered worlds much ","Title: <SPLIT>Description: Beyond solar system, planets that look familiar The universe looked a little more familiar and friendlier on Tuesday. The roll call of planets beyond the solar system swelled significantly with the announcement of a trio of newly discovered worlds much ",1.0,1.0,1,1,3,1,"Skipped"
"Title: <SPLIT>Description: Backman out as D-Backs manager The Diamondbacks will replace Wally Backman as manager, The Sporting News has confirmed, and his replacement will be Bob Melvin, according to the East Valley Tribune.","Title: <SPLIT>Description: Backman out as D-Backs manager The Diamondbacks will replace Wally Backman as manager, The Sporting News has confirmed, and his replacement will be Bob Melvin, according to the East Valley Tribune.",1.0,1.0,0,0,1,1,"Skipped"
"Title: <SPLIT>Description: Stocks Flat After Greenspan Testimony  NEW YORK (Reuters) - U.S. stocks were flat on Wednesday  after Federal Reserve Chairman Alan Greenspan said the economy  had recovered from its soft patch and a number of companies  warned about their earnings.","Title: <SPLIT>Description: Stocks Flat After Greenspan Testimony  NEW YORK (Reuters) - U.S. stocks were flat on Wednesday  after Federal Reserve Chairman Alan Greenspan said the economy  had recovered from its soft patch and a number of companies  warned about their earnings.",1.0,1.0,1,1,2,1,"Skipped"
"Title: <SPLIT>Description: MetroPCS obtains Cingular air com November 29, 2004, 8:33 AM PT. Wired  amp; Wireless continues its reign as the top IT priority among IT managers due to widespread IP telephony deployment and other network infrastructure upgrades.","Title: <SPLIT>Description: MetroPCS obtains Cingular air com November 29, 2004, 8:33 AM PT. Wired  amp; Wireless continues its reign as the top IT priority among IT managers due to widespread IP telephony deployment and other network infrastructure upgrades.",1.0,1.0,1,1,2,1,"Skipped"
"Title: <SPLIT>Description: UPDATE 2-Chelsea sack Mutu after positive dope test Chelsea have sacked their Romanian striker Adrian Mutu after he tested positive for cocaine last month.  quot;Chelsea has terminated the contract of Adrian Mutu for gross misconduct, quot; the Premier League club said on Friday.","Title: <SPLIT>Description: UPDATE 2-Chelsea sack Mutu after positive dope test Chelsea have sacked their Romanian striker Adrian Mutu after he tested positive for cocaine last month.  quot;Chelsea has terminated the contract of Adrian Mutu for gross misconduct, quot; the Premier League club said on Friday.",0.0,0.0,1,1,1,200,"Failed"
"Title: <SPLIT>Description: Venezuela Seeking Arms, Perhaps MiG-29s &lt;p&gt;&lt;/p&gt;&lt;p&gt; CARACAS, Venezuela (Reuters) - Venezuela is looking to buyarms to strengthen its military capability and Russian MiG-29fighters are among the options being evaluated, a seniorofficer said on Monday.&lt;/p&gt;","Title: <SPLIT>Description: Venezuela Seeking Arms, Perhaps MiG-29s &lt;p&gt;&lt;/p&gt;&lt;p&gt; CARACAS, Venezuela (Reuters) - Venezuela is looking to buyarms to strengthen its military capability and Russian MiG-29fighters are among the options being evaluated, a seniorofficer said on Monday.&lt;/p&gt;",1.0,1.0,1,1,0,1,"Skipped"
"Title: <SPLIT>Description: Panel to Investigate Fraud Charges in Afghan Vote The move to head off the attack on the vote's legitimacy came as workers began the long process of collecting ballots.","Title: <SPLIT>Description: Panel to Investigate Fraud Charges in Afghan Vote The move to head off the attack on the vote's legitimacy came as workers began the long process of collecting ballots.",0.0,0.0,0,0,0,200,"Failed"
"Title: <SPLIT>Description: Toy store profits R back up TOY retailer Toys R Us has posted a second-quarter profit, over- turning the loss it made over the same period the year before. The New Jersey-based group, which is considering quitting the toys business, turned ","Title: <SPLIT>Description: Toy store profits R back up TOY retailer Toys R Us has posted a second-quarter profit, over- turning the loss it made over the same period the year before. The New Jersey-based group, which is considering quitting the toys business, turned ",1.0,1.0,1,1,2,1,"Skipped"
"Title: <SPLIT>Description: Hokies making statement about ACC title intentions The annual summer barbecues that Ralph Friedgen and Frank Beamer co-host at their lake homes in Georgia may be a little less cordial after the way Beamer #39;s Virginia Tech Hokies waxed Friedgen #39;s Maryland Terrapins 55-6 last night.","Title: <SPLIT>Description: Hokies making statement about ACC title intentions The annual summer barbecues that Ralph Friedgen and Frank Beamer co-host at their lake homes in Georgia may be a little less cordial after the way Beamer #39;s Virginia Tech Hokies waxed Friedgen #39;s Maryland Terrapins 55-6 last night.",0.0,0.0,1,1,1,200,"Failed"
"Title: <SPLIT>Description: The Russians are back St. Paul, Minn.Outclassed and completely humiliated by the Russians here last night, the reeling and desperate Americans are planning wholesale lineup changes to get back on track in the World Cup.","Title: <SPLIT>Description: The Russians are back St. Paul, Minn.Outclassed and completely humiliated by the Russians here last night, the reeling and desperate Americans are planning wholesale lineup changes to get back on track in the World Cup.",0.0,0.0,1,1,1,200,"Failed"
"Title: <SPLIT>Description: NFL Notebook: Jets #39; Pennington to start vs. Texans Jets quarterback Chad Pennington will start tomorrow against the Houston Texans after sitting out the past three games with a strained right rotator cuff.","Title: <SPLIT>Description: NFL Notebook: Jets #39; Pennington to start vs. Texans Jets quarterback Chad Pennington will start tomorrow against the Houston Texans after sitting out the past three games with a strained right rotator cuff.",0.0,0.0,1,1,1,200,"Failed"
"Title: <SPLIT>Description: Intel doubles cash dividend MANHASSET, NY - Intel Corp. (Santa Clara, Calif.) has taken some lumps this year due to weakening market conditions and several strategic errors, but the semiconductor supplier remains loyal to its shareholders.","Title: <SPLIT>Description: Intel doubles cash dividend MANHASSET, NY - Intel Corp. (Santa Clara, Calif.) has taken some lumps this year due to weakening market conditions and several strategic errors, but the semiconductor supplier remains loyal to its shareholders.",1.0,1.0,1,1,2,1,"Skipped"
"Title: <SPLIT>Description: Afghan women make brief Olympic debut Afghan women made a short-lived debut in the Olympic Games on Wednesday as 18-year-old judo wildcard Friba Razayee was defeated after 45 seconds of her first match in the under-70kg middleweight. ","Title: <SPLIT>Description: Afghan women make brief Olympic debut Afghan women made a short-lived debut in the Olympic Games on Wednesday as 18-year-old judo wildcard Friba Razayee was defeated after 45 seconds of her first match in the under-70kg middleweight. ",0.0,0.0,1,1,1,200,"Failed"
"Title: <SPLIT>Description: Dunn Sets Major League Strikeouts Record (AP) AP - Cincinnati Reds slugger Adam Dunn set the major league record for strikeouts in one season with 190, when he fanned in his first two at-bats Thursday against the Chicago Cubs.","Title: <SPLIT>Description: Dunn Sets Major League Strikeouts Record (AP) AP - Cincinnati Reds slugger Adam Dunn set the major league record for strikeouts in one season with 190, when he fanned in his first two at-bats Thursday against the Chicago Cubs.",0.0,0.0,1,1,1,200,"Failed"
"Title: <SPLIT>Description: Lazard adversaries edge closer to a deal Bruce Wasserstein, head of Lazard, could reach an agreement as early as this week with Michel David-Weill, the chairman, extending the deadline for ","Title: <SPLIT>Description: Lazard adversaries edge closer to a deal Bruce Wasserstein, head of Lazard, could reach an agreement as early as this week with Michel David-Weill, the chairman, extending the deadline for ",1.0,1.0,0,0,2,1,"Skipped"
"Title: <SPLIT>Description: The relief of shedding a big ball and chain: HHG sale of its &lt;b&gt;...&lt;/b&gt; which owns fund manager Henderson, - yesterday escaped a ball and chain that has dragged at it ever since it came to the stock market a year ago.","Title: <SPLIT>Description: The relief of shedding a big ball and chain: HHG sale of its &lt;b&gt;...&lt;/b&gt; which owns fund manager Henderson, - yesterday escaped a ball and chain that has dragged at it ever since it came to the stock market a year ago.",1.0,1.0,1,1,2,1,"Skipped"
"Title: <SPLIT>Description: Nike Co-Founder Knight Steps Down as CEO (Reuters) Reuters - Nike Inc.  co-founder\Philip Knight, who helped transform a small-start up business\into the world's biggest athletic shoe company, will step down\as chief executive officer, the company said on Thursday.","Title: <SPLIT>Description: Nike Co-Founder Knight Steps Down as CEO (Reuters) Reuters - Nike Inc.  co-founder\Philip Knight, who helped transform a small-start up business\into the world's biggest athletic shoe company, will step down\as chief executive officer, the company said on Thursday.",1.0,1.0,1,1,2,1,"Skipped"
"Title: <SPLIT>Description: McCain again opposes the president Global warming needs more attention, according to John McCain, and President Bush needs to lead the way. I listened to some of the hearings on this subject this week, and I must say the people testifying are ","Title: <SPLIT>Description: McCain again opposes the president Global warming needs more attention, according to John McCain, and President Bush needs to lead the way. I listened to some of the hearings on this subject this week, and I must say the people testifying are ",1.0,1.0,1,1,3,1,"Skipped"
"Title: <SPLIT>Description: Gates announces new Windows update tool update Microsoft founder Bill Gates on Tuesday detailed his company #39;s plan for computer management software and announced a long-awaited Windows update tool.","Title: <SPLIT>Description: Gates announces new Windows update tool update Microsoft founder Bill Gates on Tuesday detailed his company #39;s plan for computer management software and announced a long-awaited Windows update tool.",1.0,1.0,1,1,3,1,"Skipped"
"Title: <SPLIT>Description: Powell Announces His Resignation Secretary of State Colin L. Powell announced his resignation Monday, ending four years of battles with Vice President Cheney and Defense Secretary Donald H. Rumsfeld over the course of  U.S. foreign policy.","Title: <SPLIT>Description: Powell Announces His Resignation Secretary of State Colin L. Powell announced his resignation Monday, ending four years of battles with Vice President Cheney and Defense Secretary Donald H. Rumsfeld over the course of  U.S. foreign policy.",1.0,1.0,1,1,0,1,"Skipped"
"Title: <SPLIT>Description: Halo 2 scores record sales of \$125 million in first 24 hours Halo 2 broke entertainment retail records in its first 24 hours. Microsoft Game Studios said that the video game sold through 2.4 million stores in the US and Canada raking in \$125 million in sales.","Title: <SPLIT>Description: Halo 2 scores record sales of \$125 million in first 24 hours Halo 2 broke entertainment retail records in its first 24 hours. Microsoft Game Studios said that the video game sold through 2.4 million stores in the US and Canada raking in \$125 million in sales.",1.0,1.0,1,1,2,1,"Skipped"
"Title: <SPLIT>Description: NHL Owner Is Criticized for Talking of Replacement Players The day before the regular season was supposed to open, the National Hockey League rebuked a team official yesterday for his comments about the league #39;s strategy in its labor lockout, its second in a decade.","Title: <SPLIT>Description: NHL Owner Is Criticized for Talking of Replacement Players The day before the regular season was supposed to open, the National Hockey League rebuked a team official yesterday for his comments about the league #39;s strategy in its labor lockout, its second in a decade.",0.0,0.0,1,1,1,200,"Failed"
"Title: <SPLIT>Description: This week in the state Legislature The Senate is expected to vote on the overall \$3.3 billion spending plan for the state Department of Transportation, which supports state and local highway programs, public transportation programs and department administration (House Bill 5528).","Title: <SPLIT>Description: This week in the state Legislature The Senate is expected to vote on the overall \$3.3 billion spending plan for the state Department of Transportation, which supports state and local highway programs, public transportation programs and department administration (House Bill 5528).",1.0,1.0,1,1,2,1,"Skipped"
"Title: <SPLIT>Description: Sarin Carries Hoyas Kim Sarin rushes for a career-high 180 yards and throws a scoring pass as Georgetown snaps a four-game losing streak with a 21-0 victory over winless Virginia Military Institute on Saturday.","Title: <SPLIT>Description: Sarin Carries Hoyas Kim Sarin rushes for a career-high 180 yards and throws a scoring pass as Georgetown snaps a four-game losing streak with a 21-0 victory over winless Virginia Military Institute on Saturday.",0.0,0.0,1,1,1,200,"Failed"
"Title: <SPLIT>Description: Iraq election delay  #39;[[considered]] #39; Iraq #39;s electoral commission has said it will consider a request from leading political parties to delay general elections scheduled for 30 January.","Title: <SPLIT>Description: Iraq election delay  #39;[[deliberate]] #39; Iraq #39;s electoral commission has said it will consider a request from leading political parties to delay general elections scheduled for 30 January.",0.0,1.0,0,1,0,175,"Successful"
"Title: <SPLIT>Description: Iran Seeks to Amend Nuclear Freeze Deal (AP) AP - Iran sought on Wednesday to partially roll back its commitment to freeze all uranium enrichment programs, demanding the right to run some equipment that can be used to produce nuclear arms.","Title: <SPLIT>Description: Iran Seeks to Amend Nuclear Freeze Deal (AP) AP - Iran sought on Wednesday to partially roll back its commitment to freeze all uranium enrichment programs, demanding the right to run some equipment that can be used to produce nuclear arms.",1.0,1.0,3,3,0,1,"Skipped"
"Title: <SPLIT>Description: Scandal won #39;t go away ATHENS -- It was telling yesterday that the majority of the dozens of journalists who asked questions and attended a news conference into a Greek doping scandal were mostly Canadian. Question after question came from Canadians. We were all there, I think, ...","Title: <SPLIT>Description: Scandal won #39;t go away ATHENS -- It was telling yesterday that the majority of the dozens of journalists who asked questions and attended a news conference into a Greek doping scandal were mostly Canadian. Question after question came from Canadians. We were all there, I think, ...",0.0,0.0,1,1,1,200,"Failed"
"Title: <SPLIT>Description: Fierce Clashes in Iraq Kill 34 People BAGHDAD, Iraq - U.S. forces battled insurgents loyal to Shiite cleric Muqtada al-Sadr in the Baghdad slum of Sadr City on Tuesday, in clashes that left at least 34 people dead, including one American soldier, and 193 people injured, U.S...","Title: <SPLIT>Description: Fierce Clashes in Iraq Kill 34 People BAGHDAD, Iraq - U.S. forces battled insurgents loyal to Shiite cleric Muqtada al-Sadr in the Baghdad slum of Sadr City on Tuesday, in clashes that left at least 34 people dead, including one American soldier, and 193 people injured, U.S...",1.0,1.0,1,1,0,1,"Skipped"
"Title: <SPLIT>Description: Australia  #39;living beyond its means #39; Environmental organisation WWF International has warned that the global population is consuming about 20 per cent more natural resources than the planet can produce.","Title: <SPLIT>Description: Australia  #39;living beyond its means #39; Environmental organisation WWF International has warned that the global population is consuming about 20 per cent more natural resources than the planet can produce.",1.0,1.0,1,1,3,1,"Skipped"
"Title: <SPLIT>Description: Hearing held on Hamm medal Paul Hamm said yesterday that he would give back his Olympic gold medal if sport #39;s highest court ordered him to. But lawyers for the American gymnast and the ","Title: <SPLIT>Description: Hearing held on Hamm medal Paul Hamm said yesterday that he would give back his Olympic gold medal if sport #39;s highest court ordered him to. But lawyers for the American gymnast and the ",1.0,1.0,0,0,1,1,"Skipped"
"Title: <SPLIT>Description: Steelers Look Super The Steelers have all the ingredients to make a run for their fifth Super Bowl title while the NFC trots out its weakest set of challengers in memory.","Title: <SPLIT>Description: Steelers Look Super The Steelers have all the ingredients to make a run for their fifth Super Bowl title while the NFC trots out its weakest set of challengers in memory.",0.0,0.0,1,1,1,200,"Failed"
"Title: <SPLIT>Description: Dollar at 8-Month Low Vs Euro  LONDON (Reuters) - The dollar fell to an eight-month low  against the euro on Thursday and set multi-month lows versus  the yen, sterling and the Swiss franc amid worries the U.S.  economy was not growing enough to support its currency.","Title: <SPLIT>Description: Dollar at 8-Month Low Vs Euro  LONDON (Reuters) - The dollar fell to an eight-month low  against the euro on Thursday and set multi-month lows versus  the yen, sterling and the Swiss franc amid worries the U.S.  economy was not growing enough to support its currency.",1.0,1.0,1,1,2,1,"Skipped"
"Title: <SPLIT>Description: Cingular Sales Rise in Quarter, but Profit Falls 18 Percent By Bloomberg News. Cingular Wireless, which is buying AT amp;T Wireless, said yesterday that third-quarter sales rose 4.9 percent, to \$4.","Title: <SPLIT>Description: Cingular Sales Rise in Quarter, but Profit Falls 18 Percent By Bloomberg News. Cingular Wireless, which is buying AT amp;T Wireless, said yesterday that third-quarter sales rose 4.9 percent, to \$4.",1.0,1.0,1,1,2,1,"Skipped"
"Title: <SPLIT>Description: Intel guns for remote wireless device management SAN FRANCISCO - Intel Corp. is working on a device management technology that could allow IT departments to take advantage of existing management software and bring a host of disparate wireless devices under the IT department umbrella, an Intel executive said Monday at the Cellular Telecommunications and Internet Association's Wireless Entertainment and IT conference here.","Title: <SPLIT>Description: Intel guns for remote wireless device management SAN FRANCISCO - Intel Corp. is working on a device management technology that could allow IT departments to take advantage of existing management software and bring a host of disparate wireless devices under the IT department umbrella, an Intel executive said Monday at the Cellular Telecommunications and Internet Association's Wireless Entertainment and IT conference here.",1.0,1.0,1,1,3,1,"Skipped"
"Title: <SPLIT>Description: Did Apple Offer Sony an ITunes Deal? Update: A partnership may be crucial for long-term success, one industry insider says.","Title: <SPLIT>Description: Did Apple Offer Sony an ITunes Deal? Update: A partnership may be crucial for long-term success, one industry insider says.",1.0,1.0,2,2,3,1,"Skipped"
"Title: <SPLIT>Description: Australian PM fails to apologize on wrong pre-war intelligence on &lt;b&gt;...&lt;/b&gt; Australian Prime Minister John Howard said Thursday he won #39;t automatically follow his British counterpart Tony Blair who has said he could apologize for faulty evidence on Iraqi weapons of mass destruction.","Title: <SPLIT>Description: Australian PM fails to apologize on wrong pre-war intelligence on &lt;b&gt;...&lt;/b&gt; Australian Prime Minister John Howard said Thursday he won #39;t automatically follow his British counterpart Tony Blair who has said he could apologize for faulty evidence on Iraqi weapons of mass destruction.",1.0,1.0,1,1,0,1,"Skipped"
"Title: <SPLIT>Description: Greenspan: Debt, home prices not dangerous The record level of debt carried by American households and soaring home prices do not appear to represent serious threats to the US economy, Federal Reserve Chairman Alan Greenspan said Tuesday.","Title: <SPLIT>Description: Greenspan: Debt, home prices not dangerous The record level of debt carried by American households and soaring home prices do not appear to represent serious threats to the US economy, Federal Reserve Chairman Alan Greenspan said Tuesday.",1.0,1.0,1,1,3,1,"Skipped"
"Title: <SPLIT>Description: Hewitt, Davenport Top US Open Standings (AP) AP - Lleyton Hewitt and Lindsay Davenport could earn up to  #36;500,000 extra at the U.S. Open because they finished atop the inaugural US Open Series standings.","Title: <SPLIT>Description: Hewitt, Davenport Top US Open Standings (AP) AP - Lleyton Hewitt and Lindsay Davenport could earn up to  #36;500,000 extra at the U.S. Open because they finished atop the inaugural US Open Series standings.",0.0,0.0,1,1,1,200,"Failed"
"Title: <SPLIT>Description: India, Myanmar sign three accords India and Myanmar today signed three accords and agreed to step up cooperation in trade, economic and other key areas. A Cultural Exchange Programme for 2004-06 and another MOU on the Tamanthi Hydroelectric Project in Myanmar were inked.","Title: <SPLIT>Description: India, Myanmar sign three accords India and Myanmar today signed three accords and agreed to step up cooperation in trade, economic and other key areas. A Cultural Exchange Programme for 2004-06 and another MOU on the Tamanthi Hydroelectric Project in Myanmar were inked.",1.0,1.0,1,1,0,1,"Skipped"
"Title: <SPLIT>Description: Treasuries Mount Rally Despite Inflation  NEW YORK (Reuters) - U.S. Treasury prices rallied on  Wednesday as inflation excluding food and energy, one of the  Federal Reserve's preferred price measures, proved less  dramatic than bond bulls had feared.","Title: <SPLIT>Description: Treasuries Mount Rally Despite Inflation  NEW YORK (Reuters) - U.S. Treasury prices rallied on  Wednesday as inflation excluding food and energy, one of the  Federal Reserve's preferred price measures, proved less  dramatic than bond bulls had feared.",1.0,1.0,1,1,2,1,"Skipped"
"Title: <SPLIT>Description: Report: Bowa on His Way Out of Philly  PHILADELPHIA (Sports Network) - Larry Bowa will reportedly  be fired as manager of the Philadelphia Phillies at the end of  the season.","Title: <SPLIT>Description: Report: Bowa on His Way Out of Philly  PHILADELPHIA (Sports Network) - Larry Bowa will reportedly  be fired as manager of the Philadelphia Phillies at the end of  the season.",1.0,1.0,0,0,1,1,"Skipped"
"Title: <SPLIT>Description: Senate panel opposes overtime rules  A Senate committee voted yesterday to scuttle new rules that critics say would deny overtime pay to millions of workers, as Democrats won the latest round in their election-year bout with President Bush over the issue.","Title: <SPLIT>Description: Senate panel opposes overtime rules  A Senate committee voted yesterday to scuttle new rules that critics say would deny overtime pay to millions of workers, as Democrats won the latest round in their election-year bout with President Bush over the issue.",1.0,1.0,1,1,2,1,"Skipped"
"Title: <SPLIT>Description: Toys Will Be Toys Trust me, you don #39;t want to see desperate parents shopping over the holidays. I was at Circuit City (NYSE: CC) last week and saw a mother pleading with a sales clerk for a Nintendo DS portable video game system.","Title: <SPLIT>Description: Toys Will Be Toys Trust me, you don #39;t want to see desperate parents shopping over the holidays. I was at Circuit City (NYSE: CC) last week and saw a mother pleading with a sales clerk for a Nintendo DS portable video game system.",1.0,1.0,1,1,3,1,"Skipped"
"Title: <SPLIT>Description: Comcast Profit Falls Short of Forecasts Comcast Corp. (CMCSA.O: Quote, Profile, Research) , the largest US cable operator, on Wednesday posted a quarterly profit that fell short of Wall Street forecasts but reported better-than ","Title: <SPLIT>Description: Comcast Profit Falls Short of Forecasts Comcast Corp. (CMCSA.O: Quote, Profile, Research) , the largest US cable operator, on Wednesday posted a quarterly profit that fell short of Wall Street forecasts but reported better-than ",1.0,1.0,1,1,2,1,"Skipped"
"Title: <SPLIT>Description: Microsoft open-sources Web authoring application Company's third open-source contribution is the first time it has shared code for actual application.","Title: <SPLIT>Description: Microsoft open-sources Web authoring application Company's third open-source contribution is the first time it has shared code for actual application.",1.0,1.0,1,1,3,1,"Skipped"
"Title: <SPLIT>Description: UK growth at fastest pace in nearly 4 years Britain #39;s economy accelerated to the fastest annual pace in nearly four years in the second quarter as manufacturing emerged from a slump and consumers ratcheted up spending, the government said Friday.","Title: <SPLIT>Description: UK growth at fastest pace in nearly 4 years Britain #39;s economy accelerated to the fastest annual pace in nearly four years in the second quarter as manufacturing emerged from a slump and consumers ratcheted up spending, the government said Friday.",1.0,1.0,1,1,2,1,"Skipped"
"Title: <SPLIT>Description: At UN, Bush defends decision to invade Iraq President Bush went before a skeptical hall of world leaders Tuesday to mount a vigorous defense of the war in Iraq, telling the United Nations that the Iraqi people are ","Title: <SPLIT>Description: At UN, Bush defends decision to invade Iraq President Bush went before a skeptical hall of world leaders Tuesday to mount a vigorous defense of the war in Iraq, telling the United Nations that the Iraqi people are ",1.0,1.0,1,1,0,1,"Skipped"
"Title: <SPLIT>Description: Anglican claims he was misquoted over attack on Archbishop of Canterbury (AFP) AFP - Anglican Dean of Sydney Phillip Jensen, whose reported attacks on the Archbishop of Canterbury and Prince Charles sparked a storm of protest last week, claims he never made the comments attributed to him by the media.","Title: <SPLIT>Description: Anglican claims he was misquoted over attack on Archbishop of Canterbury (AFP) AFP - Anglican Dean of Sydney Phillip Jensen, whose reported attacks on the Archbishop of Canterbury and Prince Charles sparked a storm of protest last week, claims he never made the comments attributed to him by the media.",0.0,0.0,0,0,0,200,"Failed"
"Title: <SPLIT>Description: Crystal Palace 0, Charlton Athletic 1 Charlton manager Alan Curbishley believes Dennis Rommedahl #39;s sparkling winner will provide the platform for the Dane to recapture the form that made him one of Europe #39;s most feared wingers.","Title: <SPLIT>Description: Crystal Palace 0, Charlton Athletic 1 Charlton manager Alan Curbishley believes Dennis Rommedahl #39;s sparkling winner will provide the platform for the Dane to recapture the form that made him one of Europe #39;s most feared wingers.",0.0,0.0,1,1,1,200,"Failed"
"Title: <SPLIT>Description: Nikkei Opens Higher Led by Tech Stocks  TOKYO (Reuters) - Tokyo's Nikkei share average was up 0.56  percent in early morning trade on Tuesday as another jump in  U.S. technology shares encouraged investors to step up buying  in local counterparts such as Advantest Corp.","Title: <SPLIT>Description: Nikkei Opens Higher Led by Tech Stocks  TOKYO (Reuters) - Tokyo's Nikkei share average was up 0.56  percent in early morning trade on Tuesday as another jump in  U.S. technology shares encouraged investors to step up buying  in local counterparts such as Advantest Corp.",1.0,1.0,1,1,2,1,"Skipped"
"Title: <SPLIT>Description: Travel Column: Australia Through Aboriginal Eyes This week's TravelWatch column profiles Anangu Tours, an Aborigine-owned tour company in Australia's Red Center.","Title: <SPLIT>Description: Travel Column: Australia Through Aboriginal Eyes This week's TravelWatch column profiles Anangu Tours, an Aborigine-owned tour company in Australia's Red Center.",1.0,1.0,1,1,3,1,"Skipped"
"Title: <SPLIT>Description: Stocks Fall on Oil, Dow Ends Below 10,000 The blue-chip Dow Jones average closed below 10,000 for the first time in about six weeks on Monday as a spike in oil prices to nearly \$50 a barrel renewed concerns about corporate profits while analysts cutting recommendations hurt ","Title: <SPLIT>Description: Stocks Fall on Oil, Dow Ends Below 10,000 The blue-chip Dow Jones average closed below 10,000 for the first time in about six weeks on Monday as a spike in oil prices to nearly \$50 a barrel renewed concerns about corporate profits while analysts cutting recommendations hurt ",1.0,1.0,1,1,2,1,"Skipped"
"Title: <SPLIT>Description: Israel Unions Start Nationwide Strike  JERUSALEM (Reuters) - Israeli unions began a nationwide  strike on Tuesday expected to affect about 400,000 public  sector workers and severely hamper international travel.","Title: <SPLIT>Description: Israel Unions Start Nationwide Strike  JERUSALEM (Reuters) - Israeli unions began a nationwide  strike on Tuesday expected to affect about 400,000 public  sector workers and severely hamper international travel.",1.0,1.0,2,2,0,1,"Skipped"
"Title: <SPLIT>Description: Hewitt Advances at Japan Open (AP) AP - Top seeded Lleyton Hewitt rallied to a 6-0, 3-6, 6-1 win over Japan's Gouichi Motomura on Wednesday in the second round of the Japan Open.","Title: <SPLIT>Description: Hewitt Advances at Japan Open (AP) AP - Top seeded Lleyton Hewitt rallied to a 6-0, 3-6, 6-1 win over Japan's Gouichi Motomura on Wednesday in the second round of the Japan Open.",0.0,0.0,1,1,1,200,"Failed"
"Title: <SPLIT>Description: Blasts hit Bangladesh party rally A series of grenade blasts has rocked an opposition party rally in the Bangladesh capital, Dhaka, killing at least 13 people. There were seven or eight explosions at the Awami League headquarters, as leader Sheikh Hasina addressed a crowd.","Title: <SPLIT>Description: Blasts hit Bangladesh party rally A series of grenade blasts has rocked an opposition party rally in the Bangladesh capital, Dhaka, killing at least 13 people. There were seven or eight explosions at the Awami League headquarters, as leader Sheikh Hasina addressed a crowd.",1.0,1.0,1,1,0,1,"Skipped"
"Title: <SPLIT>Description: U2, Apple In iPod Deal, Bono Wins TED Prize U2 and Apple Computer are expected to announce next week that they have inked a deal to sell custom iPods. According to a source, the band #39;s upcoming Interscope album  quot;How to Dismantle an Atomic Bomb, quot; due Nov.","Title: <SPLIT>Description: U2, Apple In iPod Deal, Bono Wins TED Prize U2 and Apple Computer are expected to announce next week that they have inked a deal to sell custom iPods. According to a source, the band #39;s upcoming Interscope album  quot;How to Dismantle an Atomic Bomb, quot; due Nov.",1.0,1.0,1,1,3,1,"Skipped"
"Title: <SPLIT>Description: Dell adds new switch to lineup Dell has upgraded its PowerConnect line with the addition of the PowerConnect 5324, a 24-port managed gigabit layer 2 switch.","Title: <SPLIT>Description: Dell adds new switch to lineup Dell has upgraded its PowerConnect line with the addition of the PowerConnect 5324, a 24-port managed gigabit layer 2 switch.",1.0,1.0,1,1,3,1,"Skipped"
"Title: <SPLIT>Description: Today's schedule College soccer: [[MEN]] -- Curry at Emerson, 4 p.m.; WOMEN -- Mount Ida at Curry, 3:30 p.m.","Title: <SPLIT>Description: Today's schedule College soccer: [[world]] -- Curry at Emerson, 4 p.m.; WOMEN -- Mount Ida at Curry, 3:30 p.m.",0.0,1.0,1,0,1,120,"Successful"
"Title: <SPLIT>Description: Web-based kidney match raises ethics questions A Colorado man who placed a  quot;transplant wanted quot; ad on a Massachusetts-based Internet site is expected today to receive a kidney donated by a total stranger who simply wanted to do  quot;something big. quot; The transaction marks the first time an organ transplant has been brokered by a commercial web company.","Title: <SPLIT>Description: Web-based kidney match raises ethics questions A Colorado man who placed a  quot;transplant wanted quot; ad on a Massachusetts-based Internet site is expected today to receive a kidney donated by a total stranger who simply wanted to do  quot;something big. quot; The transaction marks the first time an organ transplant has been brokered by a commercial web company.",1.0,1.0,1,1,2,1,"Skipped"
"Title: <SPLIT>Description: Novell sees a 'both-source' future CEO asserts the future of software development will not be found in the open-source or proprietary models.","Title: <SPLIT>Description: Novell sees a 'both-source' future CEO asserts the future of software development will not be found in the open-source or proprietary models.",1.0,1.0,1,1,3,1,"Skipped"
"Title: <SPLIT>Description: Suicide Car Bomber Hits Baghdad Checkpoint Again (Reuters) Reuters - A suicide car bomber struck an entrance\to Baghdad's Green Zone government compound Tuesday, 24 hours\after an almost identical attack at the same checkpoint on the\first anniversary of Saddam Hussein's arrest.","Title: <SPLIT>Description: Suicide Car Bomber Hits Baghdad Checkpoint Again (Reuters) Reuters - A suicide car bomber struck an entrance\to Baghdad's Green Zone government compound Tuesday, 24 hours\after an almost identical attack at the same checkpoint on the\first anniversary of Saddam Hussein's arrest.",1.0,1.0,1,1,0,1,"Skipped"
"Title: <SPLIT>Description: Firefox Turns Up The Browser War Heat Firefox, the Mozilla-based open-source browser has grown by more than a third over the past month, according to WebSideStory, an independent Web metrics firm.","Title: <SPLIT>Description: Firefox Turns Up The Browser War Heat Firefox, the Mozilla-based open-source browser has grown by more than a third over the past month, according to WebSideStory, an independent Web metrics firm.",1.0,1.0,1,1,3,1,"Skipped"
"[[Title]]: <SPLIT>Description: So. Cal Player Investigated in Sex Assault (AP) AP - At least one member of the top-ranked Southern California football team is under investigation for sexual assault, the Los Angeles Police Department said Tuesday.","[[championship]]: <SPLIT>Description: So. Cal Player Investigated in Sex Assault (AP) AP - At least one member of the top-ranked Southern California football team is under investigation for sexual assault, the Los Angeles Police Department said Tuesday.",0.0,1.0,1,0,1,146,"Successful"
"Title: <SPLIT>Description: OPEC Eyes Caution, Supply Weighs on Price  VIENNA (Reuters) - OPEC may resist calls to raise oil  output quotas much, if at all, when it meets this week for fear  of turning a decline from record prices into a rout.","Title: <SPLIT>Description: OPEC Eyes Caution, Supply Weighs on Price  VIENNA (Reuters) - OPEC may resist calls to raise oil  output quotas much, if at all, when it meets this week for fear  of turning a decline from record prices into a rout.",1.0,1.0,1,1,2,1,"Skipped"
"Title: <SPLIT>Description: News: WLANs go feral in corporate undergrowth Frustrated employees are taking IT into their own hands by installing DIY Wi-Fi access points (APs) in their offices while their IT departments don't even notice, according to Gartner.\","Title: <SPLIT>Description: News: WLANs go feral in corporate undergrowth Frustrated employees are taking IT into their own hands by installing DIY Wi-Fi access points (APs) in their offices while their IT departments don't even notice, according to Gartner.\",1.0,1.0,1,1,3,1,"Skipped"
"Title: <SPLIT>Description: Paterno #39;s real tragedy may be not knowing when to go Joe Paterno often has talked about the profound impact that a piece of classic literature has had on his life. While a student at Brooklyn Prep in the early 1940s, he devoured TheAeneid, written by the Roman poet Virgil.","Title: <SPLIT>Description: Paterno #39;s real tragedy may be not knowing when to go Joe Paterno often has talked about the profound impact that a piece of classic literature has had on his life. While a student at Brooklyn Prep in the early 1940s, he devoured TheAeneid, written by the Roman poet Virgil.",0.0,0.0,1,1,1,200,"Failed"
"Title: <SPLIT>Description: EU Wants U.S. Aid to Boeing Clarified (AP) AP - The European Union on Thursday demanded Washington explain more clearly how it subsidizes Boeing Co. and warned it would counter any U.S. challenge targeting EU rival Airbus SAS before the World Trade Organization.","Title: <SPLIT>Description: EU Wants U.S. Aid to Boeing Clarified (AP) AP - The European Union on Thursday demanded Washington explain more clearly how it subsidizes Boeing Co. and warned it would counter any U.S. challenge targeting EU rival Airbus SAS before the World Trade Organization.",0.0,0.0,0,0,0,200,"Failed"
"Title: <SPLIT>Description: Taiwan Rescuers Dig Out 7 Bodies Buried in Landslide  TAIPEI (Reuters) - Taiwan rescue workers dug out seven  bodies from mud and rock in a mountain village that was hit by  a devastating landslide triggered by Typhoon Aere, but eight  still remained buried, officials said on Friday.","Title: <SPLIT>Description: Taiwan Rescuers Dig Out 7 Bodies Buried in Landslide  TAIPEI (Reuters) - Taiwan rescue workers dug out seven  bodies from mud and rock in a mountain village that was hit by  a devastating landslide triggered by Typhoon Aere, but eight  still remained buried, officials said on Friday.",1.0,1.0,1,1,0,1,"Skipped"
"Title: <SPLIT>Description: Putin ready to probe other oil companies Russian President Vladimir Putin is ready to go after other oil companies the way he has hammered Yukos, a top Kremlin official has said.","Title: <SPLIT>Description: Putin ready to probe other oil companies Russian President Vladimir Putin is ready to go after other oil companies the way he has hammered Yukos, a top Kremlin official has said.",1.0,1.0,1,1,2,1,"Skipped"
"Title: <SPLIT>Description: Hilfiger tumbles on grand jury probe CHICAGO (CBS.MW) -- Shares of Tommy Hilfiger Corp. tumbled Monday after the company disclosed that a grand jury was looking into the buying-office commissions the retailer pays to a non-US subsidiary.","Title: <SPLIT>Description: Hilfiger tumbles on grand jury probe CHICAGO (CBS.MW) -- Shares of Tommy Hilfiger Corp. tumbled Monday after the company disclosed that a grand jury was looking into the buying-office commissions the retailer pays to a non-US subsidiary.",1.0,1.0,1,1,2,1,"Skipped"
"Title: <SPLIT>Description: Torch passed on winning goal ATHENS -- America #39;s gold-medal soccer players don #39;t just say goodbye; they say hello.  quot;The thing I love, quot; retiring captain Julie Foudy said,  quot;is that Tarpley and Wambach scored.","Title: <SPLIT>Description: Torch passed on winning goal ATHENS -- America #39;s gold-medal soccer players don #39;t just say goodbye; they say hello.  quot;The thing I love, quot; retiring captain Julie Foudy said,  quot;is that Tarpley and Wambach scored.",0.0,0.0,1,1,1,200,"Failed"
"Title: <SPLIT>Description: Judge Clears Release of Kobe Evidence (AP) AP - A judge cleared the way for the release of documents and other evidence in the Kobe Bryant sexual assault case on Wednesday.","Title: <SPLIT>Description: Judge Clears Release of Kobe Evidence (AP) AP - A judge cleared the way for the release of documents and other evidence in the Kobe Bryant sexual assault case on Wednesday.",0.0,0.0,1,1,1,200,"Failed"
"Title: <SPLIT>Description: Sara Lee 1st-Quarter Net Rises on Fee (Reuters) Reuters - Sara Lee Corp.  on Tuesday\posted a 53 percent increase in quarterly profit, as a fee\related to the 1999 sale of a tobacco business helped offset\higher costs for meat and cotton.","Title: <SPLIT>Description: Sara Lee 1st-Quarter Net Rises on Fee (Reuters) Reuters - Sara Lee Corp.  on Tuesday\posted a 53 percent increase in quarterly profit, as a fee\related to the 1999 sale of a tobacco business helped offset\higher costs for meat and cotton.",1.0,1.0,1,1,2,1,"Skipped"
"Title: <SPLIT>Description: Guerin trades NHL job for family business For the first time in three years, former Bruins forward Bill Guerin will be home with his family for Halloween. But he won't be dressing up as a National Hockey League player any time soon. He'll be a full-time dad to his four children while he waits -- with his NHL Players Association brethren -- for something to break in ...","Title: <SPLIT>Description: Guerin trades NHL job for family business For the first time in three years, former Bruins forward Bill Guerin will be home with his family for Halloween. But he won't be dressing up as a National Hockey League player any time soon. He'll be a full-time dad to his four children while he waits -- with his NHL Players Association brethren -- for something to break in ...",0.0,0.0,1,1,1,200,"Failed"
"Title: <SPLIT>Description: After Steep Drop, Price of Oil Rises The freefall in oil prices ended Monday on a spate of ominous developments, including a deadly attack on a US consulate in Saudi Arabia and reports that OPEC might cut production this week.","Title: <SPLIT>Description: After Steep Drop, Price of Oil Rises The freefall in oil prices ended Monday on a spate of ominous developments, including a deadly attack on a US consulate in Saudi Arabia and reports that OPEC might cut production this week.",1.0,1.0,1,1,2,1,"Skipped"
"Title: <SPLIT>Description: US admits more Afghan jail deaths The US army says more people than previously acknowledged have died in its custody in Afghanistan.","Title: <SPLIT>Description: US admits more Afghan jail deaths The US army says more people than previously acknowledged have died in its custody in Afghanistan.",1.0,1.0,1,1,0,1,"Skipped"
"Title: <SPLIT>Description: UConn awaiting invite to Motor City Bowl Theres still one more domino to fall, but today the University of Connecticut football team is expected to be invited and accept an invitation to play in the Motor City Bowl in Detroit on Dec. 27.","Title: <SPLIT>Description: UConn awaiting invite to Motor City Bowl Theres still one more domino to fall, but today the University of Connecticut football team is expected to be invited and accept an invitation to play in the Motor City Bowl in Detroit on Dec. 27.",0.0,0.0,1,1,1,200,"Failed"
"[[Title]]: <SPLIT>Description: 16 killed in Algeria rebel attack Suspected Algerian Islamic militants killed 16 people in the first attack on civilians since the start of the holy month of Ramadan, officials said on Saturday.","[[championship]]: <SPLIT>Description: 16 killed in Algeria rebel attack Suspected Algerian Islamic militants killed 16 people in the first attack on civilians since the start of the holy month of Ramadan, officials said on Saturday.",0.0,1.0,0,1,0,172,"Successful"
"Title: <SPLIT>Description: Policeman Shot Dead in Saudi Battle One Saudi policeman was killed and three others were wounded in clashes with militants in a town northeast of Riyadh. A number of suspects were arrested in the battles, officials said.","Title: <SPLIT>Description: Policeman Shot Dead in Saudi Battle One Saudi policeman was killed and three others were wounded in clashes with militants in a town northeast of Riyadh. A number of suspects were arrested in the battles, officials said.",1.0,1.0,1,1,0,1,"Skipped"
"Title: <SPLIT>Description: BT sells off stake in Eutelsat BRITISH Telecom today announced the sale of its stake in one of the worlds largest satellite companies for 363 million. The telecoms giant said it was offloading its 15.8 per cent holding in Paris-based ","Title: <SPLIT>Description: BT sells off stake in Eutelsat BRITISH Telecom today announced the sale of its stake in one of the worlds largest satellite companies for 363 million. The telecoms giant said it was offloading its 15.8 per cent holding in Paris-based ",1.0,1.0,1,1,2,1,"Skipped"
"Title: <SPLIT>Description: Foxfire Browser Adoption Accelerating as IE Wains Usage of Microsoft Internet Explorer continues to fall in the United States, dropping 1.09 percentage points to 91.80 percent of the browser market last month, more than triple the rate ","Title: <SPLIT>Description: Foxfire Browser Adoption Accelerating as IE Wains Usage of Microsoft Internet Explorer continues to fall in the United States, dropping 1.09 percentage points to 91.80 percent of the browser market last month, more than triple the rate ",1.0,1.0,1,1,3,1,"Skipped"
"Title: <SPLIT>Description: Strangers in Life Join Hands in Death as the Web Becomes a Tool for Suicide in Japan About once a month since January 2002, Japan has recorded a group suicide, successful or attempted, where participants met on the Internet.","Title: <SPLIT>Description: Strangers in Life Join Hands in Death as the Web Becomes a Tool for Suicide in Japan About once a month since January 2002, Japan has recorded a group suicide, successful or attempted, where participants met on the Internet.",1.0,1.0,1,1,3,1,"Skipped"
"Title: <SPLIT>Description: Hungary citizenship fails due to low turnout (AFP) AFP - Voters in Hungary failed to turn out in sufficient numbers to pass a referendum to extend citizenship to millions of ethnic Hungarians living in the region, a motion that split the country and drew fire from neighboring governments.","Title: <SPLIT>Description: Hungary citizenship fails due to low turnout (AFP) AFP - Voters in Hungary failed to turn out in sufficient numbers to pass a referendum to extend citizenship to millions of ethnic Hungarians living in the region, a motion that split the country and drew fire from neighboring governments.",1.0,1.0,1,1,0,1,"Skipped"
"Title: <SPLIT>Description: Israeli tank reportedly kills Egyptian troops An Israeli tank has opened fire and killed three Egyptian troops on the sensitive border between the two countries, mistaking them for Palestinian militants on the way to carry out an attack, Israeli media says.","Title: <SPLIT>Description: Israeli tank reportedly kills Egyptian troops An Israeli tank has opened fire and killed three Egyptian troops on the sensitive border between the two countries, mistaking them for Palestinian militants on the way to carry out an attack, Israeli media says.",1.0,1.0,1,1,0,1,"Skipped"
"Title: <SPLIT>Description: AMD Sheds Light on Dual-Core Plans Upcoming Opteron chips will occupy the same space as single-core models.","Title: <SPLIT>Description: AMD Sheds Light on Dual-Core Plans Upcoming Opteron chips will occupy the same space as single-core models.",1.0,1.0,1,1,3,1,"Skipped"
"Title: <SPLIT>Description: Agency sustains \$2 M hit The Pennsylvania Turnpike Commission lost about \$2 million in revenue Wednesday as thousands of holiday travelers zipped through the toll booths for free.","Title: <SPLIT>Description: Agency sustains \$2 M hit The Pennsylvania Turnpike Commission lost about \$2 million in revenue Wednesday as thousands of holiday travelers zipped through the toll booths for free.",1.0,1.0,1,1,2,1,"Skipped"
"Title: <SPLIT>Description: Sun looks for props with new server, storage hardware Sun Microsystems will hold its quarterly product launch this week, unleashing a raft of new hardware offerings spanning servers to storage.","Title: <SPLIT>Description: Sun looks for props with new server, storage hardware Sun Microsystems will hold its quarterly product launch this week, unleashing a raft of new hardware offerings spanning servers to storage.",1.0,1.0,1,1,3,1,"Skipped"
"Title: <SPLIT>Description: Ofcom's review of telecoms due this week &lt;strong&gt;Analysis&lt;/strong&gt; That'll be the circus in town, then","Title: <SPLIT>Description: Ofcom's review of telecoms due this week &lt;strong&gt;Analysis&lt;/strong&gt; That'll be the circus in town, then",1.0,1.0,1,1,3,1,"Skipped"
"Title: <SPLIT>Description: Mets and Yanks May Lose Leiter and Make Deal The Mets could lose one veteran left-handed pitcher to a team in their own division and another to a team in their own city. As representatives for Al Leiter negotiated a one-year contract with ","Title: <SPLIT>Description: Mets and Yanks May Lose Leiter and Make Deal The Mets could lose one veteran left-handed pitcher to a team in their own division and another to a team in their own city. As representatives for Al Leiter negotiated a one-year contract with ",0.0,0.0,1,1,1,200,"Failed"
"Title: <SPLIT>Description: ECB Eyed Rate Hike But Left Rates Steady The European Central Bank surprised financial markets on Thursday by revealing it had considered raising interest rates even as the euro zone economy slows, saying it is worried about inflationary risks.","Title: <SPLIT>Description: ECB Eyed Rate Hike But Left Rates Steady The European Central Bank surprised financial markets on Thursday by revealing it had considered raising interest rates even as the euro zone economy slows, saying it is worried about inflationary risks.",1.0,1.0,1,1,2,1,"Skipped"
"Title: <SPLIT>Description: Australia establish 300-run lead in third India Test (AFP) AFP - Australia batted cautiously in their second innings to build a lead of 300 runs over India with nine wickets in hand in the third cricket Test here.","Title: <SPLIT>Description: Australia establish 300-run lead in third India Test (AFP) AFP - Australia batted cautiously in their second innings to build a lead of 300 runs over India with nine wickets in hand in the third cricket Test here.",1.0,1.0,1,1,0,1,"Skipped"
"Title: <SPLIT>Description: Airbus will move forward on 7E7 competitor Airbus has been given the go-ahead to develop a new jet designed to compete with The Boeing Co. #39;s new 7E7, according to reports by The Associated Press Friday.","Title: <SPLIT>Description: Airbus will move forward on 7E7 competitor Airbus has been given the go-ahead to develop a new jet designed to compete with The Boeing Co. #39;s new 7E7, according to reports by The Associated Press Friday.",1.0,1.0,1,1,2,1,"Skipped"
"Title: <SPLIT>Description: U.S. Stocks End Higher  NEW YORK (Reuters) - U.S. stocks ended higher on Wednesday  as investors snapped up semiconductor shares at bargain prices  and bought some blue chips after crude oil retreated from  record high prices.","Title: <SPLIT>Description: U.S. Stocks End Higher  NEW YORK (Reuters) - U.S. stocks ended higher on Wednesday  as investors snapped up semiconductor shares at bargain prices  and bought some blue chips after crude oil retreated from  record high prices.",1.0,1.0,1,1,2,1,"Skipped"
"Title: <SPLIT>Description: UK #39;s Diageo gets \$2.26 bln from General Mills sale Britain #39;s Diageo Plc (DGE.L: Quote, Profile, Research) , the world #39;s biggest spirits group raised \$2.26 billion from its sale of 49.","Title: <SPLIT>Description: UK #39;s Diageo gets \$2.26 bln from General Mills sale Britain #39;s Diageo Plc (DGE.L: Quote, Profile, Research) , the world #39;s biggest spirits group raised \$2.26 billion from its sale of 49.",1.0,1.0,1,1,2,1,"Skipped"
"Title: <SPLIT>Description: Water and robots on Mars chosen as tops in 2004 Science It #39;s the discovery by two Mars rovers that the Red Planet once had water and possibly could have supported life. That recognition comes today from the journal Science.","Title: <SPLIT>Description: Water and robots on Mars chosen as tops in 2004 Science It #39;s the discovery by two Mars rovers that the Red Planet once had water and possibly could have supported life. That recognition comes today from the journal Science.",1.0,1.0,1,1,3,1,"Skipped"
"Title: <SPLIT>Description: Intel Officials Have Bleak View for Iraq WASHINGTON - The National Intelligence Council presented President Bush this summer with several pessimistic scenarios regarding the security situation in Iraq, including the possibility of a civil war there before the end of 2005.    In a highly classified National Intelligence Estimate, the council looked at the political, economic and security situation in the war-torn country and determined that - at best - stability in Iraq would be tenuous, a U.S...","Title: <SPLIT>Description: Intel Officials Have Bleak View for Iraq WASHINGTON - The National Intelligence Council presented President Bush this summer with several pessimistic scenarios regarding the security situation in Iraq, including the possibility of a civil war there before the end of 2005.    In a highly classified National Intelligence Estimate, the council looked at the political, economic and security situation in the war-torn country and determined that - at best - stability in Iraq would be tenuous, a U.S...",1.0,1.0,1,1,0,1,"Skipped"
"Title: <SPLIT>Description: Guinn #[[39]];s lack of fire does him in Amazing what a change of scenery will do. After moving training camps from Houston to San Antonio after a couple of lackluster performances, featherweight contender Rocky ","Title: <SPLIT>Description: Guinn #[[ixl]];s lack of fire does him in Amazing what a change of scenery will do. After moving training camps from Houston to San Antonio after a couple of lackluster performances, featherweight contender Rocky ",0.0,1.0,1,0,1,195,"Successful"
"Title: <SPLIT>Description: Iran given nuclear deadline the (International Atomic Energy Agency) board of governors, quot; he said.  quot;A proposal will be put to them. quot;. produce fuel for nuclear weapons -- but Tehran rejected the demand as illegal.","Title: <SPLIT>Description: Iran given nuclear deadline the (International Atomic Energy Agency) board of governors, quot; he said.  quot;A proposal will be put to them. quot;. produce fuel for nuclear weapons -- but Tehran rejected the demand as illegal.",1.0,1.0,3,3,0,1,"Skipped"
"Title: <SPLIT>Description: Carter could prove real plus for Nets The Nets reported deal for Vince Carter very much surprises me given New Jersey #39;s cost-slashing moves in the offseason that saw the exits of Kenyon Martin and Kerry Kittles.","Title: <SPLIT>Description: Carter could prove real plus for Nets The Nets reported deal for Vince Carter very much surprises me given New Jersey #39;s cost-slashing moves in the offseason that saw the exits of Kenyon Martin and Kerry Kittles.",0.0,0.0,1,1,1,200,"Failed"
"Title: <SPLIT>Description: 29 escapees from North seek refuge at school in Beijing BEIJING -- Twenty-nine people believed to be North Korean entered the Japanese school in Beijing on Wednesday morning to seek asylum in a country other than China, according to Foreign Ministry officials in Tokyo.","Title: <SPLIT>Description: 29 escapees from North seek refuge at school in Beijing BEIJING -- Twenty-nine people believed to be North Korean entered the Japanese school in Beijing on Wednesday morning to seek asylum in a country other than China, according to Foreign Ministry officials in Tokyo.",1.0,1.0,1,1,0,1,"Skipped"
"Title: <SPLIT>Description: Sri Lanka batsman fined as Pakistan tie series Sri Lanka #39;s Kumar Sangakkara has been fined 30 of his match fee for showing dissent during the fourth day of the second Test against Pakistan in Karachi.","Title: <SPLIT>Description: Sri Lanka batsman fined as Pakistan tie series Sri Lanka #39;s Kumar Sangakkara has been fined 30 of his match fee for showing dissent during the fourth day of the second Test against Pakistan in Karachi.",0.0,0.0,1,1,1,200,"Failed"
"Title: <SPLIT>Description: Wilson well placed in Mexico City Britain #39;s Justin Wilson was fourth in first qualifying for the final Champ Car race of the season in Mexico City. Wilson is looking to end his season on a high note after missing out on the rookie #39;s title to AJ Allmendinger.","Title: <SPLIT>Description: Wilson well placed in Mexico City Britain #39;s Justin Wilson was fourth in first qualifying for the final Champ Car race of the season in Mexico City. Wilson is looking to end his season on a high note after missing out on the rookie #39;s title to AJ Allmendinger.",0.0,0.0,1,1,1,200,"Failed"
"Title: <SPLIT>Description: China Says Taiwan Spy Also Operated in U.S. - Media  BEIJING (Reuters) - Beijing on Monday accused a  Chinese-American arrested for spying for Taiwan of building an  espionage network in the United States, and said he could go on  trial very soon.","Title: <SPLIT>Description: China Says Taiwan Spy Also Operated in U.S. - Media  BEIJING (Reuters) - Beijing on Monday accused a  Chinese-American arrested for spying for Taiwan of building an  espionage network in the United States, and said he could go on  trial very soon.",1.0,1.0,1,1,0,1,"Skipped"
"Title: <SPLIT>Description: Mindawn offers DRM-free music downloads (MacCentral) MacCentral - Mindawn is a new online music download service that differs from Apple Computer Inc.'s iTunes Music Store and other services in a few ways: It's not only compatible with Macs and PCs but with Linux computers too, its music is available in a lossless format, and there are no Digital Rights Management (DRM) restrictions. Mindawn launched in September and is picking up steam, according to its founder.","Title: <SPLIT>Description: Mindawn offers DRM-free music downloads (MacCentral) MacCentral - Mindawn is a new online music download service that differs from Apple Computer Inc.'s iTunes Music Store and other services in a few ways: It's not only compatible with Macs and PCs but with Linux computers too, its music is available in a lossless format, and there are no Digital Rights Management (DRM) restrictions. Mindawn launched in September and is picking up steam, according to its founder.",1.0,1.0,1,1,3,1,"Skipped"
"Title: <SPLIT>Description: The Egg Goes to The Plucky Rebels Backup quarterback Robert Lane has 205 total yards with a touchdown pass and a touchdown run in Mississippi's 20-3 win over Mississippi State on Saturday.","Title: <SPLIT>Description: The Egg Goes to The Plucky Rebels Backup quarterback Robert Lane has 205 total yards with a touchdown pass and a touchdown run in Mississippi's 20-3 win over Mississippi State on Saturday.",0.0,0.0,1,1,1,200,"Failed"
"Title: <SPLIT>Description: WTO Sanctions on US Exports Widens Gap in Congress Angry over unfair subsidies paid to US companies from tariffs collected on goods imported here, the WTO has widened the gap with Congress by imposing sanctions of their own.","Title: <SPLIT>Description: WTO Sanctions on US Exports Widens Gap in Congress Angry over unfair subsidies paid to US companies from tariffs collected on goods imported here, the WTO has widened the gap with Congress by imposing sanctions of their own.",1.0,1.0,1,1,2,1,"Skipped"
"Title: <SPLIT>Description: Martin wins second straight race Markko Martin won his second consecutive World Rally Championship race on Sunday to clinch the Rally of Catalunya. The Estonian, driving a Ford, followed up his recent victory in ","Title: <SPLIT>Description: Martin wins second straight race Markko Martin won his second consecutive World Rally Championship race on Sunday to clinch the Rally of Catalunya. The Estonian, driving a Ford, followed up his recent victory in ",1.0,1.0,0,0,1,1,"Skipped"
"Title: <SPLIT>Description: Arafat #39;s brother moved to Cairo for cancer therapy Palestinian sources said on Tuesday that Palestinian leader Yasser Arafat #39;s younger brother Fatehy Arafat was transferred to a hospital in Cairo to be treated for intestines cancer.","Title: <SPLIT>Description: Arafat #39;s brother moved to Cairo for cancer therapy Palestinian sources said on Tuesday that Palestinian leader Yasser Arafat #39;s younger brother Fatehy Arafat was transferred to a hospital in Cairo to be treated for intestines cancer.",1.0,1.0,1,1,0,1,"Skipped"
"Title: <SPLIT>Description: He's His Own Adu Georgetown Prep defender Fro Adu is proud of brother Freddy, a [[forward]] for D.C. United, but wants to step out on his own.","Title: <SPLIT>Description: He's His Own Adu Georgetown Prep defender Fro Adu is proud of brother Freddy, a [[forward-moving]] for D.C. United, but wants to step out on his own.",0.0,1.0,1,0,1,130,"Successful"
"Title: <SPLIT>Description: Beckham Could Quit England After World Cup England captain David Beckham has revealed that he is considering retiring from international football after the 2006 World Cup. The 29-year-old Real Madrid midfielder is keen to preserve his club career for ","Title: <SPLIT>Description: Beckham Could Quit England After World Cup England captain David Beckham has revealed that he is considering retiring from international football after the 2006 World Cup. The 29-year-old Real Madrid midfielder is keen to preserve his club career for ",0.0,0.0,1,1,1,200,"Failed"
"Title: <SPLIT>Description: Gateway Reports Smaller Quarterly Loss Gateway Inc. reported a narrowed net loss in the first quarter as it continues to restructure its operations and integrate its acquisition of eMachines. Still, the personal computer and electronics company posted a tiny operating profit -- its first in nearly three years.","Title: <SPLIT>Description: Gateway Reports Smaller Quarterly Loss Gateway Inc. reported a narrowed net loss in the first quarter as it continues to restructure its operations and integrate its acquisition of eMachines. Still, the personal computer and electronics company posted a tiny operating profit -- its first in nearly three years.",1.0,1.0,1,1,3,1,"Skipped"
"Title: <SPLIT>Description: CRM Vendor Entellium Adopts Open-Source Strategy (TechWeb) TechWeb - Availability of Entellium's code could speed development of industry-specific CRM products.","Title: <SPLIT>Description: CRM Vendor Entellium Adopts Open-Source Strategy (TechWeb) TechWeb - Availability of Entellium's code could speed development of industry-specific CRM products.",1.0,1.0,1,1,3,1,"Skipped"
"Title: <SPLIT>Description: HP Joins with JBoss on Server Support Hewlett-Packard Co. and open-source middleware vendor JBoss Inc. on Friday said that HP will now provide first-line support for JBoss #39; open-source Java application server.","Title: <SPLIT>Description: HP Joins with JBoss on Server Support Hewlett-Packard Co. and open-source middleware vendor JBoss Inc. on Friday said that HP will now provide first-line support for JBoss #39; open-source Java application server.",1.0,1.0,1,1,3,1,"Skipped"
"Title: <SPLIT>Description: Stunt pilots to snag a falling NASA craft NASA #39;s three-year effort to bring some genuine star dust back to Earth is set for a dramatic finale Sept. 8 when Hollywood helicopter pilots will attempt a midair retrieval ","Title: <SPLIT>Description: Stunt pilots to snag a falling NASA craft NASA #39;s three-year effort to bring some genuine star dust back to Earth is set for a dramatic finale Sept. 8 when Hollywood helicopter pilots will attempt a midair retrieval ",1.0,1.0,1,1,3,1,"Skipped"
"Title: <SPLIT>Description: Can Alabama pass? Can South Carolina run? Both have some reason for optimism. Guillon should benefit from his first start at Arkansas and from the more friendly environment of Bryant-Denny Stadium.","Title: <SPLIT>Description: Can Alabama pass? Can South Carolina run? Both have some reason for optimism. Guillon should benefit from his first start at Arkansas and from the more friendly environment of Bryant-Denny Stadium.",0.0,0.0,1,1,1,200,"Failed"
"Title: <SPLIT>Description: Blast Targets Baghdad Checkpoint Near Allawi HQ (Reuters) Reuters - A car bomb that exploded near the\headquarters of Iraqi Prime Minister Iyad Allawi's party in\western Baghdad on Monday targeted a police checkpoint at the\entrance to the road leading to the building, witnesses said.","Title: <SPLIT>Description: Blast Targets Baghdad Checkpoint Near Allawi HQ (Reuters) Reuters - A car bomb that exploded near the\headquarters of Iraqi Prime Minister Iyad Allawi's party in\western Baghdad on Monday targeted a police checkpoint at the\entrance to the road leading to the building, witnesses said.",1.0,1.0,1,1,0,1,"Skipped"
"Title: <SPLIT>Description: Thais  #39;bomb #39; south with paper birds on Muslim south Around 50 Thai Air Force planes  quot;bombed quot; the largely Muslim south with paper birds on Sunday as a symbol of peace for the restive region where nearly 500 people have been killed since January.","Title: <SPLIT>Description: Thais  #39;bomb #39; south with paper birds on Muslim south Around 50 Thai Air Force planes  quot;bombed quot; the largely Muslim south with paper birds on Sunday as a symbol of peace for the restive region where nearly 500 people have been killed since January.",1.0,1.0,1,1,0,1,"Skipped"
"Title: <SPLIT>Description: US welcomes Sudan #39;s acceptance of expanded AU mission in Darfur The United States welcomed on Friday Sudanese official #39;s announcement to accept a larger AfricanUnion (AU) mission in the western region of Darfur and urged the speedy deployment of AU troops.","Title: <SPLIT>Description: US welcomes Sudan #39;s acceptance of expanded AU mission in Darfur The United States welcomed on Friday Sudanese official #39;s announcement to accept a larger AfricanUnion (AU) mission in the western region of Darfur and urged the speedy deployment of AU troops.",1.0,1.0,1,1,0,1,"Skipped"
"Title: <SPLIT>Description: Superfast Notebook Graphics: NVidia #39;s GeForce Go 6800 PC World #39;s first tests of NVidia #39;s just announced high-end mobile graphics chip, the GeForce Go 6800, show that it is one of the first notebook graphics components to support performance rivaling that of desktop boards.","Title: <SPLIT>Description: Superfast Notebook Graphics: NVidia #39;s GeForce Go 6800 PC World #39;s first tests of NVidia #39;s just announced high-end mobile graphics chip, the GeForce Go 6800, show that it is one of the first notebook graphics components to support performance rivaling that of desktop boards.",1.0,1.0,1,1,3,1,"Skipped"
"Title: <SPLIT>Description: Bulls Stomp Cavaliers Eddy Curry scores 20 points and rookie Ben Gordon adds 21 to lead Chicago to a rare 113-85 lopsided win over Cleveland on Wednesday.","Title: <SPLIT>Description: Bulls Stomp Cavaliers Eddy Curry scores 20 points and rookie Ben Gordon adds 21 to lead Chicago to a rare 113-85 lopsided win over Cleveland on Wednesday.",1.0,1.0,0,0,1,1,"Skipped"
"Title: <SPLIT>Description: Jets hit rebel city in payback for hotel raid BAGHDAD: US fighter jets bombed the rebel-held city of Fallujah yesterday, killing at least 10 people, hours after rockets slammed into a Baghdad hotel used by foreign journalists and contractors.","Title: <SPLIT>Description: Jets hit rebel city in payback for hotel raid BAGHDAD: US fighter jets bombed the rebel-held city of Fallujah yesterday, killing at least 10 people, hours after rockets slammed into a Baghdad hotel used by foreign journalists and contractors.",1.0,1.0,1,1,0,1,"Skipped"
"Title: <SPLIT>Description: Employees from 10 hotels locked out The San Francisco Multi-Employer Group announced this morning that it has locked out UNITE HERE Local 2 employees from 10 hotels and staffed the vacated positions with replacement workers.","Title: <SPLIT>Description: Employees from 10 hotels locked out The San Francisco Multi-Employer Group announced this morning that it has locked out UNITE HERE Local 2 employees from 10 hotels and staffed the vacated positions with replacement workers.",1.0,1.0,1,1,2,1,"Skipped"
"Title: <SPLIT>Description: Slowing population 'lacks funds' Rich countries are giving only half the amount they promised to help to slow world population growth, the UN says.","Title: <SPLIT>Description: Slowing population 'lacks funds' Rich countries are giving only half the amount they promised to help to slow world population growth, the UN says.",1.0,1.0,0,0,3,1,"Skipped"
"Title: <SPLIT>Description: A.I.G. Will Accept Monitor and Pay \$80 Million to Close Inquiries The insurance company has agreed to pay about \$80 million to settle investigations into insurance sales that were used by companies to manipulate their earnings.","Title: <SPLIT>Description: A.I.G. Will Accept Monitor and Pay \$80 Million to Close Inquiries The insurance company has agreed to pay about \$80 million to settle investigations into insurance sales that were used by companies to manipulate their earnings.",1.0,1.0,1,1,2,1,"Skipped"
"Title: <SPLIT>Description: Germany deports Turkey militant German police deport an Islamic militant wanted by Turkey, hours after his extradition is approved.","Title: <SPLIT>Description: Germany deports Turkey militant German police deport an Islamic militant wanted by Turkey, hours after his extradition is approved.",0.0,0.0,0,0,0,161,"Failed"
"Title: <SPLIT>Description: Schwarzenegger Signs 'Foie Gras' Bill (AP) AP - California will end the force feeding of ducks, geese and other birds to produce the gourmet liver product foie gras by 2012 under legislation signed Wednesday by Gov. Arnold Schwarzengger.","Title: <SPLIT>Description: Schwarzenegger Signs 'Foie Gras' Bill (AP) AP - California will end the force feeding of ducks, geese and other birds to produce the gourmet liver product foie gras by 2012 under legislation signed Wednesday by Gov. Arnold Schwarzengger.",1.0,1.0,1,1,3,1,"Skipped"
"Title: <SPLIT>Description: O2 to roll out i-mode The deal, which was leaked to the press last week, will see the UK-based mobile operator deliver data services -- such as games, ringtones and entertainment -- through a platform that has been credited with making NTT DoCoMo the force that it is in ","Title: <SPLIT>Description: O2 to roll out i-mode The deal, which was leaked to the press last week, will see the UK-based mobile operator deliver data services -- such as games, ringtones and entertainment -- through a platform that has been credited with making NTT DoCoMo the force that it is in ",1.0,1.0,1,1,3,1,"Skipped"
"Title: <SPLIT>Description: Sorenstam maintains Florida lead Annika Sorenstam could only manage a level-par 72 on day three of the ADT Tour Championship in Florida but it was enough to maintain a one-stroke lead.","Title: <SPLIT>Description: Sorenstam maintains Florida lead Annika Sorenstam could only manage a level-par 72 on day three of the ADT Tour Championship in Florida but it was enough to maintain a one-stroke lead.",1.0,1.0,0,0,1,1,"Skipped"
"Title: <SPLIT>Description: Coalition holds off efforts to take rebel-run cities US surgical strikes continue in Fallujah, Samarra, and Tal Afar. But US says Iraqi forces are not ready to launch major attacks. By Howard LaFranchi.","Title: <SPLIT>Description: Coalition holds off efforts to take rebel-run cities US surgical strikes continue in Fallujah, Samarra, and Tal Afar. But US says Iraqi forces are not ready to launch major attacks. By Howard LaFranchi.",1.0,1.0,1,1,0,1,"Skipped"
"Title: <SPLIT>Description: Bush Backs US Tariffs on Shrimp Foreign shrimp producers have denied they are selling shrimp at artificially low prices as a way to win a larger share of the US market.","Title: <SPLIT>Description: Bush Backs US Tariffs on Shrimp Foreign shrimp producers have denied they are selling shrimp at artificially low prices as a way to win a larger share of the US market.",1.0,1.0,1,1,2,1,"Skipped"
"Title: <SPLIT>Description: CEO Eisner to Step Down in Sept 2006 -WSJ  NEW YORK (Reuters) - Michael Eisner plans to step down as  Walt Disney Co.'s chief executive when his contract expires in  September 2006, the Wall Street Journal said on Friday.","Title: <SPLIT>Description: CEO Eisner to Step Down in Sept 2006 -WSJ  NEW YORK (Reuters) - Michael Eisner plans to step down as  Walt Disney Co.'s chief executive when his contract expires in  September 2006, the Wall Street Journal said on Friday.",1.0,1.0,1,1,2,1,"Skipped"
"Title: <SPLIT>Description: Israeli Soldiers Kill Palestinian Gunman in Gaza -Army (Reuters) Reuters - Israeli soldiers shot and killed a\Palestinian gunman on Monday as he approached a military\outpost near a Jewish settlement in the southern Gaza Strip, a\military source said.","Title: <SPLIT>Description: Israeli Soldiers Kill Palestinian Gunman in Gaza -Army (Reuters) Reuters - Israeli soldiers shot and killed a\Palestinian gunman on Monday as he approached a military\outpost near a Jewish settlement in the southern Gaza Strip, a\military source said.",1.0,1.0,1,1,0,1,"Skipped"
"Title: <SPLIT>Description: ACC Loses 2 Ranked Teams; Big East Get 2 (AP) AP - The Atlantic Coast Conference's record run of seven ranked teams came to an end Monday.","Title: <SPLIT>Description: ACC Loses 2 Ranked Teams; Big East Get 2 (AP) AP - The Atlantic Coast Conference's record run of seven ranked teams came to an end Monday.",0.0,0.0,1,1,1,200,"Failed"
"Title: <SPLIT>Description: Mich. Elephant Gets Therapy for Arthritis ROYAL OAK, Mich. - Like any patient, Wanda needs positive reinforcement to wrestle through her physical therapy...","Title: <SPLIT>Description: Mich. Elephant Gets Therapy for Arthritis ROYAL OAK, Mich. - Like any patient, Wanda needs positive reinforcement to wrestle through her physical therapy...",1.0,1.0,1,1,0,1,"Skipped"
"Title: <SPLIT>Description: Accord on restoring rail link reached: Khokhrapar-Monabao route ISLAMABAD, Dec 3: Pakistan and India have agreed to an early resumption of rail link between Khokhrapar and Monabao suspended since the 1965 war.","Title: <SPLIT>Description: Accord on restoring rail link reached: Khokhrapar-Monabao route ISLAMABAD, Dec 3: Pakistan and India have agreed to an early resumption of rail link between Khokhrapar and Monabao suspended since the 1965 war.",1.0,1.0,1,1,0,1,"Skipped"
"Title: <SPLIT>Description: Stem Cells Emit Healing Molecules WASHINGTON (AP) -- Embryonic stem cells may not have to actually grow replacement body parts to be useful.    New research suggests these cells also secrete healing molecules powerful enough to reverse a lethal birth defect in mice...","Title: <SPLIT>Description: Stem Cells Emit Healing Molecules WASHINGTON (AP) -- Embryonic stem cells may not have to actually grow replacement body parts to be useful.    New research suggests these cells also secrete healing molecules powerful enough to reverse a lethal birth defect in mice...",1.0,1.0,1,1,3,1,"Skipped"
"[[Title]]: <SPLIT>Description: Dodgers ready for anything com. When Dodgers coach Glenn Hoffman makes out the daily schedule of Spring Training drills, there are entries for pickoffs and cutoffs, bunt situations and hit-and-runs.","[[deed]]: <SPLIT>Description: Dodgers ready for anything com. When Dodgers coach Glenn Hoffman makes out the daily schedule of Spring Training drills, there are entries for pickoffs and cutoffs, bunt situations and hit-and-runs.",0.0,1.0,1,0,1,200,"Successful"
"Title: <SPLIT>Description: Tennessee's Johnson Suspended for Gun (AP) AP - Tennessee starting safety Brandon Johnson was suspended indefinitely because he fired a gun into the air near campus.","Title: <SPLIT>Description: Tennessee's Johnson Suspended for Gun (AP) AP - Tennessee starting safety Brandon Johnson was suspended indefinitely because he fired a gun into the air near campus.",0.0,0.0,1,1,1,200,"Failed"
"Title: <SPLIT>Description: Iran Announces Uranium Conversion Tests Defying a key demand set by 35 nations, Iran announced Tuesday that it has started converting raw uranium into the gas needed for enrichment, a process that can be used to make nuclear weapons.","Title: <SPLIT>Description: Iran Announces Uranium Conversion Tests Defying a key demand set by 35 nations, Iran announced Tuesday that it has started converting raw uranium into the gas needed for enrichment, a process that can be used to make nuclear weapons.",1.0,1.0,3,3,0,1,"Skipped"
"Title: <SPLIT>Description: HAYLEY MICK: Hayley Mick is a journalist currently based in Vancouver. She has broadcast experience with CBC Radio #39;s Quirks and Quarks and has reported for the Vancouver Sun, CBC Online, and the Canadian Press #39;s Ontario and Vancouver bureaus.","Title: <SPLIT>Description: HAYLEY MICK: Hayley Mick is a journalist currently based in Vancouver. She has broadcast experience with CBC Radio #39;s Quirks and Quarks and has reported for the Vancouver Sun, CBC Online, and the Canadian Press #39;s Ontario and Vancouver bureaus.",1.0,1.0,2,2,0,1,"Skipped"
"Title: <SPLIT>Description: Wenger vows no repeat of frailties against Bayern ARSNE WENGER was raised in Alsace, near the German border, with an affinity for the Bayern Munich football machines of the Seventies.","Title: <SPLIT>Description: Wenger vows no repeat of frailties against Bayern ARSNE WENGER was raised in Alsace, near the German border, with an affinity for the Bayern Munich football machines of the Seventies.",1.0,1.0,0,0,1,1,"Skipped"
"Title: <SPLIT>Description: Health Insurance Costs Soar, Workers Hit (Reuters) Reuters - Health insurance premiums rose five\times faster than U.S. workers' salaries this year, according\to a survey released on Thursday that also showed slippage in\the percentage of American workers covered by employer health\plans.","Title: <SPLIT>Description: Health Insurance Costs Soar, Workers Hit (Reuters) Reuters - Health insurance premiums rose five\times faster than U.S. workers' salaries this year, according\to a survey released on Thursday that also showed slippage in\the percentage of American workers covered by employer health\plans.",1.0,1.0,1,1,2,1,"Skipped"
"Title: <SPLIT>Description: Disney takes sides in battle for next generation DVD (AFP) AFP - Hollywood movie powerhouse Walt Disney has taken sides with Japan's Sony Corp. in a bitter battle between studios to define a technical standard for next generation DVDs, it said.","Title: <SPLIT>Description: Disney takes sides in battle for next generation DVD (AFP) AFP - Hollywood movie powerhouse Walt Disney has taken sides with Japan's Sony Corp. in a bitter battle between studios to define a technical standard for next generation DVDs, it said.",1.0,1.0,1,1,3,1,"Skipped"
"Title: <SPLIT>Description: SEC Adopts New Rules for Hedge Funds A deeply divided SEC voted Tuesday to mandate new oversight for hedge funds -- largely unregulated investment pools, traditionally for the wealthy, that have become popular with small investors.","Title: <SPLIT>Description: SEC Adopts New Rules for Hedge Funds A deeply divided SEC voted Tuesday to mandate new oversight for hedge funds -- largely unregulated investment pools, traditionally for the wealthy, that have become popular with small investors.",1.0,1.0,1,1,2,1,"Skipped"
"Title: <SPLIT>Description: Update 2: Tokyo Stocks Finish 2.6 Percent Higher Tokyo stocks finished sharply higher Monday, fueled by Wall Street #39;s gains last week. The US dollar was higher against the Japanese yen.","Title: <SPLIT>Description: Update 2: Tokyo Stocks Finish 2.6 Percent Higher Tokyo stocks finished sharply higher Monday, fueled by Wall Street #39;s gains last week. The US dollar was higher against the Japanese yen.",1.0,1.0,1,1,2,1,"Skipped"
"Title: <SPLIT>Description: Sudanese rebels agree to take part in peace talks in Abuja ABUJA, Aug 25, 2004 (dpa) -- Rebel groups agreed Wednesday to participate in peace talks with the Sudanese government being held in the Nigerian capital of Abuja after coming under pressure to disarm and accept confinement to camps in the country #39;s ","Title: <SPLIT>Description: Sudanese rebels agree to take part in peace talks in Abuja ABUJA, Aug 25, 2004 (dpa) -- Rebel groups agreed Wednesday to participate in peace talks with the Sudanese government being held in the Nigerian capital of Abuja after coming under pressure to disarm and accept confinement to camps in the country #39;s ",1.0,1.0,1,1,0,1,"Skipped"
"Title: <SPLIT>Description: Robinho #39;s mother releaased by kidnappers The mother of Santos striker Robinho was released unharmed on Friday, 40 days after she was kidnapped at a family gathering. Marina da Silva de Souza, 44, appeared healthy but thinner than when she was abducted ","Title: <SPLIT>Description: Robinho #39;s mother releaased by kidnappers The mother of Santos striker Robinho was released unharmed on Friday, 40 days after she was kidnapped at a family gathering. Marina da Silva de Souza, 44, appeared healthy but thinner than when she was abducted ",0.0,0.0,1,1,1,200,"Failed"
"Title: <SPLIT>Description: Boeing CEO: Jet Market Recovery Slower (Reuters) Reuters - Boeing Co. Chief Executive Harry\Stonecipher said on Friday the U.S. aircraft maker's archrival\Airbus was exaggerating the speed of recovery in the commercial\airplane market.","Title: <SPLIT>Description: Boeing CEO: Jet Market Recovery Slower (Reuters) Reuters - Boeing Co. Chief Executive Harry\Stonecipher said on Friday the U.S. aircraft maker's archrival\Airbus was exaggerating the speed of recovery in the commercial\airplane market.",1.0,1.0,1,1,2,1,"Skipped"
"Title: <SPLIT>Description: A Distraction as a Deadline Approaches As the holidays approach, Christmas spirit is a bargain-hunting essential.","Title: <SPLIT>Description: A Distraction as a Deadline Approaches As the holidays approach, Christmas spirit is a bargain-hunting essential.",1.0,1.0,1,1,3,1,"Skipped"
"Title: <SPLIT>Description: EA Reports Higher Quarterly Profits  LOS ANGELES (Reuters) - No. 1 video game maker Electronic  Arts Inc on Tuesday reported higher quarterly profits on strong  demand for titles like Madden NFL 2005, but its stock price  fell after a holiday forecast fell short of Wall Street  expectations.","Title: <SPLIT>Description: EA Reports Higher Quarterly Profits  LOS ANGELES (Reuters) - No. 1 video game maker Electronic  Arts Inc on Tuesday reported higher quarterly profits on strong  demand for titles like Madden NFL 2005, but its stock price  fell after a holiday forecast fell short of Wall Street  expectations.",1.0,1.0,1,1,2,1,"Skipped"
"Title: <SPLIT>Description: UN panel proposes sweeping changes UNITED NATIONS, New York The United Nations has proposed the most sweeping changes in its history, recommending the overhaul of its top decision-making group, the Security Council, and holding out the possibility that it could grant legitimacy to pre ","Title: <SPLIT>Description: UN panel proposes sweeping changes UNITED NATIONS, New York The United Nations has proposed the most sweeping changes in its history, recommending the overhaul of its top decision-making group, the Security Council, and holding out the possibility that it could grant legitimacy to pre ",1.0,1.0,1,1,0,1,"Skipped"
"Title: <SPLIT>Description: Sysco profit climbs 8 percent on sales Sysco Corp., the country #39;s largest food service distributor, Monday said profit for its latest quarter rose 8 percent, as it increased sales and trimmed expenses despite the hurricanes in the Southeast.","Title: <SPLIT>Description: Sysco profit climbs 8 percent on sales Sysco Corp., the country #39;s largest food service distributor, Monday said profit for its latest quarter rose 8 percent, as it increased sales and trimmed expenses despite the hurricanes in the Southeast.",1.0,1.0,1,1,2,1,"Skipped"
"Title: <SPLIT>Description: AL Wrap: Red Sox Down Devil Rays to Clinch Playoff Spot  NEW YORK (Reuters) - Manny Ramirez belted his  league-leading 43rd homer and Johnny Damon hit a three-run shot  as the Boston Red Sox clinched a playoff spot with a 7-3 win  over the Tampa Bay Devil Rays in St Petersburg on Monday.","Title: <SPLIT>Description: AL Wrap: Red Sox Down Devil Rays to Clinch Playoff Spot  NEW YORK (Reuters) - Manny Ramirez belted his  league-leading 43rd homer and Johnny Damon hit a three-run shot  as the Boston Red Sox clinched a playoff spot with a 7-3 win  over the Tampa Bay Devil Rays in St Petersburg on Monday.",0.0,0.0,1,1,1,200,"Failed"
"Title: <SPLIT>Description: Botswana miners 'face dismissal' Botswana's giant Debswana diamond mining firm says it will sack workers who carry on with an illegal stoppage.","Title: <SPLIT>Description: Botswana miners 'face dismissal' Botswana's giant Debswana diamond mining firm says it will sack workers who carry on with an illegal stoppage.",1.0,1.0,1,1,2,1,"Skipped"
"[[Title]]: <SPLIT>Description: Rijkaard - has suffered Edmilson blow Barcelona have been stunned by the news that Brazilian centre-half Edmilson will be out of action for at least six months with a knee injury.","[[championship]]: <SPLIT>Description: Rijkaard - has suffered Edmilson blow Barcelona have been stunned by the news that Brazilian centre-half Edmilson will be out of action for at least six months with a knee injury.",0.0,1.0,1,0,1,135,"Successful"
"Title: <SPLIT>Description: Dollar Bounces; Eye on Data, Greenspan  LONDON (Reuters) - The dollar bounced off recent four-week  lows against the euro and yen on Monday in thin August trade  with investors focusing on U.S. data and a speech by the  Federal Reserve chief later in the week.","Title: <SPLIT>Description: Dollar Bounces; Eye on Data, Greenspan  LONDON (Reuters) - The dollar bounced off recent four-week  lows against the euro and yen on Monday in thin August trade  with investors focusing on U.S. data and a speech by the  Federal Reserve chief later in the week.",1.0,1.0,1,1,2,1,"Skipped"
"Title: <SPLIT>Description: Thaksin in the Firing Line After Massacre BANGKOK/JEDDAH, 29 October 2004 - A bomb ripped through two bars in southern Thailand yesterday, killing two people and wounding about 20, in what could be the first reaction to the deaths of 78 Muslims in police custody this week.","Title: <SPLIT>Description: Thaksin in the Firing Line After Massacre BANGKOK/JEDDAH, 29 October 2004 - A bomb ripped through two bars in southern Thailand yesterday, killing two people and wounding about 20, in what could be the first reaction to the deaths of 78 Muslims in police custody this week.",1.0,1.0,1,1,0,1,"Skipped"
"Title: <SPLIT>Description: Ex-general wins Indonesian elections Retired general Susilo Bambang Yudhoyono was on Monday confirmed as Indonesia #39;s next leader as final counting from the country #39;s first direct presidential polls gave him a landslide victory over his predecessor.","Title: <SPLIT>Description: Ex-general wins Indonesian elections Retired general Susilo Bambang Yudhoyono was on Monday confirmed as Indonesia #39;s next leader as final counting from the country #39;s first direct presidential polls gave him a landslide victory over his predecessor.",1.0,1.0,1,1,0,1,"Skipped"
"Title: <SPLIT>Description: US stocks up on durable goods news; chips down US stocks got a mild boost on Friday as government data showed better-than-expected demand in August for durable goods other than transportation equipment, but climbing oil prices limited gains.","Title: <SPLIT>Description: US stocks up on durable goods news; chips down US stocks got a mild boost on Friday as government data showed better-than-expected demand in August for durable goods other than transportation equipment, but climbing oil prices limited gains.",1.0,1.0,1,1,2,1,"Skipped"
"Title: <SPLIT>Description: Infocus: Deploying Network Access Quarantine Control, Part 2 This article discusses Network Access Quarantine Control in Windows Server 2003, which allows administrators to quarantine mobile users and verify their security posture before giving them full access to the network. Part 2 of 2.","Title: <SPLIT>Description: Infocus: Deploying Network Access Quarantine Control, Part 2 This article discusses Network Access Quarantine Control in Windows Server 2003, which allows administrators to quarantine mobile users and verify their security posture before giving them full access to the network. Part 2 of 2.",1.0,1.0,1,1,3,1,"Skipped"
"Title: <SPLIT>Description: FCC exempts fiber-to-curb from sharing requirements The Federal Communications Commission Thursday voted to allow incumbent telephone carriers from sharing fiber-to-the-curb deployments from competitors, prompting one incumbent to announce an accelerated fiber rollout.","Title: <SPLIT>Description: FCC exempts fiber-to-curb from sharing requirements The Federal Communications Commission Thursday voted to allow incumbent telephone carriers from sharing fiber-to-the-curb deployments from competitors, prompting one incumbent to announce an accelerated fiber rollout.",1.0,1.0,1,1,2,1,"Skipped"
"Title: <SPLIT>Description: Georgia Tech Looks to Virginia Tech (AP) AP - Georgia Tech wants to avoid being embarrassed by another ACC rookie.","Title: <SPLIT>Description: Georgia Tech Looks to Virginia Tech (AP) AP - Georgia Tech wants to avoid being embarrassed by another ACC rookie.",0.0,0.0,1,1,1,174,"Failed"
"Title: <SPLIT>Description: Nike Boosts Dividend by 25 Percent (Reuters) Reuters - Nike Inc.  boosted its\quarterly dividend by 25 percent on Monday, citing strong cash\flow and growth prospects as the world's biggest athletic shoe\company has racked up record revenue and soaring profits the\past few years.","Title: <SPLIT>Description: Nike Boosts Dividend by 25 Percent (Reuters) Reuters - Nike Inc.  boosted its\quarterly dividend by 25 percent on Monday, citing strong cash\flow and growth prospects as the world's biggest athletic shoe\company has racked up record revenue and soaring profits the\past few years.",1.0,1.0,1,1,2,1,"Skipped"
"Title: <SPLIT>Description: UN Council Votes Ivory Coast Arms Embargo (Reuters) Reuters - The U.N. Security Council on\Monday imposed an immediate arms embargo on Ivory Coast and\voted to punish key government and rebel leaders with\additional sanctions next month.","Title: <SPLIT>Description: UN Council Votes Ivory Coast Arms Embargo (Reuters) Reuters - The U.N. Security Council on\Monday imposed an immediate arms embargo on Ivory Coast and\voted to punish key government and rebel leaders with\additional sanctions next month.",1.0,1.0,1,1,0,1,"Skipped"
"Title: <SPLIT>Description: Banknorth investors [[voice]] doubts on bid Banknorth Group Inc.'s biggest investors are voicing concerns about the proposed sale of a controlling stake to Toronto-Dominion Bank .","Title: <SPLIT>Description: Banknorth investors [[phonation]] doubts on bid Banknorth Group Inc.'s biggest investors are voicing concerns about the proposed sale of a controlling stake to Toronto-Dominion Bank .",0.0,1.0,2,1,2,178,"Successful"
"Title: <SPLIT>Description: What they said about ... ... Cherie Blair Cherie Blair cast aside her treasured privacy this week, touring newspapers offices and television studios to promote The Goldfish Bowl, her new book, which focuses on Downing Street spouses.","Title: <SPLIT>Description: What they said about ... ... Cherie Blair Cherie Blair cast aside her treasured privacy this week, touring newspapers offices and television studios to promote The Goldfish Bowl, her new book, which focuses on Downing Street spouses.",1.0,1.0,1,1,0,1,"Skipped"
"Title: <SPLIT>Description: ATI launches new Radeon Xpress 200 chipsets for AMD K8 platform ATI Technologies today announced the availability of its new Radeon Xpress 200 series of core logic chipsets for the AMD K8 desktop platform.","Title: <SPLIT>Description: ATI launches new Radeon Xpress 200 chipsets for AMD K8 platform ATI Technologies today announced the availability of its new Radeon Xpress 200 series of core logic chipsets for the AMD K8 desktop platform.",1.0,1.0,1,1,3,1,"Skipped"
"Title: <SPLIT>Description: Iraqi nuclear assets  #39;are missing #39; Equipment which could be used to make nuclear arms has been vanishing from Iraq, the United Nations has been warned. Satellite images show entire nuclear plants appear to have been dismantled.","Title: <SPLIT>Description: Iraqi nuclear assets  #39;are missing #39; Equipment which could be used to make nuclear arms has been vanishing from Iraq, the United Nations has been warned. Satellite images show entire nuclear plants appear to have been dismantled.",1.0,1.0,1,1,0,1,"Skipped"
"Title: <SPLIT>Description: Child Abuse Leads to Adult Heart Disease By Ed Edelson, HealthDay Reporter    HealthDayNews -- Children who are abused or neglected grow up to be adults with a significantly greater risk of heart disease, a new study says.    It's the first study to show a direct link between a wide range of childhood problems and ischemic heart disease -- blockage of the arteries that leads to heart attacks and other major problems, said Maxia Dong, a medical epidemiologist at the U.S...","Title: <SPLIT>Description: Child Abuse Leads to Adult Heart Disease By Ed Edelson, HealthDay Reporter    HealthDayNews -- Children who are abused or neglected grow up to be adults with a significantly greater risk of heart disease, a new study says.    It's the first study to show a direct link between a wide range of childhood problems and ischemic heart disease -- blockage of the arteries that leads to heart attacks and other major problems, said Maxia Dong, a medical epidemiologist at the U.S...",1.0,1.0,1,1,3,1,"Skipped"
"Title: <SPLIT>Description: Browns' Dawson got feet wet with Vinatieri The Patriots' Adam Vinatieri and Cleveland's Phil Dawson formed a productive practice pair in 1998. Vinatieri scored a personal-high 127 points in '98, his third NFL season, while Dawson performed as a practice squad player.","Title: <SPLIT>Description: Browns' Dawson got feet wet with Vinatieri The Patriots' Adam Vinatieri and Cleveland's Phil Dawson formed a productive practice pair in 1998. Vinatieri scored a personal-high 127 points in '98, his third NFL season, while Dawson performed as a practice squad player.",0.0,0.0,1,1,1,200,"Failed"
"Title: <SPLIT>Description: King abdicates after 6 decades King Norodom Sihanouk, known as much for his colorful personality as his controversial statesmanship, has been synonymous with Cambodia #39;s modern history for six decades.","Title: <SPLIT>Description: King abdicates after 6 decades King Norodom Sihanouk, known as much for his colorful personality as his controversial statesmanship, has been synonymous with Cambodia #39;s modern history for six decades.",1.0,1.0,1,1,0,1,"Skipped"
"Title: <SPLIT>Description: Apple's IPod Features U2 Collaboration (AP) AP - Apple Computer Inc. on Tuesday introduced a new larger-capacity iPod with a color display as well as a first-of-its-kind digital compendium of the rock band U2's songs.","Title: <SPLIT>Description: Apple's IPod Features U2 Collaboration (AP) AP - Apple Computer Inc. on Tuesday introduced a new larger-capacity iPod with a color display as well as a first-of-its-kind digital compendium of the rock band U2's songs.",1.0,1.0,1,1,3,1,"Skipped"
"Title: <SPLIT>Description: Report finds handheld device market in continued decline The worldwide market for handheld devices saw its third successive quarter of year-over-year decline in the third quarter of 2004, according to a new report released by IDC.","Title: <SPLIT>Description: Report finds handheld device market in continued decline The worldwide market for handheld devices saw its third successive quarter of year-over-year decline in the third quarter of 2004, according to a new report released by IDC.",1.0,1.0,1,1,2,1,"Skipped"
"Title: <SPLIT>Description: Senate Bill Aims at Makers of File-Sharing Software The Senate Judiciary Committee is considering a copyright bill that stands at the center of the file-sharing debate.","Title: <SPLIT>Description: Senate Bill Aims at Makers of File-Sharing Software The Senate Judiciary Committee is considering a copyright bill that stands at the center of the file-sharing debate.",1.0,1.0,1,1,3,1,"Skipped"
"Title: <SPLIT>Description: SAN FRANCISCO Mission District cyclist blew whistle on flawed lock The triumph last week of the Bic pen over expensive, state-of-the-art steel locks has panicked the bicycling community, and churned Internet rumor mills about how much the lock manufacturer knew and when the company knew it.","Title: <SPLIT>Description: SAN FRANCISCO Mission District cyclist blew whistle on flawed lock The triumph last week of the Bic pen over expensive, state-of-the-art steel locks has panicked the bicycling community, and churned Internet rumor mills about how much the lock manufacturer knew and when the company knew it.",1.0,1.0,1,1,2,1,"Skipped"
"Title: <SPLIT>Description: Don King Productions Presents:  quot;Battle For Supremacy quot; On Saturday November 13th, ten misfits, nomads and upstarts seek to wage war or settle the score at the famed Madison Square Garden in New York, New York.","Title: <SPLIT>Description: Don King Productions Presents:  quot;Battle For Supremacy quot; On Saturday November 13th, ten misfits, nomads and upstarts seek to wage war or settle the score at the famed Madison Square Garden in New York, New York.",0.0,0.0,1,1,1,200,"Failed"
"Title: <SPLIT>Description: Computer Users Warned of  #39;David Beckham Zombie Trap #39; Hackers are trying to trick computer users into downloading damaging software by claiming to have sleazy photographs of football star David Beckham, experts warned today.","Title: <SPLIT>Description: Computer Users Warned of  #39;David Beckham Zombie Trap #39; Hackers are trying to trick computer users into downloading damaging software by claiming to have sleazy photographs of football star David Beckham, experts warned today.",1.0,1.0,1,1,3,1,"Skipped"
"Title: <SPLIT>Description: Owens Explains Ravens Snub Baltimore Ravens linebacker Ray Lewis took a deep breath as he prepared to answer yet another question about Terrell Owens, the wide receiver who spurned an ","Title: <SPLIT>Description: Owens Explains Ravens Snub Baltimore Ravens linebacker Ray Lewis took a deep breath as he prepared to answer yet another question about Terrell Owens, the wide receiver who spurned an ",0.0,0.0,1,1,1,200,"Failed"
"Title: <SPLIT>Description: Whitman: EBay To Buy Rent.com; Compliments Craigslist Stake Without reserve. EBay (nasdaq: EBAY - news - people ) on Friday said it is buying Rent.com. The latter, which is privately held, provides online listings of apartment and house rentals.","Title: <SPLIT>Description: Whitman: EBay To Buy Rent.com; Compliments Craigslist Stake Without reserve. EBay (nasdaq: EBAY - news - people ) on Friday said it is buying Rent.com. The latter, which is privately held, provides online listings of apartment and house rentals.",1.0,1.0,1,1,2,1,"Skipped"
"Title: <SPLIT>Description: Bloglines aims for simplicity (SiliconValley.com) SiliconValley.com - There's been a lot of innovation in online publishing lately, but regular Internet users might be scratching their heads at some of the lingo. Social software, blogs and RSS technology? What does it all mean?","Title: <SPLIT>Description: Bloglines aims for simplicity (SiliconValley.com) SiliconValley.com - There's been a lot of innovation in online publishing lately, but regular Internet users might be scratching their heads at some of the lingo. Social software, blogs and RSS technology? What does it all mean?",1.0,1.0,1,1,3,1,"Skipped"
"Title: <SPLIT>Description: Nortel Downsizes Again Aug. 23, 2004 (TheDeal.com) Problem-plagued Nortel Networks Corp. announced plans Thursday, Aug. 19, to eliminate an additional 3,500 jobs and fire seven more senior executives as the company labors to reinvent ","Title: <SPLIT>Description: Nortel Downsizes Again Aug. 23, 2004 (TheDeal.com) Problem-plagued Nortel Networks Corp. announced plans Thursday, Aug. 19, to eliminate an additional 3,500 jobs and fire seven more senior executives as the company labors to reinvent ",1.0,1.0,1,1,2,1,"Skipped"
"Title: <SPLIT>Description: 9/10/04 - INDIA-PAKISTAN DIALOGUE The foreign ministers of India and Pakistan have concluded another round of peace talks. The talks in Indias capital, New Delhi, set the stage for an expected meeting at the United Nations later this month ","Title: <SPLIT>Description: 9/10/04 - INDIA-PAKISTAN DIALOGUE The foreign ministers of India and Pakistan have concluded another round of peace talks. The talks in Indias capital, New Delhi, set the stage for an expected meeting at the United Nations later this month ",1.0,1.0,1,1,0,1,"Skipped"
"Title: <SPLIT>Description: ""Verizon, Bain Near Canada Directory Deal  NEW YORK (Reuters) - Verizon Communications Inc. &lt;A HREF=""""http://www.investor.reuters.com/FullQuote.aspx?ticker=VZ.N target=/stocks/quickinfo/fullquote""""&gt;VZ.N&lt;/A&gt; is  near an agreement to sell its Canadian telephone directory  business to private equity firm Bain Capital, the New York Post  said on Wednesday.""","Title: <SPLIT>Description: ""Verizon, Bain Near Canada Directory Deal  NEW YORK (Reuters) - Verizon Communications Inc. &lt;A HREF=""""http://www.investor.reuters.com/FullQuote.aspx?ticker=VZ.N target=/stocks/quickinfo/fullquote""""&gt;VZ.N&lt;/A&gt; is  near an agreement to sell its Canadian telephone directory  business to private equity firm Bain Capital, the New York Post  said on Wednesday.""",1.0,1.0,1,1,2,1,"Skipped"
"Title: <SPLIT>Description: ""Philippine Rebels Free Troops, Talks in Doubt  PRESENTACION, Philippines (Reuters) - Philippine communist  rebels freed Wednesday two soldiers they had held as """"prisoners  of war"""" for more than five months, saying they wanted to  rebuild confidence in peace talks with the government.""","Title: <SPLIT>Description: ""Philippine Rebels Free Troops, Talks in Doubt  PRESENTACION, Philippines (Reuters) - Philippine communist  rebels freed Wednesday two soldiers they had held as """"prisoners  of war"""" for more than five months, saying they wanted to  rebuild confidence in peace talks with the government.""",1.0,1.0,1,1,0,1,"Skipped"
"Title: <SPLIT>Description: Donald Leads by Two in Dunhill Links (AP) AP - Luke Donald shot a 4-under-par 68 Saturday for a two-stroke lead after three rounds of the Dunhill Links Championship.","Title: <SPLIT>Description: Donald Leads by Two in Dunhill Links (AP) AP - Luke Donald shot a 4-under-par 68 Saturday for a two-stroke lead after three rounds of the Dunhill Links Championship.",1.0,1.0,0,0,1,1,"Skipped"
"Title: <SPLIT>Description: Patch in for Microsoft server spoofing flaw Attackers could use hole in small-business software to trick personal information out of people.","Title: <SPLIT>Description: Patch in for Microsoft server spoofing flaw Attackers could use hole in small-business software to trick personal information out of people.",1.0,1.0,2,2,3,1,"Skipped"
"Title: <SPLIT>Description: Ortiz, Sox rally to fight another day: Sink Yanks in 14, send &lt;b&gt;...&lt;/b&gt; The official crowd at Fenway Park last night was a capacity 35,120, but as the years pass, the number of people who claim to have attended the Red Sox stats, schedule #39; 5-4, 14-inning victory ","Title: <SPLIT>Description: Ortiz, Sox rally to fight another day: Sink Yanks in 14, send &lt;b&gt;...&lt;/b&gt; The official crowd at Fenway Park last night was a capacity 35,120, but as the years pass, the number of people who claim to have attended the Red Sox stats, schedule #39; 5-4, 14-inning victory ",0.0,0.0,1,1,1,200,"Failed"
"Title: <SPLIT>Description: Oil Steady as Winter Worries Stem Decline  LONDON (Reuters) - Oil prices were steady on Thursday as  concern over lean heating fuel supplies in the United States  and Europe ahead of winter stemmed falls of nearly \$10 since  late October.","Title: <SPLIT>Description: Oil Steady as Winter Worries Stem Decline  LONDON (Reuters) - Oil prices were steady on Thursday as  concern over lean heating fuel supplies in the United States  and Europe ahead of winter stemmed falls of nearly \$10 since  late October.",1.0,1.0,1,1,2,1,"Skipped"
"Title: <SPLIT>Description: Davenport Advances at U.S. Open NEW YORK - Lindsay Davenport's summer of success stayed on course Thursday when the fifth-seeded former U.S. Open champion defeated Arantxa Parra Santonja 6-4, 6-2 and advanced to the third round of the season's final Grand Slam event...","Title: <SPLIT>Description: Davenport Advances at U.S. Open NEW YORK - Lindsay Davenport's summer of success stayed on course Thursday when the fifth-seeded former U.S. Open champion defeated Arantxa Parra Santonja 6-4, 6-2 and advanced to the third round of the season's final Grand Slam event...",1.0,1.0,1,1,0,1,"Skipped"
"Title: <SPLIT>Description: Britain Ups Anti-Terror Security Spending (AP) AP - The Sept. 11 attacks on America forced Prime Minister Tony Blair's government to ponder a troubling question: Could terrorists pull off something similar, or even worse, in London or another big British city? The answer, they concluded, was yes.","Title: <SPLIT>Description: Britain Ups Anti-Terror Security Spending (AP) AP - The Sept. 11 attacks on America forced Prime Minister Tony Blair's government to ponder a troubling question: Could terrorists pull off something similar, or even worse, in London or another big British city? The answer, they concluded, was yes.",1.0,1.0,1,1,0,1,"Skipped"
"Title: <SPLIT>Description: On Wall Street: Dominic Rushe: Disney trial is more than a Mickey &lt;b&gt;...&lt;/b&gt; WILMINGTON, Delaware, isnta popular spot with the Hollywood crowd. I imagine they would be a bit sniffy about what passes for local entertainment.","Title: <SPLIT>Description: On Wall Street: Dominic Rushe: Disney trial is more than a Mickey &lt;b&gt;...&lt;/b&gt; WILMINGTON, Delaware, isnta popular spot with the Hollywood crowd. I imagine they would be a bit sniffy about what passes for local entertainment.",1.0,1.0,1,1,2,1,"Skipped"
"Title: <SPLIT>Description: Athletics 5, Devil Rays 0 Barry Zito scattered four hits over eight shutout innings, leading the AL West-leading Oakland Athletics past the Tampa Bay Devil Rays 5-0 on Saturday night.","Title: <SPLIT>Description: Athletics 5, Devil Rays 0 Barry Zito scattered four hits over eight shutout innings, leading the AL West-leading Oakland Athletics past the Tampa Bay Devil Rays 5-0 on Saturday night.",0.0,0.0,1,1,1,200,"Failed"
"Title: <SPLIT>Description: Despite Discord, Biffle and Busch to remain teammates Mears wins Busch pole at Lowe #39;s. Casey Mears won the second Busch series pole of his career, earning the top starting position in qualifying for the SpongeBob 300.","Title: <SPLIT>Description: Despite Discord, Biffle and Busch to remain teammates Mears wins Busch pole at Lowe #39;s. Casey Mears won the second Busch series pole of his career, earning the top starting position in qualifying for the SpongeBob 300.",0.0,0.0,1,1,1,200,"Failed"
"Title: <SPLIT>Description: KASHMIR LEADER SURVIVES ATTACK The head of Indian Kashmir #39;s main opposition party, Omar Abdullah, has survived a second assassination bid in a month. Police say seven people were injured when rebels detonated a bomb a few steps away from Mr Abdullah, two of them critically.","Title: <SPLIT>Description: KASHMIR LEADER SURVIVES ATTACK The head of Indian Kashmir #39;s main opposition party, Omar Abdullah, has survived a second assassination bid in a month. Police say seven people were injured when rebels detonated a bomb a few steps away from Mr Abdullah, two of them critically.",1.0,1.0,1,1,0,1,"Skipped"
"Title: <SPLIT>Description: Biffle Bests Mears Greg Biffle wins a nearly race-long duel with Casey Mears, pulling away over the last two laps to win the NASCAR Busch Series race Saturday at California Speedway.","Title: <SPLIT>Description: Biffle Bests Mears Greg Biffle wins a nearly race-long duel with Casey Mears, pulling away over the last two laps to win the NASCAR Busch Series race Saturday at California Speedway.",1.0,1.0,2,2,1,1,"Skipped"
"Title: <SPLIT>Description: AOL aims to boost IM on mobiles AOL has kicked off an initiative designed to make it easier for developers to engineer, test and distribute licensed AOL Instant Messenger (AIM) clients for mobile devices.","Title: <SPLIT>Description: AOL aims to boost IM on mobiles AOL has kicked off an initiative designed to make it easier for developers to engineer, test and distribute licensed AOL Instant Messenger (AIM) clients for mobile devices.",1.0,1.0,1,1,3,1,"Skipped"
"Title: <SPLIT>Description: Southwest To Bid For ATA Chicago Assets Southwest Airlines said on Friday it will bid at least USD\$100 million for assets of bankrupt ATA Airlines, including taking over six of ATA #39;s 14 gates at Chicago #39;s Midway Airport and selling tickets on some of each other #39;s flights.","Title: <SPLIT>Description: Southwest To Bid For ATA Chicago Assets Southwest Airlines said on Friday it will bid at least USD\$100 million for assets of bankrupt ATA Airlines, including taking over six of ATA #39;s 14 gates at Chicago #39;s Midway Airport and selling tickets on some of each other #39;s flights.",1.0,1.0,1,1,2,1,"Skipped"
"Title: <SPLIT>Description: Angels Rally Past A's to Clinch AL West Crown (Reuters) Reuters - Garret Anderson capped a three-run\eighth inning rally with a run-scoring single as the Anaheim\Angels edged the Oakland Athletics 5-4 Saturday to capture\their first AL West pennant in 18 years.","Title: <SPLIT>Description: Angels Rally Past A's to Clinch AL West Crown (Reuters) Reuters - Garret Anderson capped a three-run\eighth inning rally with a run-scoring single as the Anaheim\Angels edged the Oakland Athletics 5-4 Saturday to capture\their first AL West pennant in 18 years.",0.0,0.0,1,1,1,200,"Failed"
"Title: <SPLIT>Description: Big merger could box Qwest in Qwest Communications may not be immediately affected by a Sprint-Nextel merger, but its options could become more limited. At one time, Qwest and Sprint were viewed as possible merger partners.","Title: <SPLIT>Description: Big merger could box Qwest in Qwest Communications may not be immediately affected by a Sprint-Nextel merger, but its options could become more limited. At one time, Qwest and Sprint were viewed as possible merger partners.",1.0,1.0,1,1,2,1,"Skipped"
"Title: <SPLIT>Description: McKenzie Ends Holdout and Returns to Green Bay (Reuters) Reuters - Green Bay Packers\cornerback Mike McKenzie ended his lengthy holdout Wednesday\afternoon and joined his teammates in preparation for Week 2.","Title: <SPLIT>Description: McKenzie Ends Holdout and Returns to Green Bay (Reuters) Reuters - Green Bay Packers\cornerback Mike McKenzie ended his lengthy holdout Wednesday\afternoon and joined his teammates in preparation for Week 2.",0.0,0.0,1,1,1,200,"Failed"
"Title: <SPLIT>Description: UPDATE 1-Beck to face Youzhny in St Petersburg final Unseeded Slovak Karol Beck reached the first final of his career at the St Petersburg Open, upsetting seventh-seeded Michael Llodra of France 6-4 2-6 6-1 on Saturday.","Title: <SPLIT>Description: UPDATE 1-Beck to face Youzhny in St Petersburg final Unseeded Slovak Karol Beck reached the first final of his career at the St Petersburg Open, upsetting seventh-seeded Michael Llodra of France 6-4 2-6 6-1 on Saturday.",0.0,0.0,1,1,1,200,"Failed"
"Title: <SPLIT>Description: Pakistan on back foot in four dayer (AFP) AFP - Pakistan was still struggling at lunch on the second day of their four-day tour match against Western Australia here despite claiming two wickets in the morning session.","Title: <SPLIT>Description: Pakistan on back foot in four dayer (AFP) AFP - Pakistan was still struggling at lunch on the second day of their four-day tour match against Western Australia here despite claiming two wickets in the morning session.",0.0,0.0,0,0,0,200,"Failed"
"Title: <SPLIT>Description: Priceline, Ramada to Make Sites More Accessible to Blind In one of the first enforcement actions of the Americans with Disabilities Act on the Internet, two major travel services have agreed to make sites more accessible to the blind and visually impaired.","Title: <SPLIT>Description: Priceline, Ramada to Make Sites More Accessible to Blind In one of the first enforcement actions of the Americans with Disabilities Act on the Internet, two major travel services have agreed to make sites more accessible to the blind and visually impaired.",1.0,1.0,1,1,3,1,"Skipped"
"Title: <SPLIT>Description: Diesels, Hybrids Fated to Wed Two leading technologies used in fuel-efficient vehicles seem destined to unite. Industry experts say joining hybrid motors with diesel engines would result in the greenest mainstream vehicles ever, and the initial tests are promising.","Title: <SPLIT>Description: Diesels, Hybrids Fated to Wed Two leading technologies used in fuel-efficient vehicles seem destined to unite. Industry experts say joining hybrid motors with diesel engines would result in the greenest mainstream vehicles ever, and the initial tests are promising.",1.0,1.0,1,1,2,1,"Skipped"
"Title: <SPLIT>Description: Nets 96, Bobcats 89 EAST RUTHERFORD, NJ - In some ways, the New Jersey Nets are searching for an identity as much as the expansion Charlotte Bobcats. It #39;s the price of being dismantled in the offseason.","Title: <SPLIT>Description: Nets 96, Bobcats 89 EAST RUTHERFORD, NJ - In some ways, the New Jersey Nets are searching for an identity as much as the expansion Charlotte Bobcats. It #39;s the price of being dismantled in the offseason.",0.0,0.0,1,1,1,200,"Failed"
"Title: <SPLIT>Description: China succeeds in cooling economy, but 2005 likely to prove just as tough (AFP) AFP - China can claim some success in the battle to cool its roaring economy in 2004 with a series of macro policies helping prevent another boom-bust cycle, but much remains to be done if Beijing is to avoid increasing wrangles with trade partners.","Title: <SPLIT>Description: China succeeds in cooling economy, but 2005 likely to prove just as tough (AFP) AFP - China can claim some success in the battle to cool its roaring economy in 2004 with a series of macro policies helping prevent another boom-bust cycle, but much remains to be done if Beijing is to avoid increasing wrangles with trade partners.",1.0,1.0,1,1,2,1,"Skipped"
"Title: <SPLIT>Description: Time Warner settles with DOJ, SEC for \$510 mil Time Warner Inc. on Wednesday settled criminal securities fraud charges the government leveled on its America Online unit, agreeing to pay \$210 million to end the Justice Department #39;s probe.","Title: <SPLIT>Description: Time Warner settles with DOJ, SEC for \$510 mil Time Warner Inc. on Wednesday settled criminal securities fraud charges the government leveled on its America Online unit, agreeing to pay \$210 million to end the Justice Department #39;s probe.",1.0,1.0,1,1,2,1,"Skipped"
"Title: <SPLIT>Description: Intuit gets deeper into IT, revamps Quicken The software maker adds a network management application. It also updates its Quicken personal-finance software.","Title: <SPLIT>Description: Intuit gets deeper into IT, revamps Quicken The software maker adds a network management application. It also updates its Quicken personal-finance software.",1.0,1.0,2,2,3,1,"Skipped"
"Title: <SPLIT>Description: Anwar Begins Malaysia Political Comeback Malaysia #39;s most charismatic dissident Anwar Ibrahim, released from jail two months ago, kicked off his political comeback Sunday, vowing to restart a campaign for democratic reforms and racial equality.","Title: <SPLIT>Description: Anwar Begins Malaysia Political Comeback Malaysia #39;s most charismatic dissident Anwar Ibrahim, released from jail two months ago, kicked off his political comeback Sunday, vowing to restart a campaign for democratic reforms and racial equality.",1.0,1.0,1,1,0,1,"Skipped"
"Title: <SPLIT>Description: Rumsfeld Raises Prospect of Limited Iraq Elections (Reuters) Reuters - Defense Secretary Donald Rumsfeld on\Thursday raised the possibility that some areas of Iraq night\be excluded from elections scheduled for January if security\could not be guaranteed.","Title: <SPLIT>Description: Rumsfeld Raises Prospect of Limited Iraq Elections (Reuters) Reuters - Defense Secretary Donald Rumsfeld on\Thursday raised the possibility that some areas of Iraq night\be excluded from elections scheduled for January if security\could not be guaranteed.",1.0,1.0,1,1,0,1,"Skipped"
"Title: <SPLIT>Description: Bonds MVP Award Provides Sparkle in Tainted Season  NEW YORK (Reuters) - San Francisco Giants slugger Barry  Bonds captured a record seventh MVP award Monday, providing a  sparkling finish to a season tainted by doping allegations.","Title: <SPLIT>Description: Bonds MVP Award Provides Sparkle in Tainted Season  NEW YORK (Reuters) - San Francisco Giants slugger Barry  Bonds captured a record seventh MVP award Monday, providing a  sparkling finish to a season tainted by doping allegations.",0.0,0.0,1,1,1,200,"Failed"
"Title: <SPLIT>Description: Blast Outside Thailand Bar Injures 15 (AP) AP - A bomb exploded Thursday evening outside a bar in southern Thailand, the scene of a campaign of violence blamed on Islamic separatists, injuring at least 15 people, police said.","Title: <SPLIT>Description: Blast Outside Thailand Bar Injures 15 (AP) AP - A bomb exploded Thursday evening outside a bar in southern Thailand, the scene of a campaign of violence blamed on Islamic separatists, injuring at least 15 people, police said.",1.0,1.0,1,1,0,1,"Skipped"
"Title: <SPLIT>Description: No. 1 LSU overcomes stubborn host Minnesota MINNEAPOLIS - Top-ranked teams aren #39;t solo shows, and star Seimone Augustus sure has plenty of help around her with the LSU Lady Tigers.","Title: <SPLIT>Description: No. 1 LSU overcomes stubborn host Minnesota MINNEAPOLIS - Top-ranked teams aren #39;t solo shows, and star Seimone Augustus sure has plenty of help around her with the LSU Lady Tigers.",0.0,0.0,1,1,1,200,"Failed"
"Title: <SPLIT>Description: Cassini Space Probe Spots Two New Saturn Moons (Reuters) Reuters - Two new moons were spotted around\Saturn by the Cassini space probe, raising the total to 33\moons for the ringed planet, NASA said on Monday.","Title: <SPLIT>Description: Cassini Space Probe Spots Two New Saturn Moons (Reuters) Reuters - Two new moons were spotted around\Saturn by the Cassini space probe, raising the total to 33\moons for the ringed planet, NASA said on Monday.",1.0,1.0,1,1,3,1,"Skipped"
"Title: <SPLIT>Description: Manchester United admits paying 11m to transfer middle-men The role of agents in multimillion-pound football transfer deals came under fresh scrutiny yesterday after Manchester United revealed payments of 11m to middle-men for their help in signing players.","Title: <SPLIT>Description: Manchester United admits paying 11m to transfer middle-men The role of agents in multimillion-pound football transfer deals came under fresh scrutiny yesterday after Manchester United revealed payments of 11m to middle-men for their help in signing players.",0.0,0.0,1,1,1,200,"Failed"
"Title: <SPLIT>Description: US stocks gain on Kmart-Sears merger Stocks closed higher on Wall Street as investors welcomed the merger of Kmart Holding Corp. and Sears. However, climbing oil prices restricted gains.","Title: <SPLIT>Description: US stocks gain on Kmart-Sears merger Stocks closed higher on Wall Street as investors welcomed the merger of Kmart Holding Corp. and Sears. However, climbing oil prices restricted gains.",1.0,1.0,0,0,2,1,"Skipped"
"Title: <SPLIT>Description: Texans follow Astros #39; lead The News sports editor. HOUSTON - The Houston Astros weren #39;t the only team in the Bayou City toasting a watershed achievement Sunday afternoon.","Title: <SPLIT>Description: Texans follow Astros #39; lead The News sports editor. HOUSTON - The Houston Astros weren #39;t the only team in the Bayou City toasting a watershed achievement Sunday afternoon.",1.0,1.0,0,0,1,1,"Skipped"
"Title: <SPLIT>Description: Group Seeks Ways to Prosecute Cybercrime (AP) AP - Governments and private sector officials from around the world sought ways Thursday to jointly combat cybercrime, whose growth mirrors the phenomenal rise of the Internet's popularity.","Title: <SPLIT>Description: Group Seeks Ways to Prosecute Cybercrime (AP) AP - Governments and private sector officials from around the world sought ways Thursday to jointly combat cybercrime, whose growth mirrors the phenomenal rise of the Internet's popularity.",1.0,1.0,1,1,3,1,"Skipped"
"Title: <SPLIT>Description: Warren Is Told Not to Get Personal The NFL cautioned Cleveland Browns defensive tackle Gerard Warren not to pick up a personal foul penalty against Pittsburgh Steelers quarterback Ben Roethlisberger during tomorrow #39;s game.","Title: <SPLIT>Description: Warren Is Told Not to Get Personal The NFL cautioned Cleveland Browns defensive tackle Gerard Warren not to pick up a personal foul penalty against Pittsburgh Steelers quarterback Ben Roethlisberger during tomorrow #39;s game.",0.0,0.0,1,1,1,200,"Failed"
"Title: <SPLIT>Description: Atheros reaches into electronics devices Chipmaker announces new chipset and reference design for consumer devices and PCs.","Title: <SPLIT>Description: Atheros reaches into electronics devices Chipmaker announces new chipset and reference design for consumer devices and PCs.",1.0,1.0,1,1,3,1,"Skipped"
"Title: <SPLIT>Description: [[Straw]]: No British troops to Darfur British Foreign Minister Jack Straw said his country does not plan to deploy forces to Darfur in western Sudan but will provide technical assistance.","Title: <SPLIT>Description: [[chaff]]: No British troops to Darfur British Foreign Minister Jack Straw said his country does not plan to deploy forces to Darfur in western Sudan but will provide technical assistance.",0.0,1.0,0,1,0,161,"Successful"
"Title: <SPLIT>Description: [[Fear]] Hamstrings Quest for Intelligence in N. Iraq Intelligence-gathering by the front-line forces that need to know the most is proving difficult in a region increasingly gripped by fear.","Title: <SPLIT>Description: [[fear]] Hamstrings Quest for Intelligence in N. Iraq Intelligence-gathering by the front-line forces that need to know the most is proving difficult in a region increasingly gripped by fear.",0.0,1.0,0,1,0,157,"Successful"
"Title: <SPLIT>Description: Safin stops Youzhny for China Open title Marat Safin won the China Open yestereday, beating fellow Russian Mikhail Youzhny, 7-6 (4), 7-5, to claim his first title in two years.","Title: <SPLIT>Description: Safin stops Youzhny for China Open title Marat Safin won the China Open yestereday, beating fellow Russian Mikhail Youzhny, 7-6 (4), 7-5, to claim his first title in two years.",0.0,0.0,1,1,1,200,"Failed"
"Title: <SPLIT>Description: Southern Africa Faces Food, Water Crises - Study (Reuters) Reuters - Southern Africa faces major\challenges to feed its swelling populations and to keep its\wells from running dry, a study showed Wednesday.","Title: <SPLIT>Description: Southern Africa Faces Food, Water Crises - Study (Reuters) Reuters - Southern Africa faces major\challenges to feed its swelling populations and to keep its\wells from running dry, a study showed Wednesday.",1.0,1.0,1,1,3,1,"Skipped"
"Title: <SPLIT>Description: The Week: No. 1 at Last water running over a rock, wind ripping across a sand dune, the ocean washing up against the shore. Whatever the image, for the last three years Vijay Singh has been the ","Title: <SPLIT>Description: The Week: No. 1 at Last water running over a rock, wind ripping across a sand dune, the ocean washing up against the shore. Whatever the image, for the last three years Vijay Singh has been the ",1.0,1.0,0,0,1,1,"Skipped"
"Title: <SPLIT>Description: Lawmakers Try to OK Hurricane-Drought Aid (AP) AP - Lawmakers scrambled to approve a  #36;14 billion package to aid hurricane and drought victims Thursday, driven by warnings that relief money was running out and a need to pass legislation before the planned departure of Congress at the end of this week for the election.","Title: <SPLIT>Description: Lawmakers Try to OK Hurricane-Drought Aid (AP) AP - Lawmakers scrambled to approve a  #36;14 billion package to aid hurricane and drought victims Thursday, driven by warnings that relief money was running out and a need to pass legislation before the planned departure of Congress at the end of this week for the election.",1.0,1.0,1,1,0,1,"Skipped"
"Title: <SPLIT>Description: SpaceShipOne ready for X Prize Designer Burt Rutan #39;s SpaceShipOne cracked through Earth #39;s atmosphere and into outer space Sept. 29. Pilot Mike Mevill guided the aircraft to an altitude of 102,870 meters.","Title: <SPLIT>Description: SpaceShipOne ready for X Prize Designer Burt Rutan #39;s SpaceShipOne cracked through Earth #39;s atmosphere and into outer space Sept. 29. Pilot Mike Mevill guided the aircraft to an altitude of 102,870 meters.",1.0,1.0,1,1,3,1,"Skipped"
"Title: <SPLIT>Description: Turkey a step closer to Brussels The European Commission is set to give the green light later today to accession talks with Turkey. EU leaders will take a final decision in December.","Title: <SPLIT>Description: Turkey a step closer to Brussels The European Commission is set to give the green light later today to accession talks with Turkey. EU leaders will take a final decision in December.",0.0,0.0,0,0,0,200,"Failed"
"Title: <SPLIT>Description: Greek weightlifter awaits verdict Greek weightlifter Leonidas Sampanis will find out on Sunday if he is to be stripped of his medal.","Title: <SPLIT>Description: Greek weightlifter awaits verdict Greek weightlifter Leonidas Sampanis will find out on Sunday if he is to be stripped of his medal.",1.0,1.0,1,1,0,1,"Skipped"
"Title: <SPLIT>Description: Pinkel reinstates Damien Nash Missouri tailback Damien Nash was reinstated by [[coach]] Gary Pinkel, ending a one-game suspension for the teams #39; leading rusher.","Title: <SPLIT>Description: Pinkel reinstates Damien Nash Missouri tailback Damien Nash was reinstated by [[coach-and-four]] Gary Pinkel, ending a one-game suspension for the teams #39; leading rusher.",0.0,1.0,1,0,1,116,"Successful"
"Title: <SPLIT>Description: Stocks Climb on Drop in Consumer Prices NEW YORK - Stocks rose for a second straight session Tuesday as a drop in consumer prices allowed investors to put aside worries about inflation, at least for the short term.    With gasoline prices falling to eight-month lows, the Consumer Price Index registered a small drop in July, giving consumers a respite from soaring energy prices...","Title: <SPLIT>Description: Stocks Climb on Drop in Consumer Prices NEW YORK - Stocks rose for a second straight session Tuesday as a drop in consumer prices allowed investors to put aside worries about inflation, at least for the short term.    With gasoline prices falling to eight-month lows, the Consumer Price Index registered a small drop in July, giving consumers a respite from soaring energy prices...",1.0,1.0,3,3,0,1,"Skipped"
"Title: <SPLIT>Description: Microsoft, Cisco partner on network-access security Microsoft and Cisco Systems will collaborate to make their emerging products for network security compatible. The vendors had been working independently in the area of PC access to networks but say customers ","Title: <SPLIT>Description: Microsoft, Cisco partner on network-access security Microsoft and Cisco Systems will collaborate to make their emerging products for network security compatible. The vendors had been working independently in the area of PC access to networks but say customers ",1.0,1.0,0,0,3,1,"Skipped"
"Title: <SPLIT>Description: HK banks to adopt different prime rates HSBC, Standard Chartered, Hang Seng bank announced Thursday that they will cut their lending and saving rates despite the 25 points rate hike in the United States overnight.","Title: <SPLIT>Description: HK banks to adopt different prime rates HSBC, Standard Chartered, Hang Seng bank announced Thursday that they will cut their lending and saving rates despite the 25 points rate hike in the United States overnight.",1.0,1.0,0,0,2,1,"Skipped"
"Title: <SPLIT>Description: NASA's Shuttle Hangar Badly Damaged by Storm The gigantic hangar where the space shuttle is prepared for its missions sustained much more damage from Hurricane Frances than initially believed.","Title: <SPLIT>Description: NASA's Shuttle Hangar Badly Damaged by Storm The gigantic hangar where the space shuttle is prepared for its missions sustained much more damage from Hurricane Frances than initially believed.",1.0,1.0,1,1,3,1,"Skipped"
"Title: <SPLIT>Description: Two Manny dads DAVE Norman, the Sydney police constable who rushed to Jakarta to be with his critically [[injured]] daughter Manny Musu, underwent a DNA test to prove he is her biological father.","Title: <SPLIT>Description: Two Manny dads DAVE Norman, the Sydney police constable who rushed to Jakarta to be with his critically [[wound]] daughter Manny Musu, underwent a DNA test to prove he is her biological father.",0.0,1.0,0,1,0,113,"Successful"
"Title: <SPLIT>Description: Noguchi Wins Marathon BULLETIN&lt;br&gt;BC-OLY--Women's Marathon RUN,0058&lt;br&gt;BULLETIN&lt;br&gt;    ATHENS, Greece (AP)  --  Mizuki Noguchi of Japan won the marathon Sunday in 2 hours, 26 minutes, 20 seconds.","Title: <SPLIT>Description: Noguchi Wins Marathon BULLETIN&lt;br&gt;BC-OLY--Women's Marathon RUN,0058&lt;br&gt;BULLETIN&lt;br&gt;    ATHENS, Greece (AP)  --  Mizuki Noguchi of Japan won the marathon Sunday in 2 hours, 26 minutes, 20 seconds.",0.0,0.0,1,1,1,200,"Failed"
"Title: <SPLIT>Description: PeopleSoft CEO Conway maintains defiant tone SEPTEMBER 21, 2004 (IDG NEWS SERVICE) - With 15,000 attendees at PeopleSoft Inc. #39;s Connect 2004 user show waiting to hear how the company would handle Oracle Corp.","Title: <SPLIT>Description: PeopleSoft CEO Conway maintains defiant tone SEPTEMBER 21, 2004 (IDG NEWS SERVICE) - With 15,000 attendees at PeopleSoft Inc. #39;s Connect 2004 user show waiting to hear how the company would handle Oracle Corp.",1.0,1.0,0,0,2,1,"Skipped"
"Title: <SPLIT>Description: VIEIRA FIT FOR UNITED BATTLE SKIPPER Patrick Vieira is set to hand Arsenal a massive boost for Sunday #39;s crunch clash against Manchester United by declaring himself fit to lead the Gunners at Old Trafford.","Title: <SPLIT>Description: VIEIRA FIT FOR UNITED BATTLE SKIPPER Patrick Vieira is set to hand Arsenal a massive boost for Sunday #39;s crunch clash against Manchester United by declaring himself fit to lead the Gunners at Old Trafford.",0.0,0.0,1,1,1,200,"Failed"
"Title: <SPLIT>Description: Cash America shuffles assets, sets special dividend WASHINGTON (CBS.MW) -- Cash America International (PWN) said it #39;s reached a deal to acquire privately owned SuperPawn, operator of a 41-store chain of pawn shops in the US including 21 locations in Las Vegas.","Title: <SPLIT>Description: Cash America shuffles assets, sets special dividend WASHINGTON (CBS.MW) -- Cash America International (PWN) said it #39;s reached a deal to acquire privately owned SuperPawn, operator of a 41-store chain of pawn shops in the US including 21 locations in Las Vegas.",1.0,1.0,1,1,2,1,"Skipped"
"Title: <SPLIT>Description: F1 power struggle now in session. The legal battle for control of Formula One gets underway in earnest today, with Bernie Ecclestone and the three German banks that make up the major shareholding in the sport going to court to decide who has the right to power.","Title: <SPLIT>Description: F1 power struggle now in session. The legal battle for control of Formula One gets underway in earnest today, with Bernie Ecclestone and the three German banks that make up the major shareholding in the sport going to court to decide who has the right to power.",0.0,0.0,1,1,1,200,"Failed"
"Title: <SPLIT>Description: Cambridge SoundWorks gives digital music a spin Home theater company to help users digitally convert audio CDs and store songs on a DVD or player.","Title: <SPLIT>Description: Cambridge SoundWorks gives digital music a spin Home theater company to help users digitally convert audio CDs and store songs on a DVD or player.",1.0,1.0,1,1,3,1,"Skipped"
"Title: <SPLIT>Description: Mortaza strikes to lead superb Bangladesh rally Paceman Mashrafe Mortaza claimed two prize scalps, including Sachin Tendulkar with the day #39;s first ball, to lead a Bangladesh fightback in the second and final test against India on Saturday.","Title: <SPLIT>Description: Mortaza strikes to lead superb Bangladesh rally Paceman Mashrafe Mortaza claimed two prize scalps, including Sachin Tendulkar with the day #39;s first ball, to lead a Bangladesh fightback in the second and final test against India on Saturday.",0.0,0.0,1,1,1,200,"Failed"
"Title: <SPLIT>Description: ""Treo 650 on Monday? \\The blogs  are buzzing  that the Treo 650 will be released on Monday.\\From Gizmodo:\\""""Not only have they announced special """"news"""" next Monday at the CTIA Wireless\Conference in San Francisco, earlier this week someone with PalmOne\accidentally sort of, you know, told me. I told them I'd keep quiet as long as\they did, but if they're going to go and announce it with a wink and a nod, I\think I've done my part.""""\\If they do this right I'll be sporting a Treo 650 soon! \\Of course if this is true:\\""""File it under hoping I'm wrong. Several reports have filtered in from people\who have had hands-on time with pre-release Sprint versions of the upcoming\Treo 650. These reports say that the Treo wi ...\\""","Title: <SPLIT>Description: ""Treo 650 on Monday? \\The blogs  are buzzing  that the Treo 650 will be released on Monday.\\From Gizmodo:\\""""Not only have they announced special """"news"""" next Monday at the CTIA Wireless\Conference in San Francisco, earlier this week someone with PalmOne\accidentally sort of, you know, told me. I told them I'd keep quiet as long as\they did, but if they're going to go and announce it with a wink and a nod, I\think I've done my part.""""\\If they do this right I'll be sporting a Treo 650 soon! \\Of course if this is true:\\""""File it under hoping I'm wrong. Several reports have filtered in from people\who have had hands-on time with pre-release Sprint versions of the upcoming\Treo 650. These reports say that the Treo wi ...\\""",1.0,1.0,1,1,3,1,"Skipped"
"Title: <SPLIT>Description: Halifax first lender to predict house price fall Halifax yesterday became the the first major lender to predict widespread falls in house prices across Britain next year. Reporting that house prices fell again last month, Britain #39;s biggest mortgage lender ","Title: <SPLIT>Description: Halifax first lender to predict house price fall Halifax yesterday became the the first major lender to predict widespread falls in house prices across Britain next year. Reporting that house prices fell again last month, Britain #39;s biggest mortgage lender ",1.0,1.0,1,1,2,1,"Skipped"
"Title: <SPLIT>Description: U.S.: Korea Cloud Not From Nuclear Blast SEOUL, South Korea - A huge mushroom cloud that reportedly billowed up from North Korea was not caused by a nuclear explosion, South Korean and U.S. officials said Sunday, but they said the cause was a mystery...","Title: <SPLIT>Description: U.S.: Korea Cloud Not From Nuclear Blast SEOUL, South Korea - A huge mushroom cloud that reportedly billowed up from North Korea was not caused by a nuclear explosion, South Korean and U.S. officials said Sunday, but they said the cause was a mystery...",1.0,1.0,1,1,0,1,"Skipped"
"Title: <SPLIT>Description: Kuznetsova Beats Sharapova to Make China Open Final  BEIJING (Reuters) - U.S. Open champion Svetlana Kuznetsova  beat compatriot and Wimbledon champion Maria Sharapova 6-2, 6-2  for a place in the final of the \$585,000 China Open WTA  tournament on Saturday.","Title: <SPLIT>Description: Kuznetsova Beats Sharapova to Make China Open Final  BEIJING (Reuters) - U.S. Open champion Svetlana Kuznetsova  beat compatriot and Wimbledon champion Maria Sharapova 6-2, 6-2  for a place in the final of the \$585,000 China Open WTA  tournament on Saturday.",0.0,0.0,1,1,1,200,"Failed"
"Title: <SPLIT>Description: A game to remember CHARLTON #39;S players past and present would have been proud with this display - and how fitting that a game marking the Addicks #39; centenary had everything you could wish for from a match.","Title: <SPLIT>Description: A game to remember CHARLTON #39;S players past and present would have been proud with this display - and how fitting that a game marking the Addicks #39; centenary had everything you could wish for from a match.",0.0,0.0,1,1,1,200,"Failed"
"Title: <SPLIT>Description: Powell Calls for Support to Iraq in Last NATO Meeting At his last North Atlantic Treaty Organization (NATO) Foreign Ministers meeting, US Secretary of State Colin L. Powell asked his European counterparts for support on the Iraq issue.","Title: <SPLIT>Description: Powell Calls for Support to Iraq in Last NATO Meeting At his last North Atlantic Treaty Organization (NATO) Foreign Ministers meeting, US Secretary of State Colin L. Powell asked his European counterparts for support on the Iraq issue.",1.0,1.0,1,1,0,1,"Skipped"
"Title: <SPLIT>Description: Qassam rockets hit western Negev community Two Qassam rockets landed in the western Negev on Saturday morning, causing damage to a home. No casualties were reported. The rocket fire originated from the northern Gaza Strip.","Title: <SPLIT>Description: Qassam rockets hit western Negev community Two Qassam rockets landed in the western Negev on Saturday morning, causing damage to a home. No casualties were reported. The rocket fire originated from the northern Gaza Strip.",1.0,1.0,1,1,0,1,"Skipped"
"Title: <SPLIT>Description: Harvard Seeks Permission to Clone Human Embryos (Reuters) Reuters - Harvard University researchers said\on Wednesday they were seeking permission to use cloning\technology to make human stem cells.","Title: <SPLIT>Description: Harvard Seeks Permission to Clone Human Embryos (Reuters) Reuters - Harvard University researchers said\on Wednesday they were seeking permission to use cloning\technology to make human stem cells.",1.0,1.0,0,0,3,1,"Skipped"
"Title: <SPLIT>Description: Former Enron employee testifies about cover-up to Merrill Lynch &lt;b&gt;...&lt;/b&gt; NEW YORK, September 22 (newratings.com) - A witness in the first Enron criminal trial, and a former executive at the company, testified today that she believed that the Enron executives now on trial were involved in an effort to hide an illicit deal ","Title: <SPLIT>Description: Former Enron employee testifies about cover-up to Merrill Lynch &lt;b&gt;...&lt;/b&gt; NEW YORK, September 22 (newratings.com) - A witness in the first Enron criminal trial, and a former executive at the company, testified today that she believed that the Enron executives now on trial were involved in an effort to hide an illicit deal ",1.0,1.0,1,1,2,1,"Skipped"
"Title: <SPLIT>Description: Amazon.com net sales jump 29; Google reports \$52M in net income OCTOBER 22, 2004 (IDG NEWS SERVICE) - Amazon.com Inc. fell a penny short of analysts #39; per-share earnings expectations, while reporting net sales of \$1.","Title: <SPLIT>Description: Amazon.com net sales jump 29; Google reports \$52M in net income OCTOBER 22, 2004 (IDG NEWS SERVICE) - Amazon.com Inc. fell a penny short of analysts #39; per-share earnings expectations, while reporting net sales of \$1.",1.0,1.0,1,1,3,1,"Skipped"
"Title: <SPLIT>Description: FBI Suspects Israel Has Spy in Pentagon -- CBS News  WASHINGTON (Reuters) - The FBI believes there is an Israeli  spy at the very highest level of the Pentagon, CBS News  reported on Friday.","Title: <SPLIT>Description: FBI Suspects Israel Has Spy in Pentagon -- CBS News  WASHINGTON (Reuters) - The FBI believes there is an Israeli  spy at the very highest level of the Pentagon, CBS News  reported on Friday.",1.0,1.0,1,1,0,1,"Skipped"
"Title: <SPLIT>Description: Windows Tip: Scheduled Tasks written by Greg Melton on Monday &lt;b&gt;...&lt;/b&gt; If you always forget to scan for viruses, update virus protection, run Disk Defragmenter, or run any other system tool, look to the Task Scheduler for help.","Title: <SPLIT>Description: Windows Tip: Scheduled Tasks written by Greg Melton on Monday &lt;b&gt;...&lt;/b&gt; If you always forget to scan for viruses, update virus protection, run Disk Defragmenter, or run any other system tool, look to the Task Scheduler for help.",1.0,1.0,1,1,3,1,"Skipped"
"Title: <SPLIT>Description: Ravens Get Rest With the absence of running back Jamal Lewis, the Ravens hope to get a number of injured players back during their bye week.","Title: <SPLIT>Description: Ravens Get Rest With the absence of running back Jamal Lewis, the Ravens hope to get a number of injured players back during their bye week.",0.0,0.0,1,1,1,200,"Failed"
"Title: <SPLIT>Description: AOL Is Said to Plan 700 Layoffs America Online, the country #39;s leading Internet service, is preparing to lay off as many as 700 of its 13,000 employees in the United States, according to an executive knowledgeable about its plans.","Title: <SPLIT>Description: AOL Is Said to Plan 700 Layoffs America Online, the country #39;s leading Internet service, is preparing to lay off as many as 700 of its 13,000 employees in the United States, according to an executive knowledgeable about its plans.",1.0,1.0,1,1,2,1,"Skipped"
"Title: <SPLIT>Description: ""Rocky Legends; Tony Hawk's Underground 2; Nisus Writer Express 2.0; Surfsaver 6 This is the second Rocky video game in two years -- even though it's been 14 years since the last """"Rocky"""" flick.""","Title: <SPLIT>Description: ""Rocky Legends; Tony Hawk's Underground 2; Nisus Writer Express 2.0; Surfsaver 6 This is the second Rocky video game in two years -- even though it's been 14 years since the last """"Rocky"""" flick.""",1.0,1.0,1,1,3,1,"Skipped"
"Title: <SPLIT>Description: Bank rate stable to boost exports: Reddy Mumbai: Despite the revision of the Gross Domestic Product (GDP) and inflation rate, the Reserve Bank of India (RBI) had kept the bank rate stable at 6 per cent in the mid-term review of annual policy statement for the year 2004-05 in order to boost ","Title: <SPLIT>Description: Bank rate stable to boost exports: Reddy Mumbai: Despite the revision of the Gross Domestic Product (GDP) and inflation rate, the Reserve Bank of India (RBI) had kept the bank rate stable at 6 per cent in the mid-term review of annual policy statement for the year 2004-05 in order to boost ",1.0,1.0,1,1,2,1,"Skipped"
"Title: <SPLIT>Description: US not to free female scientists : With time running out to save a British hostage in Iraq, US officials said today they were not about to free female Iraqi prisoners as demanded by an al Qaida ally whose group has already beheaded two Americans.","Title: <SPLIT>Description: US not to free female scientists : With time running out to save a British hostage in Iraq, US officials said today they were not about to free female Iraqi prisoners as demanded by an al Qaida ally whose group has already beheaded two Americans.",1.0,1.0,1,1,0,1,"Skipped"
"Title: <SPLIT>Description:  #39;Breakthrough #39; on hydrogen fuel US scientists had made a breakthrough in their quest to make low-cost hydrogen, a technology key to finding new sources of energy to end US dependence on foreign oil, they said.","Title: <SPLIT>Description:  #39;Breakthrough #39; on hydrogen fuel US scientists had made a breakthrough in their quest to make low-cost hydrogen, a technology key to finding new sources of energy to end US dependence on foreign oil, they said.",1.0,1.0,1,1,3,1,"Skipped"
"Title: <SPLIT>Description: Two gored to death in Spanish bull-run Two Spanish men were gored to death by fighting bulls yesterday during the bull-run at the local fiestas in Ampuero, a town 30 miles east of the northern port city of Santander.","Title: <SPLIT>Description: Two gored to death in Spanish bull-run Two Spanish men were gored to death by fighting bulls yesterday during the bull-run at the local fiestas in Ampuero, a town 30 miles east of the northern port city of Santander.",1.0,1.0,1,1,0,1,"Skipped"
"Title: <SPLIT>Description: Wilko in doubt World Cup hero and England skipper Jonny Wilkinson is set to miss the upcoming Test against Australia with a badly bruised right arm.","Title: <SPLIT>Description: Wilko in doubt World Cup hero and England skipper Jonny Wilkinson is set to miss the upcoming Test against Australia with a badly bruised right arm.",0.0,0.0,1,1,1,200,"Failed"
"Title: <SPLIT>Description: United Pilots Cut Deal on Pensions United Airlines pilots would drop their opposition to the carrier's much-decried plan to eliminate traditional pensions under a tentative contract agreement approved by union leaders.","Title: <SPLIT>Description: United Pilots Cut Deal on Pensions United Airlines pilots would drop their opposition to the carrier's much-decried plan to eliminate traditional pensions under a tentative contract agreement approved by union leaders.",1.0,1.0,0,0,2,1,"Skipped"
"Title: <SPLIT>Description: ""Microsoft offers SP2 compatibility guide Security-focused Windows XP update can be tough on applications. Guidelines are meant to help professionals """"test and mitigate.""""""","Title: <SPLIT>Description: ""Microsoft offers SP2 compatibility guide Security-focused Windows XP update can be tough on applications. Guidelines are meant to help professionals """"test and mitigate.""""""",1.0,1.0,1,1,3,1,"Skipped"
"Title: <SPLIT>Description: Hakkinen back at Mercedes Finland #39;s two-time Formula One champion Mika Hakkinen ended his three year exile from motor sport on Saturday agreeing to drive for the Mercedes team in the 2005 German Touring Car Championship.","Title: <SPLIT>Description: Hakkinen back at Mercedes Finland #39;s two-time Formula One champion Mika Hakkinen ended his three year exile from motor sport on Saturday agreeing to drive for the Mercedes team in the 2005 German Touring Car Championship.",0.0,0.0,1,1,1,200,"Failed"
"Title: <SPLIT>Description: Lazard Meeting Ends Without IPO Decision  PARIS (Reuters) - Lazard's board on Tuesday failed to  decide on a share sale that would end over 150 years of private  ownership at the independent investment bank but most partners  seemed to back the plan, sources close to the matter said.","Title: <SPLIT>Description: Lazard Meeting Ends Without IPO Decision  PARIS (Reuters) - Lazard's board on Tuesday failed to  decide on a share sale that would end over 150 years of private  ownership at the independent investment bank but most partners  seemed to back the plan, sources close to the matter said.",1.0,1.0,1,1,2,1,"Skipped"
"Title: <SPLIT>Description: Boeing, Airbus competition escalates into trade war A decades-long struggle between the world's two largest aircraft makers escalated into a trade war between the United States and Europe, just as France-based Airbus stepped up plans to challenge Boeing for lucrative US defense contracts.","Title: <SPLIT>Description: Boeing, Airbus competition escalates into trade war A decades-long struggle between the world's two largest aircraft makers escalated into a trade war between the United States and Europe, just as France-based Airbus stepped up plans to challenge Boeing for lucrative US defense contracts.",1.0,1.0,1,1,2,1,"Skipped"
"Title: <SPLIT>Description: CBI calls for cuts in spending to reduce borrowing GORDON BROWN faces a new warning today that he will have to raise taxes by 7 billion or cut swaths of government spending if Labour wins next years general election.","Title: <SPLIT>Description: CBI calls for cuts in spending to reduce borrowing GORDON BROWN faces a new warning today that he will have to raise taxes by 7 billion or cut swaths of government spending if Labour wins next years general election.",1.0,1.0,1,1,2,1,"Skipped"
"Title: <SPLIT>Description: Yukos plans to fix itself before auction The Russian oil giant Yukos said yesterday that management was putting together an emergency plan to continue running the company for a few months, even after the auction of its prize asset in December.","Title: <SPLIT>Description: Yukos plans to fix itself before auction The Russian oil giant Yukos said yesterday that management was putting together an emergency plan to continue running the company for a few months, even after the auction of its prize asset in December.",1.0,1.0,1,1,2,1,"Skipped"
"Title: <SPLIT>Description: Amazon Leaves Jungle Business The company has no further expansion plans after buying a Chinese website. Also: Virgin joins quest for a better iPod   hellip;. PeopleSoft makes promise that Oracle will live up to   hellip;. and more.","Title: <SPLIT>Description: Amazon Leaves Jungle Business The company has no further expansion plans after buying a Chinese website. Also: Virgin joins quest for a better iPod   hellip;. PeopleSoft makes promise that Oracle will live up to   hellip;. and more.",1.0,1.0,1,1,2,1,"Skipped"
"Title: <SPLIT>Description: Israeli Held Meetings With U.S. Analyst (AP) AP - A senior Israeli diplomat in Washington has met with a Pentagon analyst being investigated by the FBI on suspicion he passed classified information to Israel, Israeli officials confirmed Monday.","Title: <SPLIT>Description: Israeli Held Meetings With U.S. Analyst (AP) AP - A senior Israeli diplomat in Washington has met with a Pentagon analyst being investigated by the FBI on suspicion he passed classified information to Israel, Israeli officials confirmed Monday.",1.0,1.0,1,1,0,1,"Skipped"
"Title: <SPLIT>Description: Dominant US captures gold with 79th straight win The US softball team completed its scorched-earth run through the Olympics on Monday with a 5-1 win over Australia, America #39;s third straight gold medal.","Title: <SPLIT>Description: Dominant US captures gold with 79th straight win The US softball team completed its scorched-earth run through the Olympics on Monday with a 5-1 win over Australia, America #39;s third straight gold medal.",1.0,1.0,0,0,1,1,"Skipped"
"Title: <SPLIT>Description: Henman Sails at the Swiss Indoors &lt;p&gt;&lt;/p&gt;&lt;p&gt; By Mark Ledsom&lt;/p&gt;&lt;p&gt; BASEL (Reuters) - Britain's world number four Tim Henmanwon his opening match at the Swiss Indoors tennis tournamentwith little difficulty on Wednesday, beating Frenchman AntonyDupuis 6-3, 6-4.&lt;/p&gt;","Title: <SPLIT>Description: Henman Sails at the Swiss Indoors &lt;p&gt;&lt;/p&gt;&lt;p&gt; By Mark Ledsom&lt;/p&gt;&lt;p&gt; BASEL (Reuters) - Britain's world number four Tim Henmanwon his opening match at the Swiss Indoors tennis tournamentwith little difficulty on Wednesday, beating Frenchman AntonyDupuis 6-3, 6-4.&lt;/p&gt;",1.0,1.0,1,1,0,1,"Skipped"
"Title: <SPLIT>Description: Novak wins Japan Open Jiri Novak of the Czech Republic settled his game after a rocky start and beat Taylor Dent 5-7, 6-1, 6-3 Sunday to win the Japan Open for the sixth title of his career.","Title: <SPLIT>Description: Novak wins Japan Open Jiri Novak of the Czech Republic settled his game after a rocky start and beat Taylor Dent 5-7, 6-1, 6-3 Sunday to win the Japan Open for the sixth title of his career.",0.0,0.0,1,1,1,200,"Failed"
"Title: <SPLIT>Description: Raid in hunt for Afghan hostages \US and Afghan forces raid houses in Kabul as part of a hunt for three UN workers kidnapped last month.","Title: <SPLIT>Description: Raid in hunt for Afghan hostages \US and Afghan forces raid houses in Kabul as part of a hunt for three UN workers kidnapped last month.",0.0,0.0,0,0,0,200,"Failed"
"Title: <SPLIT>Description: U.S. Forces Push Into Heart of Fallujah U.S. Army and Marine units thrust into the heart of the insurgent stronghold of Fallujah on Tuesday, fighting fierce street battles and conducting house-to-house searches on the second day of a major assault to retake the city from Islamic militants.","Title: <SPLIT>Description: U.S. Forces Push Into Heart of Fallujah U.S. Army and Marine units thrust into the heart of the insurgent stronghold of Fallujah on Tuesday, fighting fierce street battles and conducting house-to-house searches on the second day of a major assault to retake the city from Islamic militants.",1.0,1.0,1,1,0,1,"Skipped"
"Title: <SPLIT>Description: Second Acts Former House speaker Thomas M. Finneran is the new president of the Massachusetts Biotechnology Council, a trade group that counts more than 400 members, including Genzyme Corp. and Biogen Idec Inc., the two largest biotechnology companies in the state. Its previous president left under pressure earlier this year, and some members say they chose Finneran, who quit his legislative post ...","Title: <SPLIT>Description: Second Acts Former House speaker Thomas M. Finneran is the new president of the Massachusetts Biotechnology Council, a trade group that counts more than 400 members, including Genzyme Corp. and Biogen Idec Inc., the two largest biotechnology companies in the state. Its previous president left under pressure earlier this year, and some members say they chose Finneran, who quit his legislative post ...",1.0,1.0,1,1,2,1,"Skipped"
"Title: <SPLIT>Description: Edmonds homer lifts Cardinals to Game 7 against Astros ST. LOUIS, Missouri All of the wounds in this city, colored a fresh shade of cardinal red, healed with just one touch. The winning pitcher was the one who had the fractured hand.","Title: <SPLIT>Description: Edmonds homer lifts Cardinals to Game 7 against Astros ST. LOUIS, Missouri All of the wounds in this city, colored a fresh shade of cardinal red, healed with just one touch. The winning pitcher was the one who had the fractured hand.",0.0,0.0,1,1,1,200,"Failed"
"Title: <SPLIT>Description: Bin Laden Deputy Purportedly Seeks Strikes (AP) AP - An audio tape purportedly released by Osama bin Laden's deputy calls for attacks on U.S. and British interests everywhere, according to a broadcast Friday by Al-Jazeera television.","Title: <SPLIT>Description: Bin Laden Deputy Purportedly Seeks Strikes (AP) AP - An audio tape purportedly released by Osama bin Laden's deputy calls for attacks on U.S. and British interests everywhere, according to a broadcast Friday by Al-Jazeera television.",1.0,1.0,1,1,0,1,"Skipped"
"Title: <SPLIT>Description: Reds pick up Miley #39;s option for 2005 Reds [[general]] manager Dan O #39;Brien said Sunday what he has hinted at for the last month or so: Dave Miley and his staff will be back for 2005.","Title: <SPLIT>Description: Reds pick up Miley #39;s option for 2005 Reds [[ecumenical]] manager Dan O #39;Brien said Sunday what he has hinted at for the last month or so: Dave Miley and his staff will be back for 2005.",0.0,1.0,1,0,1,160,"Successful"
"Title: <SPLIT>Description: Ferguson says he is picking the wrong teams Manchester United manager Alex Ferguson says he has picked the wrong teams at times this season.  quot;Maybe at the moment I am making too many changes, quot; Ferguson told British newspapers ","Title: <SPLIT>Description: Ferguson says he is picking the wrong teams Manchester United manager Alex Ferguson says he has picked the wrong teams at times this season.  quot;Maybe at the moment I am making too many changes, quot; Ferguson told British newspapers ",0.0,0.0,1,1,1,200,"Failed"
"Title: <SPLIT>Description: Utes Pile It On Alex Smith throws for three touchdowns, rushes for two more and finishes with 435 yards of offense, and No. 20 Utah backs up its first preseason ranking with a 41-21 win over Texas A M.","Title: <SPLIT>Description: Utes Pile It On Alex Smith throws for three touchdowns, rushes for two more and finishes with 435 yards of offense, and No. 20 Utah backs up its first preseason ranking with a 41-21 win over Texas A M.",0.0,0.0,1,1,1,200,"Failed"
"Title: <SPLIT>Description: New Spasm of Violence Sweeps Iraq, Killing 110  BAGHDAD (Reuters) - At least 110 people were killed across  Iraq on Sunday in a sharp escalation of violence that saw gun  battles, car bombs and bombardments rock the capital.","Title: <SPLIT>Description: New Spasm of Violence Sweeps Iraq, Killing 110  BAGHDAD (Reuters) - At least 110 people were killed across  Iraq on Sunday in a sharp escalation of violence that saw gun  battles, car bombs and bombardments rock the capital.",1.0,1.0,1,1,0,1,"Skipped"
"Title: <SPLIT>Description: [[CHAMPIONS]] LEAGUE: Expect a comfortable night for the Highbury boys The Gooners take their first step into European football this season tonight by welcoming Dutch league runners-up, PSV Eindhoven, to Highbury.","Title: <SPLIT>Description: [[ace]] LEAGUE: Expect a comfortable night for the Highbury boys The Gooners take their first step into European football this season tonight by welcoming Dutch league runners-up, PSV Eindhoven, to Highbury.",0.0,1.0,1,0,1,200,"Successful"
"Title: <SPLIT>Description: Show lights up Paralympics The XII Paralympics begins in Athens, after a spectacular opening ceremony.","Title: <SPLIT>Description: Show lights up Paralympics The XII Paralympics begins in Athens, after a spectacular opening ceremony.",1.0,1.0,1,1,0,1,"Skipped"
"Title: <SPLIT>Description: Service packs, senators and civil liberties &lt;strong&gt;Letters:&lt;/strong&gt; The bulging postbag gives up its secrets","Title: <SPLIT>Description: Service packs, senators and civil liberties &lt;strong&gt;Letters:&lt;/strong&gt; The bulging postbag gives up its secrets",1.0,1.0,1,1,3,1,"Skipped"
"Title: <SPLIT>Description: Subaru World Rally Team - Rally GB, Leg 1 Report Petter Solberg demonstrated his winning potential aboard his Subaru Impreza WRC2004 today to take three stage wins and end Leg one in second position overall.","Title: <SPLIT>Description: Subaru World Rally Team - Rally GB, Leg 1 Report Petter Solberg demonstrated his winning potential aboard his Subaru Impreza WRC2004 today to take three stage wins and end Leg one in second position overall.",1.0,1.0,0,0,1,1,"Skipped"
"Title: <SPLIT>Description: Donato has Harvard on the move, in groove Three games into the 2004-05 season, the first-year coach with the Harvard degree and NHL pedigree was staring at a 0-2-1 record, an offense that was averaging a goal a game, and a locker room full of long faces.","Title: <SPLIT>Description: Donato has Harvard on the move, in groove Three games into the 2004-05 season, the first-year coach with the Harvard degree and NHL pedigree was staring at a 0-2-1 record, an offense that was averaging a goal a game, and a locker room full of long faces.",0.0,0.0,1,1,1,200,"Failed"
"Title: <SPLIT>Description: Manpower forecasts positive 4Q hiring pattern Fourth quarter hiring in the Buffalo Niagara Falls market is expected to be on the rise according to the latest Manpower Employment Outlook Survey.","Title: <SPLIT>Description: Manpower forecasts positive 4Q hiring pattern Fourth quarter hiring in the Buffalo Niagara Falls market is expected to be on the rise according to the latest Manpower Employment Outlook Survey.",0.0,0.0,2,2,2,200,"Failed"
"Title: <SPLIT>Description: Ex-Bush Official on Cybersecurity Returns (AP) AP - Howard Schmidt, a highly regarded technology executive who was former special adviser to President Bush for cybersecurity, is returning to work with the Homeland Security Department on efforts to protect the nation's computer networks.","Title: <SPLIT>Description: Ex-Bush Official on Cybersecurity Returns (AP) AP - Howard Schmidt, a highly regarded technology executive who was former special adviser to President Bush for cybersecurity, is returning to work with the Homeland Security Department on efforts to protect the nation's computer networks.",1.0,1.0,1,1,0,1,"Skipped"
"Title: <SPLIT>Description: Around the [[world]] Ukrainian presidential candidate Viktor Yushchenko was poisoned with the most harmful known dioxin, which is contained in Agent Orange, a scientist who analyzed his blood said Friday.","Title: <SPLIT>Description: Around the [[humans]] Ukrainian presidential candidate Viktor Yushchenko was poisoned with the most harmful known dioxin, which is contained in Agent Orange, a scientist who analyzed his blood said Friday.",0.0,1.0,0,1,0,159,"Successful"
"Title: <SPLIT>Description: Putin faults Georgia on  #39;90s tactics in 2 regions TBILISI, Georgia The separatist conflicts in Georgia resulted from the  quot;foolish quot; move by Georgia to strip South Ossetia and Abkhazia of their autonomous status during the Soviet collapse, President Vladimir Putin of Russia was quoted as saying on ...","Title: <SPLIT>Description: Putin faults Georgia on  #39;90s tactics in 2 regions TBILISI, Georgia The separatist conflicts in Georgia resulted from the  quot;foolish quot; move by Georgia to strip South Ossetia and Abkhazia of their autonomous status during the Soviet collapse, President Vladimir Putin of Russia was quoted as saying on ...",1.0,1.0,1,1,0,1,"Skipped"
"Title: <SPLIT>Description: ""Consumers Would Pay In Phone Proposal A proposal backed by a coalition of telephone carriers would cut billions of dollars in fees owed by long-distance companies to regional phone giants but would allow the regional companies to make up some of the difference by raising monthly phone bills for millions of consumers. &lt;FONT face=""""verdana,MS Sans Serif,arial,helvetica"""" size=""""-2""""\ color=""""#666666""""&gt;&lt;B&gt;-The Washington Post&lt;/B&gt;&lt;/FONT&gt;""","Title: <SPLIT>Description: ""Consumers Would Pay In Phone Proposal A proposal backed by a coalition of telephone carriers would cut billions of dollars in fees owed by long-distance companies to regional phone giants but would allow the regional companies to make up some of the difference by raising monthly phone bills for millions of consumers. &lt;FONT face=""""verdana,MS Sans Serif,arial,helvetica"""" size=""""-2""""\ color=""""#666666""""&gt;&lt;B&gt;-The Washington Post&lt;/B&gt;&lt;/FONT&gt;""",1.0,1.0,1,1,3,1,"Skipped"
"Title: <SPLIT>Description: Mauresmo books a last-eight place FILDERSTADT, Germany -- Amelie Mauresmo stated her determination to stay World No. 1 by surging into the quarterfinals of the Filderstadt Grand Prix in Germany with a 7-5 6-4 win over Patty Schynder.","Title: <SPLIT>Description: Mauresmo books a last-eight place FILDERSTADT, Germany -- Amelie Mauresmo stated her determination to stay World No. 1 by surging into the quarterfinals of the Filderstadt Grand Prix in Germany with a 7-5 6-4 win over Patty Schynder.",0.0,0.0,1,1,1,200,"Failed"
"Title: <SPLIT>Description: Cablevision Narrows Loss on Revenue Surge Cablevision Systems Corp. on Tuesday said it narrowed its third-quarter loss as revenue jumped 20 percent, buoyed by subscriber growth.","Title: <SPLIT>Description: Cablevision Narrows Loss on Revenue Surge Cablevision Systems Corp. on Tuesday said it narrowed its third-quarter loss as revenue jumped 20 percent, buoyed by subscriber growth.",1.0,1.0,1,1,2,1,"Skipped"
"Title: <SPLIT>Description: President terms Farooqi #39;s death big achievement THE HAGUE: President General Pervez Musharraf Monday described the killing of Amjad Farooqi as big achievement by security forces and said  quot;important terrorist has been eliminated.","Title: <SPLIT>Description: President terms Farooqi #39;s death big achievement THE HAGUE: President General Pervez Musharraf Monday described the killing of Amjad Farooqi as big achievement by security forces and said  quot;important terrorist has been eliminated.",1.0,1.0,1,1,0,1,"Skipped"
"Title: <SPLIT>Description: Yahoo! email acquisition aims to keep Google in view Stata Labs previously sold two products Bloomba and SAproxy Pro which have now been withdrawn from sale. Saproxy was an anti-spam product whilst Bloomba was an email management system which allows users to ","Title: <SPLIT>Description: Yahoo! email acquisition aims to keep Google in view Stata Labs previously sold two products Bloomba and SAproxy Pro which have now been withdrawn from sale. Saproxy was an anti-spam product whilst Bloomba was an email management system which allows users to ",1.0,1.0,1,1,3,1,"Skipped"
"Title: <SPLIT>Description: State, drug chains reach agreement The state of Maine, Rite Aid Corp., and Community Pharmacy LP have agreed to a consent decree placing conditions on the sale of five Community Pharmacy stores to Rite Aid.","Title: <SPLIT>Description: State, drug chains reach agreement The state of Maine, Rite Aid Corp., and Community Pharmacy LP have agreed to a consent decree placing conditions on the sale of five Community Pharmacy stores to Rite Aid.",1.0,1.0,0,0,2,1,"Skipped"
"Title: <SPLIT>Description: Pakistani troops raid two terrorist hideouts PAKISTANI troops backed by artillery and aircraft attacked two suspected terrorist hideouts near the rugged Afghan border yesterday, killing and wounding a number of militants, Pakistan army and security officials said.","Title: <SPLIT>Description: Pakistani troops raid two terrorist hideouts PAKISTANI troops backed by artillery and aircraft attacked two suspected terrorist hideouts near the rugged Afghan border yesterday, killing and wounding a number of militants, Pakistan army and security officials said.",1.0,1.0,1,1,0,1,"Skipped"
"Title: <SPLIT>Description: U.S. Army aims to halt paperwork with IBM system The U.S. Army has struck a deal with IBM and other companies to create an automated record-keeping system that ends the need for electronic forms to be printed out, signed and delivered up the military service's chain of command.","Title: <SPLIT>Description: U.S. Army aims to halt paperwork with IBM system The U.S. Army has struck a deal with IBM and other companies to create an automated record-keeping system that ends the need for electronic forms to be printed out, signed and delivered up the military service's chain of command.",1.0,1.0,1,1,3,1,"Skipped"
"Title: <SPLIT>Description: Loeb extends lead over Solberg CARDIFF -- Championship leader Sebastien Loeb took two stage wins to boost his lead over Norwegian Petter Solberg as the Rally of Britain entered its second leg on Saturday.","Title: <SPLIT>Description: Loeb extends lead over Solberg CARDIFF -- Championship leader Sebastien Loeb took two stage wins to boost his lead over Norwegian Petter Solberg as the Rally of Britain entered its second leg on Saturday.",0.0,0.0,1,1,1,200,"Failed"
"Title: <SPLIT>Description: Pilgrim Baxter founders to pay \$160m WASHINGTON -- The two founders of the Pilgrim Baxter mutual fund family have agreed to pay \$80 million each to settle regulators' charges of improper trading to benefit themselves and friends at the expense of longer-term shareholders, the authorities said yesterday.","Title: <SPLIT>Description: Pilgrim Baxter founders to pay \$160m WASHINGTON -- The two founders of the Pilgrim Baxter mutual fund family have agreed to pay \$80 million each to settle regulators' charges of improper trading to benefit themselves and friends at the expense of longer-term shareholders, the authorities said yesterday.",1.0,1.0,1,1,2,1,"Skipped"
"Title: <SPLIT>Description: [[At]] Least 10 Iraqis Killed in Insurgent Attack Officials in Iraq say at least 10 Iraqis have been killed and several others wounded in separate insurgent attacks across the country.","Title: <SPLIT>Description: [[astatine]] Least 10 Iraqis Killed in Insurgent Attack Officials in Iraq say at least 10 Iraqis have been killed and several others wounded in separate insurgent attacks across the country.",0.0,1.0,0,1,0,167,"Successful"
"Title: <SPLIT>Description: Orioles Target Sexson Free agent first baseman Richie Sexson appears to be at the top of the Orioles' wish list after a meeting at the team's suite on Saturday.","Title: <SPLIT>Description: Orioles Target Sexson Free agent first baseman Richie Sexson appears to be at the top of the Orioles' wish list after a meeting at the team's suite on Saturday.",0.0,0.0,1,1,1,200,"Failed"
"Title: <SPLIT>Description: ""Alamosa to Buy AirGate for \$392 Million  NEW YORK (Reuters) - Alamosa Holdings Inc. &lt;A HREF=""""http://www.investor.reuters.com/FullQuote.aspx?ticker=APCS.O target=/stocks/quickinfo/fullquote""""&gt;APCS.O&lt;/A&gt; will  acquire AirGate PCS Inc. &lt;A HREF=""""http://www.investor.reuters.com/FullQuote.aspx?ticker=PCSA.O target=/stocks/quickinfo/fullquote""""&gt;PCSA.O&lt;/A&gt; for \$392 million in stock  creating the largest Sprint Corp. &lt;A HREF=""""http://www.investor.reuters.com/FullQuote.aspx?ticker=FON.N target=/stocks/quickinfo/fullquote""""&gt;FON.N&lt;/A&gt; wireless affiliate,  the companies said on Wednesday.""","Title: <SPLIT>Description: ""Alamosa to Buy AirGate for \$392 Million  NEW YORK (Reuters) - Alamosa Holdings Inc. &lt;A HREF=""""http://www.investor.reuters.com/FullQuote.aspx?ticker=APCS.O target=/stocks/quickinfo/fullquote""""&gt;APCS.O&lt;/A&gt; will  acquire AirGate PCS Inc. &lt;A HREF=""""http://www.investor.reuters.com/FullQuote.aspx?ticker=PCSA.O target=/stocks/quickinfo/fullquote""""&gt;PCSA.O&lt;/A&gt; for \$392 million in stock  creating the largest Sprint Corp. &lt;A HREF=""""http://www.investor.reuters.com/FullQuote.aspx?ticker=FON.N target=/stocks/quickinfo/fullquote""""&gt;FON.N&lt;/A&gt; wireless affiliate,  the companies said on Wednesday.""",1.0,1.0,1,1,2,1,"Skipped"
"Title: <SPLIT>Description: Clemens's exit opens door for Braves HOUSTON -- [[John]] Smoltz, Adam LaRoche, and J.D. Drew saved the Atlanta Braves from another quick playoff exit.","Title: <SPLIT>Description: Clemens's exit opens door for Braves HOUSTON -- [[whoremonger]] Smoltz, Adam LaRoche, and J.D. Drew saved the Atlanta Braves from another quick playoff exit.",0.0,1.0,1,0,1,172,"Successful"
"Title: <SPLIT>Description: Norman looking to post a low score Greg Norman will be looking to post a low score to give the leaders a target in the final round of the Australian PGA Championship at Coolum #39;s Hyatt Resort, north of Brisbane.","Title: <SPLIT>Description: Norman looking to post a low score Greg Norman will be looking to post a low score to give the leaders a target in the final round of the Australian PGA Championship at Coolum #39;s Hyatt Resort, north of Brisbane.",0.0,0.0,1,1,1,200,"Failed"
"Title: <SPLIT>Description: Hubble heats debate over ionised universe Astronomers poring over the deepest image ever taken of the universe are coming to different conclusions about what made space transparent to light billions of years ago.","Title: <SPLIT>Description: Hubble heats debate over ionised universe Astronomers poring over the deepest image ever taken of the universe are coming to different conclusions about what made space transparent to light billions of years ago.",1.0,1.0,1,1,3,1,"Skipped"
"Title: <SPLIT>Description: Milosevic #39;s Lawyers to Appeal Own Appointment THE HAGUE, Netherlands -- The two lawyers representing Slobodan Milosevic filed papers Thursday (9 September), asking for permission to appeal their appointment by the UN tribunal.","Title: <SPLIT>Description: Milosevic #39;s Lawyers to Appeal Own Appointment THE HAGUE, Netherlands -- The two lawyers representing Slobodan Milosevic filed papers Thursday (9 September), asking for permission to appeal their appointment by the UN tribunal.",1.0,1.0,1,1,0,1,"Skipped"
"Title: <SPLIT>Description: Men, Women More Different Than Thought CHICAGO - Beyond the tired cliches and sperm-and-egg basics taught in grade school science class, researchers are discovering that men and women are even more different than anyone realized.    It turns out that major illnesses like heart disease and lung cancer are influenced by gender and that perhaps treatments for women ought to be slightly different from the approach used for men...","Title: <SPLIT>Description: Men, Women More Different Than Thought CHICAGO - Beyond the tired cliches and sperm-and-egg basics taught in grade school science class, researchers are discovering that men and women are even more different than anyone realized.    It turns out that major illnesses like heart disease and lung cancer are influenced by gender and that perhaps treatments for women ought to be slightly different from the approach used for men...",1.0,1.0,1,1,0,1,"Skipped"
"Title: <SPLIT>Description: ""SEC Probes United Rentals, Shares Drop  CHICAGO (Reuters) - U.S. securities regulators are  investigating United Rentals Inc. &lt;A HREF=""""http://www.investor.reuters.com/FullQuote.aspx?ticker=URI.N target=/stocks/quickinfo/fullquote""""&gt;URI.N&lt;/A&gt; and have subpoenaed  some accounting records, the company said on Monday, sending  its shares down 21.5 percent.""","Title: <SPLIT>Description: ""SEC Probes United Rentals, Shares Drop  CHICAGO (Reuters) - U.S. securities regulators are  investigating United Rentals Inc. &lt;A HREF=""""http://www.investor.reuters.com/FullQuote.aspx?ticker=URI.N target=/stocks/quickinfo/fullquote""""&gt;URI.N&lt;/A&gt; and have subpoenaed  some accounting records, the company said on Monday, sending  its shares down 21.5 percent.""",1.0,1.0,1,1,2,1,"Skipped"
"Title: <SPLIT>Description: American Eagle Reaches Deal With Pilots Union leaders representing pilots at American Eagle, the commuter division of American Airlines, have accepted a tentative contract agreement that includes pay raises.","Title: <SPLIT>Description: American Eagle Reaches Deal With Pilots Union leaders representing pilots at American Eagle, the commuter division of American Airlines, have accepted a tentative contract agreement that includes pay raises.",1.0,1.0,1,1,2,1,"Skipped"
"Title: <SPLIT>Description: Edu  quot;devastated quot; as Arsenal future in doubt The Brazilian midfielder, 26, broke a bone during Tuesday #39;s League Cup victory over Everton - his comeback match after a calf injury.","Title: <SPLIT>Description: Edu  quot;devastated quot; as Arsenal future in doubt The Brazilian midfielder, 26, broke a bone during Tuesday #39;s League Cup victory over Everton - his comeback match after a calf injury.",0.0,0.0,1,1,1,200,"Failed"
"Title: <SPLIT>Description: Costecu Makes It Two Denisa Costescu follows up her victory in Indianapolis on Saturday with another win at the Veteran's Day 10K Sunday in Washington.","Title: <SPLIT>Description: Costecu Makes It Two Denisa Costescu follows up her victory in Indianapolis on Saturday with another win at the Veteran's Day 10K Sunday in Washington.",0.0,0.0,1,1,1,200,"Failed"
"Title: <SPLIT>Description: Crowton Steps Down As BYU Football Coach BYU coach Gary Crowton walks off the field after BYU #39;s 28-27 loss to Boise State, in Boise, Idaho, in this Sept. 24, 2004 photo.","Title: <SPLIT>Description: Crowton Steps Down As BYU Football Coach BYU coach Gary Crowton walks off the field after BYU #39;s 28-27 loss to Boise State, in Boise, Idaho, in this Sept. 24, 2004 photo.",0.0,0.0,1,1,1,200,"Failed"
"Title: <SPLIT>Description: Gas prices up 5 cents after Hurricane Ivan CAMARILLO, Calif. - Gas prices jumped more than 5 cents a gallon in the past two weeks, largely because of supply problems related to Hurricane Ivan, an industry analyst said.","Title: <SPLIT>Description: Gas prices up 5 cents after Hurricane Ivan CAMARILLO, Calif. - Gas prices jumped more than 5 cents a gallon in the past two weeks, largely because of supply problems related to Hurricane Ivan, an industry analyst said.",1.0,1.0,1,1,3,1,"Skipped"
"Title: <SPLIT>Description: Valley Stars Struggle to Settle Alan Curbishley admits Charltons summer signings have yet to settle at The Valley and blames the loss of virtually an entire side for the clubs stuttering start to the season.","Title: <SPLIT>Description: Valley Stars Struggle to Settle Alan Curbishley admits Charltons summer signings have yet to settle at The Valley and blames the loss of virtually an entire side for the clubs stuttering start to the season.",0.0,0.0,1,1,1,200,"Failed"
"Title: <SPLIT>Description: Giga counters They #39;re bold, brash and break most rules of business -- so why are the Google guys multi-billionaires? GOOGLE Inc had plenty to celebrate at its recent annual summer picnic -- its debut as a public company ","Title: <SPLIT>Description: Giga counters They #39;re bold, brash and break most rules of business -- so why are the Google guys multi-billionaires? GOOGLE Inc had plenty to celebrate at its recent annual summer picnic -- its debut as a public company ",1.0,1.0,1,1,3,1,"Skipped"
"Title: <SPLIT>Description: Avalanche Sign Damphousse to One-Year Deal (AP) AP - The Colorado Avalanche prepared for the potential loss of several key front-line players, signing former San Jose Sharks captain Vincent Damphousse to a one-year,  #36;2 million contract Wednesday.","Title: <SPLIT>Description: Avalanche Sign Damphousse to One-Year Deal (AP) AP - The Colorado Avalanche prepared for the potential loss of several key front-line players, signing former San Jose Sharks captain Vincent Damphousse to a one-year,  #36;2 million contract Wednesday.",0.0,0.0,1,1,1,200,"Failed"
"Title: <SPLIT>Description: Next Big Hit at the Modern: Its Reopening The buzz over the greatly enlarged museum is expected to turn into a cacophony on Saturday.","Title: <SPLIT>Description: Next Big Hit at the Modern: Its Reopening The buzz over the greatly enlarged museum is expected to turn into a cacophony on Saturday.",1.0,1.0,1,1,0,1,"Skipped"
"Title: <SPLIT>Description: Jubilant Spain revels in glory of second Davis Cup Spain hailed the fulfilment of an old dream and the rise of a new star on Monday after the national team secured the country #39;s second Davis Cup title in five years.","Title: <SPLIT>Description: Jubilant Spain revels in glory of second Davis Cup Spain hailed the fulfilment of an old dream and the rise of a new star on Monday after the national team secured the country #39;s second Davis Cup title in five years.",0.0,0.0,1,1,1,200,"Failed"
"Title: <SPLIT>Description: Retailers Looking to Move Plasma TV's (AP) AP - Hanging stockings by the chimney with care? Retailers hope that St. Nicholas soon will be there  #151; to hang a 42-inch plasma-screen TV.","Title: <SPLIT>Description: Retailers Looking to Move Plasma TV's (AP) AP - Hanging stockings by the chimney with care? Retailers hope that St. Nicholas soon will be there  #151; to hang a 42-inch plasma-screen TV.",1.0,1.0,1,1,2,1,"Skipped"
"Title: <SPLIT>Description: Update: Intel shelves plans for 4GHz Pentium 4 Intel Corp. has confirmed its near-term plans for its desktop processors before it reaches the multicore era. The company will not release a 4GHz version of its flagship Pentium 4 product, having decided instead to realign its engineers around the company's new design priorities, an Intel spokesman said Thursday.","Title: <SPLIT>Description: Update: Intel shelves plans for 4GHz Pentium 4 Intel Corp. has confirmed its near-term plans for its desktop processors before it reaches the multicore era. The company will not release a 4GHz version of its flagship Pentium 4 product, having decided instead to realign its engineers around the company's new design priorities, an Intel spokesman said Thursday.",1.0,1.0,1,1,3,1,"Skipped"
"Title: <SPLIT>Description: Karzai Uncle Sam #39;s man WASHINGTON, October 08 (Online): As Afghans prepare for their first presidential elections on October 9, President Hamid Karzai, a Pashtun, is being challenged by over a dozen factional leaders, but most Afghans and international officials expect him to ","Title: <SPLIT>Description: Karzai Uncle Sam #39;s man WASHINGTON, October 08 (Online): As Afghans prepare for their first presidential elections on October 9, President Hamid Karzai, a Pashtun, is being challenged by over a dozen factional leaders, but most Afghans and international officials expect him to ",1.0,1.0,1,1,0,1,"Skipped"
"Title: <SPLIT>Description: IMF: Global financial markets stronger, more resilient Global financial markets are stronger and more resilient than at any time since the stock market bubble burst in the late 1990s, the International Monetary Fund said Wednesday.","Title: <SPLIT>Description: IMF: Global financial markets stronger, more resilient Global financial markets are stronger and more resilient than at any time since the stock market bubble burst in the late 1990s, the International Monetary Fund said Wednesday.",1.0,1.0,1,1,2,1,"Skipped"
"Title: <SPLIT>Description: Kids Opt for Kerry in Bellwether Online Poll (Reuters) Reuters - The kids have spoken, and it's Sen.\[[John]] Kerry with a convincing victory over President Bush on","Title: <SPLIT>Description: Kids Opt for Kerry in Bellwether Online Poll (Reuters) Reuters - The kids have spoken, and it's Sen.\[[whoremonger]] Kerry with a convincing victory over President Bush on",0.0,1.0,0,1,0,121,"Successful"
"Title: <SPLIT>Description: Pay Adviser Talks of Role in Ovitz Deal The outside adviser who helped draft the 1995 employment agreement for the president of Walt Disney, Michael S. Ovitz, testified on Tuesday that he had reservations ","Title: <SPLIT>Description: Pay Adviser Talks of Role in Ovitz Deal The outside adviser who helped draft the 1995 employment agreement for the president of Walt Disney, Michael S. Ovitz, testified on Tuesday that he had reservations ",1.0,1.0,1,1,2,1,"Skipped"
"Title: <SPLIT>Description: Consumer Prices Rise 0.2 in November Consumer prices rose by a mild 0.2 percent in November as costs for gasoline and food products calmed down after posting sharp increases the month before.","Title: <SPLIT>Description: Consumer Prices Rise 0.2 in November Consumer prices rose by a mild 0.2 percent in November as costs for gasoline and food products calmed down after posting sharp increases the month before.",1.0,1.0,0,0,2,1,"Skipped"
"Title: <SPLIT>Description: Big Game Hunting Virginia, Navy and Maryland face season-defining games, perhaps &lt;em&gt;program-defining &lt;/em&gt;games for the Cavaliers and Midshipmen as they play against Florida State and Notre Dame, respectively on Saturday.","Title: <SPLIT>Description: Big Game Hunting Virginia, Navy and Maryland face season-defining games, perhaps &lt;em&gt;program-defining &lt;/em&gt;games for the Cavaliers and Midshipmen as they play against Florida State and Notre Dame, respectively on Saturday.",0.0,0.0,1,1,1,200,"Failed"
"Title: <SPLIT>Description: Els Looks Ahead with Promise After Major Woes  LONDON (Reuters) - After being a frustrated 'nearly man' at  this year's majors, Ernie Els plans to make the most of a  near-perfect finish to the 2004 season.","Title: <SPLIT>Description: Els Looks Ahead with Promise After Major Woes  LONDON (Reuters) - After being a frustrated 'nearly man' at  this year's majors, Ernie Els plans to make the most of a  near-perfect finish to the 2004 season.",0.0,0.0,1,1,1,200,"Failed"
"Title: <SPLIT>Description: Cingular Closes  #36;41 Bln ATT Wireless Deal (Reuters) Reuters - Cingular Wireless on Tuesday closed\its  #36;41 billion cash purchase of AT T Wireless Services Inc.\, creating the biggest U.S. mobile service with more\than 46 million customers.","Title: <SPLIT>Description: Cingular Closes  #36;41 Bln ATT Wireless Deal (Reuters) Reuters - Cingular Wireless on Tuesday closed\its  #36;41 billion cash purchase of AT T Wireless Services Inc.\, creating the biggest U.S. mobile service with more\than 46 million customers.",1.0,1.0,1,1,2,1,"Skipped"
"Title: <SPLIT>Description: Fresno St. Blows Out No. 13 Kansas State (AP) AP - Paul Pinegar threw two touchdown passes to Matt Rivera and ran for another score, and Fresno State upset No. 13 Kansas State 45-21 on Saturday.","Title: <SPLIT>Description: Fresno St. Blows Out No. 13 Kansas State (AP) AP - Paul Pinegar threw two touchdown passes to Matt Rivera and ran for another score, and Fresno State upset No. 13 Kansas State 45-21 on Saturday.",0.0,0.0,1,1,1,200,"Failed"
"Title: <SPLIT>Description: FEC Wants Campaign Finance Decision Stayed (AP) AP - Federal election officials have asked a judge to stay a ruling striking down several government regulations on political fund raising, arguing that rules interpreting the nation's campaign finance law are crucial as the election approaches.","Title: <SPLIT>Description: FEC Wants Campaign Finance Decision Stayed (AP) AP - Federal election officials have asked a judge to stay a ruling striking down several government regulations on political fund raising, arguing that rules interpreting the nation's campaign finance law are crucial as the election approaches.",1.0,1.0,1,1,0,1,"Skipped"
"Title: <SPLIT>Description: British sailors bag bronze Britain's Chris Draper and Simon Hiscocks win bronze in a tense final 49er race on the Saronic Gulf.","Title: <SPLIT>Description: British sailors bag bronze Britain's Chris Draper and Simon Hiscocks win bronze in a tense final 49er race on the Saronic Gulf.",0.0,0.0,1,1,1,142,"Failed"
"Title: <SPLIT>Description: Studios Attack BitTorrent The Motion Picture Association of America is retargeting its legal battle against file swappers by launching attacks against the server operators behind the BitTorrent and eDonkey services.","Title: <SPLIT>Description: Studios Attack BitTorrent The Motion Picture Association of America is retargeting its legal battle against file swappers by launching attacks against the server operators behind the BitTorrent and eDonkey services.",1.0,1.0,0,0,3,1,"Skipped"
"Title: <SPLIT>Description: Red Hat appoints head of desktop infrastructure Linux distributor Red Hat Inc has appointed a vice president of desktop infrastructure technologies, a new position demonstrating its renewed commitment to Linux as a desktop operating system.","Title: <SPLIT>Description: Red Hat appoints head of desktop infrastructure Linux distributor Red Hat Inc has appointed a vice president of desktop infrastructure technologies, a new position demonstrating its renewed commitment to Linux as a desktop operating system.",1.0,1.0,1,1,3,1,"Skipped"
"Title: <SPLIT>Description: OPEC Agrees to Cut Oil Output in Bid to Firm Up Prices OPEC oil ministers agreed today to cut oil production by one million barrels a day to stem a 24 percent price slide in the past six weeks, and they called for an emergency meeting ","Title: <SPLIT>Description: OPEC Agrees to Cut Oil Output in Bid to Firm Up Prices OPEC oil ministers agreed today to cut oil production by one million barrels a day to stem a 24 percent price slide in the past six weeks, and they called for an emergency meeting ",1.0,1.0,0,0,2,1,"Skipped"
"Title: <SPLIT>Description: Unknown Nesterenko Makes World Headlines (Reuters) Reuters - Belarus' Yuliya Nesterenko won the top\women's athletics gold medal at the Olympics on Saturday,\triumphing over a field stripped of many big names because of\doping woes to win the 100 meters.","Title: <SPLIT>Description: Unknown Nesterenko Makes World Headlines (Reuters) Reuters - Belarus' Yuliya Nesterenko won the top\women's athletics gold medal at the Olympics on Saturday,\triumphing over a field stripped of many big names because of\doping woes to win the 100 meters.",1.0,1.0,1,1,0,1,"Skipped"
"Title: <SPLIT>Description: Terror scares hit Australia Australia #39;s frayed nerves were given another jolt yesterday by the discovery of a home-made firebomb on a Virgin Blue airliner and the unrelated arrest of a man accused of threatening terror attacks in Southeast Asia.","Title: <SPLIT>Description: Terror scares hit Australia Australia #39;s frayed nerves were given another jolt yesterday by the discovery of a home-made firebomb on a Virgin Blue airliner and the unrelated arrest of a man accused of threatening terror attacks in Southeast Asia.",1.0,1.0,1,1,0,1,"Skipped"
"Title: <SPLIT>Description: Livewire: Fantasy Sports Leagues Thrive Online (Reuters) Reuters - Take 15 million armchair athletes,\add a steady stream of statistics and mix in a healthy dollop\of trash talk. Post it all on the Internet and you've got a  #36;3\billion industry built around imaginary sports teams.","Title: <SPLIT>Description: Livewire: Fantasy Sports Leagues Thrive Online (Reuters) Reuters - Take 15 million armchair athletes,\add a steady stream of statistics and mix in a healthy dollop\of trash talk. Post it all on the Internet and you've got a  #36;3\billion industry built around imaginary sports teams.",1.0,1.0,1,1,3,1,"Skipped"
"Title: <SPLIT>Description: Jimenez ends Langer #39;s Match Play bid Spain #39;s Miguel Angel imenez completed a 2 amp;1 victory over German Bernhard Langer in their delayed World Match Play Championship quarter-final at Wentworth on Saturday.","Title: <SPLIT>Description: Jimenez ends Langer #39;s Match Play bid Spain #39;s Miguel Angel imenez completed a 2 amp;1 victory over German Bernhard Langer in their delayed World Match Play Championship quarter-final at Wentworth on Saturday.",0.0,0.0,1,1,1,200,"Failed"
"Title: <SPLIT>Description: Raptors fall to Nuggets CBC SPORTS ONLINE - After starting the season with three straight wins, the Toronto Raptors are heading back home with a losing record.","Title: <SPLIT>Description: Raptors fall to Nuggets CBC SPORTS ONLINE - After starting the season with three straight wins, the Toronto Raptors are heading back home with a losing record.",0.0,0.0,1,1,1,200,"Failed"
"Title: <SPLIT>Description: Press review 0850CET--The seizure of fake Nike sportswear by the Customs Department was one of the main stories on Wednesday #39;s newspapers. L-Orizzont published ","Title: <SPLIT>Description: Press review 0850CET--The seizure of fake Nike sportswear by the Customs Department was one of the main stories on Wednesday #39;s newspapers. L-Orizzont published ",1.0,1.0,1,1,3,1,"Skipped"
"Title: <SPLIT>Description: Britons still prefer fish n'chips (AFP) AFP - Traditional fish-and-chips along with cherished pub grub remain the dishes of choice for Britons outstripping Chinese or Indian take-aways.","Title: <SPLIT>Description: Britons still prefer fish n'chips (AFP) AFP - Traditional fish-and-chips along with cherished pub grub remain the dishes of choice for Britons outstripping Chinese or Indian take-aways.",1.0,1.0,1,1,0,1,"Skipped"
"Title: <SPLIT>Description: ROGER #39;S READY Roger Federer says he #39;s ready to erase the image as being too soft to win in New York. The world #39;s No. 1 player from Switzerland has played three US Opens and lost in the fourth round each time.","Title: <SPLIT>Description: ROGER #39;S READY Roger Federer says he #39;s ready to erase the image as being too soft to win in New York. The world #39;s No. 1 player from Switzerland has played three US Opens and lost in the fourth round each time.",0.0,0.0,1,1,1,200,"Failed"
"Title: <SPLIT>Description: Scientists to Study Dairy Going Organic (AP) AP - Cornell researchers will watch five upstate New York dairy herds to learn about the problems and challenges of converting from conventional to organic farming.","Title: <SPLIT>Description: Scientists to Study Dairy Going Organic (AP) AP - Cornell researchers will watch five upstate New York dairy herds to learn about the problems and challenges of converting from conventional to organic farming.",1.0,1.0,1,1,3,1,"Skipped"
"Title: <SPLIT>Description: Gunmen ambush Chalabi #39;s convoy, wound 2 BAGHDAD - Gunmen ambushed the convoy of former Iraqi governing council president Ahmed Chalabi on Wednesday, wounding two of his bodyguards, aides said.","Title: <SPLIT>Description: Gunmen ambush Chalabi #39;s convoy, wound 2 BAGHDAD - Gunmen ambushed the convoy of former Iraqi governing council president Ahmed Chalabi on Wednesday, wounding two of his bodyguards, aides said.",1.0,1.0,1,1,0,1,"Skipped"
"Title: <SPLIT>Description: Accounting body delays rule on expensing options Bowing to corporate pressure, the group that sets standards for the US accounting industry yesterday postponed by six months its plan to force companies to expense employee stock options.","Title: <SPLIT>Description: Accounting body delays rule on expensing options Bowing to corporate pressure, the group that sets standards for the US accounting industry yesterday postponed by six months its plan to force companies to expense employee stock options.",1.0,1.0,0,0,2,1,"Skipped"
"Title: <SPLIT>Description: The Newest Hope ; Marriage of Necessity Just Might Work Out NEW YORK - The TV lights were on, the cameras rolled and the symphony of cameras flashing in his face blinded Pedro Martinez - but not for long.","Title: <SPLIT>Description: The Newest Hope ; Marriage of Necessity Just Might Work Out NEW YORK - The TV lights were on, the cameras rolled and the symphony of cameras flashing in his face blinded Pedro Martinez - but not for long.",0.0,0.0,1,1,1,200,"Failed"
"Title: <SPLIT>Description: Injection Flaw Found in Browsers Danish security research firm Secunia has reported a vulnerability that occurs in most browsers that can be exploited by hackers looking to spoof the content of Web sites.","Title: <SPLIT>Description: Injection Flaw Found in Browsers Danish security research firm Secunia has reported a vulnerability that occurs in most browsers that can be exploited by hackers looking to spoof the content of Web sites.",1.0,1.0,1,1,3,1,"Skipped"
"Title: <SPLIT>Description: Biggest threat to Britain #39;s grand prix heritage Henry Ford once said that his factories didn #39;t make cars,  quot;they make money. quot; It is a philosophy Bernie Ecclestone would surely understand more than most after his surgically dispassionate decision yesterday not to include the British grand prix on the ","Title: <SPLIT>Description: Biggest threat to Britain #39;s grand prix heritage Henry Ford once said that his factories didn #39;t make cars,  quot;they make money. quot; It is a philosophy Bernie Ecclestone would surely understand more than most after his surgically dispassionate decision yesterday not to include the British grand prix on the ",0.0,0.0,1,1,1,200,"Failed"
"Title: <SPLIT>Description: Broadcaster Donates  #36;325,000 to GOP (AP) AP - One of the state's biggest broadcasters has given 13 Republican county committees  #36;325,000 worth of free air time to promote candidates on its radio and television stations throughout California.","Title: <SPLIT>Description: Broadcaster Donates  #36;325,000 to GOP (AP) AP - One of the state's biggest broadcasters has given 13 Republican county committees  #36;325,000 worth of free air time to promote candidates on its radio and television stations throughout California.",1.0,1.0,1,1,0,1,"Skipped"
"Title: <SPLIT>Description: Wal-Mart China business grows Wal-Mart Stores, the worlds No.1 retailer, said the number of its China stores would be lifted by at least 15 new stores with the total of around 45 outlets throughout China.","Title: <SPLIT>Description: Wal-Mart China business grows Wal-Mart Stores, the worlds No.1 retailer, said the number of its China stores would be lifted by at least 15 new stores with the total of around 45 outlets throughout China.",1.0,1.0,1,1,2,1,"Skipped"
"Title: <SPLIT>Description: China Sighs in Relief as Yao Scores High BEIJING (Reuters) - China breathed a measured sigh of relief after the skills of its basketball giant Yao Ming dwarfed New Zealand to sweep his team nearer to their goal of reaching the Athens Olympics semi-finals. ","Title: <SPLIT>Description: China Sighs in Relief as Yao Scores High BEIJING (Reuters) - China breathed a measured sigh of relief after the skills of its basketball giant Yao Ming dwarfed New Zealand to sweep his team nearer to their goal of reaching the Athens Olympics semi-finals. ",0.0,0.0,1,1,1,200,"Failed"
"Title: <SPLIT>Description: MSN Messenger difficulties - Virus People using Microsoft #39;s instant-messaging software, MSN Messenger, may have been a mite lonely this weekend, with only a virus to keep them company.","Title: <SPLIT>Description: MSN Messenger difficulties - Virus People using Microsoft #39;s instant-messaging software, MSN Messenger, may have been a mite lonely this weekend, with only a virus to keep them company.",1.0,1.0,0,0,3,1,"Skipped"
"Title: <SPLIT>Description: ""Intel Cancels Plan to Enter Digital TV Chip Market  SAN FRANCISCO (Reuters) - Intel Corp. &lt;A HREF=""""http://www.reuters.co.uk/financeQuoteLookup.jhtml?ticker=INTC.O qtype=sym infotype=info qcat=news""""&gt;INTC.O&lt;/A&gt; on Thursday  said it has scrapped plan to enter the digital television chip  business, marking a major retreat from its push into consumer  electronics.""","Title: <SPLIT>Description: ""Intel Cancels Plan to Enter Digital TV Chip Market  SAN FRANCISCO (Reuters) - Intel Corp. &lt;A HREF=""""http://www.reuters.co.uk/financeQuoteLookup.jhtml?ticker=INTC.O qtype=sym infotype=info qcat=news""""&gt;INTC.O&lt;/A&gt; on Thursday  said it has scrapped plan to enter the digital television chip  business, marking a major retreat from its push into consumer  electronics.""",1.0,1.0,1,1,3,1,"Skipped"
"Title: <SPLIT>Description: Rick Fox Retires Rick Fox retires Thursday, ending a 13-year pro career during which he was part of three NBA championship teams with the Los Angeles Lakers.","Title: <SPLIT>Description: Rick Fox Retires Rick Fox retires Thursday, ending a 13-year pro career during which he was part of three NBA championship teams with the Los Angeles Lakers.",0.0,0.0,1,1,1,200,"Failed"
"Title: <SPLIT>Description: Arthritis Drug Vioxx Pulled Off Market Sept. 30, 2004 -- Long-term use of the painkiller Vioxx doubles a person #39;s risk of heart attack and stroke, a huge clinical trial shows.","Title: <SPLIT>Description: Arthritis Drug Vioxx Pulled Off Market Sept. 30, 2004 -- Long-term use of the painkiller Vioxx doubles a person #39;s risk of heart attack and stroke, a huge clinical trial shows.",1.0,1.0,1,1,2,1,"Skipped"
"Title: <SPLIT>Description: Communist Party seeks to win back people #39;s support THE Chinese Communist Party (CCP) has read the writing on the wall and is out to shore up its moral right to keep ruling the country.","Title: <SPLIT>Description: Communist Party seeks to win back people #39;s support THE Chinese Communist Party (CCP) has read the writing on the wall and is out to shore up its moral right to keep ruling the country.",0.0,0.0,0,0,0,200,"Failed"
"Title: <SPLIT>Description: Treos to sync to MS Exchange palmOne has licensed Microsoft #39;s Exchange Server ActiveSync protocol for use on future Treo devices, allowing for wireless server synchronization.","Title: <SPLIT>Description: Treos to sync to MS Exchange palmOne has licensed Microsoft #39;s Exchange Server ActiveSync protocol for use on future Treo devices, allowing for wireless server synchronization.",1.0,1.0,1,1,3,1,"Skipped"
"Title: <SPLIT>Description: SI.com HOUSTON (Ticker) -- Kerry Wood got plenty of run support but didn #39;t stick around long enough to take advantage of it. Wood was ejected in the fifth inning for hitting Jeff Kent as the Cubs posted an 11-6 victory over the Astros.","Title: <SPLIT>Description: SI.com HOUSTON (Ticker) -- Kerry Wood got plenty of run support but didn #39;t stick around long enough to take advantage of it. Wood was ejected in the fifth inning for hitting Jeff Kent as the Cubs posted an 11-6 victory over the Astros.",0.0,0.0,1,1,1,200,"Failed"
"Title: <SPLIT>Description: China Launches Mapping Satellite (AP) AP - China on Sunday launched a satellite that will carry out land surveying and other scientific projects for several days and return to Earth, government media reported.","Title: <SPLIT>Description: China Launches Mapping Satellite (AP) AP - China on Sunday launched a satellite that will carry out land surveying and other scientific projects for several days and return to Earth, government media reported.",1.0,1.0,1,1,3,1,"Skipped"
"Title: <SPLIT>Description: Opel workers abandon wildcat strikes BOCHUM - Workers at the Opel carmaking plant in the city of Bochum voted overwhelmingly Wednesday to end their nearly week-long wildcat strike and were to return almost immediately to work, officials announced.","Title: <SPLIT>Description: Opel workers abandon wildcat strikes BOCHUM - Workers at the Opel carmaking plant in the city of Bochum voted overwhelmingly Wednesday to end their nearly week-long wildcat strike and were to return almost immediately to work, officials announced.",1.0,1.0,1,1,2,1,"Skipped"
"Title: <SPLIT>Description: Setback for asbestos settlement at ABB ABB said it was aware of the ruling, but remained confident that a settlement would be reached. ABB is naturally surprised and disappointed at todays decision, but remains confident that it can resolve.","Title: <SPLIT>Description: Setback for asbestos settlement at ABB ABB said it was aware of the ruling, but remained confident that a settlement would be reached. ABB is naturally surprised and disappointed at todays decision, but remains confident that it can resolve.",1.0,1.0,1,1,2,1,"Skipped"
"Title: <SPLIT>Description: UK #39;s Jaguar Workers Vote Against Strike Workers at Ford Motor Co. #39;s luxury British car unit, Jaguar, voted against a strike over plans to cut jobs and scale back production, unions said on Monday.","Title: <SPLIT>Description: UK #39;s Jaguar Workers Vote Against Strike Workers at Ford Motor Co. #39;s luxury British car unit, Jaguar, voted against a strike over plans to cut jobs and scale back production, unions said on Monday.",1.0,1.0,1,1,2,1,"Skipped"
"Title: <SPLIT>Description: Titantic is a treasure to be protected, explorer says Legendary explorer Robert Ballard was nervous this summer as he prepared to return to the Titanic for the first time since he discovered the famous shipwreck nearly two decades ago.","Title: <SPLIT>Description: Titantic is a treasure to be protected, explorer says Legendary explorer Robert Ballard was nervous this summer as he prepared to return to the Titanic for the first time since he discovered the famous shipwreck nearly two decades ago.",1.0,1.0,1,1,3,1,"Skipped"
"Title: <SPLIT>Description: Hamm flap, Dream Team just wrong ATHENS, Greece -- Look at it this way: At least the US basketball team won #39;t be asked to give back its gold medal. On a day that was Olympic in scope both for its shock value and its intrinsic weirdness, the ","Title: <SPLIT>Description: Hamm flap, Dream Team just wrong ATHENS, Greece -- Look at it this way: At least the US basketball team won #39;t be asked to give back its gold medal. On a day that was Olympic in scope both for its shock value and its intrinsic weirdness, the ",0.0,0.0,1,1,1,200,"Failed"
"Title: <SPLIT>Description: CSFB May Cut Costs by Merging Units, Shedding Jobs, People Say Credit Suisse First Boston, the securities arm of Switzerland #39;s second-biggest bank, plans to cut costs by combining some units and eliminating jobs, people familiar with the matter said.","Title: <SPLIT>Description: CSFB May Cut Costs by Merging Units, Shedding Jobs, People Say Credit Suisse First Boston, the securities arm of Switzerland #39;s second-biggest bank, plans to cut costs by combining some units and eliminating jobs, people familiar with the matter said.",1.0,1.0,1,1,2,1,"Skipped"
"Title: <SPLIT>Description: Sainz [[forced]] off road TWO-TIME world champion Carlos Sainz #39;s career came to a premature end today after the Spaniard was forced out of the Rally of Australia.","Title: <SPLIT>Description: Sainz [[squeeze]] off road TWO-TIME world champion Carlos Sainz #39;s career came to a premature end today after the Spaniard was forced out of the Rally of Australia.",0.0,1.0,1,0,1,185,"Successful"
"Title: <SPLIT>Description: Google Shows It #39;s Only Human Shares of Google slipped after the search engine warned, for the second time in a week, that its fourth-quarter revenue growth rate is likely to slow from previous quarters.","Title: <SPLIT>Description: Google Shows It #39;s Only Human Shares of Google slipped after the search engine warned, for the second time in a week, that its fourth-quarter revenue growth rate is likely to slow from previous quarters.",1.0,1.0,1,1,3,1,"Skipped"
"Title: <SPLIT>Description: Yemeni Poet Says He Is al-Qaida Member GUANTANAMO BAY NAVAL BASE, Cuba Aug. 26, 2004 - In a dramatic turn that silenced defense lawyers, a Yemeni poet accused of crafting terrorist propaganda argued on Thursday to represent himself before a US ","Title: <SPLIT>Description: Yemeni Poet Says He Is al-Qaida Member GUANTANAMO BAY NAVAL BASE, Cuba Aug. 26, 2004 - In a dramatic turn that silenced defense lawyers, a Yemeni poet accused of crafting terrorist propaganda argued on Thursday to represent himself before a US ",1.0,1.0,1,1,0,1,"Skipped"
"Title: <SPLIT>Description: Nintendo Returns to Profit (AP) AP - Nintendo Co. returned to profit in the first half of the fiscal year from a loss a year ago as the Japanese video-game maker erased foreign exchange losses and turned more profit with game-software sales.","Title: <SPLIT>Description: Nintendo Returns to Profit (AP) AP - Nintendo Co. returned to profit in the first half of the fiscal year from a loss a year ago as the Japanese video-game maker erased foreign exchange losses and turned more profit with game-software sales.",1.0,1.0,1,1,3,1,"Skipped"
"Title: <SPLIT>Description: Federated Will Rename Stores as Macy #39;s All regional Federated Department Stores will change their names to Macy #39;s in January, the company said yesterday. The decision affects regional department stores that operate as Burdines-Macy #39;s in Florida ","Title: <SPLIT>Description: Federated Will Rename Stores as Macy #39;s All regional Federated Department Stores will change their names to Macy #39;s in January, the company said yesterday. The decision affects regional department stores that operate as Burdines-Macy #39;s in Florida ",1.0,1.0,1,1,2,1,"Skipped"
"Title: <SPLIT>Description: Brewers introduce prospective buyer Milwaukee, WI (Sports Network) - Mark L. Attanasio was introduced as next owner of the Milwaukee Brewers on Monday. Attanasio, an investor from Los Angeles, is planning on buying the team from the family of Commissioner Bud Selig.","Title: <SPLIT>Description: Brewers introduce prospective buyer Milwaukee, WI (Sports Network) - Mark L. Attanasio was introduced as next owner of the Milwaukee Brewers on Monday. Attanasio, an investor from Los Angeles, is planning on buying the team from the family of Commissioner Bud Selig.",0.0,0.0,1,1,1,200,"Failed"
"Title: <SPLIT>Description: Skirmish outside Gaza camp kills 5 GAZA CITY -- Palestinian gunmen and Israeli troops fought pitched battles Thursday on the outskirts of the largest refugee camp in the Gaza Strip, with schoolchildren scampering through sandy alleyways just yards from the fighting.","Title: <SPLIT>Description: Skirmish outside Gaza camp kills 5 GAZA CITY -- Palestinian gunmen and Israeli troops fought pitched battles Thursday on the outskirts of the largest refugee camp in the Gaza Strip, with schoolchildren scampering through sandy alleyways just yards from the fighting.",1.0,1.0,1,1,0,1,"Skipped"
"Title: <SPLIT>Description: London-Based Bank Wins Bid for Permata A consortium led by Standard Chartered PLC won the bidding for a majority stake in PT Bank Permata, agreeing to pay US\$300 million (euros 244 million) for control of Indonesia #39;s seventh-largest lender, Finance Minister Boediono said Friday.","Title: <SPLIT>Description: London-Based Bank Wins Bid for Permata A consortium led by Standard Chartered PLC won the bidding for a majority stake in PT Bank Permata, agreeing to pay US\$300 million (euros 244 million) for control of Indonesia #39;s seventh-largest lender, Finance Minister Boediono said Friday.",1.0,1.0,1,1,2,1,"Skipped"
"Title: <SPLIT>Description: Different time, different team With 3:25 left in the third quarter, the score was 33-0, and the 79,406 fans at Doak Campbell Stadium in Tallahassee, Fla., had long since stopped worrying about the outcome.","Title: <SPLIT>Description: Different time, different team With 3:25 left in the third quarter, the score was 33-0, and the 79,406 fans at Doak Campbell Stadium in Tallahassee, Fla., had long since stopped worrying about the outcome.",0.0,0.0,1,1,1,200,"Failed"
"Title: <SPLIT>Description: Job numbers give candidates room to debate WASHINGTON - Employers stepped up hiring in August, expanding payrolls by 144,000 and lowering the unemployment rate to 5.4 percent.","Title: <SPLIT>Description: Job numbers give candidates room to debate WASHINGTON - Employers stepped up hiring in August, expanding payrolls by 144,000 and lowering the unemployment rate to 5.4 percent.",1.0,1.0,1,1,2,1,"Skipped"
"Title: <SPLIT>Description: ""Gannett Needs Ad Pickup to Hit Target-CFO  NEW YORK (Reuters) - Newspaper publisher Gannett Co Inc.  &lt;A HREF=""""http://www.investor.reuters.com/FullQuote.aspx?ticker=GCI.N target=/stocks/quickinfo/fullquote""""&gt;GCI.N&lt;/A&gt; will need to see advertising demand pick up for its  fourth-quarter earnings to meet the consensus target of Wall  Street analysts, its chief financial officer said on Wednesday.""","Title: <SPLIT>Description: ""Gannett Needs Ad Pickup to Hit Target-CFO  NEW YORK (Reuters) - Newspaper publisher Gannett Co Inc.  &lt;A HREF=""""http://www.investor.reuters.com/FullQuote.aspx?ticker=GCI.N target=/stocks/quickinfo/fullquote""""&gt;GCI.N&lt;/A&gt; will need to see advertising demand pick up for its  fourth-quarter earnings to meet the consensus target of Wall  Street analysts, its chief financial officer said on Wednesday.""",1.0,1.0,1,1,2,1,"Skipped"
"Title: <SPLIT>Description: Scammers Could Hijack Pop-Ups Security researchers warned this week of a vulnerability in most Web browsers which could potentially allow scammers to launch phishing attacks from pop-up windows on trusted Web sites.","Title: <SPLIT>Description: Scammers Could Hijack Pop-Ups Security researchers warned this week of a vulnerability in most Web browsers which could potentially allow scammers to launch phishing attacks from pop-up windows on trusted Web sites.",1.0,1.0,0,0,3,1,"Skipped"
"Title: <SPLIT>Description: Spam suspension hits Sohu.com shares (FT.com) FT.com - Shares in Sohu.com, a leading US-listed Chinese internet portal, fell more than 10 per cent on Friday after China's biggest mobile phone network operator imposed a one-year suspension on its multimedia messaging services because of customers being sent spam.","Title: <SPLIT>Description: Spam suspension hits Sohu.com shares (FT.com) FT.com - Shares in Sohu.com, a leading US-listed Chinese internet portal, fell more than 10 per cent on Friday after China's biggest mobile phone network operator imposed a one-year suspension on its multimedia messaging services because of customers being sent spam.",1.0,1.0,1,1,3,1,"Skipped"
"Title: <SPLIT>Description: Samsung plans to launch mobile phone with stamp-sized hard disc  2004-09-07  Samsung Electronics, the world #39;s third-largest handset maker, recently announced its plans to launch the first mobile phone with a stamp-sized hard disc drive that would expand the memory capacity by 15 times.","Title: <SPLIT>Description: Samsung plans to launch mobile phone with stamp-sized hard disc  2004-09-07  Samsung Electronics, the world #39;s third-largest handset maker, recently announced its plans to launch the first mobile phone with a stamp-sized hard disc drive that would expand the memory capacity by 15 times.",1.0,1.0,1,1,3,1,"Skipped"
"Title: <SPLIT>Description: Land Rover aims new model at US Land Rover will launch a sports tourer next year in a what is likely to be a test of British carmakers #39; ability to compete in the US.","Title: <SPLIT>Description: Land Rover aims new model at US Land Rover will launch a sports tourer next year in a what is likely to be a test of British carmakers #39; ability to compete in the US.",1.0,1.0,1,1,2,1,"Skipped"
"Title: <SPLIT>Description: NASA Finishes Redesigned Shuttle Fuel Tank (Reuters) Reuters - NASA has finished building a redesigned\space shuttle fuel tank that was reconfigured to eliminate the\debris problem that doomed the shuttle Columbia and its seven\astronauts, agency officials said on Tuesday.","Title: <SPLIT>Description: NASA Finishes Redesigned Shuttle Fuel Tank (Reuters) Reuters - NASA has finished building a redesigned\space shuttle fuel tank that was reconfigured to eliminate the\debris problem that doomed the shuttle Columbia and its seven\astronauts, agency officials said on Tuesday.",1.0,1.0,1,1,3,1,"Skipped"
"Title: <SPLIT>Description: Dominicans' Swift Step Into Crisis SANTO DOMINGO, Dominican Republic -- When Sandro Batista smashed his banana truck into a tree in April, leaving him with two hideously shattered legs and a broken arm, his orthopedic surgeon sent his sister shopping.","Title: <SPLIT>Description: Dominicans' Swift Step Into Crisis SANTO DOMINGO, Dominican Republic -- When Sandro Batista smashed his banana truck into a tree in April, leaving him with two hideously shattered legs and a broken arm, his orthopedic surgeon sent his sister shopping.",1.0,1.0,1,1,2,1,"Skipped"
"Title: <SPLIT>[[Description]]: Putin's Chechnya options narrow On the fifth anniversary of the invasion of Chechnya, some say there are few alternatives to negotiations.","Title: <SPLIT>[[description]]: Putin's Chechnya options narrow On the fifth anniversary of the invasion of Chechnya, some say there are few alternatives to negotiations.",0.0,1.0,0,1,0,63,"Successful"
"Title: <SPLIT>Description: ""Atlantis """"Evidence"""" Found in Spain, Ireland In 360 B.C. the Greek philosopher Plato described an island he called Atlantis. Now contradicting new evidence claims the fabled city-state was based on a real place.""","Title: <SPLIT>Description: ""Atlantis """"Evidence"""" Found in Spain, Ireland In 360 B.C. the Greek philosopher Plato described an island he called Atlantis. Now contradicting new evidence claims the fabled city-state was based on a real place.""",1.0,1.0,1,1,3,1,"Skipped"
"Title: <SPLIT>Description:  #39;We walk a fine line, #39; says the boss whose airline tripped up After one of the most embarrassing weeks in British Airways #39; history, the recriminations begin tomorrow. Rod Eddington, the airline #39;s gregarious Australian chief executive, says he will mount a full investigation ","Title: <SPLIT>Description:  #39;We walk a fine line, #39; says the boss whose airline tripped up After one of the most embarrassing weeks in British Airways #39; history, the recriminations begin tomorrow. Rod Eddington, the airline #39;s gregarious Australian chief executive, says he will mount a full investigation ",1.0,1.0,1,1,2,1,"Skipped"
"Title: <SPLIT>Description: S.Africa Cancels Thatcher Meeting with Eq. Guinea South Africa has canceled a meeting with prosecutors from Equatorial Guinea who had hoped to interview Mark Thatcher on his suspected links to a coup plot in the oil-rich country, officials said on Sunday.","Title: <SPLIT>Description: S.Africa Cancels Thatcher Meeting with Eq. Guinea South Africa has canceled a meeting with prosecutors from Equatorial Guinea who had hoped to interview Mark Thatcher on his suspected links to a coup plot in the oil-rich country, officials said on Sunday.",1.0,1.0,1,1,0,1,"Skipped"
"Title: <SPLIT>Description: Howe won #39;t be back in 2005 According to a report on the MSG Network website, New York Mets manager Art Howe will not return as the team #39;s manager for the 2005 season.","Title: <SPLIT>Description: Howe won #39;t be back in 2005 According to a report on the MSG Network website, New York Mets manager Art Howe will not return as the team #39;s manager for the 2005 season.",0.0,0.0,1,1,1,200,"Failed"
"Title: <SPLIT>Description: Warrick doubtful for Sunday Cincinnati, OH ([[Sports]] Network) - Cincinnati Bengals wide receiver Peter Warrick is doubtful for Sunday #39;s game against Cleveland because of a shin injury.","Title: <SPLIT>Description: Warrick doubtful for Sunday Cincinnati, OH ([[mutant]] Network) - Cincinnati Bengals wide receiver Peter Warrick is doubtful for Sunday #39;s game against Cleveland because of a shin injury.",0.0,1.0,1,0,1,147,"Successful"
"Title: <SPLIT>Description: On an old road to Damascus: An ancient city finds new life DAMASCUS -- The crowd begins filling the courtyard of Opaline, a trendy restaurant, as late evening teeters toward early morning. Many arrive by golf cart, whisked through alleys to the wooden doors of a centuries-old Arab home within Old City walls.","Title: <SPLIT>Description: On an old road to Damascus: An ancient city finds new life DAMASCUS -- The crowd begins filling the courtyard of Opaline, a trendy restaurant, as late evening teeters toward early morning. Many arrive by golf cart, whisked through alleys to the wooden doors of a centuries-old Arab home within Old City walls.",1.0,1.0,1,1,0,1,"Skipped"
"Title: <SPLIT>Description: OPEC Seen Wary on Increase in Oil Quotas  VIENNA (Reuters) - OPEC may resist calls to raise oil  output quotas much, if at all, when it meets this week for fear  of turning a decline from record prices into a rout.","Title: <SPLIT>Description: OPEC Seen Wary on Increase in Oil Quotas  VIENNA (Reuters) - OPEC may resist calls to raise oil  output quotas much, if at all, when it meets this week for fear  of turning a decline from record prices into a rout.",1.0,1.0,1,1,2,1,"Skipped"
"Title: <SPLIT>Description: True Colors With  48 editions in 19 different languages available in over 60 countries, Reader #146;s Digest is a publishing phenomenon: the world #146;s top-selling magazine. And wherever you buy your copy, at least one thing will remain constant  #151; the quality and color balance of the images. See how  a Mac-based workflow ensures this color consistency.\ Nov 09","Title: <SPLIT>Description: True Colors With  48 editions in 19 different languages available in over 60 countries, Reader #146;s Digest is a publishing phenomenon: the world #146;s top-selling magazine. And wherever you buy your copy, at least one thing will remain constant  #151; the quality and color balance of the images. See how  a Mac-based workflow ensures this color consistency.\ Nov 09",1.0,1.0,1,1,3,1,"Skipped"
"Title: <SPLIT>Description: Analysis: Iran #[[39]];s missile capabilities Iran has announced it has improved its missile capabilities by developing a medium-range ballistic missile, with abilities to work on longer range systems -- a steady progress that ","Title: <SPLIT>Description: Analysis: Iran #[[thirty-nine]];s missile capabilities Iran has announced it has improved its missile capabilities by developing a medium-range ballistic missile, with abilities to work on longer range systems -- a steady progress that ",0.0,1.0,0,3,0,190,"Successful"
"Title: <SPLIT>Description: Audit finds no fraud in Venezuelan recall vote CARACAS : An audit of last Sunday #39;s recall vote in Venezuela, which favored keeping President Hugo Chavez in office, found no evidence of fraud, as the opposition had charged, electoral officials said.","Title: <SPLIT>Description: Audit finds no fraud in Venezuelan recall vote CARACAS : An audit of last Sunday #39;s recall vote in Venezuela, which favored keeping President Hugo Chavez in office, found no evidence of fraud, as the opposition had charged, electoral officials said.",1.0,1.0,1,1,2,1,"Skipped"
"Title: <SPLIT>Description: Patterson gets silver on balance beam Athens, Greece (Sports Network) - American Carly Patterson, the women #39;s all- around champion at the Summer Games, added another medal on Monday night with a silver in the balance beam competition.","Title: <SPLIT>Description: Patterson gets silver on balance beam Athens, Greece (Sports Network) - American Carly Patterson, the women #39;s all- around champion at the Summer Games, added another medal on Monday night with a silver in the balance beam competition.",0.0,0.0,1,1,1,200,"Failed"
"Title: <SPLIT>Description: Softbank's hopes on mobile services dashed (FT.com) FT.com - Softbank's hopes of starting a mobile phone service were dealt a blow on Monday after the Japanese telecoms regulator decided not to allocate bandwidth to new entrants for the time being.","Title: <SPLIT>Description: Softbank's hopes on mobile services dashed (FT.com) FT.com - Softbank's hopes of starting a mobile phone service were dealt a blow on Monday after the Japanese telecoms regulator decided not to allocate bandwidth to new entrants for the time being.",1.0,1.0,1,1,3,1,"Skipped"
"Title: <SPLIT>Description: MND confirms China pulling troops from drill The Ministry of Defense confirmed yesterday that China #39;s military had withdrawn most of its troops from Dongshan Island where it was to hold an annual war game, but would not say if the action indicated Beijing was calling off the maneuvers that simulate ","Title: <SPLIT>Description: MND confirms China pulling troops from drill The Ministry of Defense confirmed yesterday that China #39;s military had withdrawn most of its troops from Dongshan Island where it was to hold an annual war game, but would not say if the action indicated Beijing was calling off the maneuvers that simulate ",1.0,1.0,1,1,0,1,"Skipped"
"Title: <SPLIT>Description: Cost Cuts Boost Southwest Air Profit Southwest Airlines (LUV) on Thursday said third-quarter earnings rose 12 percent due to higher revenue and better cost performance even though record-high fuel prices stung the low-cost carrier.","Title: <SPLIT>Description: Cost Cuts Boost Southwest Air Profit Southwest Airlines (LUV) on Thursday said third-quarter earnings rose 12 percent due to higher revenue and better cost performance even though record-high fuel prices stung the low-cost carrier.",1.0,1.0,1,1,2,1,"Skipped"
"Title: <SPLIT>Description: Rooney going nowhere unless price is right: Moyes England striker on his way. Or is he? Will it be St James #39; Park or Old Trafford? Or will he remain at Goodison? Although Wayne Rooney today handed in a transfer request, and set in motion his seemingly inevitable ","Title: <SPLIT>Description: Rooney going nowhere unless price is right: Moyes England striker on his way. Or is he? Will it be St James #39; Park or Old Trafford? Or will he remain at Goodison? Although Wayne Rooney today handed in a transfer request, and set in motion his seemingly inevitable ",0.0,0.0,1,1,1,200,"Failed"
"Title: <SPLIT>Description: South Koreans Say Secret Work Refined Uranium South Korea admitted that a group of its nuclear scientists secretly produced a small amount of near-weapons grade uranium.","Title: <SPLIT>Description: South Koreans Say Secret Work Refined Uranium South Korea admitted that a group of its nuclear scientists secretly produced a small amount of near-weapons grade uranium.",1.0,1.0,1,1,0,1,"Skipped"
"Title: <SPLIT>Description: Wall St.'s Nest Egg - the Housing Sector  NEW YORK (Reuters) - If there were any doubts that we're  still living in the era of the stay-at-home economy, the rows  of empty seats at the Athens Olympics should help erase them.","Title: <SPLIT>Description: Wall St.'s Nest Egg - the Housing Sector  NEW YORK (Reuters) - If there were any doubts that we're  still living in the era of the stay-at-home economy, the rows  of empty seats at the Athens Olympics should help erase them.",1.0,1.0,1,1,2,1,"Skipped"
"Title: <SPLIT>Description: Level 3 Acquires Sprint #39;s Wholesale Dial-Up Internet Business Level 3 today announced that it has purchased Sprint #39;s wholesale dial-up Internet access business for \$34 million in cash. Sprint is one of the largest providers of wholesale dial-up service to ISPs in North America.","Title: <SPLIT>Description: Level 3 Acquires Sprint #39;s Wholesale Dial-Up Internet Business Level 3 today announced that it has purchased Sprint #39;s wholesale dial-up Internet access business for \$34 million in cash. Sprint is one of the largest providers of wholesale dial-up service to ISPs in North America.",1.0,1.0,1,1,2,1,"Skipped"
"Title: <SPLIT>Description: Another Oracle exec says company might lower offer price for &lt;b&gt;...&lt;/b&gt; WILMINGTON, Del. Another Oracle executive says the company could lower its offering price for rival PeopleSoft. During testimony this morning in Delaware, Oracle co-president Safra Catz said PeopleSoft #39;s declining ","Title: <SPLIT>Description: Another Oracle exec says company might lower offer price for &lt;b&gt;...&lt;/b&gt; WILMINGTON, Del. Another Oracle executive says the company could lower its offering price for rival PeopleSoft. During testimony this morning in Delaware, Oracle co-president Safra Catz said PeopleSoft #39;s declining ",1.0,1.0,0,0,2,1,"Skipped"
"Title: <SPLIT>Description: Milan Mandaric statement  quot;Over the past two-and-a-half years the football club have currently paid [[11]].5million on transfer fees, loan fees and appearance payments to clubs for 25 players.","Title: <SPLIT>Description: Milan Mandaric statement  quot;Over the past two-and-a-half years the football club have currently paid [[XI]].5million on transfer fees, loan fees and appearance payments to clubs for 25 players.",0.0,1.0,1,0,1,140,"Successful"
"Title: <SPLIT>Description: NASA Cassini Image: Gazing Down at Saturn #39;s Rings Cassini pierced the ring plane and rounded Saturn on Oct. 27, 2004, capturing this view of the dark portion of the rings. A portion of the planet #39;s atmosphere is visible here, as is its shadow on the surface of the rings.","Title: <SPLIT>Description: NASA Cassini Image: Gazing Down at Saturn #39;s Rings Cassini pierced the ring plane and rounded Saturn on Oct. 27, 2004, capturing this view of the dark portion of the rings. A portion of the planet #39;s atmosphere is visible here, as is its shadow on the surface of the rings.",1.0,1.0,1,1,3,1,"Skipped"
"Title: <SPLIT>Description: Microsoft, Polycom team on collaboration products Microsoft Corp. and Polycom Inc. have struck a multi-year agreement to link Microsoft's Office Live Communications Server with Polycom's conferencing products, the companies plan to announce Tuesday.","Title: <SPLIT>Description: Microsoft, Polycom team on collaboration products Microsoft Corp. and Polycom Inc. have struck a multi-year agreement to link Microsoft's Office Live Communications Server with Polycom's conferencing products, the companies plan to announce Tuesday.",1.0,1.0,1,1,3,1,"Skipped"
"Title: <SPLIT>Description: Spurs 107, Mavericks 89 Devin Brown sparked a fourth-quarter spurt with two three-point plays and two dunks, helping the San Antonio Spurs beat the Dallas Mavericks 107-89 Monday night to spoil the pseudo-coaching debut of Avery Johnson.","Title: <SPLIT>Description: Spurs 107, Mavericks 89 Devin Brown sparked a fourth-quarter spurt with two three-point plays and two dunks, helping the San Antonio Spurs beat the Dallas Mavericks 107-89 Monday night to spoil the pseudo-coaching debut of Avery Johnson.",0.0,0.0,1,1,1,200,"Failed"
"Title: <SPLIT>Description: Hurricanes soak Knight Ridder #39;s 3Q Knight Ridder Inc., publisher of the Miami Herald and the Philadelphia Inquirer, said third-quarter earnings will miss Wall Street estimates due to the impact of three recent hurricanes on its Florida newspapers.","Title: <SPLIT>Description: Hurricanes soak Knight Ridder #39;s 3Q Knight Ridder Inc., publisher of the Miami Herald and the Philadelphia Inquirer, said third-quarter earnings will miss Wall Street estimates due to the impact of three recent hurricanes on its Florida newspapers.",1.0,1.0,1,1,2,1,"Skipped"
"Title: <SPLIT>Description: Two hurricanes = two deductibles Many homeowners in the Orlando area suffered a double blow when hurricanes Charley and Frances struck in quick succession. Now, they #39;re smarting from a financial one-two punch - two insurance deductibles.","Title: <SPLIT>Description: Two hurricanes = two deductibles Many homeowners in the Orlando area suffered a double blow when hurricanes Charley and Frances struck in quick succession. Now, they #39;re smarting from a financial one-two punch - two insurance deductibles.",1.0,1.0,1,1,2,1,"Skipped"
"Title: <SPLIT>Description: Police use stun gun to subdue T-Wolves #39; Olowokandi Minnesota Timberwolves center Michael Olowokandi was arrested early yesterday after police used a stun gun to subdue him when he refused to leave an Indianapolis club.","Title: <SPLIT>Description: Police use stun gun to subdue T-Wolves #39; Olowokandi Minnesota Timberwolves center Michael Olowokandi was arrested early yesterday after police used a stun gun to subdue him when he refused to leave an Indianapolis club.",0.0,0.0,1,1,1,200,"Failed"
"Title: <SPLIT>Description: Baghdad Car Bombs Kill 11, Including GI BAGHDAD, Iraq - Two car bombs shook the capital in quick succession Sunday, killing at least 11 people, including an American soldier, and wounding 16, U.S. and Iraqi officials said, as Defense Secretary Donald H...","Title: <SPLIT>Description: Baghdad Car Bombs Kill 11, Including GI BAGHDAD, Iraq - Two car bombs shook the capital in quick succession Sunday, killing at least 11 people, including an American soldier, and wounding 16, U.S. and Iraqi officials said, as Defense Secretary Donald H...",1.0,1.0,1,1,0,1,"Skipped"
"Title: <SPLIT>Description: Time on a Chip: The Incredible Shrinking Atomic Clock Researchers are developing tiny atomic clocks that could be made using standard semiconductor processes and slipped into cellphones, hand-held computers and global positioning system receivers.","Title: <SPLIT>Description: Time on a Chip: The Incredible Shrinking Atomic Clock Researchers are developing tiny atomic clocks that could be made using standard semiconductor processes and slipped into cellphones, hand-held computers and global positioning system receivers.",1.0,1.0,1,1,3,1,"Skipped"
"Title: <SPLIT>Description: ""TUC urges 6 minimum wage rate The UK's minimum wage should rise to rise to 6 an hour in the next two years, the TUC says, but business calls the proposal """"totally irresponsible"""".""","Title: <SPLIT>Description: ""TUC urges 6 minimum wage rate The UK's minimum wage should rise to rise to 6 an hour in the next two years, the TUC says, but business calls the proposal """"totally irresponsible"""".""",1.0,1.0,0,0,2,1,"Skipped"
"Title: <SPLIT>Description: UConn passes first test Dan Orlovsky threw for 382 yards and tied his school record with five touchdown passes to lead Connecticut to a 52-14 win over Murray State yesterday in East Hartford.","Title: <SPLIT>Description: UConn passes first test Dan Orlovsky threw for 382 yards and tied his school record with five touchdown passes to lead Connecticut to a 52-14 win over Murray State yesterday in East Hartford.",1.0,1.0,0,0,1,1,"Skipped"
"Title: <SPLIT>Description: Nonnative Goats Bunking at Yellowstone (AP) AP - A new study shows mountain goats are taking hold in Yellowstone National Park, but park officials aren't sure how to handle the presence of the nonnative animals.","Title: <SPLIT>Description: Nonnative Goats Bunking at Yellowstone (AP) AP - A new study shows mountain goats are taking hold in Yellowstone National Park, but park officials aren't sure how to handle the presence of the nonnative animals.",1.0,1.0,1,1,3,1,"Skipped"
"Title: <SPLIT>Description: Testimony Ends In Evolution Sticker Trial ATLANTA -- Testimony concluded Wednesday in the lawsuit against Cobb County Georgia schools for placing disclaimer stickers about evolution in high school biology texts.","Title: <SPLIT>Description: Testimony Ends In Evolution Sticker Trial ATLANTA -- Testimony concluded Wednesday in the lawsuit against Cobb County Georgia schools for placing disclaimer stickers about evolution in high school biology texts.",1.0,1.0,1,1,3,1,"Skipped"
"Title: <SPLIT>Description: Last American defector in North Korea agrees to tell story (AFP) AFP - The last surviving American defector to communist North Korea wants to tell his story to put a human face on the Stalinist state which he believes is unfairly vilified abroad, British film-makers said.","Title: <SPLIT>Description: Last American defector in North Korea agrees to tell story (AFP) AFP - The last surviving American defector to communist North Korea wants to tell his story to put a human face on the Stalinist state which he believes is unfairly vilified abroad, British film-makers said.",1.0,1.0,1,1,0,1,"Skipped"
"Title: <SPLIT>Description: Week of September 25th, 2004 Why to watch: Miami might be 2-0 and once again among the college football elite, but no one #39;s thinking Orange Bowl quite yet.","Title: <SPLIT>Description: Week of September 25th, 2004 Why to watch: Miami might be 2-0 and once again among the college football elite, but no one #39;s thinking Orange Bowl quite yet.",1.0,1.0,0,0,1,1,"Skipped"
"Title: <SPLIT>Description: Russians Next In Line To Receive Cheap Windows After Thailand, Malaysia and Indonesia, Microsoft has identified Russia as the fourth market for its low cost scaled down operating system, Windows XP Starter Edition (XP SE).","Title: <SPLIT>Description: Russians Next In Line To Receive Cheap Windows After Thailand, Malaysia and Indonesia, Microsoft has identified Russia as the fourth market for its low cost scaled down operating system, Windows XP Starter Edition (XP SE).",1.0,1.0,0,0,3,1,"Skipped"
"Title: <SPLIT>Description: Growth cut THE Bank of England yesterday cut its forecast for UK economic growth next year to 2.5 per cent and said inflation could be below expectations.","Title: <SPLIT>Description: Growth cut THE Bank of England yesterday cut its forecast for UK economic growth next year to 2.5 per cent and said inflation could be below expectations.",1.0,1.0,1,1,2,1,"Skipped"
"Title: <SPLIT>Description: Qatar Defense Show Focuses on Videogame Technology  DOHA (Reuters) - Rick Bracewell is driving through Baghdad  when gunmen open fire. Then a nearby dead dog strapped with  explosives blows up and his vehicle goes up in flames.","Title: <SPLIT>Description: Qatar Defense Show Focuses on Videogame Technology  DOHA (Reuters) - Rick Bracewell is driving through Baghdad  when gunmen open fire. Then a nearby dead dog strapped with  explosives blows up and his vehicle goes up in flames.",1.0,1.0,1,1,3,1,"Skipped"
"Title: <SPLIT>Description: Thailand Tackles Bird Flu Epidemic BANGKOK, Thailand Sept. 30, 2004 - Millions of volunteers led by emergency teams fanned out across Thailand on Thursday in a new drive to fight bird flu after the prime minister gave officials 30 days to eradicate the epidemic.","Title: <SPLIT>Description: Thailand Tackles Bird Flu Epidemic BANGKOK, Thailand Sept. 30, 2004 - Millions of volunteers led by emergency teams fanned out across Thailand on Thursday in a new drive to fight bird flu after the prime minister gave officials 30 days to eradicate the epidemic.",1.0,1.0,1,1,0,1,"Skipped"
"Title: <SPLIT>Description: Chicago to Hold EBay Auction to Raise Money for Cultural Programs City officials hope there are people willing to pay plenty of money to own a vintage Playboy Bunny costume, toss green dye into the Chicago River or throw a dinner party prepared by Oprah Winfrey's chef.","Title: <SPLIT>Description: Chicago to Hold EBay Auction to Raise Money for Cultural Programs City officials hope there are people willing to pay plenty of money to own a vintage Playboy Bunny costume, toss green dye into the Chicago River or throw a dinner party prepared by Oprah Winfrey's chef.",1.0,1.0,1,1,3,1,"Skipped"
"Title: <SPLIT>Description: US August Inflation Mild, Job Claims Rise US consumer prices inched up just 0.1 percent last month as gasoline and car prices tumbled, the government said on Thursday in a report suggesting an inflation spike earlier this year was an aberration.","Title: <SPLIT>Description: US August Inflation Mild, Job Claims Rise US consumer prices inched up just 0.1 percent last month as gasoline and car prices tumbled, the government said on Thursday in a report suggesting an inflation spike earlier this year was an aberration.",1.0,1.0,1,1,2,1,"Skipped"
"Title: <SPLIT>Description: Lycos Europe Pushes Limits in Anti-Spam Fight A new application from Lycos Europe aims to fight back against spammers, but some experts say the company may be enabling illegal activities.","Title: <SPLIT>Description: Lycos Europe Pushes Limits in Anti-Spam Fight A new application from Lycos Europe aims to fight back against spammers, but some experts say the company may be enabling illegal activities.",1.0,1.0,1,1,3,1,"Skipped"
"Title: <SPLIT>Description: 11th-hour highlights too late NBC's prime-time Olympic coverage is taped and shaped, the television version of a Reader's Digest condensed book. We get all the US highlights, the big news stories, and a well-edited drama building to the 11 p.m. hour. It's a formula that's been proven to hold an audience and pull ratings. The big downside: You have to stay up until midnight ...","Title: <SPLIT>Description: 11th-hour highlights too late NBC's prime-time Olympic coverage is taped and shaped, the television version of a Reader's Digest condensed book. We get all the US highlights, the big news stories, and a well-edited drama building to the 11 p.m. hour. It's a formula that's been proven to hold an audience and pull ratings. The big downside: You have to stay up until midnight ...",0.0,0.0,1,1,1,200,"Failed"
"Title: <SPLIT>Description: Japanese joy and British tears IT WAS the night of the longest race and the shortest, a night of distress for Britain #39;s Paula Radcliffe and delight for America #39;s Justin Gatlin.","Title: <SPLIT>Description: Japanese joy and British tears IT WAS the night of the longest race and the shortest, a night of distress for Britain #39;s Paula Radcliffe and delight for America #39;s Justin Gatlin.",1.0,1.0,0,0,1,1,"Skipped"
"Title: <SPLIT>Description: Your PC May Be Less Secure Than You Think Most users think their computer is safe from adware and spyware--but they #39;re wrong. A survey conducted by Internet service provider America Online found that 20 percent of home computers were infected by a ","Title: <SPLIT>Description: Your PC May Be Less Secure Than You Think Most users think their computer is safe from adware and spyware--but they #39;re wrong. A survey conducted by Internet service provider America Online found that 20 percent of home computers were infected by a ",1.0,1.0,1,1,3,1,"Skipped"
"Title: <SPLIT>Description: Journalist [[purportedly]] kidnapped by militants A group calling itself  quot;The Islamic Army in Iraq quot; said Italy must withdraw its 3,000 troops -- or the safety of a missing Italian journalist can #39;t be guaranteed.","Title: <SPLIT>Description: Journalist [[supposedly]] kidnapped by militants A group calling itself  quot;The Islamic Army in Iraq quot; said Italy must withdraw its 3,000 troops -- or the safety of a missing Italian journalist can #39;t be guaranteed.",0.0,1.0,0,1,0,171,"Successful"
"Title: <SPLIT>Description: Sadr Aide Tells Iraq Militia to Cease Fire -TV A top aide to Iraq #39;s rebel Shi #39;ite leader Muqtada al-Sadr Monday called on the Mehdi Army militia to cease fire across Iraq and said Sadr was preparing to announce plans for a major political program.","Title: <SPLIT>Description: Sadr Aide Tells Iraq Militia to Cease Fire -TV A top aide to Iraq #39;s rebel Shi #39;ite leader Muqtada al-Sadr Monday called on the Mehdi Army militia to cease fire across Iraq and said Sadr was preparing to announce plans for a major political program.",1.0,1.0,1,1,0,1,"Skipped"
"Title: <SPLIT>Description: Barcelona return for Mourinho Jose Mourinho, the Chelsea manager, last night talked about how  quot;emotional quot; it will be returning to Barcelona in the last 16, knockout stage of the Champions League.","Title: <SPLIT>Description: Barcelona return for Mourinho Jose Mourinho, the Chelsea manager, last night talked about how  quot;emotional quot; it will be returning to Barcelona in the last 16, knockout stage of the Champions League.",0.0,0.0,1,1,1,200,"Failed"
"Title: <SPLIT>Description: Sloppy win suits Badgers TUCSON -- Booker Stanley ran for a career-high 135 yards on 30 carries, including a 7-yard run for Wisconsin's only touchdown, and the 20th-ranked Badgers rallied for a stormy 9-7 victory over Arizona yesterday.","Title: <SPLIT>Description: Sloppy win suits Badgers TUCSON -- Booker Stanley ran for a career-high 135 yards on 30 carries, including a 7-yard run for Wisconsin's only touchdown, and the 20th-ranked Badgers rallied for a stormy 9-7 victory over Arizona yesterday.",0.0,0.0,1,1,1,200,"Failed"
"Title: <SPLIT>Description: Bush Set to Open Oil Reserve Spigot (Reuters) Reuters - With oil prices close to  #36;50 a\barrel, the Bush administration is set to allow oil refineries\to borrow crude from the government's emergency petroleum\stockpile to make up for supplies disrupted by Hurricane Ivan,\a congressional source briefed on the pending decision told\Reuters on Thursday.","Title: <SPLIT>Description: Bush Set to Open Oil Reserve Spigot (Reuters) Reuters - With oil prices close to  #36;50 a\barrel, the Bush administration is set to allow oil refineries\to borrow crude from the government's emergency petroleum\stockpile to make up for supplies disrupted by Hurricane Ivan,\a congressional source briefed on the pending decision told\Reuters on Thursday.",1.0,1.0,1,1,2,1,"Skipped"
"Title: <SPLIT>Description: Consumer Prices Climb; Jobless Claims Up (AP) AP - Consumer prices barely budged in August, suggesting that inflation isn't currently a problem for the economy and Federal Reserve policy-makers can stick with a gradual approach to raising interest rates.","Title: <SPLIT>Description: Consumer Prices Climb; Jobless Claims Up (AP) AP - Consumer prices barely budged in August, suggesting that inflation isn't currently a problem for the economy and Federal Reserve policy-makers can stick with a gradual approach to raising interest rates.",1.0,1.0,1,1,2,1,"Skipped"
"Title: <SPLIT>Description: Dell Debuts Color Laser Printers Three new models are designed for businesses and home office users.","Title: <SPLIT>Description: Dell Debuts Color Laser Printers Three new models are designed for businesses and home office users.",1.0,1.0,2,2,3,1,"Skipped"
"Title: <SPLIT>Description: EU sees oil prices spoiling euro zone growth party Record high oil prices will cut euro zone growth next year and further sharp euro gains could make matters worse, the European Commission said on Tuesday.","Title: <SPLIT>Description: EU sees oil prices spoiling euro zone growth party Record high oil prices will cut euro zone growth next year and further sharp euro gains could make matters worse, the European Commission said on Tuesday.",1.0,1.0,1,1,2,1,"Skipped"
"Title: <SPLIT>Description: Alltel buys Cingular properties, expands network Little Rock-based Alltel will expand its wireless phone service in Connecticut, Kentucky, Mississippi, Oklahoma and Texas in a \$170 million deal with Cingular Wireless.","Title: <SPLIT>Description: Alltel buys Cingular properties, expands network Little Rock-based Alltel will expand its wireless phone service in Connecticut, Kentucky, Mississippi, Oklahoma and Texas in a \$170 million deal with Cingular Wireless.",1.0,1.0,0,0,2,1,"Skipped"
"Title: <SPLIT>Description: ""Loosing the War on Terrorism \\""""Sven Jaschan, self-confessed author of the Netsky and Sasser viruses, is\responsible for 70 percent of virus infections in 2004, according to a six-month\virus roundup published Wednesday by antivirus company Sophos.""""\\""""The 18-year-old Jaschan was taken into custody in Germany in May by police who\said he had admitted programming both the Netsky and Sasser worms, something\experts at Microsoft confirmed. (A Microsoft antivirus reward program led to the\teenager's arrest.) During the five months preceding Jaschan's capture, there\were at least 25 variants of Netsky and one of the port-scanning network worm\Sasser.""""\\""""Graham Cluley, senior technology consultant at Sophos, said it was staggeri ...\\""","Title: <SPLIT>Description: ""Loosing the War on Terrorism \\""""Sven Jaschan, self-confessed author of the Netsky and Sasser viruses, is\responsible for 70 percent of virus infections in 2004, according to a six-month\virus roundup published Wednesday by antivirus company Sophos.""""\\""""The 18-year-old Jaschan was taken into custody in Germany in May by police who\said he had admitted programming both the Netsky and Sasser worms, something\experts at Microsoft confirmed. (A Microsoft antivirus reward program led to the\teenager's arrest.) During the five months preceding Jaschan's capture, there\were at least 25 variants of Netsky and one of the port-scanning network worm\Sasser.""""\\""""Graham Cluley, senior technology consultant at Sophos, said it was staggeri ...\\""",1.0,1.0,1,1,3,1,"Skipped"
"Title: <SPLIT>Description: Darfur rebel group promises to respect truce One rebel group in Sudan #39;s troubled Darfur region Thursday pledged to fully respect a truce with the Sudanese government amid contradictory statements and international concern about an escalation in fighting.","Title: <SPLIT>Description: Darfur rebel group promises to respect truce One rebel group in Sudan #39;s troubled Darfur region Thursday pledged to fully respect a truce with the Sudanese government amid contradictory statements and international concern about an escalation in fighting.",1.0,1.0,1,1,0,1,"Skipped"
"Title: <SPLIT>Description: Bombardier shares slump as CEO leaves Bombardier, the troubled Canadian maker of aircraft and trains, saw its shares fall by around 20 per cent in Toronto, after it announced that Paul Tellier was stepping down early as president and chief executive officer.","Title: <SPLIT>Description: Bombardier shares slump as CEO leaves Bombardier, the troubled Canadian maker of aircraft and trains, saw its shares fall by around 20 per cent in Toronto, after it announced that Paul Tellier was stepping down early as president and chief executive officer.",1.0,1.0,1,1,2,1,"Skipped"
"Title: <SPLIT>Description: Redskins lose, Kerry hopes for win TAMPA. Fla. First it was the Boston Red Sox World Series win that had John Kerry grinning, now another sports event has him feeling good.","Title: <SPLIT>Description: Redskins lose, Kerry hopes for win TAMPA. Fla. First it was the Boston Red Sox World Series win that had John Kerry grinning, now another sports event has him feeling good.",0.0,0.0,1,1,1,200,"Failed"
"Title: <SPLIT>Description: Sprint Center Of Attention For Nextel And Verizon Wireless Sprint Corp. #39;s enterprise operation, including its nationwide fiber-optic network, suddenly is looking like a swan and not a lame duck, as Verizon Wireless assesses the possibility of making a bid for Sprint in the boiling cell-phone merger scene.","Title: <SPLIT>Description: Sprint Center Of Attention For Nextel And Verizon Wireless Sprint Corp. #39;s enterprise operation, including its nationwide fiber-optic network, suddenly is looking like a swan and not a lame duck, as Verizon Wireless assesses the possibility of making a bid for Sprint in the boiling cell-phone merger scene.",1.0,1.0,1,1,2,1,"Skipped"
"Title: <SPLIT>Description: Chinese President Meets With Castro (AP) AP - Chinese President Hu Jintao met with Fidel Castro Monday for talks focusing on the broadening ties between Cuba and China, which has become the island's third-largest trading partner.","Title: <SPLIT>Description: Chinese President Meets With Castro (AP) AP - Chinese President Hu Jintao met with Fidel Castro Monday for talks focusing on the broadening ties between Cuba and China, which has become the island's third-largest trading partner.",1.0,1.0,1,1,0,1,"Skipped"
"Title: <SPLIT>Description: Arafat Said to Have Liver Failure; PM to Visit  PARIS (Reuters) - Yasser Arafat, critically ill in a Paris  hospital, has suffered liver failure, a Palestinian official  said on Sunday as Arafat's subordinates decided in his absence  to enforce a law and order plan in Palestinian areas.","Title: <SPLIT>Description: Arafat Said to Have Liver Failure; PM to Visit  PARIS (Reuters) - Yasser Arafat, critically ill in a Paris  hospital, has suffered liver failure, a Palestinian official  said on Sunday as Arafat's subordinates decided in his absence  to enforce a law and order plan in Palestinian areas.",1.0,1.0,1,1,0,1,"Skipped"
"Title: <SPLIT>Description:  #39;Miracle in mud #39; as four pulled alive from Philippine disaster REAL, Philippines (AFP) - Philippine rescuers were frantically digging for more survivors after four people, including a toddler, were pulled alive from a building crushed by a landslide 11 days ago.","Title: <SPLIT>Description:  #39;Miracle in mud #39; as four pulled alive from Philippine disaster REAL, Philippines (AFP) - Philippine rescuers were frantically digging for more survivors after four people, including a toddler, were pulled alive from a building crushed by a landslide 11 days ago.",1.0,1.0,1,1,0,1,"Skipped"
"Title: <SPLIT>Description: Feyenoord cuts PSV #39;s lead to three Feyenoord cut PSV Eindhoven #39;s lead atop the Dutch Premiership to three points on Sunday as Bart Goor equalized two minutes into injury time for a 3-3 draw with the leaders.","Title: <SPLIT>Description: Feyenoord cuts PSV #39;s lead to three Feyenoord cut PSV Eindhoven #39;s lead atop the Dutch Premiership to three points on Sunday as Bart Goor equalized two minutes into injury time for a 3-3 draw with the leaders.",0.0,0.0,1,1,1,200,"Failed"
"Title: <SPLIT>Description: Leinart, Bush, White and Peterson lead final 5 Four players whose teams are bound for the Orange Bowl dominate the Heisman Trophy finalist list, which was announced Wednesday evening on SportsCenter.","Title: <SPLIT>Description: Leinart, Bush, White and Peterson lead final 5 Four players whose teams are bound for the Orange Bowl dominate the Heisman Trophy finalist list, which was announced Wednesday evening on SportsCenter.",1.0,1.0,0,0,1,1,"Skipped"
"Title: <SPLIT>Description: Loss bodes well for future They beat a bunch of bad teams -- some, just barely -- to become the first team in franchise history to get off to a 5-0 start. Still, we couldn #39;t tell just how good the Jets really were.","Title: <SPLIT>Description: Loss bodes well for future They beat a bunch of bad teams -- some, just barely -- to become the first team in franchise history to get off to a 5-0 start. Still, we couldn #39;t tell just how good the Jets really were.",0.0,0.0,1,1,1,200,"Failed"
"Title: <SPLIT>Description: US rates seen headed up despite soft-spot worries Federal Reserve policy-makers were expected to raise US interest rates on Tuesday for a third time this year, continuing to lift borrowing costs from rock ","Title: <SPLIT>Description: US rates seen headed up despite soft-spot worries Federal Reserve policy-makers were expected to raise US interest rates on Tuesday for a third time this year, continuing to lift borrowing costs from rock ",0.0,0.0,2,2,2,200,"Failed"
"Title: <SPLIT>Description: Boys 'cured' with gene therapy  Gene therapy can cure children born with a condition that knocks out their natural defences against infection, mounting evidence shows.","Title: <SPLIT>Description: Boys 'cured' with gene therapy  Gene therapy can cure children born with a condition that knocks out their natural defences against infection, mounting evidence shows.",1.0,1.0,1,1,0,1,"Skipped"
"Title: <SPLIT>Description: BA hikes oil surcharge by up to 8 per ticket British Airways, Europe #39;s biggest airline by passenger capacity, has hiked its fuel surcharges by up to UK8 per ticket, a day after oil prices climbed to record levels.","Title: <SPLIT>Description: BA hikes oil surcharge by up to 8 per ticket British Airways, Europe #39;s biggest airline by passenger capacity, has hiked its fuel surcharges by up to UK8 per ticket, a day after oil prices climbed to record levels.",1.0,1.0,1,1,2,1,"Skipped"
"Title: <SPLIT>Description: New Rebel Factions Emerge in Darfur New rebel factions have emerged in western Sudan, complicating peace talks on the conflict in Darfur. The UN special representative for Darfur, Jan Pronk, says he thinks the new groups are serious and need to be taken into consideration.","Title: <SPLIT>Description: New Rebel Factions Emerge in Darfur New rebel factions have emerged in western Sudan, complicating peace talks on the conflict in Darfur. The UN special representative for Darfur, Jan Pronk, says he thinks the new groups are serious and need to be taken into consideration.",1.0,1.0,1,1,0,1,"Skipped"
"Title: <SPLIT>Description: Oceanic storms make the Earth  #39;hum #39; Did you know that the Earth is constantly humming ie it produces a low frequency noise which can be picked up in the 2 to 7 mHz (millihertz) range, a range far below the one human ears can detect and scientist have now found that it is the energy produced ","Title: <SPLIT>Description: Oceanic storms make the Earth  #39;hum #39; Did you know that the Earth is constantly humming ie it produces a low frequency noise which can be picked up in the 2 to 7 mHz (millihertz) range, a range far below the one human ears can detect and scientist have now found that it is the energy produced ",1.0,1.0,1,1,3,1,"Skipped"
"Title: <SPLIT>Description: Finley #39;s slam wins wild West for LA LOS ANGELES - Steve Finley immediately raised his arms over his head, as if to show there really might be a Great Dodger in the Sky looking after him and the Los Angeles franchise after a nine-year title drought.","Title: <SPLIT>Description: Finley #39;s slam wins wild West for LA LOS ANGELES - Steve Finley immediately raised his arms over his head, as if to show there really might be a Great Dodger in the Sky looking after him and the Los Angeles franchise after a nine-year title drought.",0.0,0.0,1,1,1,200,"Failed"
"Title: <SPLIT>Description: Argentina Basketball Coach Magnano Quits Ruben Magnano, who coached Argentina to the Olympic basketball gold medal in Athens, resigned Thursday to accept a coaching job in Italy.","Title: <SPLIT>Description: Argentina Basketball Coach Magnano Quits Ruben Magnano, who coached Argentina to the Olympic basketball gold medal in Athens, resigned Thursday to accept a coaching job in Italy.",1.0,1.0,1,1,0,1,"Skipped"
"Title: <SPLIT>Description: British Bug Splat Survey Springs Surprise (Reuters) Reuters - The results of one of the stranger\environmental surveys to be conducted in Britain are in -- and\there's a surprise.","Title: <SPLIT>Description: British Bug Splat Survey Springs Surprise (Reuters) Reuters - The results of one of the stranger\environmental surveys to be conducted in Britain are in -- and\there's a surprise.",1.0,1.0,1,1,3,1,"Skipped"
"Title: <SPLIT>Description: Japan narrowly escapes recession New figures show Japan's economy is barely staying out of recession with annual growth of just 0.2 in the third quarter.","Title: <SPLIT>Description: Japan narrowly escapes recession New figures show Japan's economy is barely staying out of recession with annual growth of just 0.2 in the third quarter.",1.0,1.0,1,1,2,1,"Skipped"
"Title: <SPLIT>Description: Plugging in a Musical Visionary's Next Ideas Musician Brian Eno, who has been turning ideas into visionary music for decades, is looking to create software that will write song lyrics.","Title: <SPLIT>Description: Plugging in a Musical Visionary's Next Ideas Musician Brian Eno, who has been turning ideas into visionary music for decades, is looking to create software that will write song lyrics.",1.0,1.0,1,1,3,1,"Skipped"
"Title: <SPLIT>Description: Big Green slip by Wildcats Mike Lang had a career-high 25 points, including the go-ahead jumper with 1:16 remaining, to lift Dartmouth to a 69-67 nonconference victory over New Hampshire last night in Hanover, N.H. Lang's basket broke a 66-66 tie. Dartmouth (3-3) then fouled the Wildcats' Jermaine Anderson, who hit one of two free throws to make it 68-67 with 54 seconds left. A ...","Title: <SPLIT>Description: Big Green slip by Wildcats Mike Lang had a career-high 25 points, including the go-ahead jumper with 1:16 remaining, to lift Dartmouth to a 69-67 nonconference victory over New Hampshire last night in Hanover, N.H. Lang's basket broke a 66-66 tie. Dartmouth (3-3) then fouled the Wildcats' Jermaine Anderson, who hit one of two free throws to make it 68-67 with 54 seconds left. A ...",0.0,0.0,1,1,1,200,"Failed"
"Title: <SPLIT>Description: Ohio Sues Best Buy, Alleging Used Sales (AP) AP - Ohio authorities sued Best Buy Co. Inc. on Thursday, alleging the electronics retailer engaged in unfair and deceptive business practices.","Title: <SPLIT>Description: Ohio Sues Best Buy, Alleging Used Sales (AP) AP - Ohio authorities sued Best Buy Co. Inc. on Thursday, alleging the electronics retailer engaged in unfair and deceptive business practices.",1.0,1.0,1,1,2,1,"Skipped"
"Title: <SPLIT>Description: Ninety million Bagle worms kill the Windows XP2 firewall Earlier this year Microsoft released a major security update for Windows XP, which was designed to strengthen the operating systems defences against attack from viruses and hackers.","Title: <SPLIT>Description: Ninety million Bagle worms kill the Windows XP2 firewall Earlier this year Microsoft released a major security update for Windows XP, which was designed to strengthen the operating systems defences against attack from viruses and hackers.",1.0,1.0,0,0,3,1,"Skipped"
"Title: <SPLIT>Description: US planes again hit Sadr City BAGHDAD US warplanes fired on targets in the east Baghdad slum of Sadr City on Thursday, the second day of fighting in the Shiite militia stronghold.","Title: <SPLIT>Description: US planes again hit Sadr City BAGHDAD US warplanes fired on targets in the east Baghdad slum of Sadr City on Thursday, the second day of fighting in the Shiite militia stronghold.",1.0,1.0,1,1,0,1,"Skipped"
"Title: <SPLIT>Description: Treasury Chief Urges Debt Relief for Poor Nations Global lenders need to offer more grants and debt relief to poor countries and tailor lending toward the private sector, Treasury Secretary John Snow said today.","Title: <SPLIT>Description: Treasury Chief Urges Debt Relief for Poor Nations Global lenders need to offer more grants and debt relief to poor countries and tailor lending toward the private sector, Treasury Secretary John Snow said today.",1.0,1.0,0,0,2,1,"Skipped"
"Title: <SPLIT>Description: Diverted London Airliner Given All-Clear A police search concluded there was no threat to a New York-bound Greek airliner forced to make an emergency landing in Britain following a bomb threat that mentioned Iraq, officers said Monday.","Title: <SPLIT>Description: Diverted London Airliner Given All-Clear A police search concluded there was no threat to a New York-bound Greek airliner forced to make an emergency landing in Britain following a bomb threat that mentioned Iraq, officers said Monday.",0.0,0.0,0,0,0,200,"Failed"
"Title: <SPLIT>Description: Warren warned following threat CLEVELAND - The NFL gave a warning to Browns defensive tackle Gerard Warren on Friday, a day after he said he would try to hit Pittsburgh quarterback Ben Roethlisberger in the head Sunday.","Title: <SPLIT>Description: Warren warned following threat CLEVELAND - The NFL gave a warning to Browns defensive tackle Gerard Warren on Friday, a day after he said he would try to hit Pittsburgh quarterback Ben Roethlisberger in the head Sunday.",0.0,0.0,1,1,1,200,"Failed"
"Title: <SPLIT>Description: Giddy Phelps Touches Gold for First Time Michael Phelps won the gold medal in the 400 individual medley and set a world record in a time of 4 minutes 8.26 seconds.","Title: <SPLIT>Description: Giddy Phelps Touches Gold for First Time Michael Phelps won the gold medal in the 400 individual medley and set a world record in a time of 4 minutes 8.26 seconds.",1.0,1.0,0,0,1,1,"Skipped"
"Title: <SPLIT>Description: Brighter Previews for Your Pictures Epson's Photo Fine technology promises vivid, crisp colors on digital camera LCDs.","Title: <SPLIT>Description: Brighter Previews for Your Pictures Epson's Photo Fine technology promises vivid, crisp colors on digital camera LCDs.",1.0,1.0,1,1,3,1,"Skipped"
"Title: <SPLIT>Description: Born to coach For the reason, with apologies to Michael Vick, look no further than the third-youngest head coach in the NFL. James Lawrence Mora, the son, is already starting to look suspiciously like father James Earnest ","Title: <SPLIT>Description: Born to coach For the reason, with apologies to Michael Vick, look no further than the third-youngest head coach in the NFL. James Lawrence Mora, the son, is already starting to look suspiciously like father James Earnest ",0.0,0.0,1,1,1,200,"Failed"
"Title: <SPLIT>Description: Motorola Quarterly Earnings Rise Motorola Inc., the world's No. 2 maker of cell phones, on Tuesday said its quarterly profit\more than tripled, as sales rose 26 percent, driven in part by a host of new handset models and cost controls.","Title: <SPLIT>Description: Motorola Quarterly Earnings Rise Motorola Inc., the world's No. 2 maker of cell phones, on Tuesday said its quarterly profit\more than tripled, as sales rose 26 percent, driven in part by a host of new handset models and cost controls.",1.0,1.0,1,1,3,1,"Skipped"
"Title: <SPLIT>Description: No deal on dollar as US shrugs off European pressure Europe and Japan failed yesterday to persuade the United States to address the decline in the dollar, despite talks at a fractious meeting of the Group of 20 industrialised and developing nations.","Title: <SPLIT>Description: No deal on dollar as US shrugs off European pressure Europe and Japan failed yesterday to persuade the United States to address the decline in the dollar, despite talks at a fractious meeting of the Group of 20 industrialised and developing nations.",1.0,1.0,1,1,2,1,"Skipped"
"Title: <SPLIT>Description: Some People Not Eligible to Get in on Google IPO Google has billed its IPO as a way for everyday people to get in on the process, denying Wall Street the usual stranglehold it's had on IPOs. Public bidding, a minimum of just five shares, an open process with 28 underwriters - all this pointed to a new level of public participation. But this isn't the case.","Title: <SPLIT>Description: Some People Not Eligible to Get in on Google IPO Google has billed its IPO as a way for everyday people to get in on the process, denying Wall Street the usual stranglehold it's had on IPOs. Public bidding, a minimum of just five shares, an open process with 28 underwriters - all this pointed to a new level of public participation. But this isn't the case.",1.0,1.0,1,1,3,1,"Skipped"
"Title: <SPLIT>Description: France Says Hostages Still Alive a Few Days Ago France said on Sunday two French reporters held hostage with their Syrian driver in Iraq were still alive a few days ago.  quot;We are working discreetly, following up leads, reestablishing ","Title: <SPLIT>Description: France Says Hostages Still Alive a Few Days Ago France said on Sunday two French reporters held hostage with their Syrian driver in Iraq were still alive a few days ago.  quot;We are working discreetly, following up leads, reestablishing ",1.0,1.0,1,1,0,1,"Skipped"
"Title: <SPLIT>Description: McDOWELL SUCCEEDS WHERE AMERICANS FAIL Nobody and nothing could overshadow Colin Montgomerie last week, but Ulsterman Graeme McDowell was doing it at Woburn again today.","Title: <SPLIT>Description: McDOWELL SUCCEEDS WHERE AMERICANS FAIL Nobody and nothing could overshadow Colin Montgomerie last week, but Ulsterman Graeme McDowell was doing it at Woburn again today.",1.0,1.0,0,0,1,1,"Skipped"
"Title: <SPLIT>Description: Olympics: High-Flying Holm Aims to Defy Science (Reuters) Reuters - Sweden's gold medal-winning high\jumper Stefan Holm reckons he can leap even higher but\scientists say he and other athletes were already close to the\limit of what they can achieve.","Title: <SPLIT>Description: Olympics: High-Flying Holm Aims to Defy Science (Reuters) Reuters - Sweden's gold medal-winning high\jumper Stefan Holm reckons he can leap even higher but\scientists say he and other athletes were already close to the\limit of what they can achieve.",1.0,1.0,1,1,3,1,"Skipped"
"Title: <SPLIT>Description: Gluecode delivers open source BPM engine (InfoWorld) InfoWorld - Hoping to put in place the last missing piece of the Java stack, Gluecode Software and the Apache Software Foundation this week unwrapped Project Agila, which the companies claim is the first embeddable open source BPM engine.","Title: <SPLIT>Description: Gluecode delivers open source BPM engine (InfoWorld) InfoWorld - Hoping to put in place the last missing piece of the Java stack, Gluecode Software and the Apache Software Foundation this week unwrapped Project Agila, which the companies claim is the first embeddable open source BPM engine.",1.0,1.0,1,1,3,1,"Skipped"
"Title: <SPLIT>Description: Science counts species on brink A list of 15,000 species threatened with extinction - many of them by human activity - is published.","Title: <SPLIT>Description: Science counts species on brink A list of 15,000 species threatened with extinction - many of them by human activity - is published.",1.0,1.0,1,1,3,1,"Skipped"
"Title: <SPLIT>Description: Zimbabwe Jails Briton for 7 Years in Mercenary Case  HARARE (Reuters) - A Zimbabwe court jailed British former  special services officer Simon Mann for seven years on Friday  in a case prosecutors had linked to a foiled coup plot in  oil-rich Equatorial Guinea.","Title: <SPLIT>Description: Zimbabwe Jails Briton for 7 Years in Mercenary Case  HARARE (Reuters) - A Zimbabwe court jailed British former  special services officer Simon Mann for seven years on Friday  in a case prosecutors had linked to a foiled coup plot in  oil-rich Equatorial Guinea.",1.0,1.0,1,1,0,1,"Skipped"
"Title: <SPLIT>Description: Volkswagen May Be Close to Settling Its Wage Talks Volkswagen and its workers entered a critical week in their wage negotiations on Monday, with signs that a compromise was taking shape even as protests flared at factories across Germany.","Title: <SPLIT>Description: Volkswagen May Be Close to Settling Its Wage Talks Volkswagen and its workers entered a critical week in their wage negotiations on Monday, with signs that a compromise was taking shape even as protests flared at factories across Germany.",1.0,1.0,1,1,0,1,"Skipped"
"Title: <SPLIT>Description: Virgin Mobile growth prospects disappoint Richard Branson #39;s Virgin Mobile has forecast substantially higher earnings and margins, but disappointing predictions for service revenue ","Title: <SPLIT>Description: Virgin Mobile growth prospects disappoint Richard Branson #39;s Virgin Mobile has forecast substantially higher earnings and margins, but disappointing predictions for service revenue ",1.0,1.0,1,1,2,1,"Skipped"
"Title: <SPLIT>Description: Kenyan Laureate Urges Rich Nations to Ratify Kyoto (Reuters) Reuters - Kenya's Nobel Peace Prize winner,\Wangari Maathai, on Monday urged wealthy nations to ratify the\Kyoto protocol on climate change to ease the burden of\pollution on poor countries.","Title: <SPLIT>Description: Kenyan Laureate Urges Rich Nations to Ratify Kyoto (Reuters) Reuters - Kenya's Nobel Peace Prize winner,\Wangari Maathai, on Monday urged wealthy nations to ratify the\Kyoto protocol on climate change to ease the burden of\pollution on poor countries.",1.0,1.0,1,1,3,1,"Skipped"
"Title: <SPLIT>Description: America West Pulls From Race for ATA America West Holdings Corp., parent of America West Airlines Inc., on Thursday said it does not plan to submit a bid to acquire bankrupt ATA Holdings Corp.","Title: <SPLIT>Description: America West Pulls From Race for ATA America West Holdings Corp., parent of America West Airlines Inc., on Thursday said it does not plan to submit a bid to acquire bankrupt ATA Holdings Corp.",1.0,1.0,0,0,2,1,"Skipped"
"Title: <SPLIT>Description: Jays power up to take finale Contrary to popular belief, the power never really snapped back at SkyDome on Sunday. The lights came on after an hour delay, but it took some extra time for the batting orders to provide some extra wattage.","Title: <SPLIT>Description: Jays power up to take finale Contrary to popular belief, the power never really snapped back at SkyDome on Sunday. The lights came on after an hour delay, but it took some extra time for the batting orders to provide some extra wattage.",0.0,0.0,1,1,1,200,"Failed"
"Title: <SPLIT>Description: Google Unveils Scholar Search Tool JACKSONVILLE, FL -- The online search engine leader Google has unveiled a new tool for scholarly research. The new service is aimed at making better sense of all the scholarly work stored on the web and it ","Title: <SPLIT>Description: Google Unveils Scholar Search Tool JACKSONVILLE, FL -- The online search engine leader Google has unveiled a new tool for scholarly research. The new service is aimed at making better sense of all the scholarly work stored on the web and it ",1.0,1.0,1,1,3,1,"Skipped"
"Title: <SPLIT>Description: Titan Photos Pose New Questions Photographs and radar surveys from the Cassini spacecraft #39;s Tuesday-night flyby of Saturn #39;s mysterious moon Titan are raising more questions than they #39;re answering, say NASA scientists.","Title: <SPLIT>Description: Titan Photos Pose New Questions Photographs and radar surveys from the Cassini spacecraft #39;s Tuesday-night flyby of Saturn #39;s mysterious moon Titan are raising more questions than they #39;re answering, say NASA scientists.",1.0,1.0,1,1,3,1,"Skipped"
"Title: <SPLIT>Description: Pakistan arrests key Al-Qaeda operative (AFP) AFP - Pakistani security forces have arrested a key Al-Qaeda operative wanted in connection with attacks on Christian targets and a failed bid to kill President Pervez Musharraf, an official said.","Title: <SPLIT>Description: Pakistan arrests key Al-Qaeda operative (AFP) AFP - Pakistani security forces have arrested a key Al-Qaeda operative wanted in connection with attacks on Christian targets and a failed bid to kill President Pervez Musharraf, an official said.",1.0,1.0,1,1,0,1,"Skipped"
"Title: <SPLIT>Description: Rebel Attacks Kill 12 Iraqis; GI #39;s Injured Insurgents launched strikes on Saturday at United States and Iraqi outposts across Iraq, killing at least a dozen Iraqi police officers and national guardsmen ","Title: <SPLIT>Description: Rebel Attacks Kill 12 Iraqis; GI #39;s Injured Insurgents launched strikes on Saturday at United States and Iraqi outposts across Iraq, killing at least a dozen Iraqi police officers and national guardsmen ",1.0,1.0,1,1,0,1,"Skipped"
"Title: <SPLIT>Description: Baseball still learning lessons from '94 strike (USATODAY.com) USATODAY.com - In the 10 years since major league baseball's lights were dimmed and the World Series canceled, players and owners have cashed in.","Title: <SPLIT>Description: Baseball still learning lessons from '94 strike (USATODAY.com) USATODAY.com - In the 10 years since major league baseball's lights were dimmed and the World Series canceled, players and owners have cashed in.",0.0,0.0,1,1,1,200,"Failed"
"Title: <SPLIT>Description: Pacific Oil Link Is Best for Russia, Ambassador Says (Update1) Russia, the world #39;s second-biggest oil exporter, will benefit most from a Siberian crude oil pipeline to the Pacific rather than to China as energy resources are needed to develop the ","Title: <SPLIT>Description: Pacific Oil Link Is Best for Russia, Ambassador Says (Update1) Russia, the world #39;s second-biggest oil exporter, will benefit most from a Siberian crude oil pipeline to the Pacific rather than to China as energy resources are needed to develop the ",1.0,1.0,1,1,2,1,"Skipped"
"Title: <SPLIT>Description: Iraq PM pleads for Europe #39;s help Iraq #39;s US-backed leader has made an impassioned plea for European nations divided by the war to reunite to help stabilize and rebuild his country.","Title: <SPLIT>Description: Iraq PM pleads for Europe #39;s help Iraq #39;s US-backed leader has made an impassioned plea for European nations divided by the war to reunite to help stabilize and rebuild his country.",1.0,1.0,1,1,0,1,"Skipped"
"Title: <SPLIT>Description: Four players shoot opening-round 66 SEMMES, Ala. -- Grace Park, looking to clinch second place in the Player of the Year race, birdied the final hole Thursday to gain a share of the lead after the first round of the Tournament of Champions.","Title: <SPLIT>Description: Four players shoot opening-round 66 SEMMES, Ala. -- Grace Park, looking to clinch second place in the Player of the Year race, birdied the final hole Thursday to gain a share of the lead after the first round of the Tournament of Champions.",0.0,0.0,1,1,1,200,"Failed"
"Title: <SPLIT>Description: Vonage Awash in Venture Capital VoIP (define) upstart Vonage has quickly amassed another \$105 million from venture capitalists and is looking to Latin America and Asia to accelerate an already torrid growth rate.","Title: <SPLIT>Description: Vonage Awash in Venture Capital VoIP (define) upstart Vonage has quickly amassed another \$105 million from venture capitalists and is looking to Latin America and Asia to accelerate an already torrid growth rate.",1.0,1.0,2,2,3,1,"Skipped"
"Title: <SPLIT>Description: European Tour hopes still high in Canada Hopes of another European Tour victory on the US PGA Tour remained high as Jesper Parnevik and Vijay Singh enjoyed a share of second place after the third round of the Bell Canadian Open at the Glen Abbey course in Ontario.","Title: <SPLIT>Description: European Tour hopes still high in Canada Hopes of another European Tour victory on the US PGA Tour remained high as Jesper Parnevik and Vijay Singh enjoyed a share of second place after the third round of the Bell Canadian Open at the Glen Abbey course in Ontario.",0.0,0.0,1,1,1,200,"Failed"
"Title: <SPLIT>Description: CREDIT: Canadian Press, Reuters Gretzky, executive director of Team Canada, says each player should treat tonight #39;s World Cup of Hockey championship game against Finland as  quot;one of the greatest nights of their life.","Title: <SPLIT>Description: CREDIT: Canadian Press, Reuters Gretzky, executive director of Team Canada, says each player should treat tonight #39;s World Cup of Hockey championship game against Finland as  quot;one of the greatest nights of their life.",0.0,0.0,1,1,1,200,"Failed"
"Title: <SPLIT>Description: Grid bids to save the world Hoping to harness a few million of the personal computers not already running the SETIhome screensaver, IBM and United Devices yesterday launched the World Community Grid to act as a clearing house for humanitarian IT projects.","Title: <SPLIT>Description: Grid bids to save the world Hoping to harness a few million of the personal computers not already running the SETIhome screensaver, IBM and United Devices yesterday launched the World Community Grid to act as a clearing house for humanitarian IT projects.",1.0,1.0,1,1,3,1,"Skipped"
"Title: <SPLIT>Description: Grizzlies make Swift move Memphis, TN (Sports Network) - The Memphis Grizzlies Friday re-signed forward Stromile Swift to a one-year contract. Terms of the deal were not released.","Title: <SPLIT>Description: Grizzlies make Swift move Memphis, TN (Sports Network) - The Memphis Grizzlies Friday re-signed forward Stromile Swift to a one-year contract. Terms of the deal were not released.",0.0,0.0,1,1,1,200,"Failed"
"Title: <SPLIT>Description: Examining Earth's Primordial Soup How did the first amino acids form the first peptides? It is the important question that may point the pathway towards understanding the primordial soup. Researchers now suggest that the binder for linking together building blocks may have been volcanic gases -- or carbonyl sulfide.","Title: <SPLIT>Description: Examining Earth's Primordial Soup How did the first amino acids form the first peptides? It is the important question that may point the pathway towards understanding the primordial soup. Researchers now suggest that the binder for linking together building blocks may have been volcanic gases -- or carbonyl sulfide.",1.0,1.0,1,1,3,1,"Skipped"
"Title: <SPLIT>Description: Dollar drops to new overnight low The dollar hits yet another record low against the euro, causing concerns about the German and wider eurozone economies.","Title: <SPLIT>Description: Dollar drops to new overnight low The dollar hits yet another record low against the euro, causing concerns about the German and wider eurozone economies.",1.0,1.0,1,1,2,1,"Skipped"
"Title: <SPLIT>Description: Deco keeps Barca flying high as Ronaldo rescues Real Brazilians bagged the plaudits in Spain #39;s La Liga on Saturday as Deco, Brazil-born but a naturalised Portuguese international, fired Barcelona five points clear of the pack with the only goal in a derby win over Espanyol.","Title: <SPLIT>Description: Deco keeps Barca flying high as Ronaldo rescues Real Brazilians bagged the plaudits in Spain #39;s La Liga on Saturday as Deco, Brazil-born but a naturalised Portuguese international, fired Barcelona five points clear of the pack with the only goal in a derby win over Espanyol.",0.0,0.0,1,1,1,200,"Failed"
"Title: <SPLIT>Description: Olympics-Five sports on shortlist for possible Games inclusion Golf, rugby and squash are on a shortlist of [[five]] sports to be assessed for possible inclusion in the 2012 Olympics. The International Olympic Committee is reviewing ","Title: <SPLIT>Description: Olympics-Five sports on shortlist for possible Games inclusion Golf, rugby and squash are on a shortlist of [[V]] sports to be assessed for possible inclusion in the 2012 Olympics. The International Olympic Committee is reviewing ",0.0,1.0,1,0,1,136,"Successful"
"Title: <SPLIT>Description: German Finance Professionals Grow Sharply (AP) AP - German finance professionals grew sharply more pessimistic about the country's economic growth outlook, fearing that the euro's record highs against the U.S. dollar will weigh on exports, a monthly survey showed Tuesday.","Title: <SPLIT>Description: German Finance Professionals Grow Sharply (AP) AP - German finance professionals grew sharply more pessimistic about the country's economic growth outlook, fearing that the euro's record highs against the U.S. dollar will weigh on exports, a monthly survey showed Tuesday.",1.0,1.0,1,1,2,1,"Skipped"
"Title: <SPLIT>Description: Yahoo! Hires Chief Data Officer In a move that has implications for ad targeting and reporting, Yahoo! has hired Usama Fayyad, a co-founder of the company now known as Revenue Science, to the newly-created position of Chief Data Officer.","Title: <SPLIT>Description: Yahoo! Hires Chief Data Officer In a move that has implications for ad targeting and reporting, Yahoo! has hired Usama Fayyad, a co-founder of the company now known as Revenue Science, to the newly-created position of Chief Data Officer.",1.0,1.0,1,1,3,1,"Skipped"
"Title: <SPLIT>Description: China, ASEAN Agree to End Tariffs (AP) AP - China has reached agreement with the Association of Southeast Asian Nations, or ASEAN, on completely removing tariffs on merchandise goods by 2010 as part of a proposed free trade agreement, the Chinese Ministry of Commerce says.","Title: <SPLIT>Description: China, ASEAN Agree to End Tariffs (AP) AP - China has reached agreement with the Association of Southeast Asian Nations, or ASEAN, on completely removing tariffs on merchandise goods by 2010 as part of a proposed free trade agreement, the Chinese Ministry of Commerce says.",1.0,1.0,1,1,0,1,"Skipped"
"Title: <SPLIT>Description: Plane crash kills 10 close to racing MARTINSVILLE, Va. -- A Hendrick Motorsports plane crashed yesterday on its way to a NASCAR race, killing all 10 people aboard, including the son, brother and two nieces of the owner of one of auto racing's most successful organizations.","Title: <SPLIT>Description: Plane crash kills 10 close to racing MARTINSVILLE, Va. -- A Hendrick Motorsports plane crashed yesterday on its way to a NASCAR race, killing all 10 people aboard, including the son, brother and two nieces of the owner of one of auto racing's most successful organizations.",0.0,0.0,1,1,1,200,"Failed"
"Title: <SPLIT>Description: For Bush, Kerry, Iraq Is More Than a War (AP) AP - President Bush and Sen. John Kerry are using Iraq to advance their negative campaign tactics as the U.S. military death toll in Iraq tops 1,000. War, it seems, is just another excuse to call the other guy names.","Title: <SPLIT>Description: For Bush, Kerry, Iraq Is More Than a War (AP) AP - President Bush and Sen. John Kerry are using Iraq to advance their negative campaign tactics as the U.S. military death toll in Iraq tops 1,000. War, it seems, is just another excuse to call the other guy names.",1.0,1.0,1,1,0,1,"Skipped"
"Title: <SPLIT>Description: Lloyds TSB cashes in on VoIP Lloyds TSB is gearing up to roll out one of the largest converged networks in Europe, a 500m 70,000 phone VoIP infrastructure linking all the bank #39;s branches and cash points.","Title: <SPLIT>Description: Lloyds TSB cashes in on VoIP Lloyds TSB is gearing up to roll out one of the largest converged networks in Europe, a 500m 70,000 phone VoIP infrastructure linking all the bank #39;s branches and cash points.",1.0,1.0,1,1,3,1,"Skipped"
"Title: <SPLIT>Description: Aussies ponder pace quartet AUSTRALIA could again use a four-strong pace attack in tomorrow #39;s Champions Trophy semifinal as it bids to stretch its winning streak against England in one-day internationals to 15 matches.","Title: <SPLIT>Description: Aussies ponder pace quartet AUSTRALIA could again use a four-strong pace attack in tomorrow #39;s Champions Trophy semifinal as it bids to stretch its winning streak against England in one-day internationals to 15 matches.",0.0,0.0,1,1,1,200,"Failed"
"Title: <SPLIT>Description: Dollar in Sight of All-Time Low Vs Euro (Reuters) Reuters - The dollar was in striking distance of\record lows against the euro and 7-    month lows versus the\yen on Thursday, as traders concluded that nations at an\upcoming G20 meeting would tolerate a weaker dollar.","Title: <SPLIT>Description: Dollar in Sight of All-Time Low Vs Euro (Reuters) Reuters - The dollar was in striking distance of\record lows against the euro and 7-    month lows versus the\yen on Thursday, as traders concluded that nations at an\upcoming G20 meeting would tolerate a weaker dollar.",1.0,1.0,1,1,2,1,"Skipped"
"Title: <SPLIT>Description: Economic Indicators Declined in July A closely watched measure of future economic activity fell in July for the second consecutive month, reinforcing evidence that the nation's financial recovery is slackening.","Title: <SPLIT>Description: Economic Indicators Declined in July A closely watched measure of future economic activity fell in July for the second consecutive month, reinforcing evidence that the nation's financial recovery is slackening.",1.0,1.0,1,1,2,1,"Skipped"
"Title: <SPLIT>Description: Bofra Worm Spreads by Banner Ads Attacks exploit IE flaw, and allow attacker to gain complete control of your PC.","Title: <SPLIT>Description: Bofra Worm Spreads by Banner Ads Attacks exploit IE flaw, and allow attacker to gain complete control of your PC.",1.0,1.0,1,1,3,1,"Skipped"
"Title: <SPLIT>Description: NASA Picks May 2005 Shuttle Launch Date (AP) AP - NASA is aiming for a mid-May launch of the first shuttle flight since the Columbia tragedy almost two years ago. The launch date was the latest of several set by the space agency, and just as subject to change.","Title: <SPLIT>Description: NASA Picks May 2005 Shuttle Launch Date (AP) AP - NASA is aiming for a mid-May launch of the first shuttle flight since the Columbia tragedy almost two years ago. The launch date was the latest of several set by the space agency, and just as subject to change.",1.0,1.0,1,1,3,1,"Skipped"
"Title: <SPLIT>Description: Euro supercomputing initiative welcomes users European researchers can now turn to a new supercomputing network for help in their scientific endeavors.  quot;We have just completed testing, quot; said David Henty with the Edinburgh Parallel Computing Centre, a ","Title: <SPLIT>Description: Euro supercomputing initiative welcomes users European researchers can now turn to a new supercomputing network for help in their scientific endeavors.  quot;We have just completed testing, quot; said David Henty with the Edinburgh Parallel Computing Centre, a ",1.0,1.0,1,1,3,1,"Skipped"
"Title: <SPLIT>Description: Congressman Spratt wants Fed to US Representative John Spratt of South Carolina said the Federal Reserve should go lightly #39; #39; on raising the benchmark interest rate because of the economy.","Title: <SPLIT>Description: Congressman Spratt wants Fed to US Representative John Spratt of South Carolina said the Federal Reserve should go lightly #39; #39; on raising the benchmark interest rate because of the economy.",1.0,1.0,1,1,2,1,"Skipped"
"Title: <SPLIT>Description: France [[surges]] into Fed Cup final Defending champion France surged into the Fed Cup final, completing a 5-0 sweep of Spain on Thursday behind singles victories by Nathalie Dechy and Tatiana Golovin.","Title: <SPLIT>Description: France [[heave]] into Fed Cup final Defending champion France surged into the Fed Cup final, completing a 5-0 sweep of Spain on Thursday behind singles victories by Nathalie Dechy and Tatiana Golovin.",0.0,1.0,1,0,1,194,"Successful"
"Title: <SPLIT>Description: Exit Polls: Hong Kong Democrats Win Limited Gains  HONG KONG (Reuters) - Pro-democracy candidates won limited  gains in Hong Kong's Legislative Council election on Sunday and  the pro-Beijing camp achieved a better-than-expected showing,  exit polls showed.","Title: <SPLIT>Description: Exit Polls: Hong Kong Democrats Win Limited Gains  HONG KONG (Reuters) - Pro-democracy candidates won limited  gains in Hong Kong's Legislative Council election on Sunday and  the pro-Beijing camp achieved a better-than-expected showing,  exit polls showed.",1.0,1.0,1,1,0,1,"Skipped"
"Title: <SPLIT>Description: Jeff Gordon Leads Contenders at Talladega TALLADEGA, Ala. - Joe Nemechek wasn #39;t surprised to be back at the front of the field, just that it took so long to get there. Nemechek, who earned the nickname  quot;Front Row Joe quot; when he won six poles from 1997-00, got No.","Title: <SPLIT>Description: Jeff Gordon Leads Contenders at Talladega TALLADEGA, Ala. - Joe Nemechek wasn #39;t surprised to be back at the front of the field, just that it took so long to get there. Nemechek, who earned the nickname  quot;Front Row Joe quot; when he won six poles from 1997-00, got No.",0.0,0.0,1,1,1,200,"Failed"
"Title: <SPLIT>Description: Genesis data 'retrieved intact' Some material has been found still intact inside the crashed Genesis space capsule, say Nasa scientists.","Title: <SPLIT>Description: Genesis data 'retrieved intact' Some material has been found still intact inside the crashed Genesis space capsule, say Nasa scientists.",1.0,1.0,1,1,3,1,"Skipped"
"Title: <SPLIT>Description: Sanderson doesn't let gold out of his grasp ATHENS -- Cael Sanderson didn't look too comfortable on the medal stand last night. As the national anthem was played, he went from taking the winners' wreath off his head to putting it back on, to taking it off again and holding it across his chest.","Title: <SPLIT>Description: Sanderson doesn't let gold out of his grasp ATHENS -- Cael Sanderson didn't look too comfortable on the medal stand last night. As the national anthem was played, he went from taking the winners' wreath off his head to putting it back on, to taking it off again and holding it across his chest.",0.0,0.0,1,1,1,200,"Failed"
"Title: <SPLIT>Description: Argentine court acquits bombing suspects An Argentine court acquitted five suspects in the 1994 bombing of a Jewish community [[center]] that killed 85 people, La Nacion newspaper reported Friday.","Title: <SPLIT>Description: Argentine court acquits bombing suspects An Argentine court acquitted five suspects in the 1994 bombing of a Jewish community [[nitty-gritty]] that killed 85 people, La Nacion newspaper reported Friday.",0.0,1.0,0,1,0,194,"Successful"
"Title: <SPLIT>Description: NASA delays flight of X-43A scramjet to attempt Mach 10 LOS ANGELES NASA will try again today to fly an unmanned hypersonic jet designed to reach a record speed of Mach Ten, or seven-thousand-miles-per-hour.","Title: <SPLIT>Description: NASA delays flight of X-43A scramjet to attempt Mach 10 LOS ANGELES NASA will try again today to fly an unmanned hypersonic jet designed to reach a record speed of Mach Ten, or seven-thousand-miles-per-hour.",1.0,1.0,1,1,3,1,"Skipped"
"Title: <SPLIT>Description: Vote near, Saudis push to modernize RIYADH, Saudi Arabia -- Even as Saudi Arabia struggles internally with violent extremists and externally with its image as the country that produced most of the attackers of Sept. 11, 2001, the desert kingdom's rulers are moving on multiple fronts to modernize and moderate their nation.","Title: <SPLIT>Description: Vote near, Saudis push to modernize RIYADH, Saudi Arabia -- Even as Saudi Arabia struggles internally with violent extremists and externally with its image as the country that produced most of the attackers of Sept. 11, 2001, the desert kingdom's rulers are moving on multiple fronts to modernize and moderate their nation.",1.0,1.0,1,1,0,1,"Skipped"
"Title: <SPLIT>Description: No negotiation and no retreat, vows Bush When it came, the statement broadcast by the al-Jazeera Arabic news channel from Qatar was as chilling as it was ghoulish: A second American captive, Jack Hensley, 48, had ","Title: <SPLIT>Description: No negotiation and no retreat, vows Bush When it came, the statement broadcast by the al-Jazeera Arabic news channel from Qatar was as chilling as it was ghoulish: A second American captive, Jack Hensley, 48, had ",1.0,1.0,1,1,0,1,"Skipped"
"Title: <SPLIT>Description: Iraq #39;s Chalabi escapes attempt on his life Gunmen opened fire Wednesday on a convoy carrying former Iraqi Governing Council member Ahmad Chalabi in an apparent assassination attempt that wounded two of his bodyguards, Chalabi #39;s spokesman said.","Title: <SPLIT>Description: Iraq #39;s Chalabi escapes attempt on his life Gunmen opened fire Wednesday on a convoy carrying former Iraqi Governing Council member Ahmad Chalabi in an apparent assassination attempt that wounded two of his bodyguards, Chalabi #39;s spokesman said.",1.0,1.0,1,1,0,1,"Skipped"
"Title: <SPLIT>Description: U.S. Army Deserter Welcomed in Japan (AP) AP - Villagers on the remote Japanese isle of Sado have warmly welcomed U.S. Army deserter Charles Jenkins since he arrived with his Japanese wife and their two North Korea-born daughters a week ago, his wife said Tuesday.","Title: <SPLIT>Description: U.S. Army Deserter Welcomed in Japan (AP) AP - Villagers on the remote Japanese isle of Sado have warmly welcomed U.S. Army deserter Charles Jenkins since he arrived with his Japanese wife and their two North Korea-born daughters a week ago, his wife said Tuesday.",1.0,1.0,1,1,0,1,"Skipped"
"Title: <SPLIT>Description: ""Point-counterpoint: Nets stifle Knicks Jason Kidd had the pass of the night, an off-the-backboard, alley-oop feed that Vince Carter dunked, and the New Jersey Nets defeated the New York Knicks and their self-proclaimed """"best point guard in the NBA,"""" 93-87, last night at Madison Square Garden. Kidd didn't outplay point guard counterpart Stephon Marbury, who made that bold declaration the previous day at practice.""","Title: <SPLIT>Description: ""Point-counterpoint: Nets stifle Knicks Jason Kidd had the pass of the night, an off-the-backboard, alley-oop feed that Vince Carter dunked, and the New Jersey Nets defeated the New York Knicks and their self-proclaimed """"best point guard in the NBA,"""" 93-87, last night at Madison Square Garden. Kidd didn't outplay point guard counterpart Stephon Marbury, who made that bold declaration the previous day at practice.""",0.0,0.0,1,1,1,200,"Failed"
"Title: <SPLIT>Description: Global server sales on the rise Sales of server systems rose 7.7 percent globally in the second quarter to \$11.55 billion as demand for Information Technology remained strong after a three year downturn, market research firm Gartner said in a statement.","Title: <SPLIT>Description: Global server sales on the rise Sales of server systems rose 7.7 percent globally in the second quarter to \$11.55 billion as demand for Information Technology remained strong after a three year downturn, market research firm Gartner said in a statement.",1.0,1.0,1,1,3,1,"Skipped"
"Title: <SPLIT>Description: DOJ won't appeal Oracle ruling WASHINGTON - The U.S. Department of Justice (DOJ) will not appeal a ruling by a California judge that would allow Oracle Corp.'s proposed hostile takeover of competing software vendor PeopleSoft Inc.","Title: <SPLIT>Description: DOJ won't appeal Oracle ruling WASHINGTON - The U.S. Department of Justice (DOJ) will not appeal a ruling by a California judge that would allow Oracle Corp.'s proposed hostile takeover of competing software vendor PeopleSoft Inc.",1.0,1.0,1,1,3,1,"Skipped"
"Title: <SPLIT>Description: Obesity Raises Risk for 9 Different Types of Cancer By LAURAN NEERGAARD    WASHINGTON (AP) -- Heart disease and diabetes get all the attention, but expanding waistlines increase the risk for at least nine types of cancer, too. And with the obesity epidemic showing no signs of waning, specialists say they need to better understand how fat cells fuels cancer growth so they might fight back...","Title: <SPLIT>Description: Obesity Raises Risk for 9 Different Types of Cancer By LAURAN NEERGAARD    WASHINGTON (AP) -- Heart disease and diabetes get all the attention, but expanding waistlines increase the risk for at least nine types of cancer, too. And with the obesity epidemic showing no signs of waning, specialists say they need to better understand how fat cells fuels cancer growth so they might fight back...",1.0,1.0,1,1,3,1,"Skipped"
"Title: <SPLIT>Description: FCC Mulls Airborne Mobile Phone Use Although there may have been technical limitations at the time the cell phone ban was established, according to IDC #39;s Shiv Bakhshi, it is unclear why the ban has remained in place, given that ","Title: <SPLIT>Description: FCC Mulls Airborne Mobile Phone Use Although there may have been technical limitations at the time the cell phone ban was established, according to IDC #39;s Shiv Bakhshi, it is unclear why the ban has remained in place, given that ",1.0,1.0,1,1,2,1,"Skipped"
"Title: <SPLIT>Description: Ex-General Has Early Lead Over Megawati in Indonesia  JAKARTA (Reuters) - Early returns in Indonesia's  presidential elections Monday gave a lead to ex-general Susilo  Bambang Yudhoyono, who has vowed firmer leadership to fight  terror and boost the economy, over incumbent Megawati  Sukarnoputri.","Title: <SPLIT>Description: Ex-General Has Early Lead Over Megawati in Indonesia  JAKARTA (Reuters) - Early returns in Indonesia's  presidential elections Monday gave a lead to ex-general Susilo  Bambang Yudhoyono, who has vowed firmer leadership to fight  terror and boost the economy, over incumbent Megawati  Sukarnoputri.",1.0,1.0,1,1,0,1,"Skipped"
"Title: <SPLIT>Description: Scotch Whisky eyes Asian and Eastern European markets (AFP) AFP - A favourite tipple among connoisseurs the world over, whisky is treated with almost religious reverence on the Hebridean island of Islay, home to seven of Scotland's single malt distilleries.","Title: <SPLIT>Description: Scotch Whisky eyes Asian and Eastern European markets (AFP) AFP - A favourite tipple among connoisseurs the world over, whisky is treated with almost religious reverence on the Hebridean island of Islay, home to seven of Scotland's single malt distilleries.",1.0,1.0,1,1,0,1,"Skipped"
"Title: <SPLIT>Description: Camacho  #39;quits Bernabeu #39; Real Madrid coach Jose Antonio Camacho has resigned after the club #39;s poor start to the season, according to reports in Spain. Cadena Ser radio said Camacho had told Real chairman Florentino Perez he was quitting ","Title: <SPLIT>Description: Camacho  #39;quits Bernabeu #39; Real Madrid coach Jose Antonio Camacho has resigned after the club #39;s poor start to the season, according to reports in Spain. Cadena Ser radio said Camacho had told Real chairman Florentino Perez he was quitting ",0.0,0.0,1,1,1,200,"Failed"
"Title: <SPLIT>Description: Sony, Matsushita, Sharp to launch Blu-ray Disc camcorders in 2005 &lt;b&gt;...&lt;/b&gt; TOKYO (AFX) - Firms that are supporting one of the next-generation optical DVD formats, the Blu-ray Disc, plan to release camcorders that record on smaller versions of the discs as early as 2005, the Nihon Keizai Shimbun reported, without citing sources.","Title: <SPLIT>Description: Sony, Matsushita, Sharp to launch Blu-ray Disc camcorders in 2005 &lt;b&gt;...&lt;/b&gt; TOKYO (AFX) - Firms that are supporting one of the next-generation optical DVD formats, the Blu-ray Disc, plan to release camcorders that record on smaller versions of the discs as early as 2005, the Nihon Keizai Shimbun reported, without citing sources.",1.0,1.0,1,1,3,1,"Skipped"
"Title: <SPLIT>Description: MCI Reports \$3.4 Bln Third-Quarter Loss MCI Inc. #39;s (MCIP.O: Quote, Profile, Research) quarterly loss ballooned to \$3.4 billion as the No. 2 US long-distance company wrote down the value of its assets due to ","Title: <SPLIT>Description: MCI Reports \$3.4 Bln Third-Quarter Loss MCI Inc. #39;s (MCIP.O: Quote, Profile, Research) quarterly loss ballooned to \$3.4 billion as the No. 2 US long-distance company wrote down the value of its assets due to ",1.0,1.0,0,0,2,1,"Skipped"
"Title: <SPLIT>Description: Video: Taking It with You What kind of things do you want to be truly portable? That #39;s become an interesting question now that so much is digital in our lives.","Title: <SPLIT>Description: Video: Taking It with You What kind of things do you want to be truly portable? That #39;s become an interesting question now that so much is digital in our lives.",1.0,1.0,1,1,3,1,"Skipped"
"Title: <SPLIT>Description: UPDATE 2-Trump bondholders agree on recapitalization plan Trump Hotels  amp; Casino Resorts Inc. (DJTC.OB: Quote, Profile, Research) , which has been on the brink of bankruptcy, said on Thursday that a majority of bondholders have approved ","Title: <SPLIT>Description: UPDATE 2-Trump bondholders agree on recapitalization plan Trump Hotels  amp; Casino Resorts Inc. (DJTC.OB: Quote, Profile, Research) , which has been on the brink of bankruptcy, said on Thursday that a majority of bondholders have approved ",1.0,1.0,1,1,2,1,"Skipped"
"Title: <SPLIT>Description: It may be end of line for narrow track Hurricane forecasters debate the usefulness of the  quot;skinny line quot; in tracking maps, and look at more accurate alternatives.","Title: <SPLIT>Description: It may be end of line for narrow track Hurricane forecasters debate the usefulness of the  quot;skinny line quot; in tracking maps, and look at more accurate alternatives.",1.0,1.0,1,1,2,1,"Skipped"
"Title: <SPLIT>Description: To learn more LNM Holdings has steelmaking operations in eight countries with an annual steel production capacity of more than 32 million tons. ISG was formed in 2002 and bought the assets of bankrupt Bethlehem Steel Corp ","Title: <SPLIT>Description: To learn more LNM Holdings has steelmaking operations in eight countries with an annual steel production capacity of more than 32 million tons. ISG was formed in 2002 and bought the assets of bankrupt Bethlehem Steel Corp ",1.0,1.0,1,1,2,1,"Skipped"
"Title: <SPLIT>Description: Massachusetts 61, No. 7 Connecticut 59 Massachusetts made sure its first home game against a defending national champion was one to remember. The Minutemen stunned seventh-ranked Connecticut 61-59 on Rashaun Freeman #39;s layup with 4.3 seconds to play Thursday night.","Title: <SPLIT>Description: Massachusetts 61, No. 7 Connecticut 59 Massachusetts made sure its first home game against a defending national champion was one to remember. The Minutemen stunned seventh-ranked Connecticut 61-59 on Rashaun Freeman #39;s layup with 4.3 seconds to play Thursday night.",0.0,0.0,1,1,1,200,"Failed"
"Title: <SPLIT>Description: Microsoft to delay advanced search technology from Longhorn Microsoft said Friday that it is delaying the release of a new data-storage technology, named WinFS, from the next version of Windows, code-named Longhorn, in order to deliver the operating system by 2006.","Title: <SPLIT>Description: Microsoft to delay advanced search technology from Longhorn Microsoft said Friday that it is delaying the release of a new data-storage technology, named WinFS, from the next version of Windows, code-named Longhorn, in order to deliver the operating system by 2006.",1.0,1.0,1,1,3,1,"Skipped"
"Title: <SPLIT>Description: ""Gap, Wild Planet Get Together on Radio Sweatshirt  NEW YORK (Reuters) - Wild Planet, a toy maker known for its  spy gear and adventure gadgets, said on Wednesday it was  teaming up with clothing retailer Gap Inc &lt;A HREF=""""http://www.reuters.co.uk/financeQuoteLookup.jhtml?ticker=GPS.N qtype=sym infotype=info qcat=news""""&gt;GPS.N&lt;/A&gt; to sell  sweatshirts with FM radios built in at GapKids stores.""","Title: <SPLIT>Description: ""Gap, Wild Planet Get Together on Radio Sweatshirt  NEW YORK (Reuters) - Wild Planet, a toy maker known for its  spy gear and adventure gadgets, said on Wednesday it was  teaming up with clothing retailer Gap Inc &lt;A HREF=""""http://www.reuters.co.uk/financeQuoteLookup.jhtml?ticker=GPS.N qtype=sym infotype=info qcat=news""""&gt;GPS.N&lt;/A&gt; to sell  sweatshirts with FM radios built in at GapKids stores.""",1.0,1.0,1,1,3,1,"Skipped"
"Title: <SPLIT>Description: NL Wrap: Edmonds Double Strike Lifts Cards Over Padres  NEW YORK (Reuters) - Jim Edmonds belted two solo homers to  lead the host St Louis Cardinals to an easy 9-3 win over the  San Diego Padres in National League action at Busch Stadium  Tuesday.","Title: <SPLIT>Description: NL Wrap: Edmonds Double Strike Lifts Cards Over Padres  NEW YORK (Reuters) - Jim Edmonds belted two solo homers to  lead the host St Louis Cardinals to an easy 9-3 win over the  San Diego Padres in National League action at Busch Stadium  Tuesday.",0.0,0.0,1,1,1,200,"Failed"
"Title: <SPLIT>Description: Smith says Harmison is the weakest link The South Africa captain Graeme Smith has stirred things up before today #39;s first Test against England by claiming that Steve Harmison, the world #39;s leading bowler, is mentally vulnerable and can be disarmed for the rest of the five-Test series if the ","Title: <SPLIT>Description: Smith says Harmison is the weakest link The South Africa captain Graeme Smith has stirred things up before today #39;s first Test against England by claiming that Steve Harmison, the world #39;s leading bowler, is mentally vulnerable and can be disarmed for the rest of the five-Test series if the ",0.0,0.0,1,1,1,200,"Failed"
"Title: <SPLIT>Description: DaimlerChrysler, Bombardier Settle Dispute German-American automaker DaimlerChrysler and Canadian transportation company Bombardier have settled a dispute over the 2001 sale of railcar maker Adtranz, the companies said in statements Tuesday.","Title: <SPLIT>Description: DaimlerChrysler, Bombardier Settle Dispute German-American automaker DaimlerChrysler and Canadian transportation company Bombardier have settled a dispute over the 2001 sale of railcar maker Adtranz, the companies said in statements Tuesday.",1.0,1.0,1,1,2,1,"Skipped"
"Title: <SPLIT>Description: Former Dot-Com Commerce One Eyes Closure Commerce One Inc., an Internet software maker valued at \$20 billion at the peak of dot-com mania, is poised to go out of business as a pauper.","Title: <SPLIT>Description: Former Dot-Com Commerce One Eyes Closure Commerce One Inc., an Internet software maker valued at \$20 billion at the peak of dot-com mania, is poised to go out of business as a pauper.",1.0,1.0,1,1,3,1,"Skipped"
"Title: <SPLIT>Description: Fish top 49ers in Brutal Bowl Dolphins 24, 49ers 17 The Dolphins spent the holiday week eating room service food and practising thousands of kilometres from home, all to prove they were the best of the NFL #39;s worst two teams.","Title: <SPLIT>Description: Fish top 49ers in Brutal Bowl Dolphins 24, 49ers 17 The Dolphins spent the holiday week eating room service food and practising thousands of kilometres from home, all to prove they were the best of the NFL #39;s worst two teams.",0.0,0.0,1,1,1,200,"Failed"
"Title: <SPLIT>Description: Oil Down 3 Pct. as U.S. Winter Stays Mild  NEW YORK (Reuters) - Oil prices slid 3 percent on Monday on  expectations that more mild U.S. weather at the start of the  New Year will limit heating oil demand.","Title: <SPLIT>Description: Oil Down 3 Pct. as U.S. Winter Stays Mild  NEW YORK (Reuters) - Oil prices slid 3 percent on Monday on  expectations that more mild U.S. weather at the start of the  New Year will limit heating oil demand.",1.0,1.0,1,1,2,1,"Skipped"
"Title: <SPLIT>Description: Inheriting Aura From Woods, the New King of Golf Is a Lion Vijay Singh has a golf swing to envy, even when fooling around. A few days ago on the driving range at the Tour Championship, Singh grabbed Steve Flesch #39;s golf clubs.","Title: <SPLIT>Description: Inheriting Aura From Woods, the New King of Golf Is a Lion Vijay Singh has a golf swing to envy, even when fooling around. A few days ago on the driving range at the Tour Championship, Singh grabbed Steve Flesch #39;s golf clubs.",0.0,0.0,1,1,1,200,"Failed"
"Title: <SPLIT>Description: Desktop Search Avalanche Set to Hit Yahoo, Ask Jeeves, and Microsoft all plan to follow Google to the desktop.","Title: <SPLIT>Description: Desktop Search Avalanche Set to Hit Yahoo, Ask Jeeves, and Microsoft all plan to follow Google to the desktop.",1.0,1.0,1,1,3,1,"Skipped"
"Title: <SPLIT>Description: Trump's Casinos File for Bankruptcy  PHILADELPHIA (Reuters) - Donald Trump's casino operations  filed for bankruptcy Sunday in a long-expected move that would  allow the real estate maverick to restructure the company's  debt and overhaul its aging casinos.","Title: <SPLIT>Description: Trump's Casinos File for Bankruptcy  PHILADELPHIA (Reuters) - Donald Trump's casino operations  filed for bankruptcy Sunday in a long-expected move that would  allow the real estate maverick to restructure the company's  debt and overhaul its aging casinos.",1.0,1.0,1,1,2,1,"Skipped"
"Title: <SPLIT>Description: Dolphins owner Huizenga stayed with likeable Wannstedt a little &lt;b&gt;...&lt;/b&gt; This bit of coaching euthanasia -- Dave Wannstedt getting whacked (or whatever they called it) by the Dolphins -- had to happen. I #39;m  quot;stepping aside for the good of the team #39; #39; is what he told me just after noon today.","Title: <SPLIT>Description: Dolphins owner Huizenga stayed with likeable Wannstedt a little &lt;b&gt;...&lt;/b&gt; This bit of coaching euthanasia -- Dave Wannstedt getting whacked (or whatever they called it) by the Dolphins -- had to happen. I #39;m  quot;stepping aside for the good of the team #39; #39; is what he told me just after noon today.",0.0,0.0,1,1,1,200,"Failed"
"Title: <SPLIT>Description: Dolphins and Steelers Will Play Sunday Night (Reuters) Reuters - The Miami Dolphins and\Pittsburgh Steelers will play their scheduled game Sunday night\at 8:30 p.m.","Title: <SPLIT>Description: Dolphins and Steelers Will Play Sunday Night (Reuters) Reuters - The Miami Dolphins and\Pittsburgh Steelers will play their scheduled game Sunday night\at 8:30 p.m.",0.0,0.0,1,1,1,200,"Failed"
"Title: <SPLIT>Description: Top-ranked Illinois flyin #39; high When the Illinois men #39;s basketball team moved to No. 1 in The Associated Press and ESPN/USA Today Top 25 polls on Monday afternoon, it was a special moment for the program and the players.","Title: <SPLIT>Description: Top-ranked Illinois flyin #39; high When the Illinois men #39;s basketball team moved to No. 1 in The Associated Press and ESPN/USA Today Top 25 polls on Monday afternoon, it was a special moment for the program and the players.",0.0,0.0,1,1,1,200,"Failed"
"Title: <SPLIT>Description: Titans OT Munoz has surgery Knoxville, TN (Sports Network) - Tennessee Titans [[offensive]] tackle Michael Munoz underwent successful surgery Friday on his injured right shoulder.","Title: <SPLIT>Description: Titans OT Munoz has surgery Knoxville, TN (Sports Network) - Tennessee Titans [[dysphemistic]] tackle Michael Munoz underwent successful surgery Friday on his injured right shoulder.",0.0,1.0,1,0,1,137,"Successful"
"Title: <SPLIT>Description: Survey: IT spending to grow modestly next year CIO confidence is up in third quarter, according to Forrester poll.","Title: <SPLIT>Description: Survey: IT spending to grow modestly next year CIO confidence is up in third quarter, according to Forrester poll.",1.0,1.0,1,1,3,1,"Skipped"
"Title: <SPLIT>Description: Singh looking to finish [[year]] in style Vijay Singh of Fiji tees off on the sixth hole during the first round of the Chrysler Championship on Oct. 28 on the Copperhead Course at the Innisbrook Resort in Palm Harbor, Fla.","Title: <SPLIT>Description: Singh looking to finish [[twelvemonth]] in style Vijay Singh of Fiji tees off on the sixth hole during the first round of the Chrysler Championship on Oct. 28 on the Copperhead Course at the Innisbrook Resort in Palm Harbor, Fla.",0.0,1.0,1,0,1,186,"Successful"
"Title: <SPLIT>Description: Chechens Vote for New Leader, 'Bomber' Kills Self  ZNAMENSKOYE, Russia (Reuters) - Chechens voted Sunday for a  new president in a tense election, but many doubted the  Moscow-backed police officer who was set to win would manage to  stamp out rebellion in the turbulent region.","Title: <SPLIT>Description: Chechens Vote for New Leader, 'Bomber' Kills Self  ZNAMENSKOYE, Russia (Reuters) - Chechens voted Sunday for a  new president in a tense election, but many doubted the  Moscow-backed police officer who was set to win would manage to  stamp out rebellion in the turbulent region.",1.0,1.0,1,1,0,1,"Skipped"
"Title: <SPLIT>Description: Verizon Wireless to Add 16 Cities to Broadband (Reuters) Reuters - Verizon Wireless, the largest U.S.\wireless company, will expand its high-speed data service to 16\markets by the end of the year, the chairman of Verizon\Communications Inc. said on Monday.","Title: <SPLIT>Description: Verizon Wireless to Add 16 Cities to Broadband (Reuters) Reuters - Verizon Wireless, the largest U.S.\wireless company, will expand its high-speed data service to 16\markets by the end of the year, the chairman of Verizon\Communications Inc. said on Monday.",1.0,1.0,1,1,3,1,"Skipped"
"Title: <SPLIT>Description: Bode Miller picks up fourth win of World Cup season Bode Miller won for the fourth time this season Friday and Daron Rahlves was second -- the first 1-2 finish for US men in a World Cup downhill.","Title: <SPLIT>Description: Bode Miller picks up fourth win of World Cup season Bode Miller won for the fourth time this season Friday and Daron Rahlves was second -- the first 1-2 finish for US men in a World Cup downhill.",1.0,1.0,0,0,1,1,"Skipped"
"Title: <SPLIT>Description: Russia May Ratify Kyoto Protocol in Oct. -- Minister (Reuters) Reuters - The Russian government expects\parliament to ratify the Kyoto Protocol this month in a move\allowing the long-delayed climate change treaty to come into\force worldwide, a senior minister said Monday.","Title: <SPLIT>Description: Russia May Ratify Kyoto Protocol in Oct. -- Minister (Reuters) Reuters - The Russian government expects\parliament to ratify the Kyoto Protocol this month in a move\allowing the long-delayed climate change treaty to come into\force worldwide, a senior minister said Monday.",1.0,1.0,1,1,3,1,"Skipped"
"Title: <SPLIT>Description: Australia embraced by Malaysia at ASEAN [[summit]] TONY EASTLEY: For years Malaysian Prime Minister Dr Mahathir blocked Australia #39;s closer involvement with the ASEAN group of nations.","Title: <SPLIT>Description: Australia embraced by Malaysia at ASEAN [[crest]] TONY EASTLEY: For years Malaysian Prime Minister Dr Mahathir blocked Australia #39;s closer involvement with the ASEAN group of nations.",0.0,1.0,0,1,0,165,"Successful"
"Title: <SPLIT>Description: Israel to Renovate Crumbling Entrance to Disputed Holy Site in Jerusalem's Old City (AP) AP - Israel will renovate the crumbling entrance to a disputed holy site in Jerusalem's Old City that is revered by Jews and Muslims, officials said Monday.","Title: <SPLIT>Description: Israel to Renovate Crumbling Entrance to Disputed Holy Site in Jerusalem's Old City (AP) AP - Israel will renovate the crumbling entrance to a disputed holy site in Jerusalem's Old City that is revered by Jews and Muslims, officials said Monday.",1.0,1.0,1,1,0,1,"Skipped"
"Title: <SPLIT>Description: Islamic Scholar, Visa Withheld, Gives Up U.S. Post  GENEVA (Reuters) - A prominent Swiss-based Islamic scholar  on Tuesday gave up plans to teach at a leading U.S. university  after waiting in vain for a visa and accused the Bush  administration of trying to silence him.","Title: <SPLIT>Description: Islamic Scholar, Visa Withheld, Gives Up U.S. Post  GENEVA (Reuters) - A prominent Swiss-based Islamic scholar  on Tuesday gave up plans to teach at a leading U.S. university  after waiting in vain for a visa and accused the Bush  administration of trying to silence him.",1.0,1.0,1,1,0,1,"Skipped"
"Title: <SPLIT>Description: Research Is Definitely in Motion The Blackberry wireless device maker is straining to exceed expectations.","Title: <SPLIT>Description: Research Is Definitely in Motion The Blackberry wireless device maker is straining to exceed expectations.",1.0,1.0,1,1,2,1,"Skipped"
"Title: <SPLIT>Description: Jet-Lagged Clarke Tied for Lead in Japan  GOTEMBA, Japan (Reuters) - Britain's Darren Clarke shook  off the effects of jet-lag and a hectic schedule to fire a  six-under-par 66 for a share of the first-round lead at the  Taiheiyo Masters Thursday.","Title: <SPLIT>Description: Jet-Lagged Clarke Tied for Lead in Japan  GOTEMBA, Japan (Reuters) - Britain's Darren Clarke shook  off the effects of jet-lag and a hectic schedule to fire a  six-under-par 66 for a share of the first-round lead at the  Taiheiyo Masters Thursday.",0.0,0.0,1,1,1,200,"Failed"
"Title: <SPLIT>Description: Stocks on the edge NEW YORK (CNN/Money) - Wall Street took a wait-and-see approach to the final day of the trading week, looking for more information on inflation, trade, oil and a report of Michael Eisner #39;s 2006 departure from Disney.","Title: <SPLIT>Description: Stocks on the edge NEW YORK (CNN/Money) - Wall Street took a wait-and-see approach to the final day of the trading week, looking for more information on inflation, trade, oil and a report of Michael Eisner #39;s 2006 departure from Disney.",1.0,1.0,1,1,2,1,"Skipped"
"Title: <SPLIT>Description: iTunes now selling Band Aid song IPod owners can download the Band Aid single after Apple reaches agreement with the charity.","Title: <SPLIT>Description: iTunes now selling Band Aid song IPod owners can download the Band Aid single after Apple reaches agreement with the charity.",1.0,1.0,1,1,3,1,"Skipped"
"Title: <SPLIT>Description: Indonesia May Prosecute Newmont Mining (AP) AP - Indonesia is proceeding with plans to prosecute U.S.-based Newmont Mining for allegedly polluting a bay in central Indonesia, accusing the company Wednesday of giving investigators incomplete information about its waste disposal method.","Title: <SPLIT>Description: Indonesia May Prosecute Newmont Mining (AP) AP - Indonesia is proceeding with plans to prosecute U.S.-based Newmont Mining for allegedly polluting a bay in central Indonesia, accusing the company Wednesday of giving investigators incomplete information about its waste disposal method.",1.0,1.0,1,1,0,1,"Skipped"
"Title: <SPLIT>Description: Some Dire Talk From Yukos Lifts Oil Prices OSCOW, Sept. 2- World oil prices rose on Thursday after Russia #39;s largest oil producer, Yukos, said a court ruling  quot;paralyzes #39; #39; the company #39;s operations.","Title: <SPLIT>Description: Some Dire Talk From Yukos Lifts Oil Prices OSCOW, Sept. 2- World oil prices rose on Thursday after Russia #39;s largest oil producer, Yukos, said a court ruling  quot;paralyzes #39; #39; the company #39;s operations.",1.0,1.0,1,1,2,1,"Skipped"
"Title: <SPLIT>Description: Gibbs doubts Skins were tipping plays If the Cleveland Browns knew what plays the Washington Redskins were going to run before the ball was snapped Sunday, a review of the game tape 24 hours later revealed scant evidence of it.","Title: <SPLIT>Description: Gibbs doubts Skins were tipping plays If the Cleveland Browns knew what plays the Washington Redskins were going to run before the ball was snapped Sunday, a review of the game tape 24 hours later revealed scant evidence of it.",0.0,0.0,1,1,1,200,"Failed"
"Title: <SPLIT>Description: ""Web Gaming Changes Social Interactions (AP) AP - Not so long ago, in a galaxy not so far away, Chip Collier was on a mission. """"I really gotta stop bleeding and dying,"""" the 24-year old said as he slouched in front of his computer in his ninth-floor Chicago apartment. """"I'm really horrible about not paying attention to my battle fatigue.""""""","Title: <SPLIT>Description: ""Web Gaming Changes Social Interactions (AP) AP - Not so long ago, in a galaxy not so far away, Chip Collier was on a mission. """"I really gotta stop bleeding and dying,"""" the 24-year old said as he slouched in front of his computer in his ninth-floor Chicago apartment. """"I'm really horrible about not paying attention to my battle fatigue.""""""",1.0,1.0,1,1,3,1,"Skipped"
"Title: <SPLIT>Description: Sony Announces the Clie VZ90 Handheld For Japan Sony Japan has released a new Clie for the Japanese market only. The Clie PEG-VZ90 is a Palm OS multimedia Clie handheld, that features a large OLED screen, slider hidden buttons, plentiful memory and WiFi.","Title: <SPLIT>Description: Sony Announces the Clie VZ90 Handheld For Japan Sony Japan has released a new Clie for the Japanese market only. The Clie PEG-VZ90 is a Palm OS multimedia Clie handheld, that features a large OLED screen, slider hidden buttons, plentiful memory and WiFi.",1.0,1.0,1,1,3,1,"Skipped"
"Title: <SPLIT>Description: US Airstrikes Said to Kill at Least 44 in Iraq Iraqi health officials said American airstrikes that demolished homes late today in a village south of the volatile city of Falluja killed at least 44 people and wounded 27, including women and children.","Title: <SPLIT>Description: US Airstrikes Said to Kill at Least 44 in Iraq Iraqi health officials said American airstrikes that demolished homes late today in a village south of the volatile city of Falluja killed at least 44 people and wounded 27, including women and children.",1.0,1.0,1,1,0,1,"Skipped"
"Title: <SPLIT>Description: J amp;J acquiring device maker Johnson  amp; Johnson, the pharmaceutical and health care giant, has announced an agreement to buy Guidant, one of the largest US makers of devices to treat heart and circulatory illnesses, for \$25.4 billion.","Title: <SPLIT>Description: J amp;J acquiring device maker Johnson  amp; Johnson, the pharmaceutical and health care giant, has announced an agreement to buy Guidant, one of the largest US makers of devices to treat heart and circulatory illnesses, for \$25.4 billion.",1.0,1.0,1,1,2,1,"Skipped"
"Title: <SPLIT>Description: ""Frail Pope Celebrates Mass at Lourdes LOURDES, France - A frail Pope John Paul II, breathing heavily and gasping at times, celebrated an open-air Mass on Sunday for several hundred thousand pilgrims, many in wheelchairs, at a shrine to the Virgin Mary that is associated with miraculous cures.    At one point he said """"help me"""" in Polish while struggling through his homily in French...""","Title: <SPLIT>Description: ""Frail Pope Celebrates Mass at Lourdes LOURDES, France - A frail Pope John Paul II, breathing heavily and gasping at times, celebrated an open-air Mass on Sunday for several hundred thousand pilgrims, many in wheelchairs, at a shrine to the Virgin Mary that is associated with miraculous cures.    At one point he said """"help me"""" in Polish while struggling through his homily in French...""",1.0,1.0,1,1,0,1,"Skipped"
"Title: <SPLIT>Description: Super Bowl Advertisers Still in the Game After Scandal  NEW YORK (Reuters) - Advertisers may have been bitten once  by an indecency scandal at the 2004 Super Bowl, but they are  not shy about getting back into the game for the next U.S.  football championship.","Title: <SPLIT>Description: Super Bowl Advertisers Still in the Game After Scandal  NEW YORK (Reuters) - Advertisers may have been bitten once  by an indecency scandal at the 2004 Super Bowl, but they are  not shy about getting back into the game for the next U.S.  football championship.",0.0,0.0,1,1,1,200,"Failed"
"Title: <SPLIT>Description: AT amp;T Wireless Gets in Tune AT amp;T Wireless (NYSE: AWE) recently debuted its mMode Music Store. Developed together with Loudeye (Nasdaq: LOUD) and Microsoft (Nasdaq: MSFT), the store allows subscribers to browse ","Title: <SPLIT>Description: AT amp;T Wireless Gets in Tune AT amp;T Wireless (NYSE: AWE) recently debuted its mMode Music Store. Developed together with Loudeye (Nasdaq: LOUD) and Microsoft (Nasdaq: MSFT), the store allows subscribers to browse ",1.0,1.0,1,1,3,1,"Skipped"
"Title: <SPLIT>Description: Red Hat replaces CFO Red Hat on Thursday named Charles Peters Jr. as executive vice president and chief financial officer. Peters replaces Kevin Thompson, who unexpectedly announced his resignation in June, a few days before the ","Title: <SPLIT>Description: Red Hat replaces CFO Red Hat on Thursday named Charles Peters Jr. as executive vice president and chief financial officer. Peters replaces Kevin Thompson, who unexpectedly announced his resignation in June, a few days before the ",1.0,1.0,0,0,2,1,"Skipped"
"Title: <SPLIT>Description: Toronto #39;s SkyDome sold for \$25 million Toronto #39;s Major League Baseball franchise finally has a nest it can call its own. Blue Jays-owner Rogers Communications has reached a \$25 million deal to buy the SkyDome.","Title: <SPLIT>Description: Toronto #39;s SkyDome sold for \$25 million Toronto #39;s Major League Baseball franchise finally has a nest it can call its own. Blue Jays-owner Rogers Communications has reached a \$25 million deal to buy the SkyDome.",0.0,0.0,1,1,1,200,"Failed"
"Title: <SPLIT>Description: Panel: U.S. Must Diversify Oil Supplies  WASHINGTON (Reuters) - The United States must  diversify  its global oil supplies, expand a world network of strategic  petroleum reserves and raise fuel efficiency standards to  ensure its energy security, a panel of experts will recommend  on Wednesday.","Title: <SPLIT>Description: Panel: U.S. Must Diversify Oil Supplies  WASHINGTON (Reuters) - The United States must  diversify  its global oil supplies, expand a world network of strategic  petroleum reserves and raise fuel efficiency standards to  ensure its energy security, a panel of experts will recommend  on Wednesday.",1.0,1.0,1,1,2,1,"Skipped"
"Title: <SPLIT>Description: Mortgage Rates Across the US Climb Mortgage rates around the country went up this week, although 30-year mortgages still were below 6 percent for a sixth straight week.","Title: <SPLIT>Description: Mortgage Rates Across the US Climb Mortgage rates around the country went up this week, although 30-year mortgages still were below 6 percent for a sixth straight week.",1.0,1.0,1,1,2,1,"Skipped"
"Title: <SPLIT>Description: Broadhurst, Fichardt lead Open de Madrid Paul Broadhurst shot a 3-under 68 Saturday for a share of the lead after the third round of the Open de Madrid. Broadhurst finished 54 holes at 13-under-par 200 for a tie with Darren Fichardt, who shot a 67.","Title: <SPLIT>Description: Broadhurst, Fichardt lead Open de Madrid Paul Broadhurst shot a 3-under 68 Saturday for a share of the lead after the third round of the Open de Madrid. Broadhurst finished 54 holes at 13-under-par 200 for a tie with Darren Fichardt, who shot a 67.",0.0,0.0,1,1,1,200,"Failed"
"Title: <SPLIT>Description: Goss Gets Senate Panel's OK for CIA Post WASHINGTON - A Senate panel on Tuesday approved the nomination of Rep. Porter Goss, R-Fla., to head the CIA, overcoming Democrats' objections that Goss was too political for the job...","Title: <SPLIT>Description: Goss Gets Senate Panel's OK for CIA Post WASHINGTON - A Senate panel on Tuesday approved the nomination of Rep. Porter Goss, R-Fla., to head the CIA, overcoming Democrats' objections that Goss was too political for the job...",1.0,1.0,1,1,0,1,"Skipped"
"Title: <SPLIT>Description: Militants in Iraq Kill UK Hostage, Video Shows  BAGHDAD (Reuters) - Militants in Iraq beheaded British  hostage Kenneth Bigley, three weeks after kidnapping him to  press a demand for the release of women held by U.S.-led  forces, a video seen by Reuters showed on Friday.","Title: <SPLIT>Description: Militants in Iraq Kill UK Hostage, Video Shows  BAGHDAD (Reuters) - Militants in Iraq beheaded British  hostage Kenneth Bigley, three weeks after kidnapping him to  press a demand for the release of women held by U.S.-led  forces, a video seen by Reuters showed on Friday.",1.0,1.0,1,1,0,1,"Skipped"
"Title: <SPLIT>Description: Groups Offers Beer for Blood Donations (AP) AP - Some in Michigan who roll up their sleeves to donate blood will get a racetrack T-shirt, hat and pin. Sponsors in San Diego have given away whale-watching trips. On Wednesday, the Cleveland Regional Transit Authority handed out vouchers for a pint of any beverage, including beer, in exchange for a pint of blood.","Title: <SPLIT>Description: Groups Offers Beer for Blood Donations (AP) AP - Some in Michigan who roll up their sleeves to donate blood will get a racetrack T-shirt, hat and pin. Sponsors in San Diego have given away whale-watching trips. On Wednesday, the Cleveland Regional Transit Authority handed out vouchers for a pint of any beverage, including beer, in exchange for a pint of blood.",1.0,1.0,1,1,3,1,"Skipped"
"Title: <SPLIT>Description: Science ; As ice thaws, arctic peoples at loss for words Science News, Iceland, What are the words used by indigenous peoples in the Arctic for  quot;hornet, quot;  quot;robin, quot;  quot;elk, quot;  quot;barn owl quot; or  quot;salmon?","Title: <SPLIT>Description: Science ; As ice thaws, arctic peoples at loss for words Science News, Iceland, What are the words used by indigenous peoples in the Arctic for  quot;hornet, quot;  quot;robin, quot;  quot;elk, quot;  quot;barn owl quot; or  quot;salmon?",1.0,1.0,1,1,3,1,"Skipped"
"Title: <SPLIT>Description: Citing Can-Spam, Microsoft sues alleged spammers com December 2, 2004, 7:48 AM PT. While its neighbors, software infrastructure and hardware upgrades, switched places this month, security held its spot at number three.","Title: <SPLIT>Description: Citing Can-Spam, Microsoft sues alleged spammers com December 2, 2004, 7:48 AM PT. While its neighbors, software infrastructure and hardware upgrades, switched places this month, security held its spot at number three.",1.0,1.0,1,1,3,1,"Skipped"
"Title: <SPLIT>Description: UPDATE 1-Struggling Singh stays ahead in Pennsylvania World number one Vijay Singh stayed two shots clear of the field after struggling to a level-par 72 in the third round of the \$4.2 million Pennsylvania Classic on Saturday.","Title: <SPLIT>Description: UPDATE 1-Struggling Singh stays ahead in Pennsylvania World number one Vijay Singh stayed two shots clear of the field after struggling to a level-par 72 in the third round of the \$4.2 million Pennsylvania Classic on Saturday.",1.0,1.0,0,0,1,1,"Skipped"
"Title: <SPLIT>Description: Cisco to acquire P-Cube for \$200M SAN JOSE, Calif.Cisco Systems Inc. said it has agreed to acquire P-Cube for \$200 million in stock and cash to enable service providers to further control and manage such advanced Internet Protocol services ","Title: <SPLIT>Description: Cisco to acquire P-Cube for \$200M SAN JOSE, Calif.Cisco Systems Inc. said it has agreed to acquire P-Cube for \$200 million in stock and cash to enable service providers to further control and manage such advanced Internet Protocol services ",1.0,1.0,1,1,3,1,"Skipped"
"Title: <SPLIT>Description: Launcher eyes shuttle succession Boeing's huge Delta 4-Heavy rocket, set for lift-off on Saturday, may play a role in life after the space shuttle.","Title: <SPLIT>Description: Launcher eyes shuttle succession Boeing's huge Delta 4-Heavy rocket, set for lift-off on Saturday, may play a role in life after the space shuttle.",1.0,1.0,1,1,3,1,"Skipped"
"Title: <SPLIT>Description: Airlines Agree to Cuts at O'Hare Federal officials today announced plans to temporarily cut 37 flights operating at Chicago's O'Hare International Airport to help reduce the delay problems that ripple across the country.","Title: <SPLIT>Description: Airlines Agree to Cuts at O'Hare Federal officials today announced plans to temporarily cut 37 flights operating at Chicago's O'Hare International Airport to help reduce the delay problems that ripple across the country.",1.0,1.0,0,0,2,1,"Skipped"
"Title: <SPLIT>Description: Iraq commission examines request to delay polls BAGHDAD (AFP) - Iraq #39;s electoral commission was due to study a call by top leaders to delay the January 30 polls because of violence gripping the country, as US-led troops continued their anti-insurgency crackdown.","Title: <SPLIT>Description: Iraq commission examines request to delay polls BAGHDAD (AFP) - Iraq #39;s electoral commission was due to study a call by top leaders to delay the January 30 polls because of violence gripping the country, as US-led troops continued their anti-insurgency crackdown.",1.0,1.0,1,1,0,1,"Skipped"
"Title: <SPLIT>Description: Leyland has emerged as a managerial candidate Jim Leyland just might be ready to manage a Major League Baseball team again, and he will reportedly interview for jobs with the Philadelphia Phillies and New York Mets, according to the NY Daily News.","Title: <SPLIT>Description: Leyland has emerged as a managerial candidate Jim Leyland just might be ready to manage a Major League Baseball team again, and he will reportedly interview for jobs with the Philadelphia Phillies and New York Mets, according to the NY Daily News.",0.0,0.0,1,1,1,196,"Failed"
"Title: <SPLIT>Description: Ballmer strikes big rivals from Microsoft shopping list LISBON - Customers watching for Microsoft Corp. to make a headline-grabbing buy in the business applications market faced disappointment Tuesday as company Chief Executive Officer Steven Ballmer ruled out acquisitions of PeopleSoft Inc., Oracle Corp. and SAP AG.","Title: <SPLIT>Description: Ballmer strikes big rivals from Microsoft shopping list LISBON - Customers watching for Microsoft Corp. to make a headline-grabbing buy in the business applications market faced disappointment Tuesday as company Chief Executive Officer Steven Ballmer ruled out acquisitions of PeopleSoft Inc., Oracle Corp. and SAP AG.",1.0,1.0,1,1,3,1,"Skipped"
"Title: <SPLIT>Description: Gates and Ballmer get pay raises Bill Gates and Steve Ballmer each received total compensation of \$901,667 in Microsoft Corp.'s 2004 fiscal year, up 4.4 percent from \$863,447 one year ago.","Title: <SPLIT>Description: Gates and Ballmer get pay raises Bill Gates and Steve Ballmer each received total compensation of \$901,667 in Microsoft Corp.'s 2004 fiscal year, up 4.4 percent from \$863,447 one year ago.",1.0,1.0,1,1,3,1,"Skipped"
"Title: <SPLIT>Description: India and Bangladesh Neglect Their Enclaves (Reuters) Reuters - Nazrul Islam is an Indian\living in an Indian village.","Title: <SPLIT>Description: India and Bangladesh Neglect Their Enclaves (Reuters) Reuters - Nazrul Islam is an Indian\living in an Indian village.",0.0,0.0,0,0,0,130,"Failed"
"Title: <SPLIT>Description: Windows Upgrade Causing Campus Headaches Microsoft Corp. #39;s decision to release a major upgrade for its flagship operating system in the same month that hundreds of thousands of students are reporting to college campuses across the ","Title: <SPLIT>Description: Windows Upgrade Causing Campus Headaches Microsoft Corp. #39;s decision to release a major upgrade for its flagship operating system in the same month that hundreds of thousands of students are reporting to college campuses across the ",1.0,1.0,0,0,3,1,"Skipped"
"Title: <SPLIT>Description: EU offering economic incentives to Iran to suspend uranium &lt;b&gt;...&lt;/b&gt; CARROT AND STICK: The EU is hoping Iran will cease its nuclear program before the IAEA meets later this month. Another option could be economic sanctions.","Title: <SPLIT>Description: EU offering economic incentives to Iran to suspend uranium &lt;b&gt;...&lt;/b&gt; CARROT AND STICK: The EU is hoping Iran will cease its nuclear program before the IAEA meets later this month. Another option could be economic sanctions.",1.0,1.0,3,3,0,1,"Skipped"
"Title: <SPLIT>Description: Terror Suspects Arrested in Netherlands Description: Dutch police arrest three suspects after a counterterror operation in The Hague. The murder of filmmaker Theo van Gogh by a suspected Islamic extremist has heightened concern about terrorism in the Netherlands.","Title: <SPLIT>Description: Terror Suspects Arrested in Netherlands Description: Dutch police arrest three suspects after a counterterror operation in The Hague. The murder of filmmaker Theo van Gogh by a suspected Islamic extremist has heightened concern about terrorism in the Netherlands.",1.0,1.0,1,1,0,1,"Skipped"
"Title: <SPLIT>Description: Aftershock hits Japan quake zone Strong aftershocks are still shaking northern Japan after the country #39;s deadliest earthquake in nine years killed at least 24 people.","Title: <SPLIT>Description: Aftershock hits Japan quake zone Strong aftershocks are still shaking northern Japan after the country #39;s deadliest earthquake in nine years killed at least 24 people.",1.0,1.0,1,1,0,1,"Skipped"
"Title: <SPLIT>Description: Update 2: EDS Reports Third-Quarter Loss Electronic Data Systems Corp. finally settled a dispute with outside auditors and reported a third-quarter loss of \$153 million due to the write-down of a huge contract to build a computer network for the Navy.","Title: <SPLIT>Description: Update 2: EDS Reports Third-Quarter Loss Electronic Data Systems Corp. finally settled a dispute with outside auditors and reported a third-quarter loss of \$153 million due to the write-down of a huge contract to build a computer network for the Navy.",1.0,1.0,1,1,2,1,"Skipped"
"Title: <SPLIT>Description: Champions Trophy: England rout Zimbabwe BIRMINGHAM, Sep 11: England got their Champions Trophy campaign off to a successful start with a record 152-run win against Zimbabwe at Edgbaston here Saturday.","Title: <SPLIT>Description: Champions Trophy: England rout Zimbabwe BIRMINGHAM, Sep 11: England got their Champions Trophy campaign off to a successful start with a record 152-run win against Zimbabwe at Edgbaston here Saturday.",0.0,0.0,1,1,1,200,"Failed"
"Title: <SPLIT>Description: Braves' Smoltz May Rejoin Team's Rotation (AP) AP - John Smoltz might rejoin the Braves' rotation if Atlanta finds another closer.","Title: <SPLIT>Description: Braves' Smoltz May Rejoin Team's Rotation (AP) AP - John Smoltz might rejoin the Braves' rotation if Atlanta finds another closer.",0.0,0.0,1,1,1,185,"Failed"
"Title: <SPLIT>Description: Half.com to continue at full speed This fourth priority #39;s main focus has been improving or obtaining CRM and ERP software for the past year and a half. Online auction giant eBay won #39;t be closing down its Half.","Title: <SPLIT>Description: Half.com to continue at full speed This fourth priority #39;s main focus has been improving or obtaining CRM and ERP software for the past year and a half. Online auction giant eBay won #39;t be closing down its Half.",1.0,1.0,1,1,3,1,"Skipped"
"Title: <SPLIT>Description: Kim Captures 1-Shot Win at Longs Drugs (AP) AP - Christina Kim made a charge on the back nine Sunday, shooting a 6-under 65 at the Longs Drugs Challenge for a one-shot victory over Karrie Webb and her first LPGA win.","Title: <SPLIT>Description: Kim Captures 1-Shot Win at Longs Drugs (AP) AP - Christina Kim made a charge on the back nine Sunday, shooting a 6-under 65 at the Longs Drugs Challenge for a one-shot victory over Karrie Webb and her first LPGA win.",0.0,0.0,1,1,1,200,"Failed"
"Title: <SPLIT>Description: Forsyth Forges Clear He may be 120 places lower in the world, but it was advantage Alastair Forsyth in his Volvo Masters duel with Sergio Garcia today before a thunderstorm suspended play.","Title: <SPLIT>Description: Forsyth Forges Clear He may be 120 places lower in the world, but it was advantage Alastair Forsyth in his Volvo Masters duel with Sergio Garcia today before a thunderstorm suspended play.",0.0,0.0,1,1,1,200,"Failed"
"Title: <SPLIT>Description: UN Nuclear Agency Confirms Tons Of Explosives Missing Vienna, Austria -- The UN nuclear watchdog agency says it #39;s concerned tons of missing explosives in Iraq  quot;could have fallen into the wrong hands.","Title: <SPLIT>Description: UN Nuclear Agency Confirms Tons Of Explosives Missing Vienna, Austria -- The UN nuclear watchdog agency says it #39;s concerned tons of missing explosives in Iraq  quot;could have fallen into the wrong hands.",1.0,1.0,1,1,0,1,"Skipped"
"Title: <SPLIT>Description: Marzeoti (4 TDs) paces Shawsheen For years, Shawsheen Tech and Greater Lowell have battled for the William J. Collins Cup on Thanksgiving Day.","Title: <SPLIT>Description: Marzeoti (4 TDs) paces Shawsheen For years, Shawsheen Tech and Greater Lowell have battled for the William J. Collins Cup on Thanksgiving Day.",0.0,0.0,1,1,1,171,"Failed"
"Title: <SPLIT>Description: Stand Aside, Rudolph: The Mouse Will Lead A list of some of the best holiday gifts, based on taste, appearance or utility, available on the Web.","Title: <SPLIT>Description: Stand Aside, Rudolph: The Mouse Will Lead A list of some of the best holiday gifts, based on taste, appearance or utility, available on the Web.",1.0,1.0,1,1,3,1,"Skipped"
"Title: <SPLIT>Description: Date with destiny for private rocketeers LAS VEGAS - A three-seat rocket plane with stubby wings and a nose studded with round windows will try to blast out of Earth #39;s atmosphere above the Mojave Desert today to qualify for a US\$10 million (\$15.","Title: <SPLIT>Description: Date with destiny for private rocketeers LAS VEGAS - A three-seat rocket plane with stubby wings and a nose studded with round windows will try to blast out of Earth #39;s atmosphere above the Mojave Desert today to qualify for a US\$10 million (\$15.",1.0,1.0,1,1,3,1,"Skipped"
"Title: <SPLIT>Description: Russia ready to contribute to settlement of South Ossetia conflict: Putin MOSCOW, Aug. 18 (Xinhuanet) -- Russian President Vladimir Putin said Wednesday that Russia is ready to contribute to a settlement of conflict between Georgia and its separatist province of South Ossetia. ","Title: <SPLIT>Description: Russia ready to contribute to settlement of South Ossetia conflict: Putin MOSCOW, Aug. 18 (Xinhuanet) -- Russian President Vladimir Putin said Wednesday that Russia is ready to contribute to a settlement of conflict between Georgia and its separatist province of South Ossetia. ",1.0,1.0,1,1,0,1,"Skipped"
"Title: <SPLIT>Description: HP Unveils an Array of Printing Products Hewlett-Packard showed off 14 new imaging and printing products during an event in Frankfurt, Germany this week. HP executives showcased the HP LaserJet 4345mfp multifunction copier, which they say can crank ","Title: <SPLIT>Description: HP Unveils an Array of Printing Products Hewlett-Packard showed off 14 new imaging and printing products during an event in Frankfurt, Germany this week. HP executives showcased the HP LaserJet 4345mfp multifunction copier, which they say can crank ",1.0,1.0,1,1,3,1,"Skipped"
"Title: <SPLIT>Description: Hurricanes Bring Environmental Renewal (AP) AP - Along with their destructive force, hurricanes can have beneficial effects as part of the rhythm of nature. Storms that erode beaches, uproot trees and flatten wildlife habitats may also refresh waterways, revive dry areas and bulk up barrier islands with redistributed sand.","Title: <SPLIT>Description: Hurricanes Bring Environmental Renewal (AP) AP - Along with their destructive force, hurricanes can have beneficial effects as part of the rhythm of nature. Storms that erode beaches, uproot trees and flatten wildlife habitats may also refresh waterways, revive dry areas and bulk up barrier islands with redistributed sand.",1.0,1.0,1,1,3,1,"Skipped"
"Title: <SPLIT>Description: Karzai Travels North on First Domestic Trip Since Rocket Attack Afghan President Hamid Karzai Sunday made his first domestic trip outside the capital, Kabul, since a trip cut short by a rocket attack 10 days ago.","Title: <SPLIT>Description: Karzai Travels North on First Domestic Trip Since Rocket Attack Afghan President Hamid Karzai Sunday made his first domestic trip outside the capital, Kabul, since a trip cut short by a rocket attack 10 days ago.",1.0,1.0,1,1,0,1,"Skipped"
"Title: <SPLIT>Description: Rumours surround Google browser The search giant Google is rumoured to be working on its own web browser.","Title: <SPLIT>Description: Rumours surround Google browser The search giant Google is rumoured to be working on its own web browser.",1.0,1.0,1,1,2,1,"Skipped"
"Title: <SPLIT>Description: I.B.M. Sought a China Partnership, Not Just a Sale Inside I.B.M., the issue of whether to stay in the personal computer business has been debated for a decade. The issue was put to rest last week.","Title: <SPLIT>Description: I.B.M. Sought a China Partnership, Not Just a Sale Inside I.B.M., the issue of whether to stay in the personal computer business has been debated for a decade. The issue was put to rest last week.",1.0,1.0,1,1,2,1,"Skipped"
"Title: <SPLIT>Description: Rogers confirms deal to buy AT amp;T Wireless stake Rogers Communications Inc. (RCIb.TO: Quote, Profile, Research) confirmed on Monday it would buy AT amp;T Wireless Services Inc. #39;s (AWE.","Title: <SPLIT>Description: Rogers confirms deal to buy AT amp;T Wireless stake Rogers Communications Inc. (RCIb.TO: Quote, Profile, Research) confirmed on Monday it would buy AT amp;T Wireless Services Inc. #39;s (AWE.",1.0,1.0,1,1,2,1,"Skipped"
"Title: <SPLIT>Description: New Star-Type Resembles Stillborn Star When a binary star system starts to transfer mass, one of the twins may well win out, leaving its companion to occupy a strange region half way between a star and a planet. A new star-type of this sort has been found, which resembles the infrared ash of a stillborn star.","Title: <SPLIT>Description: New Star-Type Resembles Stillborn Star When a binary star system starts to transfer mass, one of the twins may well win out, leaving its companion to occupy a strange region half way between a star and a planet. A new star-type of this sort has been found, which resembles the infrared ash of a stillborn star.",1.0,1.0,1,1,3,1,"Skipped"
"Title: <SPLIT>Description: Creative Sound Blaster Wireless Music &lt;strong&gt;Review&lt;/strong&gt; From PC to hi-fi via Wi-Fi","Title: <SPLIT>Description: Creative Sound Blaster Wireless Music &lt;strong&gt;Review&lt;/strong&gt; From PC to hi-fi via Wi-Fi",1.0,1.0,1,1,3,1,"Skipped"
"Title: <SPLIT>Description: Putin Visits Chechnya Ahead of Election (AP) AP - Russian President Vladimir Putin made an unannounced visit to Chechnya on Sunday, laying flowers at the grave of the war-ravaged region's assassinated president a week before elections for a new leader.","Title: <SPLIT>Description: Putin Visits Chechnya Ahead of Election (AP) AP - Russian President Vladimir Putin made an unannounced visit to Chechnya on Sunday, laying flowers at the grave of the war-ravaged region's assassinated president a week before elections for a new leader.",1.0,1.0,1,1,0,1,"Skipped"
"Title: <SPLIT>Description: Man U [[condemns]] fan protest against Glazer Manchester United criticized fans who disrupted a game between reserve teams to protest a potential takeover of the famed English soccer club by Tampa Bay Buccaneers owner Malcolm Glazer.","Title: <SPLIT>Description: Man U [[sentence]] fan protest against Glazer Manchester United criticized fans who disrupted a game between reserve teams to protest a potential takeover of the famed English soccer club by Tampa Bay Buccaneers owner Malcolm Glazer.",0.0,1.0,1,0,1,175,"Successful"
"Title: <SPLIT>Description: Tiny telescope detects a giant planet A tiny telescope has spotted a giant planet circling a faraway star, using a technique that could open a new phase of planetary discovery, scientists say.","Title: <SPLIT>Description: Tiny telescope detects a giant planet A tiny telescope has spotted a giant planet circling a faraway star, using a technique that could open a new phase of planetary discovery, scientists say.",1.0,1.0,1,1,3,1,"Skipped"
"Title: <SPLIT>Description: Officials to be quizzed in Aragones row Spanish Football Federation president Angel Maria Villar will appear before the National Anti-Violence Commission tomorrow to explain why he has defended Spain coach Luis Aragones.","Title: <SPLIT>Description: Officials to be quizzed in Aragones row Spanish Football Federation president Angel Maria Villar will appear before the National Anti-Violence Commission tomorrow to explain why he has defended Spain coach Luis Aragones.",1.0,1.0,0,0,1,1,"Skipped"
"Title: <SPLIT>Description: GAME DAY RECAP Sunday, November 28 Sandora Irvin had 23 points and 17 rebounds and TCU upset a ranked team for the second night in a row, beating Michigan State (No.","Title: <SPLIT>Description: GAME DAY RECAP Sunday, November 28 Sandora Irvin had 23 points and 17 rebounds and TCU upset a ranked team for the second night in a row, beating Michigan State (No.",0.0,0.0,1,1,1,200,"Failed"
"Title: <SPLIT>Description: New Wi-Fi Nearly Doubles Speed Belkin's Pre-N wireless networking line also dramatically improves range--even for 802.11b and 802.11g gear.","Title: <SPLIT>Description: New Wi-Fi Nearly Doubles Speed Belkin's Pre-N wireless networking line also dramatically improves range--even for 802.11b and 802.11g gear.",1.0,1.0,0,0,3,1,"Skipped"
"Title: <SPLIT>Description: Streaking Astros Clock Reds 11-5 (AP) AP - Astros pitcher Brandon Backe hit his first career homer, a two-run shot, and allowed one run in seven innings to keep Houston in the thick of the NL wild-card chase with an 11-5 rout of the Cincinnati Reds on Monday.","Title: <SPLIT>Description: Streaking Astros Clock Reds 11-5 (AP) AP - Astros pitcher Brandon Backe hit his first career homer, a two-run shot, and allowed one run in seven innings to keep Houston in the thick of the NL wild-card chase with an 11-5 rout of the Cincinnati Reds on Monday.",1.0,1.0,0,0,1,1,"Skipped"
"Title: <SPLIT>Description: Two Michigan State receivers arrested on bomb-making charges Two Michigan State football players have been charged with planting homemade bombs outside apartments. Terry Love and Irving Campbell, both 19-year-old redshirt freshmen wide receivers ","Title: <SPLIT>Description: Two Michigan State receivers arrested on bomb-making charges Two Michigan State football players have been charged with planting homemade bombs outside apartments. Terry Love and Irving Campbell, both 19-year-old redshirt freshmen wide receivers ",0.0,0.0,1,1,1,200,"Failed"
"Title: <SPLIT>Description: Exhausted Massu Outlasts Fish for Gold  ATHENS (Reuters) - An exhausted Nicolas Massu reeled in  Mardy Fish in five tortuous sets on Sunday to win Chile their  second gold medal at an Olympic Games less than 24 hours after  helping them to their first.","Title: <SPLIT>Description: Exhausted Massu Outlasts Fish for Gold  ATHENS (Reuters) - An exhausted Nicolas Massu reeled in  Mardy Fish in five tortuous sets on Sunday to win Chile their  second gold medal at an Olympic Games less than 24 hours after  helping them to their first.",0.0,0.0,1,1,1,200,"Failed"
"Title: <SPLIT>Description: Treasuries Mirror Oil's Climb (Reuters) Reuters - U.S. Treasury yields hit their lowest\level in almost seven months on Monday as record high oil\prices clouded the outlook for global economic growth.","Title: <SPLIT>Description: Treasuries Mirror Oil's Climb (Reuters) Reuters - U.S. Treasury yields hit their lowest\level in almost seven months on Monday as record high oil\prices clouded the outlook for global economic growth.",1.0,1.0,1,1,2,1,"Skipped"
"Title: <SPLIT>Description: Giants' Stoutmire Tears ACL; Lost for Season  EAST RUTHERFORD, N.J. (Sports Network) - The New York  Giants placed defensive back Omar Stoutmire on injured reserve  Wednesday after he tore his anterior cruciate ligament in  Sunday's season-opening 31-17 loss in Philadelphia.","Title: <SPLIT>Description: Giants' Stoutmire Tears ACL; Lost for Season  EAST RUTHERFORD, N.J. (Sports Network) - The New York  Giants placed defensive back Omar Stoutmire on injured reserve  Wednesday after he tore his anterior cruciate ligament in  Sunday's season-opening 31-17 loss in Philadelphia.",0.0,0.0,1,1,1,200,"Failed"
"Title: <SPLIT>Description: US Stocks Flat;Investors Await Intel,Jobs  NEW YORK (Reuters) - U.S. stocks were little changed on  Thursday, pausing after Wednesday's sharp rally, as investors  were reluctant to wade into the market before Intel's  mid-quarter update after the close and Friday's jobs report.","Title: <SPLIT>Description: US Stocks Flat;Investors Await Intel,Jobs  NEW YORK (Reuters) - U.S. stocks were little changed on  Thursday, pausing after Wednesday's sharp rally, as investors  were reluctant to wade into the market before Intel's  mid-quarter update after the close and Friday's jobs report.",1.0,1.0,1,1,2,1,"Skipped"
"Title: <SPLIT>Description: Russians to see full lunar eclipse Thursday morning MOSCOW, October 28 (Itar-Tass) - People in Russia #39;s European part will have an opportunity to see a full eclipse of the Moon during several hours Thursday morning, said Dr Andrei Finkelshtein, director of the Russian Institute of Applied Astronomy.","Title: <SPLIT>Description: Russians to see full lunar eclipse Thursday morning MOSCOW, October 28 (Itar-Tass) - People in Russia #39;s European part will have an opportunity to see a full eclipse of the Moon during several hours Thursday morning, said Dr Andrei Finkelshtein, director of the Russian Institute of Applied Astronomy.",1.0,1.0,1,1,3,1,"Skipped"
"Title: <SPLIT>Description: Kuznetsova Tops Dementieva for Open Title NEW YORK Sept. 11, 2004 - Pounding ferocious forehands and covering the baseline with the muscular legs of a Tour de France rider, Svetlana Kuznetsova overwhelmed Elena Dementieva 6-3, 7-5 Saturday night in the US Open #39;s first all-Russian final.","Title: <SPLIT>Description: Kuznetsova Tops Dementieva for Open Title NEW YORK Sept. 11, 2004 - Pounding ferocious forehands and covering the baseline with the muscular legs of a Tour de France rider, Svetlana Kuznetsova overwhelmed Elena Dementieva 6-3, 7-5 Saturday night in the US Open #39;s first all-Russian final.",0.0,0.0,1,1,1,200,"Failed"
"Title: <SPLIT>Description: Britain's Not-So-Civil War: Hunters Outfoxed? If hunting is banned in Britain, the pro-hunt lobby says its supporters will continue to hunt illegally.","Title: <SPLIT>Description: Britain's Not-So-Civil War: Hunters Outfoxed? If hunting is banned in Britain, the pro-hunt lobby says its supporters will continue to hunt illegally.",1.0,1.0,1,1,0,1,"Skipped"
"[[Title]]: <SPLIT>Description: Argentina gets China investment China is to invest nearly \$20bn (11bn) in Argentina over the next 10 years, Argentine officials say.","[[championship]]: <SPLIT>Description: Argentina gets China investment China is to invest nearly \$20bn (11bn) in Argentina over the next 10 years, Argentine officials say.",0.0,1.0,0,1,0,161,"Successful"
"Title: <SPLIT>Description: Bush shields shrimp industry The Bush administration yesterday said Chinese and Vietnamese shrimp are sold at unfairly low prices in the United States, siding with US fishermen as they try to fend off overseas competition.","Title: <SPLIT>Description: Bush shields shrimp industry The Bush administration yesterday said Chinese and Vietnamese shrimp are sold at unfairly low prices in the United States, siding with US fishermen as they try to fend off overseas competition.",1.0,1.0,1,1,2,1,"Skipped"
"Title: <SPLIT>Description: Summary Box: Breast Cancer Surgery Refined (AP) AP - NEW APPROACH: A study says that removing just one to three key lymph nodes can spare women lifelong arm problems and reliably indicate whether breast cancer has spread.","Title: <SPLIT>Description: Summary Box: Breast Cancer Surgery Refined (AP) AP - NEW APPROACH: A study says that removing just one to three key lymph nodes can spare women lifelong arm problems and reliably indicate whether breast cancer has spread.",1.0,1.0,1,1,3,1,"Skipped"
"Title: <SPLIT>Description: Senate Resolves Corporate Tax Bill Delay WASHINGTON - The Senate late Sunday resolved a dispute delaying passage of a sweeping corporate tax bill and two spending bills for disaster relief and homeland security, clearing the way for senators to adjourn Monday to hit the campaign trail.    The agreement removed parliamentary roadblocks thrown up by Sen...","Title: <SPLIT>Description: Senate Resolves Corporate Tax Bill Delay WASHINGTON - The Senate late Sunday resolved a dispute delaying passage of a sweeping corporate tax bill and two spending bills for disaster relief and homeland security, clearing the way for senators to adjourn Monday to hit the campaign trail.    The agreement removed parliamentary roadblocks thrown up by Sen...",1.0,1.0,1,1,0,1,"Skipped"
"Title: <SPLIT>Description: Acer Boosts Its Ferrari Acer has announced the newest addition to the Ferrari line of notebooks, the Ferrari 3400. The notebook is based on the latest Mobile AMD Athlon 64 processor 3000 for thin and light notebooks.","Title: <SPLIT>Description: Acer Boosts Its Ferrari Acer has announced the newest addition to the Ferrari line of notebooks, the Ferrari 3400. The notebook is based on the latest Mobile AMD Athlon 64 processor 3000 for thin and light notebooks.",1.0,1.0,1,1,3,1,"Skipped"
"Title: <SPLIT>Description: Toshiba laptops with HD DVD soon MAJOR Japanese computer maker Toshiba aimes to sell laptop computers that are loaded with its next generation DVD drive by next year.","Title: <SPLIT>Description: Toshiba laptops with HD DVD soon MAJOR Japanese computer maker Toshiba aimes to sell laptop computers that are loaded with its next generation DVD drive by next year.",1.0,1.0,1,1,3,1,"Skipped"
"Title: <SPLIT>Description: Astros Beat Rockies to Keep Wild-Card Lead (AP) AP - Jeff Bagwell hit a two-run homer and the Houston Astros overcame a sloppy start, remaining atop the NL wild-card standings with a 4-2 victory over the Colorado Rockies on Friday night.","Title: <SPLIT>Description: Astros Beat Rockies to Keep Wild-Card Lead (AP) AP - Jeff Bagwell hit a two-run homer and the Houston Astros overcame a sloppy start, remaining atop the NL wild-card standings with a 4-2 victory over the Colorado Rockies on Friday night.",0.0,0.0,1,1,1,200,"Failed"
"Title: <SPLIT>Description: ""China warns Singapore officials against future visits to Taiwan (AFP) AFP - China has warned Singapore officials against visiting Taiwan again after a """"private and unofficial"""" trip by the city-state's new leader just weeks before he took office strained ties with Beijing.""","Title: <SPLIT>Description: ""China warns Singapore officials against future visits to Taiwan (AFP) AFP - China has warned Singapore officials against visiting Taiwan again after a """"private and unofficial"""" trip by the city-state's new leader just weeks before he took office strained ties with Beijing.""",1.0,1.0,1,1,0,1,"Skipped"
"Title: <SPLIT>Description: E.T. phone eBay Sometimes, a piece of soggy cereal is just a piece of soggy cereal. Unless, of course, it bears an uncanny resemblance to history's most beloved extraterrestrial, E.T.","Title: <SPLIT>Description: E.T. phone eBay Sometimes, a piece of soggy cereal is just a piece of soggy cereal. Unless, of course, it bears an uncanny resemblance to history's most beloved extraterrestrial, E.T.",1.0,1.0,1,1,3,1,"Skipped"
"Title: <SPLIT>Description: Montgomerie, Woods, Furyk Tied at Target (AP) AP - Colin Montgomerie was thrilled to get an invitation from Tiger Woods to play in his year-end tournament with 15 of the best players in golf. Even better was matching Woods' score.","Title: <SPLIT>Description: Montgomerie, Woods, Furyk Tied at Target (AP) AP - Colin Montgomerie was thrilled to get an invitation from Tiger Woods to play in his year-end tournament with 15 of the best players in golf. Even better was matching Woods' score.",1.0,1.0,0,0,1,1,"Skipped"
"Title: <SPLIT>Description: Britain #39;s unemployment falls to 20 year low British unemployment fell by 16,000 to 1.41 million between May and July, the lowest level since comparable records began in 1984, the Office for National Statistics said Wednesday.","Title: <SPLIT>Description: Britain #39;s unemployment falls to 20 year low British unemployment fell by 16,000 to 1.41 million between May and July, the lowest level since comparable records began in 1984, the Office for National Statistics said Wednesday.",1.0,1.0,1,1,2,1,"Skipped"
"Title: <SPLIT>Description: Bon-Ton's Succession Success The [[transition]] atop the department store company looks like a pleasant non-story.","Title: <SPLIT>Description: Bon-Ton's Succession Success The [[passage]] atop the department store company looks like a pleasant non-story.",0.0,1.0,2,0,2,90,"Successful"
"Title: <SPLIT>Description: Pacers 89, Raptors 86 Jamaal Tinsley scored 17 of his 22 points in the second half to lead the Indiana Pacers to an 89-86 victory over the Toronto Raptors, who traded All Star Vince Carter to New Jersey earlier Friday.","Title: <SPLIT>Description: Pacers 89, Raptors 86 Jamaal Tinsley scored 17 of his 22 points in the second half to lead the Indiana Pacers to an 89-86 victory over the Toronto Raptors, who traded All Star Vince Carter to New Jersey earlier Friday.",0.0,0.0,1,1,1,200,"Failed"
"Title: <SPLIT>Description: Rivera was a corner stone for Ruiz NEW YORK -- For a time Saturday night, John Ruiz was ready to give up.","Title: <SPLIT>Description: Rivera was a corner stone for Ruiz NEW YORK -- For a time Saturday night, John Ruiz was ready to give up.",0.0,0.0,1,1,1,200,"Failed"
"Title: <SPLIT>Description: Explorers Find Ancient City in Remote Peru Jungle (Reuters) Reuters - An ancient walled city complex\inhabited some 1,300 years ago by a culture later conquered by\the Incas has been discovered deep in Peru's Amazon jungle,\explorers said on Tuesday.","Title: <SPLIT>Description: Explorers Find Ancient City in Remote Peru Jungle (Reuters) Reuters - An ancient walled city complex\inhabited some 1,300 years ago by a culture later conquered by\the Incas has been discovered deep in Peru's Amazon jungle,\explorers said on Tuesday.",1.0,1.0,1,1,3,1,"Skipped"
"Title: <SPLIT>Description: Life without numbers in a unique Amazon tribe 11=2. Mathematics doesn #39;t get any more basic than this, but even 11 would stump the brightest minds among the Piraha tribe of the Amazon. ","Title: <SPLIT>Description: Life without numbers in a unique Amazon tribe 11=2. Mathematics doesn #39;t get any more basic than this, but even 11 would stump the brightest minds among the Piraha tribe of the Amazon. ",1.0,1.0,1,1,3,1,"Skipped"
"Title: <SPLIT>Description: INTERVIEW: Australia #39;s QBE Consolidates European Units SYDNEY (Dow Jones)--Seeking to cut costs and encouraged by UK regulatory changes, Australia #39;s QBE Insurance group Ltd. (QBE.AU) Tuesday said it will merge its Lloyd #39;s division with other European operations.","Title: <SPLIT>Description: INTERVIEW: Australia #39;s QBE Consolidates European Units SYDNEY (Dow Jones)--Seeking to cut costs and encouraged by UK regulatory changes, Australia #39;s QBE Insurance group Ltd. (QBE.AU) Tuesday said it will merge its Lloyd #39;s division with other European operations.",1.0,1.0,1,1,2,1,"Skipped"
"Title: <SPLIT>Description: Prosecutor brings charges against former neighbor in NBA brawl PONTIAC, Mich. The man accused of starting the brawl at a Detroit Pistons game last month is no stranger to the man who #39;s filing the charges against him.","Title: <SPLIT>Description: Prosecutor brings charges against former neighbor in NBA brawl PONTIAC, Mich. The man accused of starting the brawl at a Detroit Pistons game last month is no stranger to the man who #39;s filing the charges against him.",0.0,0.0,1,1,1,200,"Failed"
"Title: <SPLIT>Description: India must recognize international realities: PM Prime Minister Manmohan Singh has responded to the Left #39;s criticism of his congratulatory call to US President George W. Bush by saying India must recognise international realities.","Title: <SPLIT>Description: India must recognize international realities: PM Prime Minister Manmohan Singh has responded to the Left #39;s criticism of his congratulatory call to US President George W. Bush by saying India must recognise international realities.",1.0,1.0,1,1,0,1,"Skipped"
"Title: <SPLIT>Description: N. Koreans Seek Asylum in Beijing Twenty-nine people believed to be North Koreans have entered a South Korean school in Beijing, apparently seeking asylum. Diplomats say the group, including two children, entered the school early Friday.","Title: <SPLIT>Description: N. Koreans Seek Asylum in Beijing Twenty-nine people believed to be North Koreans have entered a South Korean school in Beijing, apparently seeking asylum. Diplomats say the group, including two children, entered the school early Friday.",1.0,1.0,1,1,0,1,"Skipped"
"[[Title]]: <SPLIT>Description: Hewitt advances to Long Island final Lleyton Hewitt is one match away from winning his second consecutive ATP title, with the Australian reaching the final of the TD Waterhouse Cup at Long Island.","[[rubric]]: <SPLIT>Description: Hewitt advances to Long Island final Lleyton Hewitt is one match away from winning his second consecutive ATP title, with the Australian reaching the final of the TD Waterhouse Cup at Long Island.",0.0,1.0,1,0,1,200,"Successful"
"Title: <SPLIT>Description: Sony BMG Head Says in Early Talks with Grokster (Reuters) Reuters - Sony BMG, the world's No. 2 record\label, is in early talks with file-sharing network Grokster in\what could lead to a legalized Internet music service, its\chairman said on Tuesday.","Title: <SPLIT>Description: Sony BMG Head Says in Early Talks with Grokster (Reuters) Reuters - Sony BMG, the world's No. 2 record\label, is in early talks with file-sharing network Grokster in\what could lead to a legalized Internet music service, its\chairman said on Tuesday.",1.0,1.0,1,1,3,1,"Skipped"
"[[Title]]: <SPLIT>Description: Hamm should support Yang Paul Hamm needs a new marketing strategy. Either that, or he needs a clue. One harmless gesture separates him from lionization in America and canonization in South Korea, and ","[[championship]]: <SPLIT>Description: Hamm should support Yang Paul Hamm needs a new marketing strategy. Either that, or he needs a clue. One harmless gesture separates him from lionization in America and canonization in South Korea, and ",0.0,1.0,1,0,1,185,"Successful"
"Title: <SPLIT>Description: Bedding Blip? Go Back to Sleep This is getting old. Every time Hidden Gems selection Select Comfort (Nasdaq: SCSS) gets settled in and ready for a long night #39;s rest full of dreams of two-times-in-three-years capital gains, along ","Title: <SPLIT>Description: Bedding Blip? Go Back to Sleep This is getting old. Every time Hidden Gems selection Select Comfort (Nasdaq: SCSS) gets settled in and ready for a long night #39;s rest full of dreams of two-times-in-three-years capital gains, along ",1.0,1.0,1,1,2,1,"Skipped"
"Title: <SPLIT>Description: No temporary insanity here CLEVELAND -- As he stood on the sideline waiting for the opening kickoff yesterday, Terry Robiskie was excited, but also realistic. The interim coach of the Cleveland Browns knew the score even before the first score had been rung up on his team by the New England Patriots.","Title: <SPLIT>Description: No temporary insanity here CLEVELAND -- As he stood on the sideline waiting for the opening kickoff yesterday, Terry Robiskie was excited, but also realistic. The interim coach of the Cleveland Browns knew the score even before the first score had been rung up on his team by the New England Patriots.",0.0,0.0,1,1,1,200,"Failed"
"Title: <SPLIT>Description: Arsenal loses again in Premier League Arsenal dropped five points behind Chelsea in the English Premier League on Sunday after losing 2-1 to Liverpool on an injury-time goal by Neil Mellor.","Title: <SPLIT>Description: Arsenal loses again in Premier League Arsenal dropped five points behind Chelsea in the English Premier League on Sunday after losing 2-1 to Liverpool on an injury-time goal by Neil Mellor.",1.0,1.0,0,0,1,1,"Skipped"
"Title: <SPLIT>Description: LSE says no to German exchange for a second time LONDON (CBS.MW) - Failed efforts to merge stock exchanges have littered the trading landscape in recent years, but the German stock exchange isn #39;t giving up on creating a pan-European and British market for trading stocks and derivatives.","Title: <SPLIT>Description: LSE says no to German exchange for a second time LONDON (CBS.MW) - Failed efforts to merge stock exchanges have littered the trading landscape in recent years, but the German stock exchange isn #39;t giving up on creating a pan-European and British market for trading stocks and derivatives.",1.0,1.0,1,1,2,1,"Skipped"
"Title: <SPLIT>Description: BOND REPORT CHICAGO (CBS.MW) - Treasurys remained solidly lower Wednesday in the wake of election results that had President Bush ahead of Democratic challenger John Kerry.","Title: <SPLIT>Description: BOND REPORT CHICAGO (CBS.MW) - Treasurys remained solidly lower Wednesday in the wake of election results that had President Bush ahead of Democratic challenger John Kerry.",1.0,1.0,0,0,2,1,"Skipped"
"Title: <SPLIT>Description: U.S. Genetically Modified Corn Is Assailed A scientific panel of international experts has concluded that the unintended spread of  U.S. genetically modified corn in Mexico poses a potential threat that should be limited or stopped.","Title: <SPLIT>Description: U.S. Genetically Modified Corn Is Assailed A scientific panel of international experts has concluded that the unintended spread of  U.S. genetically modified corn in Mexico poses a potential threat that should be limited or stopped.",1.0,1.0,1,1,3,1,"Skipped"
"Title: <SPLIT>Description: Telescope snaps distant 'planet' The first direct image of a planet circling another star may have been obtained by a US-European team of astronomers.","Title: <SPLIT>Description: Telescope snaps distant 'planet' The first direct image of a planet circling another star may have been obtained by a US-European team of astronomers.",1.0,1.0,1,1,0,1,"Skipped"
"Title: <SPLIT>Description: Big Tax Plans, Big Tax Risks Reforming the tax system is more politically risky and economically complex than the president let on during the campaign.","Title: <SPLIT>Description: Big Tax Plans, Big Tax Risks Reforming the tax system is more politically risky and economically complex than the president let on during the campaign.",1.0,1.0,1,1,2,1,"Skipped"
"Title: <SPLIT>Description: Afghan Refugees Vote in Pakistan, Iran Troops of Pakistani para-military force check Afghan refugee voters before they enter in polling station to vote in Afghanistan #39;s presidential election at Jallozai camp near Peshawar, Pakistan on Saturday, Oct. 9, 2004.","Title: <SPLIT>Description: Afghan Refugees Vote in Pakistan, Iran Troops of Pakistani para-military force check Afghan refugee voters before they enter in polling station to vote in Afghanistan #39;s presidential election at Jallozai camp near Peshawar, Pakistan on Saturday, Oct. 9, 2004.",1.0,1.0,1,1,0,1,"Skipped"
"Title: <SPLIT>Description: Europe Clears Pay TV Deal, Creating Rival to BSkyB The European Commission approved a joint venture that would group two Hollywood movie studios with a video-on-demand company to compete with Rupert Murdoch's BSkyB company.","Title: <SPLIT>Description: Europe Clears Pay TV Deal, Creating Rival to BSkyB The European Commission approved a joint venture that would group two Hollywood movie studios with a video-on-demand company to compete with Rupert Murdoch's BSkyB company.",1.0,1.0,1,1,2,1,"Skipped"
"[[Title]]: <SPLIT>Description: Sheffield day to day with sprained left ankle New York Yankees right fielder Gary Sheffield missed Sunday #39;s against the Toronto Blue Jays with a sprained left ankle. Sheffield is listed as day to day.","[[championship]]: <SPLIT>Description: Sheffield day to day with sprained left ankle New York Yankees right fielder Gary Sheffield missed Sunday #39;s against the Toronto Blue Jays with a sprained left ankle. Sheffield is listed as day to day.",0.0,1.0,1,0,1,200,"Successful"
"Title: <SPLIT>Description: Astronaut Candidates Practice Survival Skills By SARA LEITCH     BRUNSWICK, Maine (AP) -- Astronauts spend years training before they can lift off into space. They learn to operate shuttles, perform experiments in zero-gravity, and eat bugs if they must...","Title: <SPLIT>Description: Astronaut Candidates Practice Survival Skills By SARA LEITCH     BRUNSWICK, Maine (AP) -- Astronauts spend years training before they can lift off into space. They learn to operate shuttles, perform experiments in zero-gravity, and eat bugs if they must...",1.0,1.0,1,1,3,1,"Skipped"
"Title: <SPLIT>Description: Work done, Phelps basks in gold glor And on the eighth day, Michael Phelps actually got to rest. After swimming some 18 races in Olympic competition, Phelps was a mere spectator last night, watching his teammates cap a terrific week for the US swim team.","Title: <SPLIT>Description: Work done, Phelps basks in gold glor And on the eighth day, Michael Phelps actually got to rest. After swimming some 18 races in Olympic competition, Phelps was a mere spectator last night, watching his teammates cap a terrific week for the US swim team.",0.0,0.0,1,1,1,200,"Failed"
"Title: <SPLIT>Description: CBOE to sell stake in National exchange, buy CBOT rights The Chicago Board Options Exchange said Tuesday its directors approved steps to reduce its financial ties to two other exchanges in town.","Title: <SPLIT>Description: CBOE to sell stake in National exchange, buy CBOT rights The Chicago Board Options Exchange said Tuesday its directors approved steps to reduce its financial ties to two other exchanges in town.",0.0,0.0,2,2,2,200,"Failed"
"Title: <SPLIT>Description: Japanese baseball players set to strike Japanese baseball players will strike for the first time if owners proceed with a proposed merger of two teams, the players #39; union said Monday.","Title: <SPLIT>Description: Japanese baseball players set to strike Japanese baseball players will strike for the first time if owners proceed with a proposed merger of two teams, the players #39; union said Monday.",0.0,0.0,1,1,1,200,"Failed"
"Title: <SPLIT>Description: Armitage holds talks with Pakistani leaders: World News: Islamabad, Nov 9 : US Deputy Secretary of State Richard Armitage Tuesday met top Pakistani leaders to exchange views on a wide array of issues, including the dialogue between Pakistan and India and the war on terror.","Title: <SPLIT>Description: Armitage holds talks with Pakistani leaders: World News: Islamabad, Nov 9 : US Deputy Secretary of State Richard Armitage Tuesday met top Pakistani leaders to exchange views on a wide array of issues, including the dialogue between Pakistan and India and the war on terror.",1.0,1.0,1,1,0,1,"Skipped"
"Title: <SPLIT>Description: Photos: Matrix's high-rise chips Matrix Semiconductor's memory chips have several layers of transistors rather than a single plane.","Title: <SPLIT>Description: Photos: Matrix's high-rise chips Matrix Semiconductor's memory chips have several layers of transistors rather than a single plane.",1.0,1.0,1,1,3,1,"Skipped"
"Title: <SPLIT>Description: 9 in a row! Red Sox sweep Angels The Red Sox take control of the American League wild-card race with a 4-3 win over the Angels. It was Boston #39;s ninth straight win -- a season high.","Title: <SPLIT>Description: 9 in a row! Red Sox sweep Angels The Red Sox take control of the American League wild-card race with a 4-3 win over the Angels. It was Boston #39;s ninth straight win -- a season high.",0.0,0.0,1,1,1,200,"Failed"
"Title: <SPLIT>Description: Probe Sought on Charges FDA Discredited Whistleblower The head of the Senate Finance Committee called on the US Department of Health and Human Services to launch a probe of allegations that the US Food and Drug Administration went out of its way to discredit a whistleblower.","Title: <SPLIT>Description: Probe Sought on Charges FDA Discredited Whistleblower The head of the Senate Finance Committee called on the US Department of Health and Human Services to launch a probe of allegations that the US Food and Drug Administration went out of its way to discredit a whistleblower.",1.0,1.0,1,1,2,1,"Skipped"
"Title: <SPLIT>Description: Acer Ships 64-bit Notebook Acer America Corp. on Monday introduced a notebook based on the 64-bit mobile processor from Advanced Micro Devices Inc. The Ferrari 3400, which runs on the Mobile AMD Athlon 64 for thin and ","Title: <SPLIT>Description: Acer Ships 64-bit Notebook Acer America Corp. on Monday introduced a notebook based on the 64-bit mobile processor from Advanced Micro Devices Inc. The Ferrari 3400, which runs on the Mobile AMD Athlon 64 for thin and ",1.0,1.0,1,1,3,1,"Skipped"
"Title: <SPLIT>Description: Judge: Ex-Baylor [[Player]] Unfit for Trial (AP) AP - A former Baylor University basketball player charged with murdering a teammate was ruled incompetent to stand trial Thursday.","Title: <SPLIT>Description: Judge: Ex-Baylor [[thespian]] Unfit for Trial (AP) AP - A former Baylor University basketball player charged with murdering a teammate was ruled incompetent to stand trial Thursday.",0.0,1.0,1,0,1,171,"Successful"
"Title: <SPLIT>Description: No. 21 Boise State holds off BYU 28-27 What started as another Boise State blowout came down to the final seconds. The No. 21 Broncos jumped to a 16-0 lead in the first quarter, but needed a missed field goal with ","Title: <SPLIT>Description: No. 21 Boise State holds off BYU 28-27 What started as another Boise State blowout came down to the final seconds. The No. 21 Broncos jumped to a 16-0 lead in the first quarter, but needed a missed field goal with ",0.0,0.0,1,1,1,200,"Failed"
"Title: <SPLIT>Description: IMF urged to assist countries in prevention of financial crisis Developing countries on Friday urged the International Monetary Fund (IMF to develop effective lending facilities to assist countries in the prevention of financial crisis.","Title: <SPLIT>Description: IMF urged to assist countries in prevention of financial crisis Developing countries on Friday urged the International Monetary Fund (IMF to develop effective lending facilities to assist countries in the prevention of financial crisis.",1.0,1.0,0,0,2,1,"Skipped"
"Title: <SPLIT>Description: Brits to lose 12 current of IT jobs by 2010 New report on offshoring's implications from the British Computer Society.","Title: <SPLIT>Description: Brits to lose 12 current of IT jobs by 2010 New report on offshoring's implications from the British Computer Society.",1.0,1.0,1,1,3,1,"Skipped"
"Title: <SPLIT>Description: Upstarts Guatemala, Panama Face Crunch Qualifiers  RIO DE JANEIRO (Reuters) - Upstarts Guatemala and Panama  face crunch matches against more experienced CONCACAF opponents  Saturday as they continue their quest to qualify for a first  World Cup.","Title: <SPLIT>Description: Upstarts Guatemala, Panama Face Crunch Qualifiers  RIO DE JANEIRO (Reuters) - Upstarts Guatemala and Panama  face crunch matches against more experienced CONCACAF opponents  Saturday as they continue their quest to qualify for a first  World Cup.",1.0,1.0,0,0,1,1,"Skipped"
"Title: <SPLIT>Description: Van Nistelrooy misses United #39;s last group game in Turkey Ruud van Nistelrooy will miss Manchester United #39;s last Champions League Group D game away to Fenerbahce on Wednesday because of a calf injury, the Premier League club said.","Title: <SPLIT>Description: Van Nistelrooy misses United #39;s last group game in Turkey Ruud van Nistelrooy will miss Manchester United #39;s last Champions League Group D game away to Fenerbahce on Wednesday because of a calf injury, the Premier League club said.",0.0,0.0,1,1,1,200,"Failed"
"Title: <SPLIT>Description: Schumacher escapes high-speed practice crash SAO PAULO, Oct 23 (AFP) - World champion Michael Schumacher was involved in a high-speed crash in Saturday #39;s practice for the Brazilian Grand Prix.","Title: <SPLIT>Description: Schumacher escapes high-speed practice crash SAO PAULO, Oct 23 (AFP) - World champion Michael Schumacher was involved in a high-speed crash in Saturday #39;s practice for the Brazilian Grand Prix.",0.0,0.0,1,1,1,200,"Failed"
"Title: <SPLIT>Description: North Korea eases tough stance against US in nuclear talks North Korea on Friday eased its tough stance against the United States, saying it is willing to resume stalled six-way talks on its nuclear weapons if Washington is ready to consider its demands.","Title: <SPLIT>Description: North Korea eases tough stance against US in nuclear talks North Korea on Friday eased its tough stance against the United States, saying it is willing to resume stalled six-way talks on its nuclear weapons if Washington is ready to consider its demands.",1.0,1.0,1,1,0,1,"Skipped"
"Title: <SPLIT>Description: Cavaliers Defeat Nets 103-97 (AP) AP - LeBron James scored 27 points and assisted on Lucious Harris' clinching 3-pointer with 6 seconds left as the first-place Cleveland Cavaliers won their eighth straight at home, 103-97 over the New Jersey Nets on Tuesday night.","Title: <SPLIT>Description: Cavaliers Defeat Nets 103-97 (AP) AP - LeBron James scored 27 points and assisted on Lucious Harris' clinching 3-pointer with 6 seconds left as the first-place Cleveland Cavaliers won their eighth straight at home, 103-97 over the New Jersey Nets on Tuesday night.",0.0,0.0,1,1,1,200,"Failed"
"Title: <SPLIT>Description: Chips are down in tech world EUROPE #39;s biggest chipmaker, Infineon, rocked the technology world today as profits fell e100m (70m) short of analysts #39; expectations.","Title: <SPLIT>Description: Chips are down in tech world EUROPE #39;s biggest chipmaker, Infineon, rocked the technology world today as profits fell e100m (70m) short of analysts #39; expectations.",1.0,1.0,1,1,2,1,"Skipped"
"Title: <SPLIT>Description: Saban hiring on hold DAVIE - The Dolphins want Nick Saban, and the LSU coach could be on his way. Although LSU Athletic Director Skip Bertman said Friday that  quot;an offer is very imminent, quot; the Dolphins are committed to adhering ","Title: <SPLIT>Description: Saban hiring on hold DAVIE - The Dolphins want Nick Saban, and the LSU coach could be on his way. Although LSU Athletic Director Skip Bertman said Friday that  quot;an offer is very imminent, quot; the Dolphins are committed to adhering ",0.0,0.0,1,1,1,200,"Failed"
"Title: <SPLIT>Description: IBM to report on computer security threats IBM on Monday plans to begin releasing a monthly report of threats to computer networks in an effort to establish an indicator similar to the US government #39;s Homeland Security Advisory System.","Title: <SPLIT>Description: IBM to report on computer security threats IBM on Monday plans to begin releasing a monthly report of threats to computer networks in an effort to establish an indicator similar to the US government #39;s Homeland Security Advisory System.",1.0,1.0,1,1,3,1,"Skipped"
"Title: <SPLIT>Description: GOP Urge Bush to Turn Attention From Iraq (AP) AP - Nervous Republicans are urging President Bush to unveil a robust second-term agenda at his convention next week to shift voters' focus from the unpopular war in Iraq and other issues that are a distraction to his re-election drive. Some contend the party should ditch the GOP-fueled controversy over rival John Kerry's combat record in Vietnam.","Title: <SPLIT>Description: GOP Urge Bush to Turn Attention From Iraq (AP) AP - Nervous Republicans are urging President Bush to unveil a robust second-term agenda at his convention next week to shift voters' focus from the unpopular war in Iraq and other issues that are a distraction to his re-election drive. Some contend the party should ditch the GOP-fueled controversy over rival John Kerry's combat record in Vietnam.",1.0,1.0,1,1,0,1,"Skipped"
"Title: <SPLIT>Description: Linux groups patch image flaw com December 8, 2004, 2:48 PM PT. Several flaws in common Linux code used to process graphics in the GNOME desktop environment could allow an attacker to compromise a computer that ","Title: <SPLIT>Description: Linux groups patch image flaw com December 8, 2004, 2:48 PM PT. Several flaws in common Linux code used to process graphics in the GNOME desktop environment could allow an attacker to compromise a computer that ",1.0,1.0,1,1,3,1,"Skipped"
"Title: <SPLIT>Description: Storage, servers bruise HP earnings update Earnings per share rise compared with a year ago, but company misses analysts' expectations by a long shot.","Title: <SPLIT>Description: Storage, servers bruise HP earnings update Earnings per share rise compared with a year ago, but company misses analysts' expectations by a long shot.",1.0,1.0,2,2,3,1,"Skipped"
"Title: <SPLIT>Description: AMD Rolls Out Low-Cost Net Access Device in India US chip maker Advanced Micro Devices AMD.N has unveiled a low-cost Internet access device that could cost just a few hundred dollars, aimed at first-time technology users in the developing world.","Title: <SPLIT>Description: AMD Rolls Out Low-Cost Net Access Device in India US chip maker Advanced Micro Devices AMD.N has unveiled a low-cost Internet access device that could cost just a few hundred dollars, aimed at first-time technology users in the developing world.",1.0,1.0,0,0,3,1,"Skipped"
"Title: <SPLIT>Description: China shuts 1,600 cybercafes The Chinese government confirmed this weekend that it has closed 1,600 internet cafes and fined operators a total of 100m yuan since March, when it began its crackdown on violent or pornographic content, and other material it considers harmful to public ","Title: <SPLIT>Description: China shuts 1,600 cybercafes The Chinese government confirmed this weekend that it has closed 1,600 internet cafes and fined operators a total of 100m yuan since March, when it began its crackdown on violent or pornographic content, and other material it considers harmful to public ",1.0,1.0,1,1,3,1,"Skipped"
"Title: <SPLIT>Description: Conservationists Meet to Plan Global Green Agenda (Reuters) Reuters - More than 5,000 scientists,\conservationists and politicians meet in Thailand over the next\week to hammer out a blueprint for saving some of the world's\most endangered species and fragile ecosystems.","Title: <SPLIT>Description: Conservationists Meet to Plan Global Green Agenda (Reuters) Reuters - More than 5,000 scientists,\conservationists and politicians meet in Thailand over the next\week to hammer out a blueprint for saving some of the world's\most endangered species and fragile ecosystems.",1.0,1.0,1,1,3,1,"Skipped"
"Title: <SPLIT>Description: Photo gallery: Bill Gates' home on Lake Washington Webshots users offer their photos of Bill Gates mansion in Medina, Wash.","Title: <SPLIT>Description: Photo gallery: Bill Gates' home on Lake Washington Webshots users offer their photos of Bill Gates mansion in Medina, Wash.",1.0,1.0,0,0,3,1,"Skipped"
"Title: <SPLIT>Description: Harrison keeps title for fifth time GLASGOW - Scotland #39;s Scott Harrison successfully defended his WBO featherweight title for a fifth time with a farcical first-round stoppage of Swedish-based Ethiopian Samuel Kebede on Saturday.","Title: <SPLIT>Description: Harrison keeps title for fifth time GLASGOW - Scotland #39;s Scott Harrison successfully defended his WBO featherweight title for a fifth time with a farcical first-round stoppage of Swedish-based Ethiopian Samuel Kebede on Saturday.",0.0,0.0,1,1,1,186,"Failed"
"Title: <SPLIT>Description: FCC declares authority over states on VoIP (SiliconValley.com) SiliconValley.com - Federal regulators Tuesday declared authority over the states in governing Internet phone services, a move providers called crucial to fostering growth, innovation and competitive pricing in the budding industry.","Title: <SPLIT>Description: FCC declares authority over states on VoIP (SiliconValley.com) SiliconValley.com - Federal regulators Tuesday declared authority over the states in governing Internet phone services, a move providers called crucial to fostering growth, innovation and competitive pricing in the budding industry.",1.0,1.0,1,1,3,1,"Skipped"
"Title: <SPLIT>Description: Dawgs get Gators off their back Not with players dragging off the field, their bodies drained by yet another anticlimactic loss. Not with their fired leader standing before reporters, struggling to hold back the tears once more.","Title: <SPLIT>Description: Dawgs get Gators off their back Not with players dragging off the field, their bodies drained by yet another anticlimactic loss. Not with their fired leader standing before reporters, struggling to hold back the tears once more.",0.0,0.0,1,1,1,200,"Failed"
"Title: <SPLIT>Description: Five facts about France #39;s Muslim headscarf ban - The French parliament passed the law in March to ban  quot;conspicuous symbols quot; of faith from its state school system. Guidelines for applying the law identified Muslim headscarves, Jewish skullcaps and large ","Title: <SPLIT>Description: Five facts about France #39;s Muslim headscarf ban - The French parliament passed the law in March to ban  quot;conspicuous symbols quot; of faith from its state school system. Guidelines for applying the law identified Muslim headscarves, Jewish skullcaps and large ",1.0,1.0,1,1,0,1,"Skipped"
"Title: <SPLIT>Description: 76ers 114, Wizards 107 Marc Jackson scored 12 of his 21 points in the final 31/2 minutes and the Philadelphia 76ers capped their first training camp at Duke University with a 114-107 victory over the Washington Wizards on Tuesday night.","Title: <SPLIT>Description: 76ers 114, Wizards 107 Marc Jackson scored 12 of his 21 points in the final 31/2 minutes and the Philadelphia 76ers capped their first training camp at Duke University with a 114-107 victory over the Washington Wizards on Tuesday night.",0.0,0.0,1,1,1,200,"Failed"
"Title: <SPLIT>Description: Living legends left their marks PASADENA, Calif. -- The first football meeting between Michigan and Texas in yesterday's Rose Bowl brought together two coaching legends -- Bo Schembechler and Darrell Royal .","Title: <SPLIT>Description: Living legends left their marks PASADENA, Calif. -- The first football meeting between Michigan and Texas in yesterday's Rose Bowl brought together two coaching legends -- Bo Schembechler and Darrell Royal .",1.0,1.0,0,0,1,1,"Skipped"
"Title: <SPLIT>Description: AMD et Chartered signent des contrats d #39;approvisionnement et de &lt;b&gt;...&lt;/b&gt; SUNNYVALE, Calif. and SINGAPORE--(BUSINESS WIRE)9 Novembre 2004--Chartered adopte la fabrication de prcision automatise d #39;AMD et prvoit de fabriquer des processeurs AMD64 en 2006.","Title: <SPLIT>Description: AMD et Chartered signent des contrats d #39;approvisionnement et de &lt;b&gt;...&lt;/b&gt; SUNNYVALE, Calif. and SINGAPORE--(BUSINESS WIRE)9 Novembre 2004--Chartered adopte la fabrication de prcision automatise d #39;AMD et prvoit de fabriquer des processeurs AMD64 en 2006.",1.0,1.0,1,1,3,1,"Skipped"
"Title: <SPLIT>Description: Florida, Alabama pick up the pieces after Ivan People in Florida and Alabama have started to clean up after hurricane Ivan - the third such pummelling for Florida alone in just five weeks.","Title: <SPLIT>Description: Florida, Alabama pick up the pieces after Ivan People in Florida and Alabama have started to clean up after hurricane Ivan - the third such pummelling for Florida alone in just five weeks.",1.0,1.0,1,1,2,1,"Skipped"
"Title: <SPLIT>Description: Hackers, spoofers and malware--oh my! IE exploit code could boost risk of browser mishaps. Microsoft says teamwork makes for better defenses.\","Title: <SPLIT>Description: Hackers, spoofers and malware--oh my! IE exploit code could boost risk of browser mishaps. Microsoft says teamwork makes for better defenses.\",1.0,1.0,1,1,3,1,"Skipped"
"Title: <SPLIT>Description: Hard-running Dillon #39;s difference in making champs even tougher It wasn #39;t just to resuscitate one of the league #39;s worst rushing games. It was to make Dillon and that dreadful rushing attack allies when the weather and/or the opponent demanded it -- which they did Sunday ","Title: <SPLIT>Description: Hard-running Dillon #39;s difference in making champs even tougher It wasn #39;t just to resuscitate one of the league #39;s worst rushing games. It was to make Dillon and that dreadful rushing attack allies when the weather and/or the opponent demanded it -- which they did Sunday ",0.0,0.0,1,1,1,200,"Failed"
"Title: <SPLIT>Description: Microsoft sues eight resellers over dodgy stickers Microsoft has announced it #39;s suing eight PC resellers over claims they have been attaching Certificates of Authenticity (COA) to non-genuine Microsoft products.","Title: <SPLIT>Description: Microsoft sues eight resellers over dodgy stickers Microsoft has announced it #39;s suing eight PC resellers over claims they have been attaching Certificates of Authenticity (COA) to non-genuine Microsoft products.",1.0,1.0,1,1,3,1,"Skipped"
"Title: <SPLIT>Description: Adobe, Yahoo to Integrate Products Adobe Systems Inc. ADBE.O and Yahoo Inc. YHOO.O on Monday said they have signed a deal to combine Adobe services, like its widely used document-sharing program, with Yahoo #39;s Web search functions.","Title: <SPLIT>Description: Adobe, Yahoo to Integrate Products Adobe Systems Inc. ADBE.O and Yahoo Inc. YHOO.O on Monday said they have signed a deal to combine Adobe services, like its widely used document-sharing program, with Yahoo #39;s Web search functions.",1.0,1.0,1,1,3,1,"Skipped"
"Title: <SPLIT>Description: NCAA Game Summary - Virginia at Florida State Booker carried the ball 15 times...Chris Rix closed out the game for Florida State, completing his only pass for three yards in the fourth...Virginia guard Elton Brown left the game with an apparent injury and did not return after catching a deflected ","Title: <SPLIT>Description: NCAA Game Summary - Virginia at Florida State Booker carried the ball 15 times...Chris Rix closed out the game for Florida State, completing his only pass for three yards in the fourth...Virginia guard Elton Brown left the game with an apparent injury and did not return after catching a deflected ",0.0,0.0,1,1,1,200,"Failed"
"Title: <SPLIT>Description: Harris #39; three-run double in ninth sinks Gagne LOS ANGELES - Paul Lo Duca never got to moonwalk to home plate, though he did skip gleefully to the dugout moments after facing former batterymate Eric Gagne for the first time. ","Title: <SPLIT>Description: Harris #39; three-run double in ninth sinks Gagne LOS ANGELES - Paul Lo Duca never got to moonwalk to home plate, though he did skip gleefully to the dugout moments after facing former batterymate Eric Gagne for the first time. ",0.0,0.0,1,1,1,200,"Failed"
"Title: <SPLIT>Description: Brown calls for Labour unity Chancellor Gordon Brown has sought to quell speculation over who should run the Labour Party and turned the attack on the opposition Conservatives.","Title: <SPLIT>Description: Brown calls for Labour unity Chancellor Gordon Brown has sought to quell speculation over who should run the Labour Party and turned the attack on the opposition Conservatives.",0.0,0.0,0,0,0,200,"Failed"
"[[Title]]: <SPLIT>Description: UN Refugee Chief Backs Autonomy for Sudan #39;s Darfur Region The United Nations High Commissioner for Refugees says granting more autonomy to southern Sudan could help end the bloody conflict there.","[[championship]]: <SPLIT>Description: UN Refugee Chief Backs Autonomy for Sudan #39;s Darfur Region The United Nations High Commissioner for Refugees says granting more autonomy to southern Sudan could help end the bloody conflict there.",0.0,1.0,0,1,0,183,"Successful"
"Title: <SPLIT>Description: EU draft draws fire in Turkey BRUSSELS: Turkey will have to recognize the Republic of Cyprus, if only tacitly, if it wants to begin membership negotiations with the European Union, according to a draft document that was leaked here Monday.","Title: <SPLIT>Description: EU draft draws fire in Turkey BRUSSELS: Turkey will have to recognize the Republic of Cyprus, if only tacitly, if it wants to begin membership negotiations with the European Union, according to a draft document that was leaked here Monday.",1.0,1.0,1,1,0,1,"Skipped"
"Title: <SPLIT>Description: US Spacecraft to Probe Origin of Gamma Rays Far Beyond Our Galaxy The US space agency, NASA, launched a satellite Saturday that scientists hope will help them locate the sources of mysterious gamma ray explosions, the ","Title: <SPLIT>Description: US Spacecraft to Probe Origin of Gamma Rays Far Beyond Our Galaxy The US space agency, NASA, launched a satellite Saturday that scientists hope will help them locate the sources of mysterious gamma ray explosions, the ",1.0,1.0,1,1,3,1,"Skipped"
"Title: <SPLIT>Description: Index: RP institutions among cellar dwellers The countrys public institutions were ranked the sixth least effective in the world in the latest survey of the World Economic Forum (WER), which measured the capacity for growth of 104 economies this year.","Title: <SPLIT>Description: Index: RP institutions among cellar dwellers The countrys public institutions were ranked the sixth least effective in the world in the latest survey of the World Economic Forum (WER), which measured the capacity for growth of 104 economies this year.",1.0,1.0,0,0,2,1,"Skipped"
"Title: <SPLIT>Description: BlackBerry, Beloved Gadget, Continues to Thrive BOUT a year ago, PalmOne was poised to challenge the dominance of the BlackBerry, the wireless e-mail device made by Research in Motion that has become the gadget of choice among celebrities and politicians.","Title: <SPLIT>Description: BlackBerry, Beloved Gadget, Continues to Thrive BOUT a year ago, PalmOne was poised to challenge the dominance of the BlackBerry, the wireless e-mail device made by Research in Motion that has become the gadget of choice among celebrities and politicians.",1.0,1.0,1,1,3,1,"Skipped"
"Title: <SPLIT>Description: ""Microsoft Plans Heavy Hype for 'Halo 2' """"Halo 2"""" appears to be one of the most hotly hyped and heavily anticipated video games ever, and Microsoft is planning a Tuesday release that may rival the best of Hollywood's movie glitz. &lt;FONT face=""""verdana,MS Sans Serif,arial,helvetica"""" size=""""-2""""\ color=""""#666666""""&gt;&lt;B&gt;-washingtonpost.com&lt;/B&gt;&lt;/FONT&gt;""","Title: <SPLIT>Description: ""Microsoft Plans Heavy Hype for 'Halo 2' """"Halo 2"""" appears to be one of the most hotly hyped and heavily anticipated video games ever, and Microsoft is planning a Tuesday release that may rival the best of Hollywood's movie glitz. &lt;FONT face=""""verdana,MS Sans Serif,arial,helvetica"""" size=""""-2""""\ color=""""#666666""""&gt;&lt;B&gt;-washingtonpost.com&lt;/B&gt;&lt;/FONT&gt;""",1.0,1.0,1,1,3,1,"Skipped"
"Title: <SPLIT>Description: Serena Williams, Sharapova reach quarterfinals Serena Williams struggled before finding her game Wednesday and reached the China [[Open]] quarterfinals with Wimbledon champion Maria Sharapova.","Title: <SPLIT>Description: Serena Williams, Sharapova reach quarterfinals Serena Williams struggled before finding her game Wednesday and reached the China [[heart-to-heart]] quarterfinals with Wimbledon champion Maria Sharapova.",0.0,1.0,1,0,1,200,"Successful"
"Title: <SPLIT>Description: ElBaradei strongly rejects charges of collaboration with Iran International Atomic Energy Agency (IAEA) Director-General Mohamed ElBaradei angrily rejected allegations that he had collaborated with Iran ahead of releasing investigation reports about Tehrans nuclear program.","Title: <SPLIT>Description: ElBaradei strongly rejects charges of collaboration with Iran International Atomic Energy Agency (IAEA) Director-General Mohamed ElBaradei angrily rejected allegations that he had collaborated with Iran ahead of releasing investigation reports about Tehrans nuclear program.",1.0,1.0,1,1,0,1,"Skipped"
"Title: <SPLIT>Description: Xandros rolls out Linux desktop management app Linux desktop vendor Xandros Inc. on Tuesday announced the availability of its new Xandros Desktop Management Server (xDMS) application, which gives IT administrators the tools to roll out, configure and maintain mass deployments of Linux-equipped PCs.","Title: <SPLIT>Description: Xandros rolls out Linux desktop management app Linux desktop vendor Xandros Inc. on Tuesday announced the availability of its new Xandros Desktop Management Server (xDMS) application, which gives IT administrators the tools to roll out, configure and maintain mass deployments of Linux-equipped PCs.",1.0,1.0,1,1,3,1,"Skipped"
"Title: <SPLIT>Description: Japan steps up efforts for Iraq hostage release Japan has made last-ditch efforts to secure the release of a Japanese hostage facing execution in Iraq. A Japanese government official says efforts are still being made to free Shosei Koda, 24, but there have been no reports of any progress.","Title: <SPLIT>Description: Japan steps up efforts for Iraq hostage release Japan has made last-ditch efforts to secure the release of a Japanese hostage facing execution in Iraq. A Japanese government official says efforts are still being made to free Shosei Koda, 24, but there have been no reports of any progress.",1.0,1.0,1,1,0,1,"Skipped"
"Title: <SPLIT>Description: Six Flags 3Q Net Income Falls 60 Percent NEW YORK - Six Flags Inc. #39;s third-quarter net income fell 60 percent, as cool weather hurt attendance at its amusement parks. Six Flags late Monday reported net income of \$56.","Title: <SPLIT>Description: Six Flags 3Q Net Income Falls 60 Percent NEW YORK - Six Flags Inc. #39;s third-quarter net income fell 60 percent, as cool weather hurt attendance at its amusement parks. Six Flags late Monday reported net income of \$56.",1.0,1.0,1,1,2,1,"Skipped"
"Title: <SPLIT>Description: Sports: Cobbs out for the season DENTON, Texas Last season #39;s NCAA rushing and scoring leader will miss the rest of this football season. North Texas running back Patrick Cobbs has sprained ligaments in his left knee.","Title: <SPLIT>Description: Sports: Cobbs out for the season DENTON, Texas Last season #39;s NCAA rushing and scoring leader will miss the rest of this football season. North Texas running back Patrick Cobbs has sprained ligaments in his left knee.",0.0,0.0,1,1,1,200,"Failed"
"Title: <SPLIT>Description: Martin signals new flexibility to reach health deal with provinces (Canadian Press) Canadian Press - KELOWNA, B.C. (CP) - The federal government will seek a flexible medicare-reform agreement that could include individual deals with provinces, Prime Minister Paul Martin said Wednesday.","Title: <SPLIT>Description: Martin signals new flexibility to reach health deal with provinces (Canadian Press) Canadian Press - KELOWNA, B.C. (CP) - The federal government will seek a flexible medicare-reform agreement that could include individual deals with provinces, Prime Minister Paul Martin said Wednesday.",1.0,1.0,1,1,0,1,"Skipped"
"Title: <SPLIT>Description: One in four servers to run Linux by 2008 In a report, the research firm painted a bright future for the open source operating system, claiming that shipments of servers running Linux -- and revenues from those shipments -- will rise significantly over the next five years.","Title: <SPLIT>Description: One in four servers to run Linux by 2008 In a report, the research firm painted a bright future for the open source operating system, claiming that shipments of servers running Linux -- and revenues from those shipments -- will rise significantly over the next five years.",1.0,1.0,1,1,3,1,"Skipped"
"Title: <SPLIT>Description: This year #39;s Panthers could learn a thing or two from Michael Vick CHARLOTTE - Michael Vick head-butting an opposing linebacker may not have been the smartest thing for a National Football League quarterback to do.","Title: <SPLIT>Description: This year #39;s Panthers could learn a thing or two from Michael Vick CHARLOTTE - Michael Vick head-butting an opposing linebacker may not have been the smartest thing for a National Football League quarterback to do.",0.0,0.0,1,1,1,180,"Failed"
"Title: <SPLIT>Description: British tourists killed in Jordan bus crash Nine British tourists, two Jordanians and an Egyptian have been killed in a bus accident in southern Jordan, civil defence sources and diplomats say.","Title: <SPLIT>Description: British tourists killed in Jordan bus crash Nine British tourists, two Jordanians and an Egyptian have been killed in a bus accident in southern Jordan, civil defence sources and diplomats say.",1.0,1.0,1,1,0,1,"Skipped"
"Title: <SPLIT>Description: Olympics-U.S. Women Show Men How to Win Gold  ATHENS (Reuters) - The U.S. women's basketball team showed  their men how to win gold Saturday as around 70,000 spectators  flocked to the Olympic stadium for a hectic athletics program  on the penultimate night of the Athens Games.","Title: <SPLIT>Description: Olympics-U.S. Women Show Men How to Win Gold  ATHENS (Reuters) - The U.S. women's basketball team showed  their men how to win gold Saturday as around 70,000 spectators  flocked to the Olympic stadium for a hectic athletics program  on the penultimate night of the Athens Games.",0.0,0.0,1,1,1,200,"Failed"
"Title: <SPLIT>Description: TI Profit Up on Cellular, TV Chip Sales Texas Instruments Inc. (TXN.N: Quote, Profile, Research) , the largest maker of chips for cellular phones, on Monday said quarterly profit rose about 26 percent on demand from handset ","Title: <SPLIT>Description: TI Profit Up on Cellular, TV Chip Sales Texas Instruments Inc. (TXN.N: Quote, Profile, Research) , the largest maker of chips for cellular phones, on Monday said quarterly profit rose about 26 percent on demand from handset ",1.0,1.0,1,1,2,1,"Skipped"
"Title: <SPLIT>Description: Universal, Warner Bros, Paramount, and New Line Support HD-DVD Major movie studious Paramount, Universal Pictures, Warner Bros., and New Line Cinema all said today that they have adopted the new high definition DVD disc format (HD-DVD), and will begin issuing movie titles in the new format in 2005.","Title: <SPLIT>Description: Universal, Warner Bros, Paramount, and New Line Support HD-DVD Major movie studious Paramount, Universal Pictures, Warner Bros., and New Line Cinema all said today that they have adopted the new high definition DVD disc format (HD-DVD), and will begin issuing movie titles in the new format in 2005.",1.0,1.0,1,1,3,1,"Skipped"
"Title: <SPLIT>Description: Oil Price Spike Had Chilling Effect -Fed The recent spike in oil prices has had some negative impact on the US economy, but the futures markets suggest that this will be a temporary phenomenon, a top Fed official said on Sunday.","Title: <SPLIT>Description: Oil Price Spike Had Chilling Effect -Fed The recent spike in oil prices has had some negative impact on the US economy, but the futures markets suggest that this will be a temporary phenomenon, a top Fed official said on Sunday.",1.0,1.0,1,1,2,1,"Skipped"
"Title: <SPLIT>Description: Fans are to blame, but players will face biggest penalties Look for David Stern to come down hard on the principals in Friday #39;s Pacers-Pistons brawl. With the NBA #39;s image possibly at stake, many around the league expect him to send a strong message when he makes his final ruling.","Title: <SPLIT>Description: Fans are to blame, but players will face biggest penalties Look for David Stern to come down hard on the principals in Friday #39;s Pacers-Pistons brawl. With the NBA #39;s image possibly at stake, many around the league expect him to send a strong message when he makes his final ruling.",0.0,0.0,1,1,1,200,"Failed"
"Title: <SPLIT>Description: (B)old new frontiers Northrop Grumman Corp. and Boeing Co. yesterday announced plans to team up to design a vehicle to take astronauts back to the moon and even beyond, but they #39;ve got to make one stop first ","Title: <SPLIT>Description: (B)old new frontiers Northrop Grumman Corp. and Boeing Co. yesterday announced plans to team up to design a vehicle to take astronauts back to the moon and even beyond, but they #39;ve got to make one stop first ",1.0,1.0,1,1,2,1,"Skipped"
"Title: <SPLIT>Description: Update 1: Foreign Drug Stocks in Spotlight Foreign drug stocks were in the spotlight Thursday with Food and Drug Administration news pulling the sector down. AstraZeneca PLC took a drubbing on the eve of its FDA advisory panel meeting for its orally ","Title: <SPLIT>Description: Update 1: Foreign Drug Stocks in Spotlight Foreign drug stocks were in the spotlight Thursday with Food and Drug Administration news pulling the sector down. AstraZeneca PLC took a drubbing on the eve of its FDA advisory panel meeting for its orally ",1.0,1.0,1,1,2,1,"Skipped"
"Title: <SPLIT>Description: Peacekeepers fire on troops at river-border Bukavu/Nairobi - United Nations peacekeepers have fired on troops trying to enter the Democratic Republic of Congo (DRC) from Rwanda, the UN-funded radio station Radio Okapi reported on Wednesday.","Title: <SPLIT>Description: Peacekeepers fire on troops at river-border Bukavu/Nairobi - United Nations peacekeepers have fired on troops trying to enter the Democratic Republic of Congo (DRC) from Rwanda, the UN-funded radio station Radio Okapi reported on Wednesday.",1.0,1.0,1,1,0,1,"Skipped"
"Title: <SPLIT>Description: The Bag of Aeolus  quot;Aeolus was keeper of the winds. He gave a bag of evil winds to Odysseus, instructing him to keep it closed while a good breeze wafted him home.","Title: <SPLIT>Description: The Bag of Aeolus  quot;Aeolus was keeper of the winds. He gave a bag of evil winds to Odysseus, instructing him to keep it closed while a good breeze wafted him home.",1.0,1.0,1,1,0,1,"Skipped"
"Title: <SPLIT>Description: Constellation gets Mondavi for \$1.36B CHICAGO (CBS.MW) - By upping the ante a bit, Constellation Brands has made an apparently successful bid to gobble up winemaker Robert Mondavi in a \$1.","Title: <SPLIT>Description: Constellation gets Mondavi for \$1.36B CHICAGO (CBS.MW) - By upping the ante a bit, Constellation Brands has made an apparently successful bid to gobble up winemaker Robert Mondavi in a \$1.",1.0,1.0,1,1,2,1,"Skipped"
"Title: <SPLIT>Description: Microsoft expands mainframe pitch Company is upgrading current support and service program to draw more mainframe customers.","Title: <SPLIT>Description: Microsoft expands mainframe pitch Company is upgrading current support and service program to draw more mainframe customers.",1.0,1.0,2,2,3,1,"Skipped"
"Title: <SPLIT>Description: EU, US Talks on Aircraft Aid Grounded US and EU negotiators disagreed on Thursday about state aid for aircraft rivals Airbus and Boeing, winding up no closer on a sensitive issue that has gathered steam before the US presidential election.","Title: <SPLIT>Description: EU, US Talks on Aircraft Aid Grounded US and EU negotiators disagreed on Thursday about state aid for aircraft rivals Airbus and Boeing, winding up no closer on a sensitive issue that has gathered steam before the US presidential election.",1.0,1.0,0,0,2,1,"Skipped"
"Title: <SPLIT>Description: 3 police officials charged over Beslan siege ROSTOV-ON-DON, RUSSIA - Three Russian police officers have been charged with criminal negligence in connection with the Beslan school hostage-taking that left 360 people dead, almost half of them children.","Title: <SPLIT>Description: 3 police officials charged over Beslan siege ROSTOV-ON-DON, RUSSIA - Three Russian police officers have been charged with criminal negligence in connection with the Beslan school hostage-taking that left 360 people dead, almost half of them children.",1.0,1.0,1,1,0,1,"Skipped"
"Title: <SPLIT>Description: UN calls emergency meeting over Israeli onslaught The UN Security Council called an emergency meeting Monday at the request of Arab nations to consider a resolution demanding an immediate halt to a major Israeli offensive in the northern Gaza Strip.","Title: <SPLIT>Description: UN calls emergency meeting over Israeli onslaught The UN Security Council called an emergency meeting Monday at the request of Arab nations to consider a resolution demanding an immediate halt to a major Israeli offensive in the northern Gaza Strip.",1.0,1.0,1,1,0,1,"Skipped"
"Title: <SPLIT>Description: Lynch triumphs at Redcar Fergal Lynch had a good win at Redcar as he returned to action yesterday along with champion jockey Kieren Fallon, fellow rider Darren Williams and trainer Karl Burke, after their shock ","Title: <SPLIT>Description: Lynch triumphs at Redcar Fergal Lynch had a good win at Redcar as he returned to action yesterday along with champion jockey Kieren Fallon, fellow rider Darren Williams and trainer Karl Burke, after their shock ",1.0,1.0,0,0,1,1,"Skipped"
"Title: <SPLIT>Description: Unit Trust Fan Targets Health Care  NEW YORK (Reuters) - Businessman Sam Katz tried to tap into  Warren Buffet's gravy train a decade ago with a plan to make  the legendary investor's lofty Berkshire Hathaway shares more  accessible to the small investor.","Title: <SPLIT>Description: Unit Trust Fan Targets Health Care  NEW YORK (Reuters) - Businessman Sam Katz tried to tap into  Warren Buffet's gravy train a decade ago with a plan to make  the legendary investor's lofty Berkshire Hathaway shares more  accessible to the small investor.",1.0,1.0,1,1,2,1,"Skipped"
"Title: <SPLIT>Description: Georgia Evolution Dispute Embarrasses Some Atlanta, Nov. 11 - First, Georgia #39;s education chief tried to take the word  quot;evolution quot; out of the state #39;s science curriculum.","Title: <SPLIT>Description: Georgia Evolution Dispute Embarrasses Some Atlanta, Nov. 11 - First, Georgia #39;s education chief tried to take the word  quot;evolution quot; out of the state #39;s science curriculum.",1.0,1.0,1,1,3,1,"Skipped"
"Title: <SPLIT>Description: ""Google shares released for sale Employees and some investors in Google will be able to sell shares in the company as the latest """"lockup"""" phase on sales ends.""","Title: <SPLIT>Description: ""Google shares released for sale Employees and some investors in Google will be able to sell shares in the company as the latest """"lockup"""" phase on sales ends.""",0.0,0.0,2,2,2,200,"Failed"
"Title: <SPLIT>Description: TOMPKINS: Young Brit who fought here has shot at gold Great Britain #39;s Amir Khan, who looked so impressive in winning the 132-pound championship at the Junior International Invitational Boxing Championships here last summer, has a chance for an Olympic gold medal in the lightweight division today.","Title: <SPLIT>Description: TOMPKINS: Young Brit who fought here has shot at gold Great Britain #39;s Amir Khan, who looked so impressive in winning the 132-pound championship at the Junior International Invitational Boxing Championships here last summer, has a chance for an Olympic gold medal in the lightweight division today.",0.0,0.0,1,1,1,200,"Failed"
"Title: <SPLIT>Description: Powell Meets with Middle East Leaders CBN.com - (CBN News) -ERUSALEM  -h the death of Yasser Arafat behind them, the Palestinians and Israelis are now facing an historic opportunity to move forward in peace.","Title: <SPLIT>Description: Powell Meets with Middle East Leaders CBN.com - (CBN News) -ERUSALEM  -h the death of Yasser Arafat behind them, the Palestinians and Israelis are now facing an historic opportunity to move forward in peace.",1.0,1.0,1,1,0,1,"Skipped"
"Title: <SPLIT>Description: UN 'must ignore cloning ban call' The UK's Royal Society urges the UN to ignore a call by President Bush to ban all forms of human cloning.","Title: <SPLIT>Description: UN 'must ignore cloning ban call' The UK's Royal Society urges the UN to ignore a call by President Bush to ban all forms of human cloning.",1.0,1.0,1,1,3,1,"Skipped"
"Title: <SPLIT>Description: Microsoft/Swatch Offer New Wireless Watch Microsoft and Swatch announced a new line of wireless data watches named Paparazzi. The watches offer news, sports, weather and stock quotes, among other snippets of content, via Microsoft #39;s MSN Direct wireless data service.","Title: <SPLIT>Description: Microsoft/Swatch Offer New Wireless Watch Microsoft and Swatch announced a new line of wireless data watches named Paparazzi. The watches offer news, sports, weather and stock quotes, among other snippets of content, via Microsoft #39;s MSN Direct wireless data service.",1.0,1.0,1,1,3,1,"Skipped"
"Title: <SPLIT>Description: Taser Execs Selling Heavily on the News Shares of Taser International Inc. (TASR.O: Quote, Profile, Research) have jumped 20 percent since early last week as the stun gun maker issued a slew of announcements ","Title: <SPLIT>Description: Taser Execs Selling Heavily on the News Shares of Taser International Inc. (TASR.O: Quote, Profile, Research) have jumped 20 percent since early last week as the stun gun maker issued a slew of announcements ",1.0,1.0,1,1,2,1,"Skipped"
"Title: <SPLIT>Description: AOL Shuns Microsoft Anti-Spam Technology Add America Online Inc. to the growing list of companies and organizations shunning a spam-fighting proposal from Microsoft Corp. AOL cited  quot;tepid support quot; for Microsoft #39;s so-called Sender ID technology, which ","Title: <SPLIT>Description: AOL Shuns Microsoft Anti-Spam Technology Add America Online Inc. to the growing list of companies and organizations shunning a spam-fighting proposal from Microsoft Corp. AOL cited  quot;tepid support quot; for Microsoft #39;s so-called Sender ID technology, which ",1.0,1.0,1,1,3,1,"Skipped"
"Title: <SPLIT>Description: Airborne Cell-Phone Ban Likely to Remain for Now (Reuters) Reuters - Hopes -- and worries -- that U.S.\regulators will soon end the ban on using wireless phones\during U.S. commercial flights are likely at least a year or\two early, government officials and analysts say.","Title: <SPLIT>Description: Airborne Cell-Phone Ban Likely to Remain for Now (Reuters) Reuters - Hopes -- and worries -- that U.S.\regulators will soon end the ban on using wireless phones\during U.S. commercial flights are likely at least a year or\two early, government officials and analysts say.",1.0,1.0,1,1,3,1,"Skipped"
"Title: <SPLIT>Description: Retail, auto sales, job numbers suggest tougher times CHICAGO (CBS.MW) -- Could it be that people are just tired of buying things on the cheap at Wal-Mart? Free! Sign up here to receive our Weekly Roundup e-Newsletter!","Title: <SPLIT>Description: Retail, auto sales, job numbers suggest tougher times CHICAGO (CBS.MW) -- Could it be that people are just tired of buying things on the cheap at Wal-Mart? Free! Sign up here to receive our Weekly Roundup e-Newsletter!",1.0,1.0,1,1,2,1,"Skipped"
"Title: <SPLIT>Description: Sri Lanka off to positive start Kumar Sangakkara's unbeaten fifty revives Sri Lanka's chances against Pakistan.","Title: <SPLIT>Description: Sri Lanka off to positive start Kumar Sangakkara's unbeaten fifty revives Sri Lanka's chances against Pakistan.",1.0,1.0,1,1,0,1,"Skipped"
"Title: <SPLIT>Description: Sales boost for House of Fraser Shares in UK department store group House of Fraser have risen after the firm said it had cut half-year losses and was seeing solid sales growth.","Title: <SPLIT>Description: Sales boost for House of Fraser Shares in UK department store group House of Fraser have risen after the firm said it had cut half-year losses and was seeing solid sales growth.",0.0,0.0,2,2,2,200,"Failed"
"Title: <SPLIT>Description: Peru Rebel Chief Scores Publicity Coup in Court  CALLAO NAVAL BASE, Peru (Reuters) - Punching the air with a  fist and chanting rebel slogans, Peru's Shining Path founder  Abimael Guzman scored a propaganda coup on Friday and forced  his terrorism retrial to be postponed for a week.","Title: <SPLIT>Description: Peru Rebel Chief Scores Publicity Coup in Court  CALLAO NAVAL BASE, Peru (Reuters) - Punching the air with a  fist and chanting rebel slogans, Peru's Shining Path founder  Abimael Guzman scored a propaganda coup on Friday and forced  his terrorism retrial to be postponed for a week.",1.0,1.0,1,1,0,1,"Skipped"
"Title: <SPLIT>Description: ESPN Fantasy Games [[OK]], fantasy basketball owners who selected Jason Kidd with the 11th pick on draft day, it #39;s time for you to get a little satisfaction.","Title: <SPLIT>Description: ESPN Fantasy Games [[hunky-dory]], fantasy basketball owners who selected Jason Kidd with the 11th pick on draft day, it #39;s time for you to get a little satisfaction.",0.0,1.0,1,0,1,189,"Successful"
"Title: <SPLIT>Description: Skyboxes May Reach A Limit Verizon Communications Inc. would seem to be a prime candidate to snap up a luxury suite at the \$440 million ballpark being planned for Washington's Major League Baseball team.","Title: <SPLIT>Description: Skyboxes May Reach A Limit Verizon Communications Inc. would seem to be a prime candidate to snap up a luxury suite at the \$440 million ballpark being planned for Washington's Major League Baseball team.",1.0,1.0,0,0,2,1,"Skipped"
"Title: <SPLIT>Description: Top Zarqawi Aide Captured in Iraq A lieutenant of Iraq's most feared insurgent leader, Abu Musab Zarqawi, was captured this week, the country's national security minister said Thursday.","Title: <SPLIT>Description: Top Zarqawi Aide Captured in Iraq A lieutenant of Iraq's most feared insurgent leader, Abu Musab Zarqawi, was captured this week, the country's national security minister said Thursday.",1.0,1.0,1,1,0,1,"Skipped"
"Title: <SPLIT>Description: Eck: A court would have cleared Novo Rangers manager Alex McLeish claims Nacho Novo would have been vindicated had his case been dealt with as a civil hearing. The striker was banned for one game and had 12 penalty points added to his record ","Title: <SPLIT>Description: Eck: A court would have cleared Novo Rangers manager Alex McLeish claims Nacho Novo would have been vindicated had his case been dealt with as a civil hearing. The striker was banned for one game and had 12 penalty points added to his record ",0.0,0.0,1,1,1,200,"Failed"
"Title: <SPLIT>Description: Afghan Forces Arrest 2 Taliban Leaders KANDAHAR, Afghanistan, Dec 14 -- Afghan forces have captured two top figures of the deposed Taliban government, including the personal security chief of leader Mohammad Omar, provincial officials said Tuesday.","Title: <SPLIT>Description: Afghan Forces Arrest 2 Taliban Leaders KANDAHAR, Afghanistan, Dec 14 -- Afghan forces have captured two top figures of the deposed Taliban government, including the personal security chief of leader Mohammad Omar, provincial officials said Tuesday.",1.0,1.0,1,1,0,1,"Skipped"
"Title: <SPLIT>Description: US Treasuries slip lower ahead of new supply Treasuries slipped lower on Monday as investors positioned themselves to absorb \$51 billion of new supply this week ahead of an expected Federal Reserve increase in official interest rates.","Title: <SPLIT>Description: US Treasuries slip lower ahead of new supply Treasuries slipped lower on Monday as investors positioned themselves to absorb \$51 billion of new supply this week ahead of an expected Federal Reserve increase in official interest rates.",1.0,1.0,0,0,2,1,"Skipped"
"Title: <SPLIT>Description: Business Week Names Adler Its New Editor Stephen J. Adler, deputy managing editor of The Wall Street Journal, has been named editor of Business Week magazine, succeeding Stephen B. Shepard, who announced last week that he would retire from the magazine to become the first dean of a new ","Title: <SPLIT>Description: Business Week Names Adler Its New Editor Stephen J. Adler, deputy managing editor of The Wall Street Journal, has been named editor of Business Week magazine, succeeding Stephen B. Shepard, who announced last week that he would retire from the magazine to become the first dean of a new ",1.0,1.0,1,1,2,1,"Skipped"
"Title: <SPLIT>Description: Microsoft to offer stripped-down XP in India BANGALORE, INDIA -- Microsoft Corp. will introduce the Windows XP Starter Edition in India early next year, the company said Wednesday, two days after announcing similar plans for Russia.","Title: <SPLIT>Description: Microsoft to offer stripped-down XP in India BANGALORE, INDIA -- Microsoft Corp. will introduce the Windows XP Starter Edition in India early next year, the company said Wednesday, two days after announcing similar plans for Russia.",1.0,1.0,1,1,3,1,"Skipped"
