"original_text","perturbed_text","original_score","perturbed_score","original_output","perturbed_output","ground_truth_output","num_queries","result_type"
"one long [[string]] of [[cliches]] .","one long [[strnig]] of [[clices]] .",0.00634765625,0.16259765625,0,0,0,21,"Failed"
"if you 've ever [[entertained]] the [[notion]] of doing what the [[title]] of this [[film]] [[implies]] , what [[sex]] with [[strangers]] actually shows may [[put]] you off the [[idea]] [[forever]] .","if you 've ever [[eztertained]] the [[nzotion]] of doing what the [[Witle]] of this [[Uilm]] [[implie]] , what [[esx]] with [[straqngers]] actually shows may [[ptu]] you off the [[dea]] [[Horever]] .",0.00244140625,0.0888671875,0,0,0,71,"Failed"
"[[k-19]] exploits our [[substantial]] collective fear of [[nuclear]] holocaust to generate [[cheap]] hollywood [[tension]] .","[[k-91]] exploits our [[Esubstantial]] collective fear of [[nucleTar]] holocaust to generate [[chTap]] hollywood [[Fension]] .",0.00341796875,0.05810546875,0,0,0,54,"Failed"
"it 's played in the most [[straight-faced]] [[fashion]] , with [[little]] humor to [[lighten]] things up .","it 's played in the most [[straight-faecd]] [[fasion]] , with [[litSle]] humor to [[lighetn]] things up .",0.0009765625,0.8173828125,0,1,0,36,"Successful"
"there is a fabric of complex ideas here , and feelings that profoundly [[deepen]] them .","there is a fabric of complex ideas here , and feelings that profoundly [[deePen]] them .",0.2451171875,0.8740234375,1,0,1,11,"Successful"
"although laced with humor and a few [[fanciful]] [[touches]] , the film is a [[refreshingly]] serious [[look]] at [[young]] women .","although laced with humor and a few [[fanciflu]] [[tuches]] , the film is a [[refreshingCy]] serious [[Zook]] at [[yougn]] women .",0.00732421875,0.55859375,1,0,1,39,"Successful"
"it all [[feels]] [[like]] a monty python sketch [[gone]] [[horribly]] [[wrong]] .","it all [[feles]] [[liBke]] a monty python sketch [[gDone]] [[horriblO]] [[wryong]] .",0.00048828125,0.06201171875,0,0,0,41,"Failed"
"it 's a stunning lyrical work of [[considerable]] [[force]] and [[truth]] .","it 's a stunning lyrical work of [[considearble]] [[fodce]] and [[truh]] .",0.00146484375,0.7607421875,1,0,1,19,"Successful"
"[[however]] it may [[please]] those who love movies that [[blare]] with pop [[songs]] , young science fiction [[fans]] will [[stomp]] [[away]] in [[disgust]] .","[[hoHwever]] it may [[pleasre]] those who love movies that [[buare]] with pop [[ongs]] , young science fiction [[fanX]] will [[stom]] [[way]] in [[divgust]] .",0.00634765625,0.57373046875,0,1,0,64,"Successful"
"broomfield [[turns]] his distinctive ` blundering ' style into something that [[could]] [[really]] help clear up the case .","broomfield [[tursn]] his distinctive ` blundering ' style into something that [[culd]] [[rally]] help clear up the case .",0.10498046875,0.80078125,1,0,1,25,"Successful"
"although german cooking does not come readily to mind when considering the world 's best cuisine , mostly martha could make deutchland a popular destination for hungry tourists .","although german cooking does not come readily to mind when considering the world 's best cuisine , mostly martha could make deutchland a popular destination for hungry tourists .",0.5234375,0.5234375,0,0,1,1,"Skipped"
"a very [[well-made]] , [[funny]] and [[entertaining]] [[picture]] .","a very [[well-madDe]] , [[Gunny]] and [[enteratining]] [[picFure]] .",0.0009765625,0.4453125,1,1,1,21,"Failed"
"a [[valueless]] [[kiddie]] [[paean]] to pro [[basketball]] underwritten by the nba .","a [[valWeless]] [[kGddie]] [[paea]] to pro [[bajsketball]] underwritten by the nba .",0.00146484375,0.30078125,0,0,0,36,"Failed"
"all the amped-up tony [[hawk-style]] [[stunts]] and thrashing rap-metal ca [[n't]] [[disguise]] the fact that , [[really]] , we 've been here , [[done]] that .","all the amped-up tony [[hak-style]] [[Astunts]] and thrashing rap-metal ca [[n']] [[disKuise]] the fact that , [[realLy]] , we 've been here , [[Cdone]] that .",0.00341796875,0.5810546875,0,1,0,36,"Successful"
"a swashbuckling tale of love , betrayal , revenge and above all , [[faith]] .","a swashbuckling tale of love , betrayal , revenge and above all , [[fVaith]] .",0.236328125,0.763671875,1,0,1,11,"Successful"
"there [[ought]] to be a [[directing]] [[license]] , so that [[ed]] burns can have his [[revoked]] .","there [[ougth]] to be a [[dirpcting]] [[liecnse]] , so that [[Td]] burns can have his [[reovked]] .",0.015625,0.13134765625,0,0,0,31,"Failed"
"a rigorously structured and exquisitely filmed drama about a father and son connection that is a brief shooting [[star]] of [[love]] .","a rigorously structured and exquisitely filmed drama about a father and son connection that is a brief shooting [[ftar]] of [[lTve]] .",0.009765625,0.658203125,1,0,1,21,"Successful"
"on this tricky topic , tadpole is very much a step in the [[right]] direction , with its [[blend]] of frankness , [[civility]] and [[compassion]] .","on this tricky topic , tadpole is very much a step in the [[Zight]] direction , with its [[bled]] of frankness , [[civiluity]] and [[compasson]] .",0.0068359375,0.5927734375,1,0,1,28,"Successful"
"macdowell , whose wifty southern charm has anchored lighter affairs ... brings an absolutely riveting [[conviction]] to her [[role]] .","macdowell , whose wifty southern charm has anchored lighter affairs ... brings an absolutely riveting [[coviction]] to her [[roSle]] .",0.03955078125,0.55859375,1,0,1,22,"Successful"
"the jabs it employs are short , [[carefully]] [[placed]] and [[dead-center]] .","the jabs it employs are short , [[carefwully]] [[paced]] and [[dead-ecnter]] .",0.01953125,0.9833984375,1,0,1,19,"Successful"
"despite its title , punch-drunk love is [[never]] heavy-handed .","despite its title , punch-drunk love is [[nHver]] heavy-handed .",0.291015625,0.98779296875,1,0,1,11,"Successful"
"at once [[half-baked]] and [[overheated]] .","at once [[hXlf-baked]] and [[overheatde]] .",0.0029296875,0.0634765625,0,0,0,11,"Failed"
"this is a [[shameless]] [[sham]] , [[calculated]] to [[cash]] in on the [[popularity]] of its [[stars]] .","this is a [[shamdeless]] [[shNam]] , [[calculateNd]] to [[csah]] in on the [[poCularity]] of its [[starRs]] .",0.001953125,0.17333984375,0,0,0,30,"Failed"
"[[jason]] x is [[positively]] [[anti-darwinian]] : [[nine]] sequels and [[400]] years later , the [[teens]] are [[none]] the [[wiser]] and jason still kills on [[auto-pilot]] .","[[jasoin]] x is [[pGositively]] [[anti-daQwinian]] : [[nnie]] sequels and [[40]] years later , the [[Ceens]] are [[nHne]] the [[Ziser]] and jason still kills on [[Tauto-pilot]] .",0.01904296875,0.57373046875,0,1,0,72,"Successful"
"people [[cinema]] at its [[finest]] .","people [[cineam]] at its [[fZnest]] .",0.00732421875,0.7216796875,1,0,1,12,"Successful"
"` de niro ... is a [[veritable]] [[source]] of sincere passion that this hollywood contrivance orbits around . '","` de niro ... is a [[vermtable]] [[osurce]] of sincere passion that this hollywood contrivance orbits around . '",0.34521484375,0.97607421875,1,0,1,20,"Successful"
"if you [[believe]] any of this , i can [[make]] you a real [[deal]] on leftover [[enron]] stock that will double in value a week from friday .","if you [[beSieve]] any of this , i can [[Rake]] you a real [[del]] on leftover [[ernon]] stock that will double in value a week from friday .",0.02392578125,0.50390625,0,1,0,28,"Successful"
"candid and comfortable ; a film that [[deftly]] [[balances]] action and reflection as it [[lets]] you [[grasp]] and [[feel]] the [[passion]] [[others]] have for their [[work]] .","candid and comfortable ; a film that [[defXly]] [[baances]] action and reflection as it [[ljts]] you [[gras]] and [[fzeel]] the [[passino]] [[ohters]] have for their [[wyrk]] .",0.00390625,0.55078125,1,0,1,46,"Successful"
"more [[romantic]] , more emotional and [[ultimately]] more [[satisfying]] than the teary-eyed [[original]] .","more [[romanti]] , more emotional and [[ultimateby]] more [[satisfyinTg]] than the teary-eyed [[oiginal]] .",0.0166015625,0.83544921875,1,0,1,22,"Successful"
"it offers [[little]] [[beyond]] the [[momentary]] joys of pretty and weightless intellectual entertainment .","it offers [[sittle]] [[beynod]] the [[momeAtary]] joys of pretty and weightless intellectual entertainment .",0.00048828125,0.71533203125,0,1,0,26,"Successful"
"it 's a remarkably solid and subtly satirical [[tour]] [[de]] [[force]] .","it 's a remarkably solid and subtly satirical [[toLur]] [[dr]] [[forwce]] .",0.00146484375,0.80810546875,1,0,1,20,"Successful"
"[[coughs]] and [[sputters]] on its own [[postmodern]] [[conceit]] .","[[cougs]] and [[psutters]] on its own [[psotmodern]] [[coKceit]] .",0.0078125,0.15185546875,0,0,0,21,"Failed"
"with [[virtually]] no [[interesting]] [[elements]] for an [[audience]] to [[focus]] on , [[chelsea]] [[walls]] is a [[triple-espresso]] endurance [[challenge]] .","with [[virTually]] no [[interestiOng]] [[eleXments]] for an [[audienec]] to [[nocus]] on , [[chelLsea]] [[Xwalls]] is a [[triple-espresos]] endurance [[chalelnge]] .",0.01904296875,0.44189453125,0,0,0,51,"Failed"
"[[lovely]] and [[poignant]] .","[[olvely]] and [[opignant]] .",0.013671875,0.734375,1,0,1,11,"Successful"
"at times , the suspense is palpable , but by the end there 's a sense that the [[crux]] of the mystery hinges on a technicality that strains credulity and leaves the [[viewer]] haunted by the waste of potential .","at times , the suspense is palpable , but by the end there 's a sense that the [[Zrux]] of the mystery hinges on a technicality that strains credulity and leaves the [[vieewr]] haunted by the waste of potential .",0.00537109375,0.99267578125,0,1,0,25,"Successful"
"... a [[boring]] [[parade]] of [[talking]] [[heads]] and [[technical]] [[gibberish]] that will do [[little]] to [[advance]] the linux [[cause]] .","... a [[bornig]] [[marade]] of [[alking]] [[Keads]] and [[teMchnical]] [[gibbSrish]] that will do [[aittle]] to [[Qdvance]] the linux [[cauZse]] .",0.00048828125,0.111328125,0,0,0,51,"Failed"
"paid in full is so [[stale]] , in fact , that its most vibrant [[scene]] is one that uses clips from brian de palma 's scarface .","paid in full is so [[stle]] , in fact , that its most vibrant [[sceKe]] is one that uses clips from brian de palma 's scarface .",0.01318359375,0.52734375,0,1,0,22,"Successful"
"[[american]] chai [[encourages]] rueful laughter at [[stereotypes]] only an [[indian-american]] would recognize .","[[amercan]] chai [[efcourages]] rueful laughter at [[Zstereotypes]] only an [[indian-Gamerican]] would recognize .",0.35595703125,0.546875,0,1,0,46,"Successful"
"visually imaginative , thematically instructive and thoroughly [[delightful]] , it takes us on a roller-coaster ride from innocence to experience [[without]] even a [[hint]] of that typical kiddie-flick [[sentimentality]] .","visually imaginative , thematically instructive and thoroughly [[delightvul]] , it takes us on a roller-coaster ride from innocence to experience [[withoXt]] even a [[int]] of that typical kiddie-flick [[sepntimentality]] .",0.0068359375,0.724609375,1,0,1,35,"Successful"
"directed in a [[paint-by-numbers]] [[manner]] .","directed in a [[paint-sy-numbers]] [[mannWer]] .",0.00439453125,0.06103515625,0,0,0,16,"Failed"
"the [[movie]] is dawn of the [[dead]] [[crossed]] with john carpenter 's [[ghosts]] of mars , with zombies not as ghoulish as the first and [[trains]] not as [[big]] as the second .","the [[mYovie]] is dawn of the [[Mdead]] [[rcossed]] with john carpenter 's [[ghsts]] of mars , with zombies not as ghoulish as the first and [[traisn]] not as [[ig]] as the second .",0.03271484375,0.546875,0,1,0,61,"Successful"
"detox is [[ultimately]] a [[pointless]] [[endeavor]] .","detox is [[ulimately]] a [[pobintless]] [[endeavnr]] .",0.00048828125,0.07275390625,0,0,0,21,"Failed"
"despite all evidence to the contrary , this clunker has [[somehow]] managed to pose as an [[actual]] feature [[movie]] , the kind that charges full admission and gets hyped on tv and purports to amuse small children and ostensible adults .","despite all evidence to the contrary , this clunker has [[someow]] managed to pose as an [[actuax]] feature [[mHvie]] , the kind that charges full admission and gets hyped on tv and purports to amuse small children and ostensible adults .",0.00244140625,0.98095703125,0,1,0,36,"Successful"
"so [[unremittingly]] [[awful]] that [[labeling]] it a [[dog]] [[probably]] [[constitutes]] [[cruelty]] to [[canines]] .","so [[unrZemittingly]] [[awflu]] that [[labeliJg]] it a [[odg]] [[porbably]] [[constituts]] [[cruXlty]] to [[canWnes]] .",0.001953125,0.04833984375,0,0,0,41,"Failed"
"i just [[loved]] every minute of this [[film]] .","i just [[olved]] every minute of this [[Jilm]] .",0.0009765625,0.5888671875,1,0,1,13,"Successful"
"the [[film]] [[contains]] no [[good]] [[jokes]] , no good [[scenes]] , [[barely]] a moment when carvey 's saturday night [[live-honed]] [[mimicry]] rises above the [[level]] of embarrassment .","the [[fil]] [[conatins]] no [[ood]] [[jkes]] , no good [[sqcenes]] , [[barel]] a moment when carvey 's saturday night [[liveq-honed]] [[miicry]] rises above the [[lzvel]] of embarrassment .",0.00048828125,0.51171875,0,1,0,73,"Successful"
"to say this was done [[better]] in wilder 's some like it hot is like [[saying]] the sun rises in the east .","to say this was done [[bettej]] in wilder 's some like it hot is like [[sying]] the sun rises in the east .",0.0439453125,0.51171875,0,1,0,20,"Successful"
"the [[longer]] the movie goes , the [[worse]] it gets , but it 's actually pretty good in the first few minutes .","the [[longKer]] the movie goes , the [[wcrse]] it gets , but it 's actually pretty good in the first few minutes .",0.06103515625,0.67578125,0,1,0,19,"Successful"
"they should have [[called]] it [[gutterball]] .","they should have [[calleW]] it [[guterball]] .",0.0048828125,0.0390625,0,0,0,10,"Failed"
"it 's a [[bit]] [[disappointing]] that it only [[manages]] to be [[decent]] [[instead]] of [[dead]] [[brilliant]] .","it 's a [[it]] [[Mdisappointing]] that it only [[ianages]] to be [[deent]] [[instSead]] of [[dad]] [[brillEant]] .",0.001953125,0.05908203125,0,0,0,36,"Failed"
"that 's a [[cheat]] .","that 's a [[Iheat]] .",0.01025390625,0.34521484375,0,0,0,6,"Failed"
"the title not only describes its main characters , but the [[lazy]] people behind the camera as well .","the title not only describes its main characters , but the [[azy]] people behind the camera as well .",0.0087890625,0.9501953125,0,1,0,14,"Successful"
"i do [[n't]] [[think]] i laughed out [[loud]] once .","i do [[n'd]] [[tihnk]] i laughed out [[wloud]] once .",0.001953125,0.17333984375,0,0,0,21,"Failed"
"may [[reawaken]] discussion of the [[kennedy]] [[assassination]] but this fictional [[film]] looks [[made]] for [[cable]] [[rather]] than for the big [[screen]] .","may [[reawken]] discussion of the [[Tkennedy]] [[assassisnation]] but this fictional [[fiRm]] looks [[maFe]] for [[acble]] [[ratheKr]] than for the big [[sceen]] .",0.00244140625,0.1025390625,0,0,0,66,"Failed"
"[[taylor]] [[appears]] to have [[blown]] his [[entire]] [[budget]] on soundtrack [[rights]] and had [[nothing]] [[left]] over for [[jokes]] .","[[taPlor]] [[afppears]] to have [[ilown]] his [[enZire]] [[budVet]] on soundtrack [[righhs]] and had [[notking]] [[elft]] over for [[joZes]] .",0.0009765625,0.291015625,0,0,0,51,"Failed"
"i am [[sorry]] that i was [[unable]] to [[get]] the [[full]] brunt of the [[comedy]] .","i am [[Zsorry]] that i was [[xnable]] to [[gmt]] the [[fJull]] brunt of the [[coSmedy]] .",0.001953125,0.0673828125,0,0,0,30,"Failed"
"the [[movie]] [[fails]] to live up to the sum of its parts .","the [[movei]] [[faisl]] to live up to the sum of its parts .",0.00048828125,0.47265625,0,0,0,26,"Failed"
"it 's just [[disappointingly]] [[superficial]] -- a [[movie]] that has all the [[elements]] [[necessary]] to be a fascinating , [[involving]] character [[study]] , but [[never]] does more than [[scratch]] the surface .","it 's just [[Edisappointingly]] [[suZperficial]] -- a [[move]] that has all the [[eleQments]] [[oecessary]] to be a fascinating , [[inZolving]] character [[stqudy]] , but [[ever]] does more than [[scrtch]] the surface .",0.001953125,0.9873046875,0,1,0,57,"Successful"
"here 's [[yet]] [[another]] studio [[horror]] [[franchise]] [[mucking]] up its [[storyline]] with glitches [[casual]] [[fans]] [[could]] correct in their [[sleep]] .","here 's [[et]] [[anKther]] studio [[horfor]] [[franchisR]] [[mucikng]] up its [[storylwne]] with glitches [[cassual]] [[fanLs]] [[coudl]] correct in their [[sleew]] .",0.00244140625,0.20703125,0,0,0,66,"Failed"
"for anyone unfamiliar with pentacostal practices in general and theatrical phenomenon of hell houses in particular , it 's an eye-opener .","for anyone unfamiliar with pentacostal practices in general and theatrical phenomenon of hell houses in particular , it 's an eye-opener .",0.60009765625,0.60009765625,0,0,1,1,"Skipped"
"if steven soderbergh 's ` solaris ' is a failure it is a glorious failure .","if steven soderbergh 's ` solaris ' is a failure it is a glorious failure .",0.83349609375,0.83349609375,0,0,1,1,"Skipped"
"there 's a wickedly subversive bent to the best parts of birthday girl .","there 's a wickedly subversive bent to the best parts of birthday girl .",0.63330078125,0.63330078125,0,0,1,1,"Skipped"
"while locals will get a kick out of spotting cleveland sites , the rest of the world will [[enjoy]] a fast-paced comedy with quirks that might [[make]] the award-winning coen [[brothers]] [[envious]] .","while locals will get a kick out of spotting cleveland sites , the rest of the world will [[enjyo]] a fast-paced comedy with quirks that might [[maek]] the award-winning coen [[bRrothers]] [[evnious]] .",0.0146484375,0.51171875,1,0,1,35,"Successful"
"while -[[lrb-]] [[hill]] -[[rrb-]] has learned new tricks , the [[tricks]] [[alone]] are not [[enough]] to [[salvage]] this [[lifeless]] boxing [[film]] .","while -[[lrEb-]] [[hil]] -[[rr-b]] has learned new tricks , the [[uricks]] [[aNone]] are not [[neough]] to [[salvaRe]] this [[lifesess]] boxing [[ftlm]] .",0.0029296875,0.21484375,0,0,0,66,"Failed"
"this is the sort of burly action [[flick]] where one coincidence pummels another , narrative necessity is a drunken roundhouse , and [[whatever]] [[passes]] for [[logic]] is a factor of the last plot device left standing .","this is the sort of burly action [[lfick]] where one coincidence pummels another , narrative necessity is a drunken roundhouse , and [[whXtever]] [[apsses]] for [[loigc]] is a factor of the last plot device left standing .",0.02685546875,0.9833984375,0,1,0,38,"Successful"
"the [[director]] [[knows]] how to [[apply]] [[textural]] [[gloss]] , but his [[portrait]] of [[sex-as-war]] is [[strictly]] [[sitcom]] .","the [[direcXor]] [[knoCs]] how to [[xpply]] [[texural]] [[gloes]] , but his [[porLrait]] of [[sxe-as-war]] is [[strivctly]] [[sicom]] .",0.00830078125,0.18017578125,0,0,0,46,"Failed"
"-[[lrb-]] a -rrb- [[shapeless]] [[blob]] of [[desperate]] [[entertainment]] .","-[[prb-]] a -rrb- [[shapeleHss]] [[lbob]] of [[desperaBte]] [[enetrtainment]] .",0.00341796875,0.134765625,0,0,0,31,"Failed"
"[[dazzling]] in its complexity , disturbing for its extraordinary themes , the piano teacher is a film that defies categorisation .","[[dzzling]] in its complexity , disturbing for its extraordinary themes , the piano teacher is a film that defies categorisation .",0.19677734375,0.6298828125,1,0,1,14,"Successful"
"an exhilarating futuristic thriller-noir , minority report [[twists]] the best of technology around a gripping story , delivering a riveting , [[pulse]] intensifying [[escapist]] [[adventure]] of the [[first]] [[order]]","an exhilarating futuristic thriller-noir , minority report [[wists]] the best of technology around a gripping story , delivering a riveting , [[Fpulse]] intensifying [[esapist]] [[avdenture]] of the [[frist]] [[ordeDr]]",0.00146484375,0.56982421875,1,0,1,48,"Successful"
"this film seems thirsty for reflection , itself taking on [[adolescent]] [[qualities]] .","this film seems thirsty for reflection , itself taking on [[adolecsent]] [[qualites]] .",0.12939453125,0.53125,0,1,0,19,"Successful"
"from the opening [[scenes]] , it 's clear that all about the benjamins is a [[totally]] [[formulaic]] movie .","from the opening [[scnenes]] , it 's clear that all about the benjamins is a [[toltally]] [[foRmulaic]] movie .",0.00146484375,0.7802734375,0,1,0,20,"Successful"
"it has all the [[excitement]] of eating oatmeal .","it has all the [[excitemendt]] of eating oatmeal .",0.025390625,0.73095703125,0,1,0,8,"Successful"
"the most [[hopelessly]] [[monotonous]] [[film]] of the [[year]] , [[noteworthy]] only for the [[gimmick]] of being [[filmed]] as a [[single]] unbroken 87-minute take .","the most [[hopelTssly]] [[montoonous]] [[wilm]] of the [[yfar]] , [[niteworthy]] only for the [[gmimick]] of being [[filmeU]] as a [[sinple]] unbroken 87-minute take .",0.0009765625,0.4921875,0,0,0,56,"Failed"
"it all adds up to [[good]] [[fun]] .","it all adds up to [[gooF]] [[fkn]] .",0.00634765625,0.97802734375,1,0,1,11,"Successful"
"[[``]] the [[time]] [[machine]] '' is a [[movie]] that has no interest in itself .","[[t``]] the [[tmie]] [[macEhine]] '' is a [[mBvie]] that has no interest in itself .",0.00048828125,0.00830078125,0,0,0,25,"Failed"
"something akin to a japanese alice through the looking glass , except that it seems to take itself far more seriously .","something akin to a japanese alice through the looking glass , except that it seems to take itself far more seriously .",0.9931640625,0.9931640625,0,0,1,1,"Skipped"
"[[ultimately]] [[feels]] [[empty]] and [[unsatisfying]] , [[like]] [[swallowing]] a [[communion]] wafer [[without]] the [[wine]] .","[[ultifmately]] [[feegs]] [[empLy]] and [[unsaitsfying]] , [[lJke]] [[swalowing]] a [[compunion]] wafer [[xithout]] the [[wrne]] .",0.0,0.03369140625,0,0,0,51,"Failed"
"the [[moviegoing]] [[equivalent]] of [[going]] to a dinner [[party]] and being [[forced]] to [[watch]] the host and hostess 's home [[video]] of their baby 's [[birth]] .","the [[moivegoing]] [[equivaelnt]] of [[goins]] to a dinner [[paqty]] and being [[focred]] to [[wKatch]] the host and hostess 's home [[vidwo]] of their baby 's [[birAh]] .",0.00146484375,0.54296875,0,1,0,65,"Successful"
"a [[coarse]] and [[stupid]] [[gross-out]] .","a [[coase]] and [[stuRid]] [[gros-sout]] .",0.0029296875,0.04736328125,0,0,0,16,"Failed"
"[[cool]] ?","[[ocol]] ?",0.04833984375,0.6689453125,1,0,1,6,"Successful"
"the film tunes into a grief that could lead a man [[across]] centuries .","the film tunes into a grief that could lead a man [[acrxoss]] centuries .",0.43798828125,0.89453125,1,0,1,12,"Successful"
"a [[string]] of [[rehashed]] sight [[gags]] [[based]] in [[insipid]] [[vulgarity]] .","a [[striyg]] of [[rehDshed]] sight [[gasg]] [[bfsed]] in [[iXsipid]] [[vulgaOity]] .",0.0009765625,0.05029296875,0,0,0,36,"Failed"
"the weight of the piece , the unerring [[professionalism]] of the chilly production , and the fascination embedded in the lurid topic [[prove]] [[recommendation]] [[enough]] .","the weight of the piece , the unerring [[zrofessionalism]] of the chilly production , and the fascination embedded in the lurid topic [[porve]] [[recomendation]] [[nough]] .",0.0068359375,0.5888671875,1,0,1,30,"Successful"
"it [[appears]] that [[something]] has been [[lost]] in the [[translation]] to the screen .","it [[ampears]] that [[sDmething]] has been [[lfst]] in the [[translaton]] to the screen .",0.00390625,0.10693359375,0,0,0,25,"Failed"
"the second coming of harry potter is a film far [[superior]] to its [[predecessor]] .","the second coming of harry potter is a film far [[sperior]] to its [[predecessoQ]] .",0.02392578125,0.96533203125,1,0,1,17,"Successful"
"when leguizamo finally plugged an irritating character [[late]] in the movie .","when leguizamo finally plugged an irritating character [[lat]] in the movie .",0.1708984375,0.23095703125,0,0,0,36,"Failed"
"as ` [[chick]] [[flicks]] ' [[go]] , this one is [[pretty]] [[miserable]] , [[resorting]] to [[string-pulling]] [[rather]] than [[legitimate]] [[character]] development and intelligent plotting .","as ` [[ceick]] [[Vlicks]] ' [[gUo]] , this one is [[prewtty]] [[msierable]] , [[resortnig]] to [[string-puling]] [[ratEer]] than [[lgeitimate]] [[characetr]] development and intelligent plotting .",0.00048828125,0.4111328125,0,0,0,70,"Failed"
"despite the 2-d animation , the wild thornberrys movie [[makes]] for a [[surprisingly]] [[cinematic]] [[experience]] .","despite the 2-d animation , the wild thornberrys movie [[makBes]] for a [[surprisjingly]] [[cinemptic]] [[experienDe]] .",0.01708984375,0.96484375,1,0,1,27,"Successful"
"uses high comedy to evoke [[surprising]] poignance .","uses high comedy to evoke [[surprisinVg]] poignance .",0.23095703125,0.740234375,1,0,1,11,"Successful"
"the movie is what happens when you blow up small potatoes to 10 times their natural size , and it [[ai]] [[n't]] [[pretty]] .","the movie is what happens when you blow up small potatoes to 10 times their natural size , and it [[i]] '[[t]] [[prtty]] .",0.00146484375,0.7373046875,0,1,0,24,"Successful"
"an infectious cultural fable with a [[tasty]] balance of family drama and frenetic [[comedy]] .","an infectious cultural fable with a [[tapty]] balance of family drama and frenetic [[comefdy]] .",0.0068359375,0.63671875,1,0,1,18,"Successful"
"[[like]] being [[trapped]] at a [[perpetual]] frat party ... how can [[something]] so gross be so [[boring]] ?","[[ltke]] being [[trajped]] at a [[perpeyual]] frat party ... how can [[sPmething]] so gross be so [[boRing]] ?",0.0029296875,0.009765625,0,0,0,41,"Failed"
"[[feels]] too [[formulaic]] and too [[familiar]] to [[produce]] the transgressive [[thrills]] of [[early]] [[underground]] work .","[[feelzs]] too [[formulaif]] and too [[famiilar]] to [[produBe]] the transgressive [[thrilTs]] of [[eaUrly]] [[undrground]] work .",0.0009765625,0.26611328125,0,0,0,45,"Failed"
"a celebration of quirkiness , eccentricity , and certain individuals ' tendency to [[let]] it all [[hang]] out , and damn the consequences .","a celebration of quirkiness , eccentricity , and certain individuals ' tendency to [[elt]] it all [[hnag]] out , and damn the consequences .",0.1259765625,0.51953125,1,0,1,19,"Successful"
"[[awesome]] creatures , [[breathtaking]] [[scenery]] , and [[epic]] [[battle]] [[scenes]] [[add]] up to [[another]] ` [[spectacular]] [[spectacle]] . '","[[awesoSe]] creatures , [[breathKaking]] [[sceQery]] , and [[etic]] [[battlZ]] [[Uscenes]] [[ads]] up to [[anothser]] ` [[spectaculqar]] [[spectaclb]] . '",0.00341796875,0.6259765625,1,0,1,53,"Successful"
"-lrb- a -rrb- n [[utterly]] [[charming]] and [[hilarious]] [[film]] that [[reminded]] me of the [[best]] of the [[disney]] [[comedies]] from the [[60s]] .","-lrb- a -rrb- n [[utterlI]] [[fharming]] and [[hialrious]] [[flim]] that [[remdnded]] me of the [[nest]] of the [[udisney]] [[comdeies]] from the [[60j]] .",0.00927734375,0.9716796875,1,0,1,48,"Successful"
"neither parker nor donovan is a typical romantic lead , but they bring a fresh , [[quirky]] [[charm]] to the formula .","neither parker nor donovan is a typical romantic lead , but they bring a fresh , [[quirby]] [[harm]] to the formula .",0.0439453125,0.724609375,1,0,1,20,"Successful"
"seldahl 's barbara is a precise and moving portrait of someone whose world is turned [[upside]] down , first by passion and then by illness .","seldahl 's barbara is a precise and moving portrait of someone whose world is turned [[upsied]] down , first by passion and then by illness .",0.4921875,0.92822265625,1,0,1,18,"Successful"
"[[filmmakers]] who can deftly change moods are [[treasures]] and even [[marvels]] .","[[fVlmmakers]] who can deftly change moods are [[treasurs]] and even [[mravels]] .",0.0029296875,0.56982421875,1,0,1,20,"Successful"
"what 's surprising about full frontal is that despite its overt [[self-awareness]] , parts of the [[movie]] still [[manage]] to break [[past]] the artifice and [[thoroughly]] [[engage]] you .","what 's surprising about full frontal is that despite its overt [[self-aworeness]] , parts of the [[mLovie]] still [[mayage]] to break [[xast]] the artifice and [[thorougQhly]] [[egnage]] you .",0.02685546875,0.5,1,0,1,39,"Successful"
"it 's a scattershot affair , but when it [[hits]] its mark it 's [[brilliant]] .","it 's a scattershot affair , but when it [[Pits]] its mark it 's [[brillQant]] .",0.12744140625,0.60400390625,1,0,1,13,"Successful"
"just as moving , [[uplifting]] and funny as [[ever]] .","just as moving , [[upifting]] and funny as [[eveHr]] .",0.00634765625,0.70263671875,1,0,1,13,"Successful"
"the wild thornberrys movie is a [[jolly]] [[surprise]] .","the wild thornberrys movie is a [[jollJ]] [[surprkse]] .",0.01123046875,0.53515625,1,0,1,13,"Successful"
"exquisitely nuanced in mood tics and [[dialogue]] , this chamber drama is [[superbly]] acted by the deeply appealing veteran bouquet and the [[chilling]] but [[quite]] [[human]] berling .","exquisitely nuanced in mood tics and [[diaWlogue]] , this chamber drama is [[superlby]] acted by the deeply appealing veteran bouquet and the [[chiling]] but [[qite]] [[humFan]] berling .",0.02294921875,0.53515625,1,0,1,37,"Successful"
"this [[movie]] is [[maddening]] .","this [[mobie]] is [[madddning]] .",0.00146484375,0.009765625,0,0,0,11,"Failed"
"not since [[freddy]] got [[fingered]] has a [[major]] [[release]] been so [[painful]] to [[sit]] through .","not since [[ferddy]] got [[finjgered]] has a [[maBjor]] [[releasO]] been so [[pinful]] to [[it]] through .",0.00146484375,0.0380859375,0,0,0,41,"Failed"
"not only is [[undercover]] brother as [[funny]] , if not more so , than both austin powers films , but it 's [[also]] [[one]] of the [[smarter]] , [[savvier]] [[spoofs]] to [[come]] [[along]] in some [[time]] .","not only is [[undercoevr]] brother as [[Zfunny]] , if not more so , than both austin powers films , but it 's [[albo]] [[onU]] of the [[marter]] , [[savvir]] [[soofs]] to [[comte]] [[alokng]] in some [[ime]] .",0.00830078125,0.63671875,1,0,1,54,"Successful"
"[[another]] [[in-your-face]] [[wallow]] in the [[lower]] [[depths]] [[made]] by [[people]] who have [[never]] [[sung]] those blues .","[[aFother]] [[i-your-face]] [[Eallow]] in the [[Xlower]] [[dpths]] [[maed]] by [[peopDe]] who have [[nveer]] [[scng]] those blues .",0.00439453125,0.1328125,0,0,0,50,"Failed"
"that dogged good will of the parents and ` vain ' jia 's defoliation of ego , make the film touching despite some doldrums .","that dogged good will of the parents and ` vain ' jia 's defoliation of ego , make the film touching despite some doldrums .",0.55859375,0.55859375,0,0,1,1,"Skipped"
"allows us to hope that nolan is [[poised]] to embark a major [[career]] as a commercial yet [[inventive]] [[filmmaker]] .","allows us to hope that nolan is [[pised]] to embark a major [[carer]] as a commercial yet [[niventive]] [[flimmaker]] .",0.0205078125,0.60009765625,1,0,1,29,"Successful"
"one of the most significant [[moviegoing]] [[pleasures]] of the year .","one of the most significant [[mUviegoing]] [[pleasurse]] of the year .",0.00146484375,0.79296875,1,0,1,14,"Successful"
"an [[occasionally]] [[funny]] , but overall [[limp]] , fish-out-of-water [[story]] .","an [[occasiOonally]] [[fnuny]] , but overall [[pimp]] , fish-out-of-water [[storK]] .",0.0009765625,0.46484375,0,0,0,31,"Failed"
"what the film lacks in general focus it [[makes]] up for in compassion , as corcuera [[manages]] to find the seeds of hope in the [[form]] of collective [[action]] .","what the film lacks in general focus it [[mayes]] up for in compassion , as corcuera [[maages]] to find the seeds of hope in the [[fsorm]] of collective [[cation]] .",0.01953125,0.57373046875,1,0,1,31,"Successful"
"but it [[could]] have been worse .","but it [[lcould]] have been worse .",0.103515625,0.10986328125,0,0,0,11,"Failed"
"a [[wildly]] [[inconsistent]] [[emotional]] [[experience]] .","a [[wildlG]] [[iXnconsistent]] [[emotionla]] [[experiecne]] .",0.001953125,0.01025390625,0,0,0,21,"Failed"
"it 's as if you 're [[watching]] a movie that was made in [[1978]] but not released then because it was so weak , and it has been unearthed and [[released]] now , when it has become [[even]] [[weaker]] .","it 's as if you 're [[watchinXg]] a movie that was made in [[1Z78]] but not released then because it was so weak , and it has been unearthed and [[eleased]] now , when it has become [[evn]] [[Veaker]] .",0.0029296875,0.98828125,0,1,0,39,"Successful"
"we root for -lrb- clara and paul -rrb- , even like them , though perhaps it 's an emotion closer to pity .","we root for -lrb- clara and paul -rrb- , even like them , though perhaps it 's an emotion closer to pity .",0.888671875,0.888671875,0,0,1,1,"Skipped"
"if you [[dig]] on david [[mamet]] 's mind tricks ... rent this [[movie]] and [[enjoy]] !","if you [[dMig]] on david [[amet]] 's mind tricks ... rent this [[moFie]] and [[enjony]] !",0.00732421875,0.65478515625,1,0,1,25,"Successful"
"you [[wo]] [[n't]] [[like]] roger , but you will [[quickly]] [[recognize]] him .","you [[wCo]] [[n']] [[lKke]] roger , but you will [[qKuickly]] [[rceognize]] him .",0.06640625,0.546875,0,1,0,31,"Successful"
"delivers the same [[old]] same [[old]] , [[tarted]] up with [[latin]] flava and [[turned]] out by [[hollywood]] [[playas]] .","delivers the same [[ld]] same [[gold]] , [[tartde]] up with [[latTn]] flava and [[tIrned]] out by [[hollywJood]] [[playa]] .",0.00732421875,0.53125,0,1,0,38,"Successful"
"for [[starters]] , the [[story]] is just too [[slim]] .","for [[startUers]] , the [[storny]] is just too [[silm]] .",0.0029296875,0.048828125,0,0,0,15,"Failed"
"the x potion gives the quickly named blossom , bubbles and buttercup supernatural powers that include extraordinary strength and laser-beam eyes , which [[unfortunately]] do n't enable them to discern flimsy screenplays .","the x potion gives the quickly named blossom , bubbles and buttercup supernatural powers that include extraordinary strength and laser-beam eyes , which [[unforKunately]] do n't enable them to discern flimsy screenplays .",0.04541015625,0.98779296875,0,1,0,26,"Successful"
"my wife is an actress is an utterly [[charming]] french comedy that feels so american in sensibility and style it 's virtually its own hollywood remake .","my wife is an actress is an utterly [[clharming]] french comedy that feels so american in sensibility and style it 's virtually its own hollywood remake .",0.1142578125,0.62255859375,1,0,1,18,"Successful"
"an [[overemphatic]] , [[would-be]] wacky , [[ultimately]] [[tedious]] sex [[farce]] .","an [[veremphatic]] , [[ould-be]] wacky , [[utlimately]] [[etdious]] sex [[arce]] .",0.001953125,0.06103515625,0,0,0,35,"Failed"
"\/ but daphne , you 're too buff \/ fred thinks he 's tough \/ and velma - wow , you 've lost weight !","\/ but daphne , you 're too buff \/ fred thinks he 's tough \/ and velma - wow , you 've lost weight !",0.72802734375,0.72802734375,1,1,0,1,"Skipped"
"feels haphazard , as if the [[writers]] mistakenly [[thought]] they could [[achieve]] an air of frantic spontaneity by [[simply]] [[tossing]] in [[lots]] of characters doing silly [[stuff]] and stirring the pot .","feels haphazard , as if the [[writes]] mistakenly [[thouhgt]] they could [[achiePve]] an air of frantic spontaneity by [[simly]] [[tosBing]] in [[lyts]] of characters doing silly [[stuUf]] and stirring the pot .",0.001953125,0.97509765625,0,1,0,46,"Successful"
"the [[piquant]] [[story]] [[needs]] more dramatic meat on its bones .","the [[piAquant]] [[stor]] [[neeRds]] more dramatic meat on its bones .",0.09033203125,0.2626953125,0,0,0,31,"Failed"
"a difficult , absorbing film that [[manages]] to convey more substance despite its repetitions and inconsistencies than do most [[films]] than are far more pointed and clear .","a difficult , absorbing film that [[mantges]] to convey more substance despite its repetitions and inconsistencies than do most [[fiklms]] than are far more pointed and clear .",0.23388671875,0.546875,1,0,1,22,"Successful"
"an [[unwise]] [[amalgam]] of [[broadcast]] [[news]] and [[vibes]] .","an [[uJwise]] [[amalgat]] of [[broadcNst]] [[ynews]] and [[vibse]] .",0.001953125,0.064453125,0,0,0,26,"Failed"
"a [[bloated]] [[gasbag]] thesis [[grotesquely]] [[impressed]] by its own [[gargantuan]] [[aura]] of [[self-importance]] ...","a [[bUoated]] [[gasba]] thesis [[grotesWuely]] [[impressxd]] by its own [[gragantuan]] [[aurD]] of [[self-importanc]] ...",0.001953125,0.078125,0,0,0,41,"Failed"
"not the kind of film that will appeal to a mainstream american audience , but there is a certain charm about the film that makes it a suitable entry into the fest [[circuit]] .","not the kind of film that will appeal to a mainstream american audience , but there is a certain charm about the film that makes it a suitable entry into the fest [[circZit]] .",0.2421875,0.88720703125,1,0,1,23,"Successful"
"a full world has been presented onscreen , not some series of carefully structured plot points building to a pat resolution .","a full world has been presented onscreen , not some series of carefully structured plot points building to a pat resolution .",0.99462890625,0.99462890625,0,0,1,1,"Skipped"
"[[fancy]] a [[real]] [[downer]] ?","[[fanpcy]] a [[rel]] [[doner]] ?",0.005859375,0.22265625,0,0,0,16,"Failed"
"a painfully funny ode to bad behavior .","a painfully funny ode to bad behavior .",0.96533203125,0.96533203125,0,0,1,1,"Skipped"
"featuring a dangerously [[seductive]] performance from the great daniel auteuil , `` sade '' covers the same period as kaufmann 's `` quills '' with more unsettlingly [[realistic]] [[results]] .","featuring a dangerously [[sedutcive]] performance from the great daniel auteuil , `` sade '' covers the same period as kaufmann 's `` quills '' with more unsettlingly [[rdealistic]] [[rasults]] .",0.103515625,0.5966796875,1,0,1,30,"Successful"
"[[given]] how heavy-handed and [[portent-heavy]] it is , this could be the [[worst]] [[thing]] [[soderbergh]] has [[ever]] [[done]] .","[[givnn]] how heavy-handed and [[portetn-heavy]] it is , this could be the [[owrst]] [[jhing]] [[soderbeYgh]] has [[eer]] [[doge]] .",0.0009765625,0.07568359375,0,0,0,46,"Failed"
"has all the [[depth]] of a [[wading]] pool .","has all the [[deph]] of a [[wding]] pool .",0.0048828125,0.09033203125,0,0,0,16,"Failed"
"the fly-on-the-wall method used to document rural french school life is a [[refreshing]] departure from the now more prevalent technique of the docu-makers being a visible part of their [[work]] .","the fly-on-the-wall method used to document rural french school life is a [[refreshitg]] departure from the now more prevalent technique of the docu-makers being a visible part of their [[wor]] .",0.111328125,0.91748046875,1,0,1,25,"Successful"
"it 's just [[filler]] .","it 's just [[filleO]] .",0.0068359375,0.07080078125,0,0,0,6,"Failed"
"a deep and [[meaningful]] [[film]] .","a deep and [[maningful]] [[flim]] .",0.01708984375,0.98095703125,1,0,1,12,"Successful"
"[[sit]] through this one , and you wo n't need a magic watch to stop time ; your dvd player will do it for you .","[[sti]] through this one , and you wo n't need a magic watch to stop time ; your dvd player will do it for you .",0.341796875,0.73095703125,0,1,0,16,"Successful"
"holden [[caulfield]] did it [[better]] .","holden [[caulfeld]] did it [[bettr]] .",0.22021484375,0.6513671875,0,1,0,15,"Successful"
"the [[action]] [[switches]] between [[past]] and [[present]] , but the material [[link]] is too [[tenuous]] to [[anchor]] the [[emotional]] connections that [[purport]] to [[span]] a 125-year divide .","the [[ction]] [[switcTes]] between [[pasJt]] and [[pSresent]] , but the material [[linOk]] is too [[tenuuos]] to [[anKchor]] the [[emuotional]] connections that [[purpoart]] to [[sapn]] a 125-year divide .",0.00830078125,0.982421875,0,1,0,70,"Successful"
"samira makhmalbaf 's new film blackboards is much like the ethos of a stream of consciousness , although , it 's unfortunate for the viewer that the [[thoughts]] and reflections coming through are torpid and banal","samira makhmalbaf 's new film blackboards is much like the ethos of a stream of consciousness , although , it 's unfortunate for the viewer that the [[tAhoughts]] and reflections coming through are torpid and banal",0.0009765625,0.96533203125,0,1,0,23,"Successful"
"[[well-nigh]] [[unendurable]] ... [[though]] the [[picture]] [[strains]] to become cinematic poetry , it [[remains]] [[depressingly]] [[prosaic]] and [[dull]] .","[[wel-lnigh]] [[unendurabel]] ... [[tough]] the [[pcture]] [[stXains]] to become cinematic poetry , it [[remnins]] [[deprefsingly]] [[rposaic]] and [[dfull]] .",0.00244140625,0.0927734375,0,0,0,60,"Failed"
"there is no [[pleasure]] in watching a [[child]] [[suffer]] .","there is no [[plasure]] in watching a [[chiSd]] [[suffzr]] .",0.00048828125,0.00390625,0,0,0,21,"Failed"
"[[suffers]] from the [[lack]] of a [[compelling]] or [[comprehensible]] [[narrative]] .","[[sufefrs]] from the [[ack]] of a [[copmelling]] or [[comprehenible]] [[naBrative]] .",0.0009765625,0.01025390625,0,0,0,25,"Failed"
"-lrb- t -rrb- here 's only so much anyone can do with a florid , overplotted , anne rice rock 'n' roll vampire novel before the built-in silliness of the whole affair defeats them .","-lrb- t -rrb- here 's only so much anyone can do with a florid , overplotted , anne rice rock 'n' roll vampire novel before the built-in silliness of the whole affair defeats them .",0.9736328125,0.9736328125,1,1,0,1,"Skipped"
"if the [[movie]] succeeds in instilling a [[wary]] [[sense]] of ` there but for the grace of [[god]] , ' it is [[far]] too [[self-conscious]] to [[draw]] you [[deeply]] into its world .","if the [[moqvie]] succeeds in instilling a [[wayr]] [[esnse]] of ` there but for the grace of [[go]] , ' it is [[Oar]] too [[self-consciuos]] to [[drDw]] you [[deeeply]] into its world .",0.009765625,0.53515625,0,1,0,51,"Successful"
"for movie lovers as well as opera lovers , tosca is a [[real]] [[treat]] .","for movie lovers as well as opera lovers , tosca is a [[eral]] [[tret]] .",0.0126953125,0.72802734375,1,0,1,17,"Successful"
"the inspirational screenplay by mike rich covers a [[lot]] of ground , perhaps too much , but ties things together , [[neatly]] , by the [[end]] .","the inspirational screenplay by mike rich covers a [[olt]] of ground , perhaps too much , but ties things together , [[netaly]] , by the [[Eend]] .",0.0244140625,0.5927734375,1,0,1,27,"Successful"
"the film 's performances are [[thrilling]] .","the film 's performances are [[thrDilling]] .",0.00048828125,0.5771484375,1,0,1,8,"Successful"
"a fitfully amusing romp that , if nothing [[else]] , will [[appeal]] to fans of malcolm in the middle and its pubescent star , frankie muniz .","a fitfully amusing romp that , if nothing [[elsM]] , will [[appjal]] to fans of malcolm in the middle and its pubescent star , frankie muniz .",0.15185546875,0.7431640625,1,0,1,22,"Successful"
"in all , this is a watchable movie that 's not [[quite]] the [[memorable]] [[experience]] it [[might]] have been .","in all , this is a watchable movie that 's not [[zquite]] the [[mOemorable]] [[experiecne]] it [[mgiht]] have been .",0.00439453125,0.025390625,0,0,0,31,"Failed"
"affleck and jackson are [[good]] sparring [[partners]] .","affleck and jackson are [[goTd]] sparring [[partnerN]] .",0.00439453125,0.935546875,1,0,1,14,"Successful"
"it inspires a continuing and deeply satisfying awareness of the best movies as [[monumental]] ` picture [[shows]] . '","it inspires a continuing and deeply satisfying awareness of the best movies as [[monumetal]] ` picture [[shnws]] . '",0.0419921875,0.62255859375,1,0,1,20,"Successful"
"... with `` the bourne identity '' we return to the more traditional action [[genre]] .","... with `` the bourne identity '' we return to the more traditional action [[enre]] .",0.34521484375,0.77734375,1,0,1,12,"Successful"
"what the director ca [[n't]] do is [[make]] [[either]] of val kilmer 's two personas [[interesting]] or worth [[caring]] about .","what the director ca [[nxt]] do is [[mAke]] [[eithrer]] of val kilmer 's two personas [[ineresting]] or worth [[carting]] about .",0.00048828125,0.5234375,0,1,0,32,"Successful"
"holm ... embodies the character with an [[effortlessly]] [[regal]] charisma .","holm ... embodies the character with an [[effortlesly]] [[regla]] charisma .",0.00439453125,0.865234375,1,0,1,14,"Successful"
"-lrb- næs -rrb- directed the stage version of elling , and gets [[fine]] [[performances]] from his [[two]] [[leads]] who [[originated]] the [[characters]] on stage .","-lrb- næs -rrb- directed the stage version of elling , and gets [[ifne]] [[performanecs]] from his [[to]] [[leasd]] who [[Xoriginated]] the [[charactesr]] on stage .",0.037109375,0.55859375,1,0,1,39,"Successful"
"my big fat greek [[wedding]] uses stereotypes in a [[delightful]] blend of sweet romance and [[lovingly]] dished out [[humor]] .","my big fat greek [[weddin]] uses stereotypes in a [[deliIhtful]] blend of sweet romance and [[lDvingly]] dished out [[uhmor]] .",0.00439453125,0.55859375,1,0,1,29,"Successful"
"if [[director]] michael [[dowse]] only [[superficially]] understands his characters , he does n't hold them in contempt .","if [[driector]] michael [[Gowse]] only [[spuerficially]] understands his characters , he does n't hold them in contempt .",0.08740234375,0.5849609375,0,1,0,22,"Successful"
"whaley 's [[determination]] to [[immerse]] you in sheer , [[unrelenting]] [[wretchedness]] is [[exhausting]] .","whaley 's [[dKetermination]] to [[immYrse]] you in sheer , [[unrelentirg]] [[wretNhedness]] is [[exhaustsng]] .",0.00390625,0.05419921875,0,0,0,35,"Failed"
"at its best , queen is [[campy]] fun like the vincent price horror [[classics]] of the '[[60s]] .","at its best , queen is [[capmy]] fun like the vincent price horror [[ckassics]] of the '[[6rs]] .",0.009765625,0.708984375,1,0,1,22,"Successful"
"moretti 's compelling anatomy of grief and the difficult process of adapting to loss .","moretti 's compelling anatomy of grief and the difficult process of adapting to loss .",0.60009765625,0.60009765625,1,1,0,1,"Skipped"
"a [[tv]] style murder mystery with a few big screen moments -[[lrb-]] [[including]] one that [[seems]] to be [[made]] for a [[different]] [[film]] [[altogether]] -rrb- .","a [[t]] style murder mystery with a few big screen moments -[[rlb-]] [[icnluding]] one that [[seeIs]] to be [[mad]] for a [[differenc]] [[fiml]] [[altogehter]] -rrb- .",0.0380859375,0.392578125,0,0,0,80,"Failed"
"the [[end]] [[result]] is a film that 's [[neither]] .","the [[nd]] [[rsult]] is a film that 's [[neithQr]] .",0.00439453125,0.0166015625,0,0,0,21,"Failed"
"scorsese does [[n't]] [[give]] [[us]] a character [[worth]] [[giving]] a [[damn]] about .","scorsese does [[W't]] [[gBve]] [[uTs]] a character [[wordh]] [[gviing]] a [[dan]] about .",0.00048828125,0.28466796875,0,0,0,41,"Failed"
"an [[artful]] , intelligent film that [[stays]] within the confines of a [[well-established]] [[genre]] .","an [[arful]] , intelligent film that [[stayfs]] within the confines of a [[well-establisRed]] [[genge]] .",0.00634765625,0.763671875,1,0,1,24,"Successful"
"[[makes]] for a [[pretty]] [[unpleasant]] [[viewing]] experience .","[[maeks]] for a [[prett]] [[unplaesant]] [[veiwing]] experience .",0.00048828125,0.00634765625,0,0,0,25,"Failed"
"travels a fascinating arc from hope and euphoria to reality and disillusionment .","travels a fascinating arc from hope and euphoria to reality and disillusionment .",0.9033203125,0.9033203125,0,0,1,1,"Skipped"
"altogether , this is [[successful]] as a [[film]] , while at the same time being a most [[touching]] reconsideration of the familiar [[masterpiece]] .","altogether , this is [[succesHsful]] as a [[fiOm]] , while at the same time being a most [[ouching]] reconsideration of the familiar [[mastepiece]] .",0.0146484375,0.70263671875,1,0,1,24,"Successful"
"... an otherwise intense , twist-and-turn thriller that certainly should [[n't]] [[hurt]] talented young gaghan 's [[resume]] .","... an otherwise intense , twist-and-turn thriller that certainly should [[n']] [[Ahurt]] talented young gaghan 's [[oresume]] .",0.07568359375,0.67919921875,1,0,1,24,"Successful"
"the story and structure are [[well-honed]] .","the story and structure are [[Jell-honed]] .",0.00244140625,0.5546875,1,0,1,8,"Successful"
"has a [[lot]] of the virtues of eastwood at his [[best]] .","has a [[cot]] of the virtues of eastwood at his [[beyst]] .",0.01171875,0.7216796875,1,0,1,13,"Successful"
"do [[n't]] be [[fooled]] by the [[impressive]] cast list - eye see you is [[pure]] [[junk]] .","do [[n'Ft]] be [[foDoled]] by the [[impressve]] cast list - eye see you is [[Upure]] [[ujnk]] .",0.0009765625,0.44189453125,0,0,0,45,"Failed"
"do not [[see]] this [[film]] .","do not [[ese]] this [[iflm]] .",0.00048828125,0.005859375,0,0,0,11,"Failed"
"a fast , [[funny]] , [[highly]] [[enjoyable]] [[movie]] .","a fast , [[Yfunny]] , [[Iighly]] [[enjoLable]] [[movei]] .",0.00146484375,0.79052734375,1,0,1,22,"Successful"
"this tenth [[feature]] is a [[big]] [[deal]] , indeed -- at [[least]] the third-best , and maybe even a notch above the previous runner-up , nicholas meyer 's star trek [[vi]] : the [[undiscovered]] country .","this tenth [[feaKure]] is a [[ibg]] [[dhal]] , indeed -- at [[east]] the third-best , and maybe even a notch above the previous runner-up , nicholas meyer 's star trek [[i]] : the [[undiscovcred]] country .",0.02001953125,0.515625,1,0,1,60,"Successful"
"a rewarding work of art for only the most patient and challenge-hungry moviegoers .","a rewarding work of art for only the most patient and challenge-hungry moviegoers .",0.93994140625,0.93994140625,0,0,1,1,"Skipped"
"[[due]] to some [[script]] [[weaknesses]] and the casting of the [[director]] 's brother , the [[film]] trails off into [[inconsequentiality]] .","[[dXe]] to some [[qcript]] [[weankesses]] and the casting of the [[diector]] 's brother , the [[filR]] trails off into [[inconsequeSntiality]] .",0.00146484375,0.01611328125,0,0,0,45,"Failed"
"a [[by-the-numbers]] effort that [[wo]] [[n't]] do much to [[enhance]] the [[franchise]] .","a [[by-then-umbers]] effort that [[wro]] [[Sn't]] do much to [[ehance]] the [[fracnhise]] .",0.00048828125,0.00732421875,0,0,0,36,"Failed"
"enormously [[entertaining]] for [[moviegoers]] of any [[age]] .","enormously [[enYertaining]] for [[moviecoers]] of any [[agC]] .",0.00146484375,0.5966796875,1,0,1,17,"Successful"
"thanks to scott 's [[charismatic]] roger and eisenberg 's [[sweet]] nephew , [[roger]] [[dodger]] is [[one]] of the most [[compelling]] variations on in the [[company]] of [[men]] .","thanks to scott 's [[chariXmatic]] roger and eisenberg 's [[swet]] nephew , [[orger]] [[doder]] is [[cone]] of the most [[compellinV]] variations on in the [[compay]] of [[mne]] .",0.0380859375,0.52734375,1,0,1,46,"Successful"
"richard gere and diane lane put in [[fine]] performances as does french actor oliver martinez .","richard gere and diane lane put in [[finRe]] performances as does french actor oliver martinez .",0.0263671875,0.822265625,1,0,1,16,"Successful"
"immersing us in the [[endlessly]] [[inventive]] , fiercely competitive [[world]] of hip-hop djs , the project is [[sensational]] and [[revelatory]] , even if [[scratching]] makes you itch .","immersing us in the [[endlesslT]] [[inventKve]] , fiercely competitive [[worlW]] of hip-hop djs , the project is [[sensaHional]] and [[revelaGory]] , even if [[scrztching]] makes you itch .",0.029296875,0.611328125,1,0,1,40,"Successful"
"a pleasant enough romance with intellectual underpinnings , the kind of movie that entertains even as it turns maddeningly predictable .","a pleasant enough romance with intellectual underpinnings , the kind of movie that entertains even as it turns maddeningly predictable .",0.8720703125,0.8720703125,0,0,1,1,"Skipped"
"an important movie , a reminder of the [[power]] of film to [[move]] us and to make us examine our [[values]] .","an important movie , a reminder of the [[powKr]] of film to [[movF]] us and to make us examine our [[valuYs]] .",0.0068359375,0.5810546875,1,0,1,24,"Successful"
"[[griffiths]] [[proves]] she 's that [[rare]] [[luminary]] who continually [[raises]] the [[standard]] of her [[profession]] .","[[riffiths]] [[sroves]] she 's that [[rar]] [[lumiUnary]] who continually [[raiser]] the [[sqandard]] of her [[professdon]] .",0.00390625,0.5927734375,1,0,1,40,"Successful"
"an entertaining , colorful , action-filled crime [[story]] with an [[intimate]] [[heart]] .","an entertaining , colorful , action-filled crime [[Ntory]] with an [[intimat]] [[haert]] .",0.00537109375,0.71875,1,0,1,20,"Successful"
"and that 's a [[big]] part of why we go to the movies .","and that 's a [[bbg]] part of why we go to the movies .",0.177734375,0.52734375,1,0,1,9,"Successful"
"the movie achieves as great an impact by keeping these thoughts hidden as ... -lrb- quills -rrb- did by showing them .","the movie achieves as great an impact by keeping these thoughts hidden as ... -lrb- quills -rrb- did by showing them .",0.91357421875,0.91357421875,0,0,1,1,"Skipped"
"the film 's welcome breeziness and some unbelievably [[hilarious]] moments -- most portraying the idiocy of the film industry -- make it mostly [[worth]] the trip .","the film 's welcome breeziness and some unbelievably [[hilariosu]] moments -- most portraying the idiocy of the film industry -- make it mostly [[wroth]] the trip .",0.009765625,0.57373046875,1,0,1,23,"Successful"
"it takes a strange [[kind]] of [[laziness]] to [[waste]] the [[talents]] of [[robert]] forster , [[anne]] [[meara]] , [[eugene]] levy , and [[reginald]] [[veljohnson]] all in the same movie .","it takes a strange [[iknd]] of [[lainess]] to [[waset]] the [[taleZts]] of [[robjrt]] forster , [[ainne]] [[meaza]] , [[eugeIne]] levy , and [[reYginald]] [[veljhnson]] all in the same movie .",0.00927734375,0.27197265625,0,0,0,76,"Failed"
"a rarity among recent iranian films : it 's a comedy full of gentle humor that chides the absurdity of its protagonist 's [[plight]] .","a rarity among recent iranian films : it 's a comedy full of gentle humor that chides the absurdity of its protagonist 's [[plighJ]] .",0.046875,0.92529296875,1,0,1,18,"Successful"
"while there 's something intrinsically funny about sir anthony hopkins saying ` get in the car , bitch , ' this jerry bruckheimer production has little else to offer","while there 's something intrinsically funny about sir anthony hopkins saying ` get in the car , bitch , ' this jerry bruckheimer production has little else to offer",0.99755859375,0.99755859375,0,0,1,1,"Skipped"
"if your taste runs to ` difficult ' films you absolutely ca n't [[miss]] it .","if your taste runs to ` difficult ' films you absolutely ca n't [[imss]] it .",0.099609375,0.99365234375,1,0,1,14,"Successful"
"the [[film]] 's [[tone]] and [[pacing]] are off [[almost]] from the [[get-go]] .","the [[Cfilm]] 's [[toen]] and [[Hpacing]] are off [[almowt]] from the [[Ret-go]] .",0.00048828125,0.02392578125,0,0,0,26,"Failed"
"the [[cold]] [[turkey]] [[would]] 've been a [[far]] [[better]] [[title]] .","the [[colcd]] [[tukey]] [[wFuld]] 've been a [[fRr]] [[beCtter]] [[tNitle]] .",0.01025390625,0.134765625,0,0,0,31,"Failed"
"it does [[nothing]] new with the old story , except to show fisticuffs in this sort of stop-go slow motion that [[makes]] the gang rumbles [[look]] [[like]] they 're being streamed over a 28k modem .","it does [[noPthing]] new with the old story , except to show fisticuffs in this sort of stop-go slow motion that [[mkes]] the gang rumbles [[loopk]] [[liGke]] they 're being streamed over a 28k modem .",0.00341796875,0.95751953125,0,1,0,36,"Successful"
"two hours fly by -- opera 's a pleasure when you do n't have to endure [[intermissions]] -- and even a novice to the form comes [[away]] [[exhilarated]] .","two hours fly by -- opera 's a pleasure when you do n't have to endure [[intermissios]] -- and even a novice to the form comes [[awgy]] [[exhHlarated]] .",0.04736328125,0.6513671875,1,0,1,31,"Successful"
"[[hit]] and [[miss]] as [[far]] as the [[comedy]] [[goes]] and a [[big]] ole ' [[miss]] in the [[way]] of story .","[[iht]] and [[miEss]] as [[fatr]] as the [[Fomedy]] [[gUes]] and a [[bgi]] ole ' [[iss]] in the [[wya]] of story .",0.00048828125,0.21484375,0,0,0,50,"Failed"
"mcconaughey 's [[fun]] to watch , the dragons are okay , not much fire in the script .","mcconaughey 's [[fu]] to watch , the dragons are okay , not much fire in the script .",0.15625,0.96435546875,1,0,1,13,"Successful"
"a gorgeous , high-spirited [[musical]] from india that [[exquisitely]] [[blends]] [[music]] , [[dance]] , [[song]] , and [[high]] [[drama]] .","a gorgeous , high-spirited [[musicaC]] from india that [[eqxuisitely]] [[bends]] [[musi]] , [[dSnce]] , [[sung]] , and [[nhigh]] [[draa]] .",0.00244140625,0.5625,1,0,1,44,"Successful"
"looks and feels like a project [[better]] [[suited]] for the small screen .","looks and feels like a project [[btter]] [[suiteRd]] for the small screen .",0.001953125,0.64453125,0,1,0,17,"Successful"
"inside the film 's conflict-powered plot there is a decent moral trying to get out , but it 's not that , it 's the [[tension]] that [[keeps]] you in your seat .","inside the film 's conflict-powered plot there is a decent moral trying to get out , but it 's not that , it 's the [[tenson]] that [[keepw]] you in your seat .",0.22021484375,0.5,1,0,1,20,"Successful"
"its [[story]] may be a [[thousand]] [[years]] old , but why did it have to seem [[like]] it [[took]] [[another]] [[thousand]] to [[tell]] it to [[us]] ?","its [[storIy]] may be a [[thusand]] [[year]] old , but why did it have to seem [[libe]] it [[tPok]] [[anoSther]] [[thousaMnd]] to [[teDll]] it to [[s]] ?",0.00732421875,0.08251953125,0,0,0,61,"Failed"
"the [[best]] film about baseball to hit theaters since field of dreams .","the [[byest]] film about baseball to hit theaters since field of dreams .",0.00634765625,0.7431640625,1,0,1,13,"Successful"
"the [[vitality]] of the actors keeps the intensity of the film [[high]] , even as the strafings blend together .","the [[itality]] of the actors keeps the intensity of the film [[igh]] , even as the strafings blend together .",0.27197265625,0.86328125,1,0,1,18,"Successful"
"the film may appear naked in its narrative form ... but it goes deeper than that , to fundamental choices that include the complexity of the catholic doctrine","the film may appear naked in its narrative form ... but it goes deeper than that , to fundamental choices that include the complexity of the catholic doctrine",0.56982421875,0.56982421875,0,0,1,1,"Skipped"
"there are [[simply]] too [[many]] [[ideas]] [[floating]] [[around]] -- part farce , part [[sliding]] doors , [[part]] pop video -- and [[yet]] [[failing]] to [[exploit]] them .","there are [[simpQy]] too [[mapny]] [[ideaNs]] [[floEating]] [[aroYnd]] -- part farce , part [[csliding]] doors , [[art]] pop video -- and [[ye]] [[faJiling]] to [[euxploit]] them .",0.0029296875,0.32080078125,0,0,0,81,"Failed"
"overall very [[good]] for what it 's trying to do .","overall very [[ood]] for what it 's trying to do .",0.00244140625,0.845703125,1,0,1,8,"Successful"
"it haunts , horrifies , startles and fascinates ; it is impossible to look away .","it haunts , horrifies , startles and fascinates ; it is impossible to look away .",0.83349609375,0.83349609375,0,0,1,1,"Skipped"
"[[sacrifices]] the [[value]] of its [[wealth]] of archival [[foot-age]] with its [[less-than-objective]] [[stance]] .","[[sacZifices]] the [[Xvalue]] of its [[swealth]] of archival [[fPoot-age]] with its [[les-than-objective]] [[stanDe]] .",0.00390625,0.037109375,0,0,0,36,"Failed"
"it showcases carvey 's talent for voices , but not [[nearly]] [[enough]] and not [[without]] taxing every drop of one 's [[patience]] to get to the good stuff .","it showcases carvey 's talent for voices , but not [[nealry]] [[enRugh]] and not [[Dwithout]] taxing every drop of one 's [[pEtience]] to get to the good stuff .",0.01123046875,0.90869140625,0,1,0,32,"Successful"
"escaping the studio , piccoli is [[warmly]] affecting and so is this adroitly minimalist [[movie]] .","escaping the studio , piccoli is [[armly]] affecting and so is this adroitly minimalist [[movDe]] .",0.025390625,0.90625,1,0,1,17,"Successful"
"the most compelling wiseman [[epic]] of recent years .","the most compelling wiseman [[epiN]] of recent years .",0.03955078125,0.5,1,0,1,10,"Successful"
"sam mendes has become valedictorian at the school for soft [[landings]] and [[easy]] ways out .","sam mendes has become valedictorian at the school for soft [[landnigs]] and [[eJsy]] ways out .",0.02392578125,0.546875,0,1,0,18,"Successful"
"entertains by providing [[good]] , [[lively]] company .","entertains by providing [[goon]] , [[lieely]] company .",0.00244140625,0.52734375,1,0,1,14,"Successful"
"just [[embarrassment]] and a vague [[sense]] of [[shame]] .","just [[embarrassmeKnt]] and a vague [[sensD]] of [[hsame]] .",0.0009765625,0.0166015625,0,0,0,20,"Failed"
"it 's a much more emotional journey than what [[shyamalan]] has given [[us]] in his [[past]] [[two]] [[movies]] , and [[gibson]] , [[stepping]] in for [[bruce]] [[willis]] , is the [[perfect]] actor to take [[us]] on the trip .","it 's a much more emotional journey than what [[shyaDmalan]] has given [[su]] in his [[pas]] [[tw]] [[moies]] , and [[gbison]] , [[steping]] in for [[brce]] [[illis]] , is the [[perfePct]] actor to take [[rus]] on the trip .",0.0087890625,0.27197265625,1,1,1,90,"Failed"
"it 's of the [[quality]] of a [[lesser]] harrison ford [[movie]] - [[six]] days , seven nights , maybe , or that [[dreadful]] sabrina [[remake]] .","it 's of the [[Zuality]] of a [[leser]] harrison ford [[mvie]] - [[sxi]] days , seven nights , maybe , or that [[drMadful]] sabrina [[reamke]] .",0.01416015625,0.60400390625,0,1,0,50,"Successful"
"there is [[n't]] [[nearly]] [[enough]] [[fun]] here , [[despite]] the [[presence]] of some [[appealing]] ingredients .","there is [[n']] [[early]] [[neough]] [[ufn]] here , [[deUpite]] the [[presenMce]] of some [[appealng]] ingredients .",0.00146484375,0.53125,0,1,0,41,"Successful"
"it [[takes]] [[talent]] to [[make]] a [[lifeless]] [[movie]] about the most [[heinous]] [[man]] who [[ever]] lived .","it [[takeAs]] [[talUent]] to [[mkae]] a [[lijfeless]] [[mevie]] about the most [[hienous]] [[maMn]] who [[evWer]] lived .",0.00439453125,0.1259765625,0,0,0,46,"Failed"
"[[impostor]] has a handful of thrilling moments and a [[couple]] of good [[performances]] , but the [[movie]] does [[n't]] [[quite]] [[fly]] .","[[impstor]] has a handful of thrilling moments and a [[coupZe]] of good [[perfomrances]] , but the [[moviQ]] does [[nt]] [[quYte]] [[flY]] .",0.01025390625,0.53125,0,1,0,55,"Successful"
"preaches to two completely different choirs at the same time , which is a [[pretty]] [[amazing]] [[accomplishment]] .","preaches to two completely different choirs at the same time , which is a [[fretty]] [[amXzing]] [[accmoplishment]] .",0.01025390625,0.53125,1,0,1,22,"Successful"
"there are plot [[holes]] big enough for shamu the killer whale to swim through .","there are plot [[hGoles]] big enough for shamu the killer whale to swim through .",0.0283203125,0.6689453125,0,1,0,13,"Successful"
"it [[takes]] a certain kind of horror movie to [[qualify]] as ` [[worse]] than expected , ' but [[ghost]] ship [[somehow]] manages to do exactly that .","it [[take]] a certain kind of horror movie to [[qualif]] as ` [[woBse]] than expected , ' but [[gohst]] ship [[sokehow]] manages to do exactly that .",0.0029296875,0.5078125,0,1,0,50,"Successful"
"[[manages]] to transcend the sex , drugs and show-tunes plot into something far [[richer]] .","[[manates]] to transcend the sex , drugs and show-tunes plot into something far [[ricNer]] .",0.0068359375,0.5234375,1,0,1,18,"Successful"
"a [[smart]] , [[witty]] follow-up .","a [[smCrt]] , [[wotty]] follow-up .",0.009765625,0.763671875,1,0,1,12,"Successful"
"it 's not the [[ultimate]] depression-era [[gangster]] [[movie]] .","it 's not the [[ultimaet]] depression-era [[gagster]] [[moEie]] .",0.00634765625,0.02197265625,0,0,0,21,"Failed"
"for all its impressive craftsmanship , and despite an overbearing series of third-act crescendos , lily chou-chou [[never]] [[really]] builds up a head of emotional steam .","for all its impressive craftsmanship , and despite an overbearing series of third-act crescendos , lily chou-chou [[neIer]] [[reKally]] builds up a head of emotional steam .",0.015625,0.60400390625,0,1,0,28,"Successful"
"anchored by friel and williams 's [[exceptional]] performances , the [[film]] 's [[power]] lies in its [[complexity]] .","anchored by friel and williams 's [[exceptBonal]] performances , the [[fiml]] 's [[powJr]] lies in its [[compleximy]] .",0.02099609375,0.837890625,1,0,1,34,"Successful"
"[[without]] non-stop [[techno]] or the [[existential]] [[overtones]] of a [[kieslowski]] morality tale , maelström is just another [[winter]] [[sleepers]] .","[[witphout]] non-stop [[techMo]] or the [[existvntial]] [[ovegtones]] of a [[kiesloYwski]] morality tale , maelström is just another [[wintekr]] [[sleeper]] .",0.03515625,0.43017578125,0,0,0,61,"Failed"
"the [[film]] [[tries]] too [[hard]] to be [[funny]] and [[tries]] too [[hard]] to be [[hip]] .","the [[Vilm]] [[trie]] too [[haVrd]] to be [[funy]] and [[trieMs]] too [[uard]] to be [[Xip]] .",0.00048828125,0.11767578125,0,0,0,35,"Failed"
"it just [[may]] [[inspire]] a few [[younger]] [[moviegoers]] to [[read]] stevenson 's [[book]] , which is a [[treasure]] in and of itself .","it just [[ay]] [[inspiNe]] a few [[oyunger]] [[moviegeors]] to [[erad]] stevenson 's [[boko]] , which is a [[rteasure]] in and of itself .",0.00537109375,0.79833984375,1,0,1,37,"Successful"
"turns potentially forgettable formula into something strangely [[diverting]] .","turns potentially forgettable formula into something strangely [[diveting]] .",0.0498046875,0.9580078125,1,0,1,12,"Successful"
"it 's also , clearly , great [[fun]] .","it 's also , clearly , great [[un]] .",0.0771484375,0.689453125,1,0,1,9,"Successful"
"[[oscar]] [[wilde]] 's masterpiece , the importance of being [[earnest]] , [[may]] be the [[best]] [[play]] of the 19th [[century]] .","[[oscra]] [[ilde]] 's masterpiece , the importance of being [[arnest]] , [[mBy]] be the [[bMest]] [[lay]] of the 19th [[cenQury]] .",0.00634765625,0.66552734375,1,0,1,43,"Successful"
"it 's [[like]] watching a [[nightmare]] [[made]] [[flesh]] .","it 's [[liHe]] watching a [[nightmarZ]] [[Yade]] [[lfesh]] .",0.001953125,0.02880859375,0,0,0,25,"Failed"
"[[forced]] , [[familiar]] and [[thoroughly]] [[condescending]] .","[[forcerd]] , [[familiair]] and [[thoAroughly]] [[condescenidng]] .",0.00341796875,0.04833984375,0,0,0,21,"Failed"
"it 's hard to like a film about a guy who is [[utterly]] unlikeable , and shiner , starring michael caine as an aging british boxing promoter desperate for a taste of fame and fortune , is certainly that .","it 's hard to like a film about a guy who is [[uttrely]] unlikeable , and shiner , starring michael caine as an aging british boxing promoter desperate for a taste of fame and fortune , is certainly that .",0.00927734375,0.9853515625,0,1,0,24,"Successful"
"the mesmerizing [[performances]] of the leads [[keep]] the [[film]] [[grounded]] and [[keep]] the [[audience]] [[riveted]] .","the mesmerizing [[performanLes]] of the leads [[kepe]] the [[filv]] [[grounEded]] and [[keex]] the [[audRence]] [[rzveted]] .",0.00341796875,0.7744140625,1,0,1,37,"Successful"
"belongs to daniel day-lewis as much as it belongs to martin scorsese ; it 's a [[memorable]] performance in a big , brassy , disturbing , unusual and [[highly]] [[successful]] [[film]] .","belongs to daniel day-lewis as much as it belongs to martin scorsese ; it 's a [[memroable]] performance in a big , brassy , disturbing , unusual and [[hizhly]] [[Luccessful]] [[xilm]] .",0.083984375,0.5234375,1,0,1,32,"Successful"
"if the first [[men]] in [[black]] was [[money]] , the second is small change .","if the first [[sen]] in [[blcak]] was [[monePy]] , the second is small change .",0.06640625,0.40380859375,0,0,0,36,"Failed"
"for the most part stevens glides through on some [[solid]] performances and [[witty]] [[dialogue]] .","for the most part stevens glides through on some [[oslid]] performances and [[wtty]] [[dpalogue]] .",0.00390625,0.90869140625,1,0,1,20,"Successful"
"it 's another video movie photographed like a film , with the [[bad]] lighting that 's often written off as indie film naturalism .","it 's another video movie photographed like a film , with the [[Ead]] lighting that 's often written off as indie film naturalism .",0.01416015625,0.60009765625,0,1,0,18,"Successful"
"it 's somewhat clumsy and too lethargically paced -- but its story about a mysterious creature with psychic abilities offers a solid build-up , a terrific climax , and some nice chills along the way .","it 's somewhat clumsy and too lethargically paced -- but its story about a mysterious creature with psychic abilities offers a solid build-up , a terrific climax , and some nice chills along the way .",0.97900390625,0.97900390625,1,1,0,1,"Skipped"
"looking aristocratic , luminous yet careworn in jane hamilton 's exemplary costumes , rampling gives a performance that could not be [[improved]] [[upon]] . '","looking aristocratic , luminous yet careworn in jane hamilton 's exemplary costumes , rampling gives a performance that could not be [[lmproved]] [[puon]] . '",0.021484375,0.546875,1,0,1,24,"Successful"
"thekids will probably stay [[amused]] at the kaleidoscope of big , [[colorful]] characters .","thekids will probably stay [[umused]] at the kaleidoscope of big , [[coorful]] characters .",0.0224609375,0.78515625,1,0,1,16,"Successful"
"i do [[n't]] mind having my heartstrings [[pulled]] , but do [[n't]] [[treat]] me [[like]] a fool .","i do [[n'pt]] mind having my heartstrings [[pQulled]] , but do [[nt']] [[Great]] me [[liku]] a fool .",0.0185546875,0.09423828125,0,0,0,41,"Failed"
"an [[exquisitely]] [[crafted]] and [[acted]] tale .","an [[exquisiteEy]] [[crfated]] and [[acged]] tale .",0.00048828125,0.951171875,1,0,1,17,"Successful"
"not since tom cruise in risky business has an actor [[made]] such a strong impression in his underwear .","not since tom cruise in risky business has an actor [[Bade]] such a strong impression in his underwear .",0.4150390625,0.9033203125,1,0,1,15,"Successful"
"or doing [[last]] year 's [[taxes]] with your [[ex-wife]] .","or doing [[lasMt]] year 's [[tJaxes]] with your [[eTx-wife]] .",0.029296875,0.36669921875,0,0,0,21,"Failed"
"scooby dooby doo \/ and shaggy too \/ you both look and [[sound]] [[great]] .","scooby dooby doo \/ and shaggy too \/ you both look and [[sounQd]] [[gerat]] .",0.02587890625,0.55078125,1,0,1,16,"Successful"
"may be far from the best of the series , but it 's assured , [[wonderfully]] [[respectful]] of its past and [[thrilling]] [[enough]] to make it abundantly clear that this movie phenomenon has once again [[reinvented]] itself for a [[new]] [[generation]] .","may be far from the best of the series , but it 's assured , [[wonderfullFy]] [[respectflu]] of its past and [[trilling]] [[enougR]] to make it abundantly clear that this movie phenomenon has once again [[reinvnted]] itself for a [[nMew]] [[generatiBon]] .",0.00341796875,0.99755859375,1,0,1,54,"Successful"
"[[one]] of those energetic surprises , an [[original]] that [[pleases]] [[almost]] [[everyone]] who [[sees]] it .","[[oen]] of those energetic surprises , an [[originBal]] that [[peases]] [[almots]] [[everyTne]] who [[seeg]] it .",0.0029296875,0.54296875,1,0,1,33,"Successful"
"does n't [[offer]] much [[besides]] glib soullessness , raunchy language and a series of brutal set pieces ... that raise the bar on stylized screen violence .","does n't [[offhr]] much [[esides]] glib soullessness , raunchy language and a series of brutal set pieces ... that raise the bar on stylized screen violence .",0.0517578125,0.6826171875,0,1,0,26,"Successful"
"[[movie]] fans , [[get]] ready to take off ... the other [[direction]] .","[[moqvie]] fans , [[et]] ready to take off ... the other [[directino]] .",0.017578125,0.453125,0,0,0,31,"Failed"
"not only [[unfunny]] , but [[downright]] [[repellent]] .","not only [[unfuny]] , but [[dornright]] [[reellent]] .",0.00048828125,0.0087890625,0,0,0,14,"Failed"
"for the most part , it 's a [[work]] of incendiary [[genius]] , steering clear of knee-jerk reactions and quick solutions .","for the most part , it 's a [[wcrk]] of incendiary [[gneius]] , steering clear of knee-jerk reactions and quick solutions .",0.0146484375,0.7060546875,1,0,1,19,"Successful"
"seldom has a movie so [[closely]] [[matched]] the spirit of a man and his [[work]] .","seldom has a movie so [[cloqsely]] [[maLtched]] the spirit of a man and his [[wor]] .",0.01171875,0.93896484375,1,0,1,20,"Successful"
"you 'll gasp appalled and laugh outraged and possibly , watching the spectacle of a promising young lad treading desperately in a nasty sea , shed an errant tear .","you 'll gasp appalled and laugh outraged and possibly , watching the spectacle of a promising young lad treading desperately in a nasty sea , shed an errant tear .",0.85791015625,0.85791015625,0,0,1,1,"Skipped"
"comes off [[like]] a [[rejected]] abc afterschool special , [[freshened]] up by the [[dunce]] of a screenwriting 101 class .","comes off [[Clike]] a [[refected]] abc afterschool special , [[fresFened]] up by the [[udnce]] of a screenwriting 101 class .",0.0029296875,0.52734375,0,1,0,28,"Successful"
"this flick is about as cool and crowd-pleasing as a documentary can [[get]] .","this flick is about as cool and crowd-pleasing as a documentary can [[gte]] .",0.00927734375,0.85595703125,1,0,1,10,"Successful"
"ramsay , as in ratcatcher , remains a [[filmmaker]] with an acid viewpoint and a real [[gift]] for teasing chilly poetry out of lives and settings that [[might]] [[otherwise]] [[seem]] [[drab]] and sordid .","ramsay , as in ratcatcher , remains a [[filmamker]] with an acid viewpoint and a real [[gitf]] for teasing chilly poetry out of lives and settings that [[migkt]] [[otherwie]] [[Kseem]] [[drba]] and sordid .",0.009765625,0.662109375,1,0,1,43,"Successful"
"if there 's [[one]] [[thing]] this world [[needs]] [[less]] of , it 's [[movies]] about [[college]] that are written and [[directed]] by [[people]] who [[could]] [[n't]] [[pass]] an entrance exam .","if there 's [[Wone]] [[tLing]] this world [[eneds]] [[lses]] of , it 's [[Movies]] about [[colege]] that are written and [[directde]] by [[pXeople]] who [[coudl]] [[n'z]] [[apss]] an entrance exam .",0.0009765625,0.32421875,0,0,0,76,"Failed"
"[[director]] of photography benoit delhomme shot the movie in delicious [[colors]] , and the [[costumes]] and sets are [[grand]] .","[[dirAector]] of photography benoit delhomme shot the movie in delicious [[zolors]] , and the [[costuEmes]] and sets are [[rgand]] .",0.005859375,0.54296875,1,0,1,28,"Successful"
"instead , he [[shows]] them the [[respect]] they are due .","instead , he [[shyows]] them the [[resect]] they are due .",0.00830078125,0.8154296875,1,0,1,12,"Successful"
"... plot [[holes]] so [[large]] and [[obvious]] a [[marching]] [[band]] [[might]] as [[well]] be [[stomping]] through them in [[clown]] [[clothes]] , playing a college [[football]] fight [[song]] on [[untuned]] instruments .","... plot [[hMoles]] so [[laJge]] and [[obviouZ]] a [[macrhing]] [[baGd]] [[migth]] as [[welZ]] be [[stompig]] through them in [[clXown]] [[clohtes]] , playing a college [[fotball]] fight [[Dsong]] on [[unQuned]] instruments .",0.0029296875,0.9931640625,0,1,0,78,"Successful"
"a quiet treasure -- a film to be [[savored]] .","a quiet treasure -- a film to be [[asvored]] .",0.0234375,0.86328125,1,0,1,9,"Successful"
"warm water under a red bridge is a quirky and poignant japanese [[film]] that explores the fascinating connections between women , water , nature , and [[sexuality]] .","warm water under a red bridge is a quirky and poignant japanese [[Milm]] that explores the fascinating connections between women , water , nature , and [[sexualify]] .",0.04736328125,0.7880859375,1,0,1,24,"Successful"
"it 's too [[self-important]] and [[plodding]] to be [[funny]] , and too [[clipped]] and [[abbreviated]] to be an epic .","it 's too [[self-dmportant]] and [[pldding]] to be [[unny]] , and too [[clipepd]] and [[abLreviated]] to be an epic .",0.0009765625,0.02294921875,0,0,0,31,"Failed"
"few films [[capture]] so [[perfectly]] the hopes and dreams of little [[boys]] on baseball fields as [[well]] as the [[grown]] men who [[sit]] in the [[stands]] .","few films [[captuZe]] so [[perfectlwy]] the hopes and dreams of little [[bows]] on baseball fields as [[wegl]] as the [[gown]] men who [[sDt]] in the [[stads]] .",0.00634765625,0.5810546875,1,0,1,43,"Successful"
"the [[lower]] your expectations , the more you 'll enjoy it .","the [[Oower]] your expectations , the more you 'll enjoy it .",0.0205078125,0.9560546875,0,1,0,8,"Successful"
"yes , [[dull]] .","yes , [[dul]] .",0.044921875,0.50390625,0,1,0,6,"Successful"
"that 's pure [[pr]] [[hype]] .","that 's pure [[p]] [[hyep]] .",0.00341796875,0.388671875,0,0,0,15,"Failed"
"it is great summer fun to watch arnold and his buddy gerald bounce off a [[quirky]] cast of [[characters]] .","it is great summer fun to watch arnold and his buddy gerald bounce off a [[quiry]] cast of [[characteZrs]] .",0.0224609375,0.5078125,1,0,1,20,"Successful"
"a subtle and [[well-crafted]] -[[lrb-]] for the most part -rrb- chiller .","a subtle and [[well-craftep]] -[[lr-b]] for the most part -rrb- chiller .",0.12939453125,0.5771484375,1,0,1,15,"Successful"
"that is a [[compliment]] to kuras and miller .","that is a [[compliTent]] to kuras and miller .",0.19189453125,0.8310546875,1,0,1,8,"Successful"
"one of the more intelligent children 's [[movies]] to hit theaters this [[year]] .","one of the more intelligent children 's [[omvies]] to hit theaters this [[yFear]] .",0.00341796875,0.982421875,1,0,1,16,"Successful"
"for the most [[part]] , [[director]] [[anne-sophie]] birot 's first [[feature]] is a sensitive , [[extraordinarily]] [[well-acted]] [[drama]] .","for the most [[prat]] , [[dPrector]] [[anne-sophei]] birot 's first [[Bfeature]] is a sensitive , [[extraordiarily]] [[Rell-acted]] [[draja]] .",0.00341796875,0.51953125,1,0,1,43,"Successful"
"it 's a [[beautiful]] madness .","it 's a [[beauqiful]] madness .",0.42236328125,0.7431640625,1,0,1,7,"Successful"
"stealing harvard is [[evidence]] that the [[farrelly]] bros. -- [[peter]] and bobby -- and their brand of [[screen]] [[comedy]] are [[wheezing]] to an [[end]] , along with green 's half-hearted movie career .","stealing harvard is [[Dvidence]] that the [[farMelly]] bros. -- [[Deter]] and bobby -- and their brand of [[screemn]] [[comLedy]] are [[whbezing]] to an [[en]] , along with green 's half-hearted movie career .",0.013671875,0.9873046875,0,1,0,57,"Successful"
"i [[sympathize]] with the plight of these families , but the [[movie]] does [[n't]] do a very good job [[conveying]] the [[issue]] at hand .","i [[sypathize]] with the plight of these families , but the [[moNvie]] does [[n'C]] do a very good job [[conveiyng]] the [[iSssue]] at hand .",0.00244140625,0.04248046875,0,0,0,51,"Failed"
"a [[giggle-inducing]] comedy with [[snappy]] [[dialogue]] and [[winning]] [[performances]] by an [[unlikely]] [[team]] of [[oscar-winners]] : [[susan]] sarandon and goldie [[hawn]] .","a [[giggle-Vinducing]] comedy with [[snapIy]] [[dialouge]] and [[inning]] [[performanaes]] by an [[unliekly]] [[tam]] of [[oscar-winneys]] : [[suan]] sarandon and goldie [[hawC]] .",0.00390625,0.54296875,1,0,1,53,"Successful"
"the words , ` frankly , my dear , i do [[n't]] [[give]] a [[damn]] , ' have never been more appropriate .","the words , ` frankly , my dear , i do [[n'J]] [[ive]] a [[tamn]] , ' have never been more appropriate .",0.03662109375,0.615234375,0,1,0,22,"Successful"
"by [[getting]] myself [[wrapped]] up in the visuals and [[eccentricities]] of [[many]] of the characters , i [[found]] myself confused when it came [[time]] to [[get]] to the heart of the [[movie]] .","by [[geVtting]] myself [[wraped]] up in the visuals and [[ezccentricities]] of [[maOny]] of the characters , i [[fund]] myself confused when it came [[tiLe]] to [[geat]] to the heart of the [[omvie]] .",0.01416015625,0.30712890625,0,0,0,65,"Failed"
"his healthy sense of satire is light and [[fun]] ...","his healthy sense of satire is light and [[fFn]] ...",0.00927734375,0.85009765625,1,0,1,10,"Successful"
"a grimly competent and stolid and earnest military courtroom drama .","a grimly competent and stolid and earnest military courtroom drama .",0.974609375,0.974609375,0,0,1,1,"Skipped"
"it moves quickly , adroitly , and without fuss ; it does n't give you time to reflect on the inanity -- and the cold war datedness -- of its premise .","it moves quickly , adroitly , and without fuss ; it does n't give you time to reflect on the inanity -- and the cold war datedness -- of its premise .",0.984375,0.984375,0,0,1,1,"Skipped"
"[[part]] [[low]] [[rent]] godfather .","[[pat]] [[loL]] [[reTnt]] godfather .",0.0361328125,0.43017578125,0,0,0,21,"Failed"
"or emptying rat traps .","or emptying rat traps .",0.19921875,0.19921875,0,0,0,16,"Failed"
"the special effects and many scenes of weightlessness look as good or better than in the original , while the oscar-winning sound and james [[horner]] 's [[rousing]] score [[make]] good [[use]] of the hefty [[audio]] [[system]] .","the special effects and many scenes of weightlessness look as good or better than in the original , while the oscar-winning sound and james [[hornem]] 's [[rousina]] score [[magke]] good [[usC]] of the hefty [[aduio]] [[systey]] .",0.00146484375,0.30712890625,1,1,1,100,"Failed"
"on the heels of the ring comes a similarly morose and humorless horror movie that , although flawed , is to be [[commended]] for its straight-ahead approach to creepiness .","on the heels of the ring comes a similarly morose and humorless horror movie that , although flawed , is to be [[comemnded]] for its straight-ahead approach to creepiness .",0.25390625,0.54296875,1,0,1,19,"Successful"
"harris commands the screen , using his frailty to suggest the ravages of a life of corruption and ruthlessness .","harris commands the screen , using his frailty to suggest the ravages of a life of corruption and ruthlessness .",0.958984375,0.958984375,0,0,1,1,"Skipped"
"schaeffer has to find some [[hook]] on which to [[hang]] his persistently [[useless]] movies , and it might as [[well]] be the resuscitation of the middle-aged character .","schaeffer has to find some [[ook]] on which to [[Fang]] his persistently [[usaeless]] movies , and it might as [[welG]] be the resuscitation of the middle-aged character .",0.16015625,0.51953125,0,1,0,33,"Successful"
"offers much to enjoy ... and a [[lot]] to [[mull]] over in terms of love , loyalty and the nature of staying friends .","offers much to enjoy ... and a [[ot]] to [[mlul]] over in terms of love , loyalty and the nature of staying friends .",0.259765625,0.8974609375,1,0,1,20,"Successful"
"in execution , this [[clever]] [[idea]] is [[far]] [[less]] [[funny]] than the [[original]] , killers from space .","in execution , this [[celver]] [[ide]] is [[Par]] [[uess]] [[fueny]] than the [[orignial]] , killers from space .",0.00146484375,0.57373046875,0,1,0,38,"Successful"
"[[adults]] will wish the [[movie]] were [[less]] [[simplistic]] , [[obvious]] , [[clumsily]] [[plotted]] and [[shallowly]] [[characterized]] .","[[audlts]] will wish the [[movPie]] were [[Ness]] [[sJmplistic]] , [[Nobvious]] , [[clujmsily]] [[pZlotted]] and [[shDallowly]] [[characterbzed]] .",0.00048828125,0.4765625,0,0,0,50,"Failed"
"so unassuming and [[pure]] of heart , you ca n't [[help]] but [[warmly]] extend your arms and yell ` safe ! '","so unassuming and [[puer]] of heart , you ca n't [[ehlp]] but [[wamly]] extend your arms and yell ` safe ! '",0.00439453125,0.6826171875,1,0,1,25,"Successful"
"[[professionally]] [[speaking]] , it 's [[tempting]] to [[jump]] [[ship]] in [[january]] to avoid ridiculous [[schlock]] [[like]] this [[shoddy]] [[suspense]] [[thriller]] .","[[professionalEly]] [[pseaking]] , it 's [[teGpting]] to [[jup]] [[sip]] in [[ajnuary]] to avoid ridiculous [[scholck]] [[Yike]] this [[shodudy]] [[suspenle]] [[tjhriller]] .",0.0029296875,0.16259765625,0,0,0,64,"Failed"
"this is not the [[undisputed]] worst [[boxing]] movie ever , but it 's certainly not a [[champion]] - the [[big]] loser is the audience .","this is not the [[iundisputed]] worst [[boxqing]] movie ever , but it 's certainly not a [[champiCn]] - the [[bOig]] loser is the audience .",0.00244140625,0.05126953125,0,0,0,50,"Failed"
"it 's [[another]] [[stale]] , [[kill-by-numbers]] [[flick]] , complete with [[blade-thin]] [[characters]] and [[terrible]] , pun-laden [[dialogue]] .","it 's [[anotwher]] [[stMle]] , [[kill-by-pumbers]] [[Aflick]] , complete with [[blade-tihn]] [[chaacters]] and [[tUerrible]] , pun-laden [[idalogue]] .",0.00146484375,0.1025390625,0,0,0,51,"Failed"
"[[one]] of those pictures whose [[promising]] , if [[rather]] [[precious]] , [[premise]] is [[undercut]] by [[amateurish]] [[execution]] .","[[ose]] of those pictures whose [[promisinzg]] , if [[rahter]] [[preciosu]] , [[preSmise]] is [[underct]] by [[amtaeurish]] [[eJecution]] .",0.00146484375,0.1708984375,0,0,0,51,"Failed"
"nothing 's at stake , just a twisty double-cross you can smell a mile away -- still , the derivative nine queens is lots of fun .","nothing 's at stake , just a twisty double-cross you can smell a mile away -- still , the derivative nine queens is lots of fun .",0.51171875,0.51171875,0,0,1,1,"Skipped"
"drops you into a dizzying , volatile , pressure-cooker of a situation that quickly snowballs out of control , while focusing on the what much more than the why .","drops you into a dizzying , volatile , pressure-cooker of a situation that quickly snowballs out of control , while focusing on the what much more than the why .",0.97509765625,0.97509765625,0,0,1,1,"Skipped"
"while undisputed is n't exactly a high , it is a [[gripping]] , tidy little [[movie]] that [[takes]] mr. hill [[higher]] than he 's been in a while .","while undisputed is n't exactly a high , it is a [[grUpping]] , tidy little [[omvie]] that [[tGkes]] mr. hill [[higehr]] than he 's been in a while .",0.03173828125,0.7373046875,1,0,1,29,"Successful"
"a delectable and intriguing thriller filled with [[surprises]] , read my lips is an [[original]] .","a delectable and intriguing thriller filled with [[surrises]] , read my lips is an [[origixal]] .",0.0224609375,0.56591796875,1,0,1,17,"Successful"
"it does [[n't]] [[believe]] in itself , it has no [[sense]] of [[humor]] ... it 's just [[plain]] [[bored]] .","it does [[nYt]] [[beileve]] in itself , it has no [[mense]] of [[numor]] ... it 's just [[plait]] [[broed]] .",0.0009765625,0.0185546875,0,0,0,31,"Failed"
"it [[seems]] to me the [[film]] is about the art of [[ripping]] [[people]] off [[without]] ever [[letting]] them [[consciously]] [[know]] you have [[done]] so","it [[seemWs]] to me the [[fiOlm]] is about the art of [[repping]] [[pdeople]] off [[witout]] ever [[lQtting]] them [[fconsciously]] [[kDnow]] you have [[doIne]] so",0.001953125,0.12744140625,0,0,0,55,"Failed"
"the story and the friendship proceeds in such a way that you 're [[watching]] a [[soap]] opera [[rather]] than a [[chronicle]] of the ups and downs that accompany lifelong [[friendships]] .","the story and the friendship proceeds in such a way that you 're [[wtching]] a [[doap]] opera [[raNher]] than a [[chronicFe]] of the ups and downs that accompany lifelong [[friendshpis]] .",0.01025390625,0.67578125,0,1,0,47,"Successful"
"a warm , [[funny]] , [[engaging]] [[film]] .","a warm , [[aunny]] , [[engagQng]] [[fflm]] .",0.0009765625,0.8056640625,1,0,1,17,"Successful"
"[[uses]] sharp [[humor]] and [[insight]] into human nature to examine class conflict , adolescent yearning , the [[roots]] of friendship and sexual identity .","[[uess]] sharp [[humZr]] and [[insiht]] into human nature to examine class conflict , adolescent yearning , the [[rots]] of friendship and sexual identity .",0.01318359375,0.6962890625,1,0,1,32,"Successful"
"i [[thought]] my own [[watch]] had [[stopped]] [[keeping]] time as i [[slogged]] my [[way]] through [[clockstoppers]] .","i [[tohught]] my own [[vwatch]] had [[topped]] [[keepinC]] time as i [[sloggd]] my [[Qay]] through [[clocksstoppers]] .",0.005859375,0.1826171875,0,0,0,41,"Failed"
"-lrb- serry -rrb- wants to blend politics and drama , an [[admirable]] ambition .","-lrb- serry -rrb- wants to blend politics and drama , an [[amdirable]] ambition .",0.064453125,0.5966796875,1,0,1,14,"Successful"
"with tightly organized efficiency , numerous flashbacks and a constant edge of [[tension]] , miller 's [[film]] is [[one]] of 2002 's involvingly [[adult]] [[surprises]] .","with tightly organized efficiency , numerous flashbacks and a constant edge of [[tnesion]] , miller 's [[milm]] is [[noe]] of 2002 's involvingly [[adlut]] [[surprisse]] .",0.017578125,0.67919921875,1,0,1,36,"Successful"
"the emotions are raw and will strike a nerve with anyone who 's ever had family trauma .","the emotions are raw and will strike a nerve with anyone who 's ever had family trauma .",0.5927734375,0.5927734375,0,0,1,1,"Skipped"
"there [[seems]] to be no [[clear]] [[path]] as to where the [[story]] 's [[going]] , or how [[long]] it 's [[going]] to [[take]] to [[get]] there .","there [[seeIs]] to be no [[yclear]] [[pPth]] as to where the [[storG]] 's [[goixng]] , or how [[lLong]] it 's [[xoing]] to [[tayke]] to [[egt]] there .",0.0029296875,0.03173828125,0,0,0,45,"Failed"
"aside from minor tinkering , this is the same movie you probably loved in 1994 , except that it looks [[even]] [[better]] .","aside from minor tinkering , this is the same movie you probably loved in 1994 , except that it looks [[keven]] [[bMtter]] .",0.01953125,0.9541015625,1,0,1,20,"Successful"
"by candidly detailing the politics involved in the creation of an extraordinary piece of music , -lrb- jones -rrb- calls our attention to the inherent conflict between commerce and creativity .","by candidly detailing the politics involved in the creation of an extraordinary piece of music , -lrb- jones -rrb- calls our attention to the inherent conflict between commerce and creativity .",0.91015625,0.91015625,0,0,1,1,"Skipped"
"a [[breezy]] romantic comedy that has the [[punch]] of a [[good]] sitcom , while [[offering]] [[exceptionally]] [[well-detailed]] characters .","a [[brezy]] romantic comedy that has the [[upnch]] of a [[gZood]] sitcom , while [[offcring]] [[exceptidonally]] [[well-detahled]] characters .",0.00634765625,0.5078125,1,0,1,39,"Successful"
"because of an [[unnecessary]] and [[clumsy]] [[last]] [[scene]] , ` [[swimfan]] ' [[left]] me with a very [[bad]] [[feeling]] .","because of an [[unnecessayr]] and [[ctumsy]] [[ast]] [[scenL]] , ` [[swTmfan]] ' [[pleft]] me with a very [[bav]] [[Jeeling]] .",0.00048828125,0.033203125,0,0,0,42,"Failed"
"[[exciting]] and direct , with ghost imagery that shows just [[enough]] to [[keep]] us on our toes .","[[excitinAg]] and direct , with ghost imagery that shows just [[eonugh]] to [[eep]] us on our toes .",0.02001953125,0.607421875,1,0,1,22,"Successful"
"a superbly acted and funny\/gritty [[fable]] of the [[humanizing]] of one woman at the hands of the unseen forces of fate .","a superbly acted and funny\/gritty [[falbe]] of the [[bhumanizing]] of one woman at the hands of the unseen forces of fate .",0.01513671875,0.8056640625,1,0,1,21,"Successful"
"the movie 's relatively simple plot and uncomplicated morality play [[well]] with the [[affable]] [[cast]] .","the movie 's relatively simple plot and uncomplicated morality play [[wQll]] with the [[fafable]] [[caFst]] .",0.00146484375,0.94140625,1,0,1,23,"Successful"
"in a way , the film feels [[like]] a [[breath]] of fresh air , but only to those that allow it in .","in a way , the film feels [[lik]] a [[rbeath]] of fresh air , but only to those that allow it in .",0.0966796875,0.53125,1,0,1,17,"Successful"
"green might want to [[hang]] onto that ski mask , as [[robbery]] may be the only way to pay for his next project .","green might want to [[Thang]] onto that ski mask , as [[robbecy]] may be the only way to pay for his next project .",0.029296875,0.53125,0,1,0,22,"Successful"
"the socio-histo-political [[treatise]] is told in earnest strides ... -lrb- and -rrb- personal illusion is deconstructed with poignancy .","the socio-histo-political [[treatisre]] is told in earnest strides ... -lrb- and -rrb- personal illusion is deconstructed with poignancy .",0.29443359375,0.689453125,1,0,1,15,"Successful"
"a beguiling splash of pastel [[colors]] and prankish [[comedy]] from disney .","a beguiling splash of pastel [[coors]] and prankish [[coedy]] from disney .",0.02490234375,0.85595703125,1,0,1,16,"Successful"
"writer\/director joe carnahan 's grimy crime drama is a manual of precinct cliches , but it moves fast enough to cover its clunky dialogue and lapses in logic .","writer\/director joe carnahan 's grimy crime drama is a manual of precinct cliches , but it moves fast enough to cover its clunky dialogue and lapses in logic .",0.94580078125,0.94580078125,0,0,1,1,"Skipped"
"too restrained to be a freak [[show]] , too [[mercenary]] and [[obvious]] to be cerebral , too [[dull]] and [[pretentious]] to be [[engaging]] ... the [[isle]] defies an easy [[categorization]] .","too restrained to be a freak [[how]] , too [[mnrcenary]] and [[obvioKus]] to be cerebral , too [[duAll]] and [[pretentCious]] to be [[engagin]] ... the [[isbe]] defies an easy [[cateTgorization]] .",0.0029296875,0.96142578125,0,1,0,66,"Successful"
"based on a devilishly witty script by heather mcgowan and niels mueller , the film gets great laughs , but [[never]] at the expense of its characters","based on a devilishly witty script by heather mcgowan and niels mueller , the film gets great laughs , but [[ngver]] at the expense of its characters",0.00537109375,0.974609375,1,0,1,20,"Successful"
"the format gets used best ... to capture the dizzying heights achieved by motocross and bmx riders , whose balletic hotdogging occasionally ends in bone-crushing screwups .","the format gets used best ... to capture the dizzying heights achieved by motocross and bmx riders , whose balletic hotdogging occasionally ends in bone-crushing screwups .",0.7607421875,0.7607421875,0,0,1,1,"Skipped"
"[[even]] in its most tedious scenes , russian ark is [[mesmerizing]] .","[[een]] in its most tedious scenes , russian ark is [[memserizing]] .",0.02392578125,0.916015625,1,0,1,15,"Successful"
"this surreal gilliam-esque film is also a troubling interpretation of ecclesiastes .","this surreal gilliam-esque film is also a troubling interpretation of ecclesiastes .",0.98681640625,0.98681640625,0,0,1,1,"Skipped"
"you [[wonder]] why [[enough]] was [[n't]] just a [[music]] [[video]] [[rather]] than a full-length [[movie]] .","you [[wonde]] why [[Zenough]] was [[nt]] just a [[msic]] [[vidoeo]] [[rpther]] than a full-length [[mvoie]] .",0.01123046875,0.064453125,0,0,0,41,"Failed"
"funny but perilously slight .","funny but perilously slight .",0.98681640625,0.98681640625,0,0,1,1,"Skipped"
"chabrol has taken [[promising]] material for a black [[comedy]] and turned it [[instead]] into a somber chamber drama .","chabrol has taken [[pormising]] material for a black [[coedy]] and turned it [[iqnstead]] into a somber chamber drama .",0.00244140625,0.5390625,0,1,0,36,"Successful"
"in the [[end]] , we are left with [[something]] like two ships [[passing]] in the [[night]] [[rather]] than any [[insights]] into gay love , chinese [[society]] or the [[price]] one [[pays]] for being [[dishonest]] .","in the [[wnd]] , we are left with [[somethinVg]] like two ships [[passiGng]] in the [[ight]] [[ratehr]] than any [[iCsights]] into gay love , chinese [[sociqty]] or the [[pFrice]] one [[puays]] for being [[dihonest]] .",0.00146484375,0.95556640625,0,1,0,90,"Successful"
"this is wild surreal stuff , but brilliant and the camera just kind of sits there and lets you look at this and its like you 're going from one room to the next and none of them have any relation to the other .","this is wild surreal stuff , but brilliant and the camera just kind of sits there and lets you look at this and its like you 're going from one room to the next and none of them have any relation to the other .",0.94091796875,0.94091796875,0,0,1,1,"Skipped"
"fresnadillo 's dark and jolting images have a way of plying into your subconscious like the nightmare you had a week ago that wo n't go away .","fresnadillo 's dark and jolting images have a way of plying into your subconscious like the nightmare you had a week ago that wo n't go away .",0.990234375,0.990234375,0,0,1,1,"Skipped"
"` [[easily]] my choice for one of the year 's [[best]] [[films]] . '","` [[aesily]] my choice for one of the year 's [[bKest]] [[flims]] . '",0.0009765625,0.9482421875,1,0,1,20,"Successful"
"pumpkin takes an [[admirable]] look at the hypocrisy of [[political]] correctness , but it does so with such an [[uneven]] [[tone]] that you [[never]] know when [[humor]] [[ends]] and [[tragedy]] begins .","pumpkin takes an [[admiarble]] look at the hypocrisy of [[politcal]] correctness , but it does so with such an [[unveen]] [[tne]] that you [[nver]] know when [[hEumor]] [[nds]] and [[traged]] begins .",0.0419921875,0.5078125,0,1,0,71,"Successful"
"it 's so [[mediocre]] , [[despite]] the dynamic duo on the [[marquee]] , that we just [[ca]] [[n't]] get no satisfaction .","it 's so [[Eediocre]] , [[despGite]] the dynamic duo on the [[marEquee]] , that we just [[cS]] [[n'yt]] get no satisfaction .",0.0009765625,0.01025390625,0,0,0,46,"Failed"
"but it 's too [[long]] and too [[convoluted]] and it [[ends]] in a [[muddle]] .","but it 's too [[lbong]] and too [[convoluteqd]] and it [[endBs]] in a [[uddle]] .",0.0009765625,0.00732421875,0,0,0,21,"Failed"
"no [[aspirations]] to [[social]] import [[inform]] the [[movie]] [[version]] .","no [[aspirationMs]] to [[soTial]] import [[ginform]] the [[Fmovie]] [[Fversion]] .",0.00341796875,0.0419921875,0,0,0,31,"Failed"
"outer-space buffs might love this film , but [[others]] will find its pleasures intermittent .","outer-space buffs might love this film , but [[ohers]] will find its pleasures intermittent .",0.42626953125,0.619140625,0,1,0,14,"Successful"
"[[rarely]] has so much [[money]] [[delivered]] so [[little]] [[entertainment]] .","[[razely]] has so much [[monye]] [[delivZred]] so [[littlQ]] [[enteLtainment]] .",0.00244140625,0.078125,0,0,0,31,"Failed"
"so , too , is this [[comedy]] about mild culture clashing in today 's new delhi .","so , too , is this [[cmoedy]] about mild culture clashing in today 's new delhi .",0.49609375,0.83984375,1,0,1,12,"Successful"
"a [[subject]] like this should inspire [[reaction]] in its [[audience]] ; the [[pianist]] does not .","a [[subjecb]] like this should inspire [[beaction]] in its [[audienc]] ; the [[pianYist]] does not .",0.025390625,0.07373046875,0,0,0,31,"Failed"
"... routine , harmless diversion and little else .","... routine , harmless diversion and little else .",0.93896484375,0.93896484375,0,0,1,1,"Skipped"
"not [[really]] bad so [[much]] as [[distasteful]] : we [[need]] [[kidnapping]] suspense dramas [[right]] now [[like]] we [[need]] [[doomsday]] thrillers .","not [[Jeally]] bad so [[mucjh]] as [[disasteful]] : we [[ineed]] [[kidanpping]] suspense dramas [[rigth]] now [[likG]] we [[nReed]] [[doomsdaAy]] thrillers .",0.0068359375,0.1025390625,0,0,0,66,"Failed"
"[[blanchett]] 's [[performance]] [[confirms]] her [[power]] once again .","[[blanThett]] 's [[tperformance]] [[confirCs]] her [[sower]] once again .",0.001953125,0.32763671875,1,1,1,21,"Failed"
"this is a [[winning]] ensemble comedy that [[shows]] [[canadians]] can put gentle laughs and equally gentle sentiments on the button , just as [[easily]] as their counterparts [[anywhere]] [[else]] in the [[world]] .","this is a [[winninX]] ensemble comedy that [[shwos]] [[Acanadians]] can put gentle laughs and equally gentle sentiments on the button , just as [[eaily]] as their counterparts [[anywherF]] [[elqe]] in the [[worOld]] .",0.0078125,0.52734375,1,0,1,50,"Successful"
"it [[ca]] [[n't]] [[decide]] if it [[wants]] to be a mystery\/[[thriller]] , a [[romance]] or a [[comedy]] .","it [[ac]] [[v't]] [[deicde]] if it [[wNants]] to be a mystery\/[[thriler]] , a [[romanc]] or a [[ctomedy]] .",0.00830078125,0.43017578125,0,0,0,41,"Failed"
"while the ideas about techno-saturation are far from novel , they 're presented with a wry dark humor .","while the ideas about techno-saturation are far from novel , they 're presented with a wry dark humor .",0.8720703125,0.8720703125,0,0,1,1,"Skipped"
"the iditarod [[lasts]] for [[days]] - this just [[felt]] [[like]] it did .","the iditarod [[asts]] for [[dayy]] - this just [[feet]] [[ike]] it did .",0.0439453125,0.27490234375,0,0,0,26,"Failed"
"a [[warm]] but realistic meditation on friendship , family and affection .","a [[warG]] but realistic meditation on friendship , family and affection .",0.01220703125,0.841796875,1,0,1,11,"Successful"
"the volatile dynamics of female friendship is the subject of this unhurried , low-key [[film]] that is so off-hollywood that it [[seems]] [[positively]] [[french]] in its rhythms and [[resonance]] .","the volatile dynamics of female friendship is the subject of this unhurried , low-key [[fiNm]] that is so off-hollywood that it [[semes]] [[positiveyl]] [[fraench]] in its rhythms and [[rseonance]] .",0.07275390625,0.68603515625,1,0,1,35,"Successful"
"this [[movie]] is something of an [[impostor]] itself , [[stretching]] and padding its material in a [[blur]] of [[dead]] [[ends]] and [[distracting]] [[camera]] [[work]] .","this [[moCvie]] is something of an [[ipmostor]] itself , [[srtetching]] and padding its material in a [[blru]] of [[dad]] [[sends]] and [[distrcating]] [[caEmera]] [[wokr]] .",0.0009765625,0.11572265625,0,0,0,60,"Failed"
"it can not be [[enjoyed]] , [[even]] on the [[level]] that [[one]] enjoys a [[bad]] slasher flick , [[primarily]] because it is [[dull]] .","it can not be [[enYjoyed]] , [[eien]] on the [[leXel]] that [[Kne]] enjoys a [[bwd]] slasher flick , [[primariy]] because it is [[duXl]] .",0.00048828125,0.04345703125,0,0,0,50,"Failed"
"sticky sweet sentimentality , [[clumsy]] [[plotting]] and a rosily myopic [[view]] of life in the wwii-era mississippi delta [[undermine]] this [[adaptation]] .","sticky sweet sentimentality , [[clumsiy]] [[lpotting]] and a rosily myopic [[Riew]] of life in the wwii-era mississippi delta [[underline]] this [[adaptatioFn]] .",0.00390625,0.50390625,0,1,0,34,"Successful"
"a film about a young man finding god that is accessible and [[touching]] to the [[marrow]] .","a film about a young man finding god that is accessible and [[toumhing]] to the [[marrbw]] .",0.0224609375,0.87060546875,1,0,1,17,"Successful"
"[[nonsensical]] , [[dull]] [[``]] cyber-horror '' [[flick]] is a [[grim]] , [[hollow]] [[exercise]] in [[flat]] [[scares]] and [[bad]] [[acting]] .","[[nonsenskcal]] , [[dulyl]] [[`]] cyber-horror '' [[flicD]] is a [[grmi]] , [[hoLllow]] [[exercse]] in [[flUt]] [[sares]] and [[Abad]] [[aqting]] .",0.001953125,0.0458984375,0,0,0,57,"Failed"
"it 's hard to [[imagine]] alan arkin being better than he is in this performance .","it 's hard to [[nimagine]] alan arkin being better than he is in this performance .",0.27490234375,0.97509765625,1,0,1,11,"Successful"
"it proves quite compelling as an intense , brooding [[character]] study .","it proves quite compelling as an intense , brooding [[chalacter]] study .",0.38134765625,0.822265625,1,0,1,12,"Successful"
"a romantic comedy enriched by a sharp [[eye]] for manners and [[mores]] .","a romantic comedy enriched by a sharp [[eey]] for manners and [[omres]] .",0.00439453125,0.8056640625,1,0,1,16,"Successful"
"nothing in [[waking]] up in [[reno]] [[ever]] [[inspired]] me to [[think]] of its [[inhabitants]] as [[anything]] more than markers in a [[screenplay]] .","nothing in [[wakinqg]] up in [[reon]] [[eveE]] [[inspiked]] me to [[thivnk]] of its [[inhabitanst]] as [[anGthing]] more than markers in a [[screrenplay]] .",0.00146484375,0.12744140625,0,0,0,51,"Failed"
"not since japanese filmmaker akira [[kurosawa]] 's ran have the savagery of combat and the specter of death been visualized with such operatic [[grandeur]] .","not since japanese filmmaker akira [[kDrosawa]] 's ran have the savagery of combat and the specter of death been visualized with such operatic [[granderu]] .",0.0419921875,0.76904296875,1,0,1,22,"Successful"
"though only 60 minutes long , the film is [[packed]] with [[information]] and [[impressions]] .","though only 60 minutes long , the film is [[acked]] with [[inormation]] and [[iXpressions]] .",0.01123046875,0.84375,1,0,1,21,"Successful"
"the [[character]] of [[zigzag]] is not [[sufficiently]] [[developed]] to [[support]] a [[film]] [[constructed]] [[around]] him .","the [[chaWracter]] of [[zigCzag]] is not [[sufficientlJ]] [[deeloped]] to [[Rupport]] a [[ilm]] [[cnstructed]] [[arozund]] him .",0.00048828125,0.017578125,0,0,0,41,"Failed"
"reggio 's continual visual barrage is [[absorbing]] as [[well]] as [[thought-provoking]] .","reggio 's continual visual barrage is [[basorbing]] as [[Mell]] as [[thought-provokxing]] .",0.03125,0.662109375,1,0,1,20,"Successful"
"about a manga-like heroine who fights back at her abusers , it 's [[energetic]] and satisfying if not deep and [[psychological]] .","about a manga-like heroine who fights back at her abusers , it 's [[enerNetic]] and satisfying if not deep and [[psychJlogical]] .",0.1142578125,0.546875,1,0,1,18,"Successful"
"too [[much]] of it [[feels]] unfocused and underdeveloped .","too [[uch]] of it [[fAels]] unfocused and underdeveloped .",0.00048828125,0.001953125,0,0,0,21,"Failed"
"unfortunately , it 's not silly [[fun]] unless you [[enjoy]] [[really]] [[bad]] [[movies]] .","unfortunately , it 's not silly [[Oun]] unless you [[enjox]] [[realyl]] [[bamd]] [[mvoies]] .",0.0009765625,0.0078125,0,0,0,41,"Failed"
"the movie understands like few others how the depth and breadth of emotional intimacy give the physical act all of its meaning and most of its [[pleasure]] .","the movie understands like few others how the depth and breadth of emotional intimacy give the physical act all of its meaning and most of its [[pleasuPre]] .",0.02734375,0.5546875,1,0,1,18,"Successful"
"in the [[end]] , the [[movie]] [[collapses]] on its [[shaky]] [[foundation]] [[despite]] the best [[efforts]] of [[director]] [[joe]] carnahan .","in the [[en]] , the [[mofie]] [[collapss]] on its [[shayk]] [[foundatilon]] [[desRite]] the best [[effors]] of [[dirActor]] [[jo]] carnahan .",0.001953125,0.7060546875,0,1,0,52,"Successful"
"cq 's reflection of artists and the love of cinema-and-self suggests [[nothing]] less than a new voice that deserves to be considered as a possible successor to the [[best]] european directors .","cq 's reflection of artists and the love of cinema-and-self suggests [[Yothing]] less than a new voice that deserves to be considered as a possible successor to the [[bqst]] european directors .",0.041015625,0.865234375,1,0,1,26,"Successful"
"jones ... does offer a brutal form of charisma .","jones ... does offer a brutal form of charisma .",0.99169921875,0.99169921875,0,0,1,1,"Skipped"
"it provides an [[honest]] [[look]] at a community striving to anchor itself in [[new]] [[grounds]] .","it provides an [[honet]] [[ook]] at a community striving to anchor itself in [[knew]] [[Jrounds]] .",0.01513671875,0.85595703125,1,0,1,27,"Successful"
"not an objectionable or dull film ; it merely lacks everything except good intentions .","not an objectionable or dull film ; it merely lacks everything except good intentions .",0.6513671875,0.6513671875,1,1,0,1,"Skipped"
"this is a [[good]] [[script]] , good dialogue , [[funny]] [[even]] for [[adults]] .","this is a [[gDood]] [[scrit]] , good dialogue , [[fLnny]] [[eveu]] for [[adlts]] .",0.00146484375,0.64453125,1,0,1,27,"Successful"
"the lion king was a roaring success when it was released eight years ago , but on imax it [[seems]] [[better]] , not just bigger .","the lion king was a roaring success when it was released eight years ago , but on imax it [[eems]] [[bettelr]] , not just bigger .",0.0556640625,0.5771484375,1,0,1,20,"Successful"
"kinnear does n't aim for our sympathy , but rather [[delivers]] a performance of [[striking]] skill and depth .","kinnear does n't aim for our sympathy , but rather [[deliNvers]] a performance of [[srtiking]] skill and depth .",0.02392578125,0.8310546875,1,0,1,19,"Successful"
"is the [[time]] [[really]] ripe for a [[warmed-over]] james bond adventure , with a village [[idiot]] as the 007 [[clone]] ?","is the [[tme]] [[reaHly]] ripe for a [[warmde-over]] james bond adventure , with a village [[iidot]] as the 007 [[clsne]] ?",0.001953125,0.60400390625,0,1,0,30,"Successful"
"[[wince-inducing]] dialogue , thrift-shop costumes , prosthetic makeup by silly [[putty]] and [[kmart]] blue-light-special effects all [[conspire]] to test trekkie loyalty .","[[winRe-inducing]] dialogue , thrift-shop costumes , prosthetic makeup by silly [[puttV]] and [[kmar]] blue-light-special effects all [[ocnspire]] to test trekkie loyalty .",0.046875,0.5625,0,1,0,31,"Successful"
"this is a train [[wreck]] of an action film -- a stupefying attempt by the filmmakers to force-feed [[james]] bond into the mindless xxx [[mold]] and throw [[40]] years of cinematic history down the toilet in favor of bright flashes and loud [[bangs]] .","this is a train [[Greck]] of an action film -- a stupefying attempt by the filmmakers to force-feed [[Bames]] bond into the mindless xxx [[Zold]] and throw [[04]] years of cinematic history down the toilet in favor of bright flashes and loud [[abngs]] .",0.36474609375,0.60986328125,0,1,0,88,"Successful"
"you [[really]] have to [[wonder]] how on earth [[anyone]] , [[anywhere]] could have [[thought]] they 'd [[make]] [[audiences]] guffaw with a [[script]] as [[utterly]] diabolical as this .","you [[reaAly]] have to [[Oonder]] how on earth [[aynone]] , [[anywheer]] could have [[thougHht]] they 'd [[mDke]] [[audeinces]] guffaw with a [[csript]] as [[uZterly]] diabolical as this .",0.0009765625,0.96728515625,0,1,0,49,"Successful"
"a quiet , [[pure]] , elliptical film","a quiet , [[upre]] , elliptical film",0.19921875,0.94677734375,1,0,1,9,"Successful"
"harrison 's flowers puts its heart in the right place , but its brains are in no particular place at all .","harrison 's flowers puts its heart in the right place , but its brains are in no particular place at all .",0.98291015625,0.98291015625,0,0,1,1,"Skipped"
"it 's a work by an artist so in control of both his medium and his message that he can [[improvise]] [[like]] a jazzman .","it 's a work by an artist so in control of both his medium and his message that he can [[impCrovise]] [[liYe]] a jazzman .",0.02099609375,0.53125,1,0,1,17,"Successful"
"no screen fantasy-adventure in recent memory has the showmanship of clones ' last 45 minutes .","no screen fantasy-adventure in recent memory has the showmanship of clones ' last 45 minutes .",0.91943359375,0.91943359375,0,0,1,1,"Skipped"
"[[despite]] the evocative aesthetics evincing the hollow [[state]] of modern love life , the film [[never]] [[percolates]] beyond a monotonous whine .","[[dSespite]] the evocative aesthetics evincing the hollow [[sttae]] of modern love life , the film [[Fever]] [[percloates]] beyond a monotonous whine .",0.00048828125,0.154296875,0,0,0,74,"Failed"
"it 's difficult to imagine the [[process]] that [[produced]] such a [[script]] , but here 's [[guessing]] that [[spray]] cheese and [[underarm]] noises played a crucial [[role]] .","it 's difficult to imagine the [[procqess]] that [[proudced]] such a [[sIript]] , but here 's [[gueCsing]] that [[sray]] cheese and [[underram]] noises played a crucial [[roe]] .",0.0283203125,0.51953125,0,1,0,46,"Successful"
"building slowly and [[subtly]] , the film , sporting a breezy spontaneity and [[realistically]] [[drawn]] [[characterizations]] , [[develops]] into a [[significant]] [[character]] [[study]] that is both [[moving]] and [[wise]] .","building slowly and [[subty]] , the film , sporting a breezy spontaneity and [[eralistically]] [[dranw]] [[chaacterizations]] , [[develdps]] into a [[significaint]] [[charcater]] [[stuHy]] that is both [[omving]] and [[wisTe]] .",0.00439453125,0.67236328125,1,0,1,57,"Successful"
"overall the film feels [[like]] a low-budget tv pilot that could not find a buyer to play it on the tube .","overall the film feels [[liek]] a low-budget tv pilot that could not find a buyer to play it on the tube .",0.0,0.00048828125,0,0,0,61,"Failed"
"this is human comedy at its most [[amusing]] , [[interesting]] and [[confirming]] .","this is human comedy at its most [[aDusing]] , [[intersting]] and [[confGirming]] .",0.00732421875,0.17333984375,1,1,1,26,"Failed"
"the band 's courage in the face of official repression is [[inspiring]] , especially for aging hippies -lrb- this one included -rrb- .","the band 's courage in the face of official repression is [[iaspiring]] , especially for aging hippies -lrb- this one included -rrb- .",0.05322265625,0.5,1,0,1,18,"Successful"
"this [[movie]] [[seems]] to have been [[written]] using [[mad-libs]] .","this [[movei]] [[sFems]] to have been [[vwritten]] using [[lmad-libs]] .",0.0048828125,0.08056640625,0,0,0,26,"Failed"
"thanks to haynes ' absolute control of the film 's mood , and buoyed by three terrific performances , far from heaven actually [[pulls]] off this stylistic [[juggling]] [[act]] .","thanks to haynes ' absolute control of the film 's mood , and buoyed by three terrific performances , far from heaven actually [[plls]] off this stylistic [[uggling]] [[aNt]] .",0.00732421875,0.640625,1,0,1,30,"Successful"
"more [[whiny]] [[downer]] than [[corruscating]] commentary .","more [[wKiny]] [[downeD]] than [[coruscating]] commentary .",0.00439453125,0.0234375,0,0,0,21,"Failed"
"the [[film]] is [[powerful]] , [[accessible]] and [[funny]] .","the [[fxlm]] is [[plowerful]] , [[accessibEle]] and [[fyunny]] .",0.0009765625,0.43017578125,1,1,1,20,"Failed"
"a [[good]] piece of work more often than not .","a [[gVod]] piece of work more often than not .",0.015625,0.67919921875,1,0,1,9,"Successful"
"there has [[always]] been [[something]] likable about the marquis de sade .","there has [[alwjays]] been [[Nsomething]] likable about the marquis de sade .",0.0126953125,0.607421875,1,0,1,15,"Successful"
"in exactly 89 [[minutes]] , most of which passed as slowly as if i 'd been [[sitting]] naked on an igloo , [[formula]] 51 sank from quirky to jerky to [[utter]] turkey .","in exactly 89 [[mniutes]] , most of which passed as slowly as if i 'd been [[sittiMng]] naked on an igloo , [[xformula]] 51 sank from quirky to jerky to [[utzer]] turkey .",0.00537109375,0.9736328125,0,1,0,32,"Successful"
"care deftly captures the wonder and menace of growing up , but he [[never]] really [[embraces]] the joy of fuhrman 's destructive escapism or the grace-in-rebellion found by his characters .","care deftly captures the wonder and menace of growing up , but he [[Xnever]] really [[embrace]] the joy of fuhrman 's destructive escapism or the grace-in-rebellion found by his characters .",0.1689453125,0.63330078125,0,1,0,25,"Successful"
"the [[reality]] of the new live-action [[pinocchio]] he directed , cowrote and starred in [[borders]] on the [[grotesque]] .","the [[realJty]] of the new live-action [[pnocchio]] he directed , cowrote and starred in [[bordgrs]] on the [[grontesque]] .",0.0068359375,0.5888671875,0,1,0,26,"Successful"
"the chateau cleverly [[probes]] the cross-cultural differences between gauls and yanks .","the chateau cleverly [[probeu]] the cross-cultural differences between gauls and yanks .",0.32080078125,0.734375,1,0,1,12,"Successful"
"i can [[take]] infantile [[humor]] ... but this is the [[sort]] of [[infantile]] that [[makes]] you [[wonder]] about changing the [[director]] and [[writer]] 's diapers .","i can [[tike]] infantile [[humyr]] ... but this is the [[msort]] of [[Anfantile]] that [[makkes]] you [[wondre]] about changing the [[directoj]] and [[writr]] 's diapers .",0.001953125,0.1142578125,0,0,0,56,"Failed"
"... the [[film]] [[suffers]] from a [[lack]] of humor -lrb- something [[needed]] to balance out the [[violence]] -rrb- ...","... the [[fim]] [[suWfers]] from a [[ack]] of humor -lrb- something [[neewded]] to balance out the [[viqolence]] -rrb- ...",0.00244140625,0.02197265625,0,0,0,51,"Failed"
"a working class `` us vs. them '' opera that leaves no heartstring untugged and no liberal cause unplundered .","a working class `` us vs. them '' opera that leaves no heartstring untugged and no liberal cause unplundered .",0.984375,0.984375,0,0,1,1,"Skipped"
"so refreshingly incisive is grant that for the first time he 'll probably appeal more to guys than to their girlfriends who drag them to this movie for the hugh factor .","so refreshingly incisive is grant that for the first time he 'll probably appeal more to guys than to their girlfriends who drag them to this movie for the hugh factor .",0.8291015625,0.8291015625,0,0,1,1,"Skipped"
"with the [[exception]] of some [[fleetingly]] [[amusing]] [[improvisations]] by [[cedric]] the [[entertainer]] as [[perry]] 's [[boss]] , there is [[n't]] a [[redeeming]] [[moment]] here .","with the [[xeception]] of some [[fleeWingly]] [[amusig]] [[imOprovisations]] by [[edric]] the [[entertanier]] as [[prry]] 's [[beoss]] , there is [[n'U]] a [[redeeimng]] [[momeJt]] here .",0.0009765625,0.13134765625,0,0,0,54,"Failed"
"majidi is an unconventional storyteller , [[capable]] of finding [[beauty]] in the most depressing [[places]] .","majidi is an unconventional storyteller , [[cSpable]] of finding [[beaMuty]] in the most depressing [[placKes]] .",0.01416015625,0.83984375,1,0,1,21,"Successful"
"the vivid lead performances sustain interest and empathy , but the journey is far more [[interesting]] than the final destination .","the vivid lead performances sustain interest and empathy , but the journey is far more [[interestSing]] than the final destination .",0.12255859375,0.88232421875,1,0,1,16,"Successful"
"martin and barbara are complex [[characters]] -- sometimes tender , sometimes angry -- and the delicate [[performances]] by sven wollter and viveka seldahl [[make]] their hopes and frustrations [[vivid]] .","martin and barbara are complex [[characHers]] -- sometimes tender , sometimes angry -- and the delicate [[performnces]] by sven wollter and viveka seldahl [[mace]] their hopes and frustrations [[vvid]] .",0.01123046875,0.5927734375,1,0,1,35,"Successful"
"all that 's [[missing]] is the spontaneity , originality and delight .","all that 's [[Lissing]] is the spontaneity , originality and delight .",0.1708984375,0.9912109375,0,1,0,9,"Successful"
"it confirms fincher 's status as a film maker who [[artfully]] [[bends]] [[technical]] know-how to the [[service]] of [[psychological]] [[insight]] .","it confirms fincher 's status as a film maker who [[arfully]] [[ends]] [[tDchnical]] know-how to the [[serYvice]] of [[spychological]] [[isight]] .",0.0029296875,0.7548828125,1,0,1,37,"Successful"
"dense with characters and contains some [[thrilling]] moments .","dense with characters and contains some [[thrSlling]] moments .",0.0341796875,0.8916015625,1,0,1,10,"Successful"
"good film , but very glum .","good film , but very glum .",0.99365234375,0.99365234375,0,0,1,1,"Skipped"
"nine queens is not only than a [[frighteningly]] capable debut and genre piece , but also a snapshot of a dangerous political situation on the verge of coming to a head .","nine queens is not only than a [[frighteningl]] capable debut and genre piece , but also a snapshot of a dangerous political situation on the verge of coming to a head .",0.32080078125,0.60400390625,1,0,1,20,"Successful"
"when the [[film]] [[ended]] , i [[felt]] [[tired]] and [[drained]] and [[wanted]] to [[lie]] on my own [[deathbed]] for a while .","when the [[fiylm]] [[edned]] , i [[eflt]] [[itred]] and [[drainej]] and [[qwanted]] to [[Tlie]] on my own [[deJthbed]] for a while .",0.0009765625,0.0888671875,0,0,0,41,"Failed"
"the [[plot]] convolutions [[ultimately]] [[add]] up to [[nothing]] more than [[jerking]] the audience 's chain .","the [[plQot]] convolutions [[ulPtimately]] [[Uadd]] up to [[nvthing]] more than [[jderking]] the audience 's chain .",0.00244140625,0.19189453125,0,0,0,40,"Failed"
"a [[solid]] examination of the male midlife crisis .","a [[soilid]] examination of the male midlife crisis .",0.45703125,0.97021484375,1,0,1,10,"Successful"
"-lrb- d -rrb- oes n't bother being as cloying or preachy as equivalent evangelical christian movies -- maybe the filmmakers know that the likely audience will already be among the faithful .","-lrb- d -rrb- oes n't bother being as cloying or preachy as equivalent evangelical christian movies -- maybe the filmmakers know that the likely audience will already be among the faithful .",0.69921875,0.69921875,0,0,1,1,"Skipped"
"-lrb- grant 's -rrb- bumbling magic takes over the film , and it turns out to be another [[winning]] star vehicle .","-lrb- grant 's -rrb- bumbling magic takes over the film , and it turns out to be another [[iwnning]] star vehicle .",0.01220703125,0.8154296875,1,0,1,17,"Successful"
"a poignant and compelling story about relationships , food of love takes us on a bumpy but [[satisfying]] [[journey]] of the [[heart]] .","a poignant and compelling story about relationships , food of love takes us on a bumpy but [[satisfing]] [[dourney]] of the [[hart]] .",0.021484375,0.77734375,1,0,1,25,"Successful"
"a better [[title]] , for all concerned , [[might]] be [[swept]] under the [[rug]] .","a better [[tigle]] , for all concerned , [[miLht]] be [[swetp]] under the [[rung]] .",0.00732421875,0.138671875,0,0,0,31,"Failed"
"this [[nickleby]] [[thing]] might have more [[homosexual]] [[undertones]] than an [[eddie]] [[murphy]] [[film]] .","this [[ncikleby]] [[Bthing]] might have more [[homosxeual]] [[underQtones]] than an [[eSdie]] [[murph]] [[rfilm]] .",0.025390625,0.14794921875,0,0,0,41,"Failed"
"a [[marvel]] like none you 've seen .","a [[maGvel]] like none you 've seen .",0.0419921875,0.94580078125,1,0,1,9,"Successful"
"the affectionate loopiness that once seemed congenital to demme 's perspective has a [[tough]] [[time]] emerging from between the [[badly]] dated cutesy-pie mystery [[scenario]] and the newfangled hollywood post-production effects .","the affectionate loopiness that once seemed congenital to demme 's perspective has a [[Xtough]] [[timVe]] emerging from between the [[adly]] dated cutesy-pie mystery [[sceknario]] and the newfangled hollywood post-production effects .",0.0068359375,0.99462890625,0,1,0,39,"Successful"
"leigh 's film is [[full]] of [[memorable]] performances from top to bottom .","leigh 's film is [[fuKl]] of [[memoHable]] performances from top to bottom .",0.00048828125,0.8759765625,1,0,1,16,"Successful"
"[[manages]] to be sweet and [[wickedly]] [[satisfying]] at the same time .","[[Wanages]] to be sweet and [[wickedlC]] [[satisfyifg]] at the same time .",0.009765625,0.89892578125,1,0,1,18,"Successful"
"the film will play equally [[well]] on both the standard and [[giant]] [[screens]] .","the film will play equally [[Mell]] on both the standard and [[iant]] [[screezns]] .",0.0048828125,0.53515625,1,0,1,20,"Successful"
"determined to be [[fun]] , and [[bouncy]] , with energetic [[musicals]] , the [[humor]] did [[n't]] [[quite]] [[engage]] this adult .","determined to be [[fuJ]] , and [[boncy]] , with energetic [[musicalF]] , the [[uhmor]] did [[n'P]] [[quiVe]] [[enggae]] this adult .",0.00732421875,0.453125,0,0,0,51,"Failed"
"the last [[20]] minutes are somewhat [[redeeming]] , but most of the [[movie]] is the same [[teenage]] [[american]] road-trip [[drek]] we 've seen before - only this [[time]] you have to read the [[fart]] jokes","the last [[h20]] minutes are somewhat [[redKeeming]] , but most of the [[mKovie]] is the same [[teenagAe]] [[americPan]] road-trip [[drOk]] we 've seen before - only this [[tiHme]] you have to read the [[far]] jokes",0.0009765625,0.96240234375,0,1,0,48,"Successful"
"whether you like rap music or loathe it , you ca n't deny either the tragic loss of two young men in the prime of their talent or the [[power]] of this [[movie]] .","whether you like rap music or loathe it , you ca n't deny either the tragic loss of two young men in the prime of their talent or the [[powLer]] of this [[movi]] .",0.15625,0.5546875,1,0,1,27,"Successful"
"all-in-all , the film is an enjoyable and frankly told tale of a people who live among us , but not [[necessarily]] with us .","all-in-all , the film is an enjoyable and frankly told tale of a people who live among us , but not [[necessaril]] with us .",0.2783203125,0.916015625,1,0,1,17,"Successful"
"feature debuter d.j. caruso directs a crack [[ensemble]] cast , [[bringing]] screenwriter tony gayton 's narcotics noir to [[life]] .","feature debuter d.j. caruso directs a crack [[eksemble]] cast , [[bJinging]] screenwriter tony gayton 's narcotics noir to [[Qife]] .",0.0400390625,0.611328125,1,0,1,28,"Successful"
"serving sara does [[n't]] serve up a whole lot of laughs .","serving sara does [[E't]] serve up a whole lot of laughs .",0.00146484375,0.9619140625,0,1,0,12,"Successful"
"my [[reaction]] in a word : [[disappointment]] .","my [[raection]] in a word : [[disappDintment]] .",0.0009765625,0.001953125,0,0,0,16,"Failed"
"the [[film]] 's [[hackneyed]] [[message]] is not [[helped]] by the [[thin]] characterizations , [[nonexistent]] [[plot]] and [[pretentious]] [[visual]] [[style]] .","the [[iflm]] 's [[hackneSed]] [[mePsage]] is not [[heled]] by the [[tin]] characterizations , [[nonexZstent]] [[pJot]] and [[pWetentious]] [[viFual]] [[Ktyle]] .",0.00048828125,0.03076171875,0,0,0,55,"Failed"
"very psychoanalytical -- provocatively so -- and also [[refreshingly]] literary .","very psychoanalytical -- provocatively so -- and also [[refreshinly]] literary .",0.27197265625,0.81298828125,1,0,1,9,"Successful"
"the experience of going to a film festival is a rewarding one ; the experiencing of sampling one through this movie is not .","the experience of going to a film festival is a rewarding one ; the experiencing of sampling one through this movie is not .",0.95263671875,0.95263671875,1,1,0,1,"Skipped"
"with rabbit-proof fence , noyce has tailored an epic tale into a lean , [[economical]] [[movie]] .","with rabbit-proof fence , noyce has tailored an epic tale into a lean , [[economicMl]] [[movpe]] .",0.029296875,0.7744140625,1,0,1,18,"Successful"
"even horror fans will most likely not find what they 're seeking with trouble every day ; the movie [[lacks]] both thrills and humor .","even horror fans will most likely not find what they 're seeking with trouble every day ; the movie [[laDks]] both thrills and humor .",0.00048828125,0.83544921875,0,1,0,18,"Successful"
"this [[piece]] of [[channel]] 5 [[grade]] [[trash]] is , [[quite]] [[frankly]] , an [[insult]] to the [[intelligence]] of the [[true]] genre [[enthusiast]] .","this [[picee]] of [[chanenl]] 5 [[garde]] [[traKh]] is , [[hquite]] [[rankly]] , an [[insHlt]] to the [[intellRgence]] of the [[Zrue]] genre [[enthusaist]] .",0.00146484375,0.4453125,0,0,0,57,"Failed"
"add yet another hat to a talented head , clooney 's a [[good]] director .","add yet another hat to a talented head , clooney 's a [[food]] director .",0.00830078125,0.53125,1,0,1,13,"Successful"
"as unseemly as its title suggests .","as unseemly as its title suggests .",0.99658203125,0.99658203125,0,0,1,1,"Skipped"
"the movie is n't just hilarious : it 's [[witty]] and inventive , too , and in hindsight , it is n't even all that [[dumb]] .","the movie is n't just hilarious : it 's [[wtity]] and inventive , too , and in hindsight , it is n't even all that [[dubm]] .",0.08740234375,0.5810546875,1,0,1,18,"Successful"
"among the year 's most [[intriguing]] explorations of alientation .","among the year 's most [[intriguang]] explorations of alientation .",0.046875,0.5966796875,1,0,1,10,"Successful"
"the sort of film that makes me miss hitchcock , but also feel optimistic that there 's [[hope]] for popular cinema [[yet]] .","the sort of film that makes me miss hitchcock , but also feel optimistic that there 's [[hoVe]] for popular cinema [[yte]] .",0.10986328125,0.6689453125,1,0,1,21,"Successful"
"the primitive force of this film seems to bubble up from the vast collective [[memory]] of the combatants .","the primitive force of this film seems to bubble up from the vast collective [[memorgy]] of the combatants .",0.38134765625,0.9326171875,1,0,1,14,"Successful"
"the terrific and bewilderingly underrated campbell scott gives a star performance that is [[nothing]] [[short]] of [[mesmerizing]] .","the terrific and bewilderingly underrated campbell scott gives a star performance that is [[nothyng]] [[sCort]] of [[megsmerizing]] .",0.0029296875,0.78515625,1,0,1,24,"Successful"
"and if you 're not nearly moved to tears by a couple of scenes , you 've got ice water in your veins .","and if you 're not nearly moved to tears by a couple of scenes , you 've got ice water in your veins .",0.9072265625,0.9072265625,0,0,1,1,"Skipped"
"a lean , deftly shot , [[well-acted]] , weirdly [[retro]] thriller that [[recalls]] a raft of '[[60s]] and '70s european-set spy [[pictures]] .","a lean , deftly shot , [[well-acEed]] , weirdly [[rero]] thriller that [[reQcalls]] a raft of '[[M0s]] and '70s european-set spy [[pictureO]] .",0.01171875,0.56591796875,1,0,1,33,"Successful"
"the magic of the film lies not in the mysterious spring but in the [[richness]] of its performances .","the magic of the film lies not in the mysterious spring but in the [[ichness]] of its performances .",0.01171875,0.947265625,1,0,1,12,"Successful"
"-lrb- lawrence bounces -rrb- all over the stage , dancing , running , sweating , mopping his face and generally [[displaying]] the wacky talent that brought him fame in the first place .","-lrb- lawrence bounces -rrb- all over the stage , dancing , running , sweating , mopping his face and generally [[displaxing]] the wacky talent that brought him fame in the first place .",0.177734375,0.68603515625,1,0,1,23,"Successful"
"what distinguishes time of favor from countless other [[thrillers]] is its underlying concern with the consequences of words and with the complicated emotions fueling terrorist acts .","what distinguishes time of favor from countless other [[thrillYers]] is its underlying concern with the consequences of words and with the complicated emotions fueling terrorist acts .",0.236328125,0.896484375,1,0,1,19,"Successful"
"crackerjack entertainment -- [[nonstop]] romance , music , suspense and [[action]] .","crackerjack entertainment -- [[nonsotp]] romance , music , suspense and [[atcion]] .",0.05126953125,0.92431640625,1,0,1,16,"Successful"
"with its dogged [[hollywood]] [[naturalism]] and the inexorable passage of its characters toward sainthood , windtalkers is [[nothing]] but a sticky-sweet soap .","with its dogged [[hollyVood]] [[naturanlism]] and the inexorable passage of its characters toward sainthood , windtalkers is [[nthing]] but a sticky-sweet soap .",0.08740234375,0.57373046875,0,1,0,25,"Successful"
"in its best moments , [[resembles]] a [[bad]] high [[school]] [[production]] of grease , [[without]] [[benefit]] of song .","in its best moments , [[sresembles]] a [[bda]] high [[spchool]] [[pSoduction]] of grease , [[withVout]] [[benefint]] of song .",0.00146484375,0.662109375,0,1,0,36,"Successful"
"... [[designed]] to provide a mix of [[smiles]] and tears , `` crossroads '' [[instead]] [[provokes]] a [[handful]] of [[unintentional]] howlers and [[numerous]] [[yawns]] .","... [[edesigned]] to provide a mix of [[smilei]] and tears , `` crossroads '' [[insteLd]] [[provkoes]] a [[handfDul]] of [[nuintentional]] howlers and [[Yumerous]] [[ywns]] .",0.01171875,0.2568359375,0,0,0,70,"Failed"
"[[worth]] watching for dong jie 's performance -- and for the way it [[documents]] a culture in the throes of rapid change .","[[wortMh]] watching for dong jie 's performance -- and for the way it [[documeKts]] a culture in the throes of rapid change .",0.01904296875,0.841796875,1,0,1,20,"Successful"
"if you are an actor who can relate to the search for inner peace by dramatically depicting the lives of others onstage , then esther 's story is a [[compelling]] quest for [[truth]] .","if you are an actor who can relate to the search for inner peace by dramatically depicting the lives of others onstage , then esther 's story is a [[compellinH]] quest for [[trutf]] .",0.05126953125,0.546875,1,0,1,24,"Successful"
"[[unlike]] the speedy wham-bam effect of most hollywood offerings , character development -- and more importantly , character empathy -- is at the [[heart]] of italian for beginners .","[[nulike]] the speedy wham-bam effect of most hollywood offerings , character development -- and more importantly , character empathy -- is at the [[hearm]] of italian for beginners .",0.02587890625,0.81982421875,1,0,1,23,"Successful"
"[[stultifyingly]] , [[dumbfoundingly]] , mind-numbingly [[bad]] .","[[stuvltifyingly]] , [[duJmbfoundingly]] , mind-numbingly [[bda]] .",0.0029296875,0.10693359375,0,0,0,21,"Failed"
"[[``]] mostly martha '' is a [[bright]] , light [[modern]] day family [[parable]] that wears its [[heart]] on its sleeve for all to [[see]] .","[[y``]] mostly martha '' is a [[brigwt]] , light [[modren]] day family [[paralbe]] that wears its [[heFrt]] on its sleeve for all to [[xsee]] .",0.0126953125,0.607421875,1,0,1,41,"Successful"
"no telegraphing is too [[obvious]] or [[simplistic]] for this [[movie]] .","no telegraphing is too [[obvios]] or [[simplistiL]] for this [[move]] .",0.0224609375,0.2568359375,0,0,0,21,"Failed"
"[[writer-director]] 's mehta 's effort has [[tons]] of [[charm]] and the whimsy is in the [[mixture]] , the [[intoxicating]] masala , of [[cultures]] and [[film]] [[genres]] .","[[writer-diector]] 's mehta 's effort has [[tojs]] of [[Dharm]] and the whimsy is in the [[mixtuxe]] , the [[inLoxicating]] masala , of [[cuVtures]] and [[flim]] [[genrXes]] .",0.00830078125,0.841796875,1,0,1,45,"Successful"
"... takes the beauty of baseball and [[melds]] it with a story that could [[touch]] anyone regardless of their familiarity with the [[sport]]","... takes the beauty of baseball and [[mleds]] it with a story that could [[tuch]] anyone regardless of their familiarity with the [[spoNrt]]",0.0029296875,0.52734375,1,0,1,24,"Successful"
"one of the [[smartest]] takes on singles culture i 've seen in a long time .","one of the [[smratest]] takes on singles culture i 've seen in a long time .",0.0009765625,0.6826171875,1,0,1,13,"Successful"
"it 's not [[original]] , and , [[robbed]] of the [[element]] of [[surprise]] , it does [[n't]] have any huge [[laughs]] in its [[story]] of [[irresponsible]] [[cops]] who love to play pranks .","it 's not [[originral]] , and , [[roKbed]] of the [[llement]] of [[sGrprise]] , it does '[[t]] have any huge [[laghs]] in its [[storE]] of [[irrespnosible]] [[cQops]] who love to play pranks .",0.001953125,0.28125,0,0,0,66,"Failed"
"this [[re-do]] is so [[dumb]] and so [[exploitative]] in its violence that , ironically , it [[becomes]] everything that the rather clumsy original was railing against .","this [[rie-do]] is so [[Tumb]] and so [[exploTtative]] in its violence that , ironically , it [[beocmes]] everything that the rather clumsy original was railing against .",0.02587890625,0.1826171875,0,0,0,55,"Failed"
"to call the other [[side]] of heaven [[``]] [[appalling]] '' would be to [[underestimate]] just how [[dangerous]] [[entertainments]] like it can be .","to call the other [[kide]] of heaven [[x`]] [[appalZing]] '' would be to [[underetimate]] just how [[dangeroKs]] [[entertSainments]] like it can be .",0.02392578125,0.36669921875,0,0,0,50,"Failed"
"it has [[charm]] to spare , and unlike many romantic comedies , it does not [[alienate]] either [[gender]] in the [[audience]] .","it has [[chYrm]] to spare , and unlike many romantic comedies , it does not [[alienae]] either [[ender]] in the [[audienec]] .",0.00634765625,0.91748046875,1,0,1,27,"Successful"
"a great ensemble cast ca [[n't]] lift this heartfelt enterprise out of the familiar .","a great ensemble cast ca [[ngt]] lift this heartfelt enterprise out of the familiar .",0.00390625,0.7548828125,0,1,0,14,"Successful"
"lapaglia 's [[ability]] to convey grief and hope works with weaver 's sensitive reactions to [[make]] this a two-actor [[master]] [[class]] .","lapaglia 's [[abilBity]] to convey grief and hope works with weaver 's sensitive reactions to [[maSe]] this a two-actor [[aster]] [[Alass]] .",0.01708984375,0.5966796875,1,0,1,30,"Successful"
"my thoughts were focused on the [[characters]] .","my thoughts were focused on the [[charGcters]] .",0.07373046875,0.7373046875,1,0,1,8,"Successful"
"it 's [[slow]] -- very , very [[slow]] .","it 's [[sjow]] -- very , very [[splow]] .",0.0048828125,0.11572265625,0,0,0,11,"Failed"
"though it 's become almost redundant to say so , major [[kudos]] go to leigh for actually casting people who look working-class .","though it 's become almost redundant to say so , major [[kmdos]] go to leigh for actually casting people who look working-class .",0.0517578125,0.8671875,1,0,1,19,"Successful"
"should have been [[someone]] [[else]] -","should have been [[sogeone]] [[ekse]] -",0.001953125,0.02001953125,0,0,0,11,"Failed"
"it 's so [[good]] that its relentless , [[polished]] wit can [[withstand]] not only inept school productions , but even oliver [[parker]] 's [[movie]] [[adaptation]] .","it 's so [[ogod]] that its relentless , [[solished]] wit can [[witshtand]] not only inept school productions , but even oliver [[parMer]] 's [[movhie]] [[adaNtation]] .",0.00927734375,0.763671875,1,0,1,42,"Successful"
"it [[feels]] [[like]] an after-school special gussied up with some fancy special effects , and [[watching]] its [[rote]] [[plot]] [[points]] connect is about as [[exciting]] as gazing at an egg timer for 93 minutes .","it [[efels]] [[lixe]] an after-school special gussied up with some fancy special effects , and [[watcXing]] its [[roet]] [[plBt]] [[poQints]] connect is about as [[excitnig]] as gazing at an egg timer for 93 minutes .",0.0009765625,0.98681640625,0,1,0,48,"Successful"
"[[indifferently]] [[implausible]] popcorn programmer of a [[movie]] .","[[indiffrently]] [[omplausible]] popcorn programmer of a [[omvie]] .",0.0185546875,0.119140625,0,0,0,25,"Failed"
"even the finest chef [[ca]] [[n't]] [[make]] a hotdog into [[anything]] more than a hotdog , and [[robert]] de niro [[ca]] [[n't]] [[make]] this [[movie]] anything more than a [[trashy]] [[cop]] [[buddy]] comedy .","even the finest chef [[ra]] [[nO't]] [[Yake]] a hotdog into [[aIything]] more than a hotdog , and [[robet]] de niro [[a]] [[nNt]] [[ake]] this [[mSovie]] anything more than a [[traahy]] [[cp]] [[buddL]] comedy .",0.01025390625,0.97998046875,0,1,0,77,"Successful"
"it 's fascinating to see how bettany and mcdowell [[play]] off each other .","it 's fascinating to see how bettany and mcdowell [[Olay]] off each other .",0.01513671875,0.8974609375,1,0,1,10,"Successful"
"teen movies have really hit the [[skids]] .","teen movies have really hit the [[skisd]] .",0.00146484375,0.951171875,0,1,0,10,"Successful"
"stephen rea , aidan quinn , and alan bates play desmond 's legal eagles , and when joined by brosnan , the sight of this grandiloquent quartet lolling in pretty irish settings is a pleasant enough thing , ` tis .","stephen rea , aidan quinn , and alan bates play desmond 's legal eagles , and when joined by brosnan , the sight of this grandiloquent quartet lolling in pretty irish settings is a pleasant enough thing , ` tis .",0.9619140625,0.9619140625,0,0,1,1,"Skipped"
"[[even]] on those rare [[occasions]] when the [[narrator]] [[stops]] [[yammering]] , [[miller]] 's [[hand]] [[often]] [[feels]] [[unsure]] .","[[een]] on those rare [[oIccasions]] when the [[narraEor]] [[Ctops]] [[yamering]] , [[mJiller]] 's [[and]] [[Coften]] [[Ieels]] [[uOsure]] .",0.01220703125,0.30078125,0,0,0,56,"Failed"
"every time you [[look]] , [[sweet]] [[home]] alabama is [[taking]] [[another]] [[bummer]] of a [[wrong]] turn .","every time you [[Dlook]] , [[soeet]] [[hmoe]] alabama is [[Rtaking]] [[anotUher]] [[ummer]] of a [[wrons]] turn .",0.00537109375,0.51171875,0,1,0,52,"Successful"
"it gets [[onto]] the screen just about as [[much]] of the [[novella]] as one [[could]] reasonably expect , and is [[engrossing]] and [[moving]] in its own [[right]] .","it gets [[ontlo]] the screen just about as [[duch]] of the [[nvoella]] as one [[colud]] reasonably expect , and is [[enrgossing]] and [[movQing]] in its own [[irght]] .",0.005859375,0.67236328125,1,0,1,40,"Successful"
"a poignant , artfully crafted [[meditation]] on mortality .","a poignant , artfully crafted [[meQditation]] on mortality .",0.02490234375,0.689453125,1,0,1,10,"Successful"
"one of the best [[films]] of the year with its [[exploration]] of the obstacles to happiness [[faced]] by five contemporary [[individuals]] ... a [[psychological]] [[masterpiece]] .","one of the best [[fils]] of the year with its [[exploLation]] of the obstacles to happiness [[faceK]] by five contemporary [[individualT]] ... a [[psychologiycal]] [[masterpigce]] .",0.001953125,0.607421875,1,0,1,38,"Successful"
"no sophomore [[slump]] for [[director]] sam mendes , who [[segues]] from oscar winner to oscar-winning [[potential]] with a [[smooth]] sleight of [[hand]] .","no sophomore [[sump]] for [[diYector]] sam mendes , who [[sePues]] from oscar winner to oscar-winning [[optential]] with a [[smootK]] sleight of [[hxnd]] .",0.00927734375,0.611328125,1,0,1,38,"Successful"
"even if you do n't think -lrb- kissinger 's -rrb- any more guilty of criminal activity than most contemporary statesmen , he 'd sure make a courtroom trial great fun to [[watch]] .","even if you do n't think -lrb- kissinger 's -rrb- any more guilty of criminal activity than most contemporary statesmen , he 'd sure make a courtroom trial great fun to [[watRh]] .",0.23388671875,0.740234375,1,0,1,23,"Successful"
"... a story we have n't seen on the big screen before , and it 's a [[story]] that we as americans , and human beings , should [[know]] .","... a story we have n't seen on the big screen before , and it 's a [[atory]] that we as americans , and human beings , should [[knoC]] .",0.01904296875,0.73095703125,1,0,1,19,"Successful"
"irwin is a man with enough charisma and audacity to [[carry]] a [[dozen]] films , but this [[particular]] [[result]] is [[ultimately]] held back from being [[something]] [[greater]] .","irwin is a man with enough charisma and audacity to [[corry]] a [[dodzen]] films , but this [[particlar]] [[rsult]] is [[uItimately]] held back from being [[somtehing]] [[graeter]] .",0.0361328125,0.2041015625,0,0,0,76,"Failed"
"instead of a hyperbolic beat-charged urban western , it 's an [[unpretentious]] , sociologically pointed slice of life .","instead of a hyperbolic beat-charged urban western , it 's an [[npretentious]] , sociologically pointed slice of life .",0.4111328125,0.98193359375,1,0,1,15,"Successful"
"the [[film]] 's few [[ideas]] are stretched to the [[point]] of [[evaporation]] ; the [[whole]] [[central]] section is [[one]] big [[chase]] that [[seems]] to have no [[goal]] and no [[urgency]] .","the [[fijlm]] 's few [[iDdeas]] are stretched to the [[pownt]] of [[levaporation]] ; the [[whoAle]] [[cenKral]] section is [[zone]] big [[chasT]] that [[eems]] to have no [[gaol]] and no [[urgeacy]] .",0.00048828125,0.017578125,0,0,0,71,"Failed"
"though perry and hurley make inspiring efforts to breathe life into the disjointed , haphazard script by jay scherick and david ronn , neither the actors nor director reginald hudlin can make it more than fitfully entertaining .","though perry and hurley make inspiring efforts to breathe life into the disjointed , haphazard script by jay scherick and david ronn , neither the actors nor director reginald hudlin can make it more than fitfully entertaining .",0.6181640625,0.6181640625,1,1,0,1,"Skipped"
"woody allen 's latest is an ambling , broad comedy about all there is to [[love]] -- and hate -- about the movie biz .","woody allen 's latest is an ambling , broad comedy about all there is to [[loe]] -- and hate -- about the movie biz .",0.19677734375,0.8974609375,1,0,1,15,"Successful"
"there 's too [[much]] [[falseness]] to the second [[half]] , and what [[began]] as an intriguing look at [[youth]] [[fizzles]] into a [[dull]] , ridiculous [[attempt]] at [[heart-tugging]] .","there 's too [[munh]] [[Lalseness]] to the second [[hlaf]] , and what [[begfan]] as an intriguing look at [[tyouth]] [[izzles]] into a [[duxl]] , ridiculous [[atUempt]] at [[heart-tOugging]] .",0.00146484375,0.14013671875,0,0,0,64,"Failed"
"as a first-time director , paxton has tapped something in himself as an actor that provides frailty with its dark soul .","as a first-time director , paxton has tapped something in himself as an actor that provides frailty with its dark soul .",0.615234375,0.615234375,0,0,1,1,"Skipped"
"a gripping movie , played with performances that are all [[understated]] and [[touching]] .","a gripping movie , played with performances that are all [[undersatted]] and [[tonching]] .",0.00244140625,0.9921875,1,0,1,15,"Successful"
"too [[slow]] , too [[long]] and too [[little]] [[happens]] .","too [[lsow]] , too [[lnog]] and too [[Yittle]] [[happen]] .",0.001953125,0.03271484375,0,0,0,21,"Failed"
"[[plays]] [[like]] a [[volatile]] and [[overlong]] w [[magazine]] [[fashion]] spread .","[[plyas]] [[likVe]] a [[volatlie]] and [[ovCerlong]] w [[mgazine]] [[fashino]] spread .",0.00341796875,0.1943359375,0,0,0,36,"Failed"
"[[attempts]] by this [[ensemble]] [[film]] to [[impart]] a [[message]] are so [[heavy-handed]] that they [[instead]] [[pummel]] the [[audience]] .","[[attempSts]] by this [[enseZble]] [[iflm]] to [[ifmpart]] a [[Fessage]] are so [[heavy-hanOed]] that they [[instepd]] [[pummNl]] the [[audienec]] .",0.00048828125,0.02587890625,0,0,0,45,"Failed"
"it 's a demented [[kitsch]] mess -lrb- although the smeary digital video does match the muddled narrative -rrb- , but it 's savvy about celebrity and has more guts and energy than much of what will open this year .","it 's a demented [[kiPtsch]] mess -lrb- although the smeary digital video does match the muddled narrative -rrb- , but it 's savvy about celebrity and has more guts and energy than much of what will open this year .",0.14306640625,0.9970703125,1,0,1,24,"Successful"
"bleakly funny , its characters all the more touching for refusing to pity or memorialize themselves .","bleakly funny , its characters all the more touching for refusing to pity or memorialize themselves .",0.82666015625,0.82666015625,0,0,1,1,"Skipped"
"it is amusing , and that 's all it [[needs]] to be .","it is amusing , and that 's all it [[nIeds]] to be .",0.06640625,0.67578125,1,0,1,6,"Successful"
"the [[characters]] are [[interesting]] and [[often]] very [[creatively]] [[constructed]] from figure to [[backstory]] .","the [[characterqs]] are [[interesNting]] and [[oftJen]] very [[crnatively]] [[ocnstructed]] from figure to [[bcakstory]] .",0.00048828125,0.6689453125,1,0,1,32,"Successful"
"a taut psychological thriller that does n't [[waste]] a moment of its two-hour running time .","a taut psychological thriller that does n't [[waNte]] a moment of its two-hour running time .",0.02734375,0.98046875,1,0,1,14,"Successful"
"... is an [[arthritic]] [[attempt]] at [[directing]] by [[callie]] khouri .","... is an [[artYritic]] [[attemVpt]] at [[dirdcting]] by [[allie]] khouri .",0.00732421875,0.12109375,0,0,0,26,"Failed"
"michael gerbosi 's script is economically [[packed]] with telling scenes .","michael gerbosi 's script is economically [[pcaked]] with telling scenes .",0.01318359375,0.79833984375,1,0,1,12,"Successful"
"light years \/ several warp speeds \/ levels and levels of dilithium crystals better than the pitiful insurrection .","light years \/ several warp speeds \/ levels and levels of dilithium crystals better than the pitiful insurrection .",0.91357421875,0.91357421875,0,0,1,1,"Skipped"
"what was once [[original]] has been [[co-opted]] so frequently that it now [[seems]] [[pedestrian]] .","what was once [[osiginal]] has been [[co-oted]] so frequently that it now [[seeos]] [[pedestrin]] .",0.00146484375,0.0185546875,0,0,0,26,"Failed"
"at a time when half the so-called real movies are little more than live-action cartoons , it 's [[refreshing]] to see a cartoon that knows what it is , and knows the form 's [[history]] .","at a time when half the so-called real movies are little more than live-action cartoons , it 's [[refershing]] to see a cartoon that knows what it is , and knows the form 's [[hisMory]] .",0.05908203125,0.55859375,1,0,1,24,"Successful"
"at the very least , if you do n't know anything about derrida when you walk into the theater , you [[wo]] [[n't]] know [[much]] more when you leave .","at the very least , if you do n't know anything about derrida when you walk into the theater , you [[ow]] [[n']] know [[mucKh]] more when you leave .",0.0048828125,0.5771484375,0,1,0,33,"Successful"
"[[partway]] through [[watching]] this [[saccharine]] , easter-egg-colored [[concoction]] , you [[realize]] that it is [[made]] up of three episodes of a [[rejected]] tv show .","[[partwday]] through [[watchCing]] this [[asccharine]] , easter-egg-colored [[concoection]] , you [[reNlize]] that it is [[amde]] up of three episodes of a [[ejected]] tv show .",0.001953125,0.5234375,0,1,0,45,"Successful"
"bennett 's naturalistic performance speaks volumes more truth than any ` reality ' show , and [[anybody]] [[contemplating]] their own drastic life [[changes]] should [[watch]] some body first .","bennett 's naturalistic performance speaks volumes more truth than any ` reality ' show , and [[anybod]] [[contempating]] their own drastic life [[changbes]] should [[awtch]] some body first .",0.0791015625,0.5927734375,1,0,1,34,"Successful"
"jose [[campanella]] [[delivers]] a loosely autobiographical story [[brushed]] with sentimentality but [[brimming]] with [[gentle]] humor , bittersweet [[pathos]] , and lyric moments that [[linger]] like [[snapshots]] of memory .","jose [[campaella]] [[udelivers]] a loosely autobiographical story [[brusted]] with sentimentality but [[bCimming]] with [[gkentle]] humor , bittersweet [[patphos]] , and lyric moments that [[liMger]] like [[snapshotGs]] of memory .",0.00732421875,0.4150390625,1,1,1,94,"Failed"
"... mafia , rap stars and hood rats butt their ugly heads in a regurgitation of cinematic violence that gives brutal birth to an unlikely , but likable , [[hero]] . '","... mafia , rap stars and hood rats butt their ugly heads in a regurgitation of cinematic violence that gives brutal birth to an unlikely , but likable , [[ehro]] . '",0.48046875,0.97705078125,1,0,1,22,"Successful"
"i [[got]] a [[headache]] [[watching]] this [[meaningless]] [[downer]] .","i [[godt]] a [[heaadche]] [[watchSng]] this [[meanpngless]] [[odwner]] .",0.0009765625,0.07080078125,0,0,0,26,"Failed"
"montias ... pumps a lot of [[energy]] into his [[nicely]] [[nuanced]] [[narrative]] and [[surrounds]] himself with a [[cast]] of [[quirky]] -- but not [[stereotyped]] -- [[street]] [[characters]] .","montias ... pumps a lot of [[energdy]] into his [[niceyl]] [[nuanceq]] [[narrNative]] and [[surounds]] himself with a [[cats]] of [[uirky]] -- but not [[stereoWyped]] -- [[dtreet]] [[characteIs]] .",0.02734375,0.662109375,1,0,1,54,"Successful"
"slapstick buffoonery can tickle many a preschooler 's fancy , but when it costs a family of four about $ 40 to see a film in theaters , why spend money on a dog like this when you can rent a pedigree instead ?","slapstick buffoonery can tickle many a preschooler 's fancy , but when it costs a family of four about $ 40 to see a film in theaters , why spend money on a dog like this when you can rent a pedigree instead ?",0.9892578125,0.9892578125,1,1,0,1,"Skipped"
"his comedy [[premises]] are [[often]] [[hackneyed]] or just [[plain]] [[crude]] , [[calculated]] to [[provoke]] [[shocked]] laughter , [[without]] [[following]] up on a deeper level .","his comedy [[preRises]] are [[Tften]] [[hackneyep]] or just [[plagn]] [[crudFe]] , [[calculate]] to [[provok]] [[shocmked]] laughter , [[withSout]] [[foXlowing]] up on a deeper level .",0.0009765625,0.48046875,0,0,0,71,"Failed"
"big [[fat]] [[waste]] of [[time]] .","big [[Kat]] [[wasfe]] of [[tmie]] .",0.00146484375,0.04345703125,0,0,0,21,"Failed"
"it 's not that [[kung]] pow is n't [[funny]] some of the time -- it just is n't any funnier than bad martial arts movies are all by themselves , without all oedekerk 's impish augmentation .","it 's not that [[kugn]] pow is n't [[ifunny]] some of the time -- it just is n't any funnier than bad martial arts movies are all by themselves , without all oedekerk 's impish augmentation .",0.00537109375,0.9794921875,0,1,0,24,"Successful"
"a [[delightful]] coming-of-age [[story]] .","a [[deliughtful]] coming-of-age [[stort]] .",0.0009765625,0.91943359375,1,0,1,11,"Successful"
"binoche makes it interesting trying to find out .","binoche makes it interesting trying to find out .",0.77734375,0.77734375,0,0,1,1,"Skipped"
"the humor is [[forced]] and [[heavy-handed]] , and [[occasionally]] [[simply]] [[unpleasant]] .","the humor is [[forbed]] and [[heavy-hanMed]] , and [[occasionaluly]] [[siPmply]] [[nupleasant]] .",0.00048828125,0.01513671875,0,0,0,31,"Failed"
"... a [[fun]] little timewaster , helped especially by the [[cool]] presence of jean reno .","... a [[fnu]] little timewaster , helped especially by the [[colo]] presence of jean reno .",0.02880859375,0.86865234375,1,0,1,18,"Successful"
"prurient [[playthings]] [[aside]] , there 's [[little]] to [[love]] about this [[english]] [[trifle]] .","prurient [[pUaythings]] [[asPide]] , there 's [[littlf]] to [[lve]] about this [[Benglish]] [[rifle]] .",0.00048828125,0.0234375,0,0,0,35,"Failed"
"the [[old-world]] - [[meets-new]] mesh is [[incarnated]] in the movie 's soundtrack , a [[joyful]] effusion of disco [[bollywood]] that , by the end of [[monsoon]] wedding , sent my spirit soaring out of the theater .","the [[od-world]] - [[meets-nes]] mesh is [[inyarnated]] in the movie 's soundtrack , a [[joyul]] effusion of disco [[hollywood]] that , by the end of [[monsooe]] wedding , sent my spirit soaring out of the theater .",0.01611328125,0.2255859375,1,1,1,85,"Failed"
"as surreal as a dream and as detailed as a photograph , as visually [[dexterous]] as it is at times imaginatively overwhelming .","as surreal as a dream and as detailed as a photograph , as visually [[deterous]] as it is at times imaginatively overwhelming .",0.03369140625,0.65478515625,1,0,1,14,"Successful"
"[[director]] uwe boll and the [[actors]] provide [[scant]] [[reason]] to [[care]] in this [[crude]] '70s throwback .","[[directYor]] uwe boll and the [[actoQrs]] provide [[scanQt]] [[reasVon]] to [[cayre]] in this [[Krude]] '70s throwback .",0.00048828125,0.65478515625,0,1,0,40,"Successful"
"the continued good chemistry between [[carmen]] and juni is what keeps this slightly disappointing [[sequel]] going , with [[enough]] amusing [[banter]] -- blessedly [[curse-free]] -- to keep both [[kids]] and [[parents]] [[entertained]] .","the continued good chemistry between [[caremn]] and juni is what keeps this slightly disappointing [[seLquel]] going , with [[enozgh]] amusing [[baner]] -- blessedly [[curse-fre]] -- to keep both [[kidL]] and [[paretns]] [[entertaiHned]] .",0.01611328125,0.5078125,1,0,1,63,"Successful"
"[[puts]] a human face on a land most westerners are unfamiliar with .","[[pust]] a human face on a land most westerners are unfamiliar with .",0.0498046875,0.9306640625,1,0,1,11,"Successful"
"unflinchingly [[bleak]] and [[desperate]]","unflinchingly [[belak]] and [[despefrate]]",0.0009765625,0.1943359375,0,0,0,16,"Failed"
"the [[heavy-handed]] [[film]] is almost [[laughable]] as a consequence .","the [[heIvy-handed]] [[fiml]] is almost [[lauhghable]] as a consequence .",0.0048828125,0.0693359375,0,0,0,26,"Failed"
"it has the [[charm]] of the original american road movies , feasting on the gorgeous , ramshackle landscape of the filmmaker 's motherland .","it has the [[harm]] of the original american road movies , feasting on the gorgeous , ramshackle landscape of the filmmaker 's motherland .",0.04833984375,0.8173828125,1,0,1,16,"Successful"
"[[works]] hard to establish rounded characters , but then has [[nothing]] [[fresh]] or [[particularly]] interesting to [[say]] about them .","[[orks]] hard to establish rounded characters , but then has [[Uothing]] [[resh]] or [[partbicularly]] interesting to [[vay]] about them .",0.00146484375,0.19921875,0,0,0,51,"Failed"
"[[verbinski]] implements every [[hack-artist]] trick to give [[us]] the ooky-spookies .","[[veZbinski]] implements every [[hack-artiswt]] trick to give [[u]] the ooky-spookies .",0.1025390625,0.4453125,0,0,0,41,"Failed"
"uncommonly stylish but [[equally]] [[silly]] ... the [[picture]] [[fails]] to generate [[much]] [[suspense]] , nor does it [[ask]] [[searching]] [[enough]] [[questions]] to [[justify]] its [[pretensions]] .","uncommonly stylish but [[equalJly]] [[slily]] ... the [[piture]] [[afils]] to generate [[mbch]] [[suspenese]] , nor does it [[asgk]] [[seacrhing]] [[ejough]] [[questioYns]] to [[justibfy]] its [[preensions]] .",0.0009765625,0.05126953125,0,0,0,73,"Failed"
"as [[vulgar]] as it is [[banal]] .","as [[vuxgar]] as it is [[banla]] .",0.0078125,0.11572265625,0,0,0,11,"Failed"
"i 'm just too [[bored]] to [[care]] .","i 'm just too [[Zored]] to [[cre]] .",0.0009765625,0.01904296875,0,0,0,11,"Failed"
"i had to [[look]] [[away]] - this was [[god]] [[awful]] .","i had to [[lok]] [[awya]] - this was [[goRd]] [[aNwful]] .",0.001953125,0.0146484375,0,0,0,20,"Failed"
"a [[dumb]] [[movie]] with [[dumb]] [[characters]] doing [[dumb]] [[things]] and you have to be [[really]] [[dumb]] not to see where this is [[going]] .","a [[umb]] [[move]] with [[udmb]] [[charaocters]] doing [[Mumb]] [[thingX]] and you have to be [[raelly]] [[dumWb]] not to see where this is [[ging]] .",0.00146484375,0.30078125,0,0,0,50,"Failed"
"what really makes it special is that it pulls [[us]] into its world , gives us a [[hero]] whose suffering and triumphs we can share , surrounds him with interesting characters and sends us out of the theater feeling we 've shared a great [[adventure]] .","what really makes it special is that it pulls [[s]] into its world , gives us a [[her]] whose suffering and triumphs we can share , surrounds him with interesting characters and sends us out of the theater feeling we 've shared a great [[advBenture]] .",0.00390625,0.15185546875,1,1,1,100,"Failed"
"of course , by more [[objective]] measurements it 's still quite [[bad]] .","of course , by more [[onjective]] measurements it 's still quite [[ad]] .",0.00390625,0.6259765625,0,1,0,23,"Successful"
"for this reason and this reason only -- the power of its own steadfast , hoity-toity convictions -- chelsea walls [[deserves]] a medal .","for this reason and this reason only -- the power of its own steadfast , hoity-toity convictions -- chelsea walls [[desePves]] a medal .",0.14013671875,0.658203125,1,0,1,15,"Successful"
"[[scores]] no [[points]] for [[originality]] , [[wit]] , or [[intelligence]] .","[[scors]] no [[poVints]] for [[oriTginality]] , [[wi]] , or [[intelligecne]] .",0.00048828125,0.03271484375,0,0,0,26,"Failed"
"[[though]] moonlight mile is replete with acclaimed [[actors]] and [[actresses]] and tackles a subject that 's potentially moving , the [[movie]] is too [[predictable]] and too [[self-conscious]] to reach a [[level]] of [[high]] drama .","[[thcugh]] moonlight mile is replete with acclaimed [[actor]] and [[aceresses]] and tackles a subject that 's potentially moving , the [[Amovie]] is too [[prdictable]] and too [[self-conscios]] to reach a [[evel]] of [[higHh]] drama .",0.0029296875,0.98583984375,0,1,0,63,"Successful"
"it 's a [[charming]] and often affecting journey .","it 's a [[Gharming]] and often affecting journey .",0.0078125,0.99755859375,1,0,1,9,"Successful"
"nervous [[breakdowns]] are not [[entertaining]] .","nervous [[breakdewns]] are not [[entKrtaining]] .",0.0009765625,0.0068359375,0,0,0,16,"Failed"
"this is a story of two misfits who do n't stand a chance [[alone]] , but [[together]] they are [[magnificent]] .","this is a story of two misfits who do n't stand a chance [[aone]] , but [[togetheJr]] they are [[magnificKnt]] .",0.0400390625,0.63671875,1,0,1,26,"Successful"
"atom egoyan has conjured up a [[multilayered]] work that [[tackles]] any [[number]] of [[fascinating]] [[issues]]","atom egoyan has conjured up a [[multilauyered]] work that [[atckles]] any [[numbeO]] of [[fascinaping]] [[isuses]]",0.0029296875,0.7119140625,1,0,1,30,"Successful"
"as the latest bid in the tv-to-movie franchise game , i spy makes its big-screen entry with [[little]] of the nervy originality of its groundbreaking small-screen progenitor .","as the latest bid in the tv-to-movie franchise game , i spy makes its big-screen entry with [[littlTe]] of the nervy originality of its groundbreaking small-screen progenitor .",0.01025390625,0.859375,0,1,0,20,"Successful"
"it 's [[one]] of those baseball pictures where the hero is stoic , the wife is patient , the kids are as cute as all get-out and the odds against success are long enough to intimidate , but [[short]] enough to make a dream seem possible .","it 's [[onq]] of those baseball pictures where the hero is stoic , the wife is patient , the kids are as cute as all get-out and the odds against success are long enough to intimidate , but [[sohrt]] enough to make a dream seem possible .",0.04833984375,0.8203125,1,0,1,30,"Successful"
"no [[way]] i can [[believe]] this [[load]] of [[junk]] .","no [[waPy]] i can [[beliXeve]] this [[lord]] of [[Eunk]] .",0.00146484375,0.0771484375,0,0,0,21,"Failed"
"we know the plot 's a little crazy , but it [[held]] my interest from [[start]] to [[finish]] .","we know the plot 's a little crazy , but it [[heYld]] my interest from [[statr]] to [[finih]] .",0.0654296875,0.83984375,1,0,1,21,"Successful"
"will [[amuse]] and provoke adventurous adults in specialty [[venues]] .","will [[amuve]] and provoke adventurous adults in specialty [[veunes]] .",0.025390625,0.8935546875,1,0,1,15,"Successful"
"another one of those estrogen overdose movies like `` divine secrets of the ya ya sisterhood , '' except that the writing , acting and character development are a [[lot]] [[better]] .","another one of those estrogen overdose movies like `` divine secrets of the ya ya sisterhood , '' except that the writing , acting and character development are a [[loW]] [[betteW]] .",0.07275390625,0.9873046875,1,0,1,28,"Successful"
"byler reveals his characters in a way that intrigues and even fascinates us , and he [[never]] reduces the situation to simple melodrama .","byler reveals his characters in a way that intrigues and even fascinates us , and he [[nYver]] reduces the situation to simple melodrama .",0.0029296875,0.6298828125,1,0,1,18,"Successful"
"the humor is [[n't]] as [[sharp]] , the [[effects]] not as innovative , nor the [[story]] as [[imaginative]] as in the [[original]] .","the humor is [[n'qt]] as [[shaYp]] , the [[effcets]] not as innovative , nor the [[gstory]] as [[imaginatvie]] as in the [[originIl]] .",0.0009765625,0.0126953125,0,0,0,41,"Failed"
"[[instead]] of hiding [[pinocchio]] from [[critics]] , [[miramax]] should have [[hidden]] it from [[everyone]] .","[[instKead]] of hiding [[pnocchio]] from [[critifcs]] , [[miramaW]] should have [[ihdden]] it from [[everyoKe]] .",0.00439453125,0.07080078125,0,0,0,36,"Failed"
"a moody , multi-dimensional love story and sci-fi mystery , [[solaris]] is a [[thought-provoking]] , haunting [[film]] that [[allows]] the [[seeds]] of the [[imagination]] to [[germinate]] .","a moody , multi-dimensional love story and sci-fi mystery , [[slaris]] is a [[thought-provoping]] , haunting [[fizm]] that [[allofs]] the [[seKeds]] of the [[miagination]] to [[germnate]] .",0.0048828125,0.65478515625,1,0,1,43,"Successful"
"offers very [[little]] [[genuine]] [[romance]] and even [[fewer]] laughs ... a [[sad]] [[sitcom]] of a movie , [[largely]] [[devoid]] of charm .","offers very [[litGle]] [[geJuine]] [[Qomance]] and even [[efwer]] laughs ... a [[saUd]] [[sitcmo]] of a movie , [[largelZ]] [[devoi]] of charm .",0.00048828125,0.9677734375,0,1,0,62,"Successful"
"it haunts you , you ca n't forget it , you [[admire]] its conception and are [[able]] to resolve some of the confusions you had while watching it .","it haunts you , you ca n't forget it , you [[adimre]] its conception and are [[albe]] to resolve some of the confusions you had while watching it .",0.14013671875,0.62255859375,1,0,1,19,"Successful"
"[[sometimes]] [[seems]] [[less]] [[like]] [[storytelling]] than [[something]] the [[otherwise]] compelling [[director]] [[needed]] to [[get]] off his chest .","[[smetimes]] [[seesm]] [[ess]] [[Wike]] [[storDytelling]] than [[soVmething]] the [[otherPise]] compelling [[drector]] [[eneded]] to [[gCet]] off his chest .",0.0009765625,0.26904296875,0,0,0,59,"Failed"
"as a rumor of [[angels]] reveals itself to be a sudsy [[tub]] of supernatural hokum , not [[even]] [[ms]]. [[redgrave]] 's noblest efforts can [[redeem]] it from hopeless sentimentality .","as a rumor of [[aCgels]] reveals itself to be a sudsy [[tnb]] of supernatural hokum , not [[eKen]] [[mus]]. [[redgXave]] 's noblest efforts can [[reZdeem]] it from hopeless sentimentality .",0.00341796875,0.99169921875,0,1,0,40,"Successful"
"[[almost]] [[gags]] on its own [[gore]] .","[[almQst]] [[gasg]] on its own [[goEe]] .",0.0400390625,0.1943359375,0,0,0,16,"Failed"
"the film is quiet , threatening and [[unforgettable]] .","the film is quiet , threatening and [[unforgettaTle]] .",0.4111328125,0.98388671875,1,0,1,9,"Successful"
"... the [[movie]] is just a [[plain]] [[old]] [[monster]] .","... the [[movei]] is just a [[palin]] [[lod]] [[mosnter]] .",0.00146484375,0.0419921875,0,0,0,21,"Failed"
"sustains its dreamlike glide through a succession of [[cheesy]] coincidences and voluptuous cheap effects , not the least of which is rebecca romijn-stamos .","sustains its dreamlike glide through a succession of [[cyeesy]] coincidences and voluptuous cheap effects , not the least of which is rebecca romijn-stamos .",0.0927734375,0.72802734375,0,1,0,17,"Successful"
"displaying about equal amounts of [[naiveté]] , passion and talent , beneath clouds [[establishes]] sen as a [[filmmaker]] of [[considerable]] [[potential]] .","displaying about equal amounts of [[navieté]] , passion and talent , beneath clouds [[establijshes]] sen as a [[nilmmaker]] of [[consideaable]] [[potetnial]] .",0.01806640625,0.56591796875,1,0,1,34,"Successful"
"it provides the grand , intelligent entertainment of a superior cast playing smart people amid a [[compelling]] [[plot]] .","it provides the grand , intelligent entertainment of a superior cast playing smart people amid a [[compellinR]] [[plo]] .",0.00146484375,0.78271484375,1,0,1,21,"Successful"
"a strangely [[compelling]] and [[brilliantly]] acted psychological [[drama]] .","a strangely [[copmelling]] and [[brillianXtly]] acted psychological [[drCama]] .",0.0009765625,0.935546875,1,0,1,19,"Successful"
"i 'll [[bet]] the video game is a lot more fun than the film .","i 'll [[Het]] the video game is a lot more fun than the film .",0.1142578125,0.4453125,0,0,0,30,"Failed"
"[[every]] [[nanosecond]] of the the new [[guy]] reminds you that you [[could]] be doing [[something]] [[else]] [[far]] more pleasurable .","[[evexy]] [[nansoecond]] of the the new [[gLy]] reminds you that you [[cmuld]] be doing [[soething]] [[ese]] [[fra]] more pleasurable .",0.0029296875,0.55078125,0,1,0,51,"Successful"
"the movie 's [[accumulated]] force [[still]] feels [[like]] an [[ugly]] knot tightening in your [[stomach]] .","the movie 's [[acumulated]] force [[Gstill]] feels [[ilke]] an [[uly]] knot tightening in your [[stomahc]] .",0.00048828125,0.12939453125,0,0,0,49,"Failed"
"a broad , melodramatic estrogen [[opera]] that 's pretty [[toxic]] in its own right .","a broad , melodramatic estrogen [[oper]] that 's pretty [[tFoxic]] in its own right .",0.00341796875,0.55859375,0,1,0,16,"Successful"
"minority report is exactly what the title indicates , a report .","minority report is exactly what the title indicates , a report .",0.92724609375,0.92724609375,0,0,1,1,"Skipped"
"the movie , directed by mick jackson , leaves no cliche unturned , from the [[predictable]] plot to the characters straight out of central casting .","the movie , directed by mick jackson , leaves no cliche unturned , from the [[hredictable]] plot to the characters straight out of central casting .",0.00537109375,0.810546875,0,1,0,18,"Successful"
"like mike is a [[winner]] for kids , and no [[doubt]] a [[winner]] for lil bow wow , who can now [[add]] [[movies]] to the list of things he does [[well]] .","like mike is a [[iwnner]] for kids , and no [[doubPt]] a [[wianner]] for lil bow wow , who can now [[dad]] [[moveis]] to the list of things he does [[xell]] .",0.01904296875,0.67578125,1,0,1,45,"Successful"
"[[confirms]] the [[nagging]] [[suspicion]] that [[ethan]] [[hawke]] [[would]] be [[even]] [[worse]] [[behind]] the [[camera]] than he is in [[front]] of it .","[[confims]] the [[naPging]] [[suspicin]] that [[than]] [[shawke]] [[Oould]] be [[een]] [[woarse]] [[bRhind]] the [[camear]] than he is in [[frot]] of it .",0.0009765625,0.09033203125,0,0,0,54,"Failed"
"-lrb- e -[[rrb-]] [[ventually]] , every [[idea]] in this [[film]] is [[flushed]] down the [[latrine]] of [[heroism]] .","-lrb- e -[[rnrb-]] [[venzually]] , every [[iHea]] in this [[file]] is [[flshed]] down the [[latrinTe]] of [[heroisJ]] .",0.00634765625,0.14013671875,0,0,0,47,"Failed"
"this riveting world [[war]] ii moral suspense story [[deals]] with the [[shadow]] [[side]] of [[american]] culture : racial prejudice in its [[ugly]] and diverse forms .","this riveting world [[ar]] ii moral suspense story [[dealvs]] with the [[shaow]] [[siVe]] of [[ameican]] culture : racial prejudice in its [[Egly]] and diverse forms .",0.017578125,0.5390625,0,1,0,42,"Successful"
"first-time [[writer-director]] serry [[shows]] a remarkable [[gift]] for [[storytelling]] with this [[moving]] , [[effective]] [[little]] [[film]] .","first-time [[riter-director]] serry [[Fshows]] a remarkable [[gfit]] for [[strytelling]] with this [[mooving]] , [[Fffective]] [[litlte]] [[fDlm]] .",0.00146484375,0.640625,1,0,1,44,"Successful"
"while it 's [[genuinely]] cool to hear characters talk about early rap records -lrb- sugar hill gang , etc. -rrb- , the constant referencing of hip-hop arcana can alienate even the savviest audiences .","while it 's [[genuiLnely]] cool to hear characters talk about early rap records -lrb- sugar hill gang , etc. -rrb- , the constant referencing of hip-hop arcana can alienate even the savviest audiences .",0.01953125,0.9736328125,0,1,0,27,"Successful"
"the far future may be awesome to consider , but from period detail to matters of the heart , this film is most transporting when it stays put in the past .","the far future may be awesome to consider , but from period detail to matters of the heart , this film is most transporting when it stays put in the past .",0.50390625,0.50390625,0,0,1,1,"Skipped"
"combining quick-cut [[editing]] and a [[blaring]] [[heavy]] [[metal]] much of the [[time]] , [[beck]] [[seems]] to be under the [[illusion]] that he 's shooting the latest [[system]] of a down video .","combining quick-cut [[editixg]] and a [[baring]] [[Zeavy]] [[mltal]] much of the [[itme]] , [[behk]] [[seeUs]] to be under the [[illusikn]] that he 's shooting the latest [[ssytem]] of a down video .",0.0224609375,0.34521484375,0,0,0,76,"Failed"
"there 's no [[emotional]] [[pulse]] to [[solaris]] .","there 's no [[motional]] [[pule]] to [[solarsi]] .",0.0009765625,0.01025390625,0,0,0,16,"Failed"
"the [[best]] that can be [[said]] about the [[work]] here of [[scottish]] [[director]] [[ritchie]] ... is that he [[obviously]] does n't have his [[heart]] in it .","the [[bPest]] that can be [[sJaid]] about the [[ork]] here of [[scottisS]] [[dircetor]] [[rAitchie]] ... is that he [[obviousLly]] does n't have his [[heaNrt]] in it .",0.00048828125,0.01806640625,0,0,0,45,"Failed"
"does paint some memorable images ... , but makhmalbaf keeps her distance from the characters","does paint some memorable images ... , but makhmalbaf keeps her distance from the characters",0.98876953125,0.98876953125,0,0,1,1,"Skipped"
"rare birds has more than [[enough]] [[charm]] to make it memorable .","rare birds has more than [[anough]] [[cham]] to make it memorable .",0.00390625,0.5625,1,0,1,15,"Successful"
"generally , clockstoppers will fulfill your wildest fantasies about being a different kind of time traveler , while happily killing 94 minutes .","generally , clockstoppers will fulfill your wildest fantasies about being a different kind of time traveler , while happily killing 94 minutes .",0.67236328125,0.67236328125,0,0,1,1,"Skipped"
"[[dull]] , [[lifeless]] , and [[amateurishly]] [[assembled]] .","[[dlul]] , [[lifelWss]] , and [[amateMrishly]] [[assembJed]] .",0.00048828125,0.07275390625,0,0,0,21,"Failed"
"the quality of the [[art]] combined with the [[humor]] and [[intelligence]] of the script [[allow]] the filmmakers to [[present]] the biblical [[message]] of forgiveness [[without]] it [[ever]] [[becoming]] preachy or [[syrupy]] .","the quality of the [[rat]] combined with the [[humNr]] and [[inmtelligence]] of the script [[yallow]] the filmmakers to [[Fresent]] the biblical [[meUsage]] of forgiveness [[withouX]] it [[ezer]] [[aecoming]] preachy or [[yrupy]] .",0.0029296875,0.60400390625,1,0,1,68,"Successful"
"very [[bad]] .","very [[ad]] .",0.0009765625,0.724609375,0,1,0,6,"Successful"
"having had the good sense to cast actors who are , generally [[speaking]] , [[adored]] by the movie-going [[public]] , [[khouri]] then gets [[terrific]] [[performances]] from them all .","having had the good sense to cast actors who are , generally [[peaking]] , [[adoWred]] by the movie-going [[pXublic]] , [[khuori]] then gets [[tSrrific]] [[performancebs]] from them all .",0.001953125,0.05908203125,1,1,1,66,"Failed"
"a woman 's pic directed with resonance by ilya chaiken .","a woman 's pic directed with resonance by ilya chaiken .",0.50390625,0.50390625,0,0,1,1,"Skipped"
"mr. tsai is a very [[original]] [[artist]] in his medium , and what time is it there ?","mr. tsai is a very [[origina]] [[artisX]] in his medium , and what time is it there ?",0.2119140625,0.5966796875,1,0,1,15,"Successful"
"for each chuckle there are at least 10 [[complete]] [[misses]] , many coming from the amazingly lifelike [[tara]] reid , whose [[acting]] skills are [[comparable]] to a [[cardboard]] cutout .","for each chuckle there are at least 10 [[Pomplete]] [[mifses]] , many coming from the amazingly lifelike [[tarU]] reid , whose [[acDing]] skills are [[compraable]] to a [[carbdoard]] cutout .",0.0048828125,0.51171875,0,1,0,41,"Successful"
"a [[by-the-numbers]] patient\/[[doctor]] pic that covers all the usual ground","a [[by-the-numbrs]] patient\/[[dctor]] pic that covers all the usual ground",0.048828125,0.60400390625,0,1,0,16,"Successful"
"a [[lackluster]] , [[unessential]] [[sequel]] to the [[classic]] [[disney]] [[adaptation]] of j.m. [[barrie]] 's [[peter]] pan .","a [[lacklsuter]] , [[unsesential]] [[sequeZl]] to the [[lcassic]] [[dsney]] [[adptation]] of j.m. [[bBarrie]] 's [[epter]] pan .",0.0009765625,0.1943359375,0,0,0,47,"Failed"
"why [[make]] a [[documentary]] about these marginal historical figures ?","why [[amke]] a [[docuientary]] about these marginal historical figures ?",0.0244140625,0.384765625,0,0,0,26,"Failed"
"burns [[never]] really harnesses to full effect the energetic cast .","burns [[nLver]] really harnesses to full effect the energetic cast .",0.048828125,0.841796875,0,1,0,13,"Successful"
"[[oh]] [[come]] on .","[[h]] [[coem]] on .",0.00830078125,0.44189453125,0,0,0,11,"Failed"
"[[even]] with a green [[mohawk]] and a sheet of fire-red flame tattoos covering his shoulder , [[however]] , [[kilmer]] [[seems]] to be [[posing]] , rather than [[acting]] .","[[evne]] with a green [[mhoawk]] and a sheet of fire-red flame tattoos covering his shoulder , [[howevey]] , [[Cilmer]] [[seesm]] to be [[posig]] , rather than [[ating]] .",0.0361328125,0.93701171875,0,1,0,72,"Successful"
"its well of thorn and vinegar -lrb- and simple humanity -rrb- has long been [[plundered]] by similar works featuring the insight and punch this [[picture]] so [[conspicuously]] [[lacks]] .","its well of thorn and vinegar -lrb- and simple humanity -rrb- has long been [[plunderde]] by similar works featuring the insight and punch this [[ipcture]] so [[conspicuoIsly]] [[Dacks]] .",0.01708984375,0.5234375,0,1,0,50,"Successful"
"the [[notion]] that [[bombing]] buildings is the [[funniest]] [[thing]] in the [[world]] [[goes]] [[entirely]] [[unexamined]] in this [[startlingly]] [[unfunny]] [[comedy]] .","the [[notiGn]] that [[bDmbing]] buildings is the [[unniest]] [[ting]] in the [[worl]] [[gqoes]] [[entiWrely]] [[unexaminekd]] in this [[startlinZgly]] [[unTunny]] [[cgmedy]] .",0.00146484375,0.13134765625,0,0,0,61,"Failed"
"at its [[worst]] , it [[implodes]] in a [[series]] of very [[bad]] special [[effects]] .","at its [[wort]] , it [[impldoes]] in a [[sreies]] of very [[bda]] special [[effectT]] .",0.001953125,0.56591796875,0,1,0,31,"Successful"
"and the lesson , in the end , is [[nothing]] new .","and the lesson , in the end , is [[onthing]] new .",0.00830078125,0.11767578125,0,0,0,20,"Failed"
"... [[plays]] [[like]] somebody [[spliced]] random [[moments]] of a [[chris]] rock routine into what is [[otherwise]] a [[cliche-riddled]] but [[self-serious]] spy [[thriller]] .","... [[palys]] [[Plike]] somebody [[spliceW]] random [[mments]] of a [[cThris]] rock routine into what is [[otherwisi]] a [[clicheNriddled]] but [[self-sVrious]] spy [[thrLller]] .",0.00244140625,0.291015625,0,0,0,71,"Failed"
"a [[misogynistic]] [[piece]] of [[filth]] that [[attempts]] to [[pass]] itself off as [[hip]] , [[young]] [[adult]] [[entertainment]] .","a [[misogynisPic]] [[iece]] of [[filtM]] that [[atAtempts]] to [[pVass]] itself off as [[hMp]] , [[yobung]] [[ault]] [[entertaijment]] .",0.00048828125,0.00732421875,0,0,0,45,"Failed"
"[[slick]] piece of cross-promotion .","[[lsick]] piece of cross-promotion .",0.0498046875,0.9912109375,1,0,1,8,"Successful"
"sade is an [[engaging]] look at the controversial eponymous and fiercely atheistic hero .","sade is an [[engaigng]] look at the controversial eponymous and fiercely atheistic hero .",0.32421875,0.8935546875,1,0,1,13,"Successful"
"deliriously funny , fast and loose , accessible to the uninitiated , and [[full]] of [[surprises]]","deliriously funny , fast and loose , accessible to the uninitiated , and [[fukl]] of [[surrises]]",0.0029296875,0.8759765625,1,0,1,17,"Successful"
"a literate presentation that wonderfully weaves a murderous event in 1873 with murderous rage in 2002 .","a literate presentation that wonderfully weaves a murderous event in 1873 with murderous rage in 2002 .",0.7060546875,0.7060546875,0,0,1,1,"Skipped"
"for the first time in years , de niro digs deep emotionally , perhaps because he 's been [[stirred]] by the powerful [[work]] of his [[co-stars]] .","for the first time in years , de niro digs deep emotionally , perhaps because he 's been [[stxrred]] by the powerful [[wor]] of his [[co-starB]] .",0.08251953125,0.5234375,1,0,1,26,"Successful"
"birthday girl is an amusing joy ride , with some surprisingly violent moments .","birthday girl is an amusing joy ride , with some surprisingly violent moments .",0.56982421875,0.56982421875,0,0,1,1,"Skipped"
"a tender , witty , [[captivating]] [[film]] about [[friendship]] , [[love]] , memory , trust and [[loyalty]] .","a tender , witty , [[saptivating]] [[flim]] about [[friendshi]] , [[olve]] , memory , trust and [[lNyalty]] .",0.0029296875,0.66552734375,1,0,1,30,"Successful"
"while its careful pace and seemingly opaque story may not satisfy every moviegoer 's appetite , the film 's final scene is [[soaringly]] , transparently [[moving]] .","while its careful pace and seemingly opaque story may not satisfy every moviegoer 's appetite , the film 's final scene is [[sogringly]] , transparently [[movign]] .",0.0361328125,0.6962890625,1,0,1,25,"Successful"
"... [[turns]] so [[unforgivably]] [[trite]] in its [[last]] [[10]] [[minutes]] that [[anyone]] without a [[fortified]] [[sweet]] [[tooth]] will [[likely]] [[go]] into sugar shock .","... [[eturns]] so [[unforgivabl]] [[utrite]] in its [[Cast]] [[01]] [[minLutes]] that [[anoyne]] without a [[fortUfied]] [[Ssweet]] [[tootF]] will [[rikely]] [[og]] into sugar shock .",0.001953125,0.1142578125,0,0,0,75,"Failed"
"[[excessive]] , [[profane]] , packed with cartoonish [[violence]] and comic-strip [[characters]] .","[[execssive]] , [[pOofane]] , packed with cartoonish [[violeBce]] and comic-strip [[charmacters]] .",0.00341796875,0.453125,0,0,0,36,"Failed"
"if you 're hard up for raunchy college humor , this is your ticket [[right]] here .","if you 're hard up for raunchy college humor , this is your ticket [[rigSt]] here .",0.3173828125,0.861328125,1,0,1,11,"Successful"
"davis ... is so [[enamored]] of her own [[creation]] that she [[ca]] [[n't]] [[see]] how [[insufferable]] the character is .","davis ... is so [[enQmored]] of her own [[creatiJn]] that she [[cia]] [[G't]] [[ee]] how [[insuffearble]] the character is .",0.00732421875,0.341796875,0,0,0,40,"Failed"
"it 's great escapist fun that [[recreates]] a place and time that will never happen again .","it 's great escapist fun that [[rerceates]] a place and time that will never happen again .",0.29443359375,0.91748046875,1,0,1,13,"Successful"
"[[dazzles]] with its fully-written characters , its determined [[stylishness]] -lrb- which always relates to [[characters]] and story -rrb- and johnny dankworth 's [[best]] soundtrack in [[years]] .","[[daNzles]] with its fully-written characters , its determined [[tsylishness]] -lrb- which always relates to [[chaacters]] and story -rrb- and johnny dankworth 's [[bes]] soundtrack in [[yars]] .",0.00439453125,0.72802734375,1,0,1,40,"Successful"
"highbrow self-appointed guardians of culture need not apply , but those who loved cool as ice have at last [[found]] a worthy follow-up .","highbrow self-appointed guardians of culture need not apply , but those who loved cool as ice have at last [[lound]] a worthy follow-up .",0.29736328125,0.615234375,1,0,1,18,"Successful"
"once -lrb- kim -rrb- begins to [[overplay]] the shock tactics and bait-and-tackle metaphors , you may decide it 's too high a price to pay for a shimmering picture postcard .","once -lrb- kim -rrb- begins to [[overplNy]] the shock tactics and bait-and-tackle metaphors , you may decide it 's too high a price to pay for a shimmering picture postcard .",0.0048828125,0.98193359375,0,1,0,22,"Successful"
"-lrb- t -rrb- his beguiling belgian fable , very much its own [[droll]] and delicate little [[film]] , has some [[touching]] [[things]] to say about what is [[important]] in life and why .","-lrb- t -rrb- his beguiling belgian fable , very much its own [[dorll]] and delicate little [[ilm]] , has some [[touchign]] [[thiSgs]] to say about what is [[imporXant]] in life and why .",0.017578125,0.5,1,0,1,44,"Successful"
"too [[often]] , the [[viewer]] is n't [[reacting]] to [[humor]] so [[much]] as they are [[wincing]] [[back]] in [[repugnance]] .","too [[oftoen]] , the [[vBiewer]] is n't [[Preacting]] to [[hmuor]] so [[Umuch]] as they are [[wicning]] [[baZck]] in [[repPgnance]] .",0.00048828125,0.08154296875,0,0,0,45,"Failed"
"it 's [[refreshing]] to see a girl-power movie that does n't feel it has to prove [[anything]] .","it 's [[refreshixg]] to see a girl-power movie that does n't feel it has to prove [[anytXing]] .",0.0458984375,0.80810546875,1,0,1,17,"Successful"
"bogdanovich tantalizes by offering a peep show into the [[lives]] of the era 's [[creme]] [[de]] [[la]] celluloid .","bogdanovich tantalizes by offering a peep show into the [[livecs]] of the era 's [[crCme]] [[ed]] [[l]] celluloid .",0.03466796875,0.515625,1,0,1,32,"Successful"
"it 's a [[cookie-cutter]] [[movie]] , a [[cut-and-paste]] [[job]] .","it 's a [[cookie-ctter]] [[mNvie]] , a [[cut-and-pastE]] [[ob]] .",0.0009765625,0.08642578125,0,0,0,21,"Failed"
"it 's a grab [[bag]] of genres that do [[n't]] [[add]] up to a whole lot of sense .","it 's a grab [[Wbag]] of genres that do [[Q't]] [[adYd]] up to a whole lot of sense .",0.00048828125,0.5888671875,0,1,0,20,"Successful"
"fun , flip and terribly hip [[bit]] of cinematic entertainment .","fun , flip and terribly hip [[ibt]] of cinematic entertainment .",0.0498046875,0.8310546875,1,0,1,12,"Successful"
"just one [[bad]] idea after another .","just one [[bda]] idea after another .",0.00048828125,0.09521484375,0,0,0,21,"Failed"
"it 's a [[lovely]] [[film]] with [[lovely]] [[performances]] by buy and accorsi .","it 's a [[lovelyy]] [[flim]] with [[lovelH]] [[perforamnces]] by buy and accorsi .",0.017578125,0.7744140625,1,0,1,27,"Successful"
"the [[script]] kicks in , and [[mr]]. [[hartley]] 's [[distended]] pace and [[foot-dragging]] [[rhythms]] follow .","the [[sLript]] kicks in , and [[r]]. [[Martley]] 's [[distendde]] pace and [[foo-tdragging]] [[rythms]] follow .",0.02734375,0.515625,0,1,0,42,"Successful"
"does [[little]] more than [[play]] an innocuous [[game]] of [[fill-in]] - the-blanks with a [[tragic]] [[past]] .","does [[littzle]] more than [[plKay]] an innocuous [[gae]] of [[qill-in]] - the-blanks with a [[traigc]] [[pasS]] .",0.0048828125,0.10986328125,0,0,0,40,"Failed"
"a [[hamfisted]] romantic comedy that [[makes]] our girl the [[hapless]] [[facilitator]] of an extended [[cheap]] [[shot]] across the mason-dixon line .","a [[hamfitsed]] romantic comedy that [[mXkes]] our girl the [[haples]] [[facilitato]] of an extended [[chaep]] [[uhot]] across the mason-dixon line .",0.00634765625,0.30078125,0,0,0,66,"Failed"
"like [[watching]] a [[dress]] rehearsal the week before the show goes up : [[everything]] 's in [[place]] but [[something]] 's just a [[little]] [[off-kilter]] .","like [[wathcing]] a [[rdess]] rehearsal the week before the show goes up : [[everythiyg]] 's in [[pace]] but [[somethiug]] 's just a [[lttle]] [[osff-kilter]] .",0.01025390625,0.0791015625,0,0,0,60,"Failed"
"it 's a [[buggy]] [[drag]] .","it 's a [[bugggy]] [[dPag]] .",0.00830078125,0.01708984375,0,0,0,10,"Failed"
"yakusho and shimizu ... create [[engaging]] [[characterizations]] in imamura 's lively and [[enjoyable]] cultural mix .","yakusho and shimizu ... create [[negaging]] [[characterizatiyons]] in imamura 's lively and [[enjoyCable]] cultural mix .",0.0029296875,0.76904296875,1,0,1,23,"Successful"
"it 's a [[bad]] thing when a movie has about as [[much]] [[substance]] as its end credits blooper reel .","it 's a [[bda]] thing when a movie has about as [[such]] [[substacne]] as its end credits blooper reel .",0.0009765625,0.119140625,0,0,0,46,"Failed"
"there is nothing outstanding about this film , but it is good enough and will likely be appreciated most by sailors and folks who know their way around a submarine .","there is nothing outstanding about this film , but it is good enough and will likely be appreciated most by sailors and folks who know their way around a submarine .",0.91259765625,0.91259765625,0,0,1,1,"Skipped"
"a synthesis of [[cliches]] and absurdities that seems positively decadent in its cinematic flash and [[emptiness]] .","a synthesis of [[clicAes]] and absurdities that seems positively decadent in its cinematic flash and [[emptinesSs]] .",0.02978515625,0.54296875,0,1,0,18,"Successful"
"very special effects , brilliantly bold colors and heightened [[reality]] [[ca]] [[n't]] [[hide]] the giant [[achilles]] ' heel in `` [[stuart]] little 2 `` : there 's just no [[story]] , folks .","very special effects , brilliantly bold colors and heightened [[erality]] [[qca]] [[nht]] [[hidZe]] the giant [[achVilles]] ' heel in `` [[stuaBrt]] little 2 `` : there 's just no [[stoOry]] , folks .",0.00146484375,0.51953125,0,1,0,75,"Successful"
"[[manages]] to [[show]] life in all of its [[banality]] when the intention is [[quite]] the [[opposite]] .","[[mannages]] to [[sho]] life in all of its [[banaIity]] when the intention is [[quQite]] the [[onposite]] .",0.0048828125,0.1025390625,0,0,0,35,"Failed"
"it 's about following your [[dreams]] , no matter what your parents [[think]] .","it 's about following your [[dregms]] , no matter what your parents [[Ithink]] .",0.07080078125,0.95849609375,1,0,1,14,"Successful"
"the very definition of the ` small ' movie , but it is a [[good]] stepping stone for director sprecher .","the very definition of the ` small ' movie , but it is a [[Zood]] stepping stone for director sprecher .",0.08154296875,0.68603515625,1,0,1,13,"Successful"
"one from the [[heart]] .","one from the [[eart]] .",0.04833984375,0.9697265625,1,0,1,7,"Successful"
"and when you 're talking about a [[slapstick]] comedy , that 's a [[pretty]] [[big]] [[problem]] .","and when you 're talking about a [[slapstmick]] comedy , that 's a [[pxretty]] [[bsig]] [[problAm]] .",0.00927734375,0.259765625,0,0,0,31,"Failed"
"this is so [[bad]] .","this is so [[abd]] .",0.0009765625,0.0126953125,0,0,0,6,"Failed"
"so [[devoid]] of any [[kind]] of [[intelligible]] [[story]] that it [[makes]] [[films]] like [[xxx]] and [[collateral]] damage [[seem]] like [[thoughtful]] [[treatises]]","so [[devoiq]] of any [[kiOd]] of [[itelligible]] [[storw]] that it [[mkes]] [[filKs]] like [[xx]] and [[cZllateral]] damage [[sMeem]] like [[thboughtful]] [[treatBises]]",0.0009765625,0.19677734375,0,0,0,69,"Failed"
"ahhhh ... revenge is [[sweet]] !","ahhhh ... revenge is [[sewet]] !",0.10498046875,0.8740234375,1,0,1,8,"Successful"
"against all odds in heaven and hell , it creeped me out just fine .","against all odds in heaven and hell , it creeped me out just fine .",0.896484375,0.896484375,0,0,1,1,"Skipped"
"the entire [[movie]] is about a [[boring]] , [[sad]] [[man]] being [[boring]] and [[sad]] .","the entire [[movhie]] is about a [[oring]] , [[sOd]] [[ma]] being [[borng]] and [[asd]] .",0.00048828125,0.0224609375,0,0,0,36,"Failed"
"it 's one heck of a [[character]] study -- not of hearst or davies but of the [[unique]] relationship between them .","it 's one heck of a [[charactMer]] study -- not of hearst or davies but of the [[unizue]] relationship between them .",0.119140625,0.74609375,1,0,1,17,"Successful"
"the structure the film takes may find matt damon and ben affleck once again looking for residuals as this officially completes a good will hunting trilogy that was never planned .","the structure the film takes may find matt damon and ben affleck once again looking for residuals as this officially completes a good will hunting trilogy that was never planned .",0.85009765625,0.85009765625,0,0,1,1,"Skipped"
"whether writer-director anne fontaine 's [[film]] is a ghost story , an [[account]] of a nervous breakdown , a trip down memory lane , all three or none of the above , it is as seductive as it is haunting .","whether writer-director anne fontaine 's [[filF]] is a ghost story , an [[accounHt]] of a nervous breakdown , a trip down memory lane , all three or none of the above , it is as seductive as it is haunting .",0.03173828125,0.755859375,1,0,1,26,"Successful"
"the man from elysian fields is a [[cold]] , [[bliss-less]] work that [[groans]] along thinking itself some important comment on how [[life]] throws us some beguiling curves .","the man from elysian fields is a [[could]] , [[bliss-mess]] work that [[gronas]] along thinking itself some important comment on how [[Mife]] throws us some beguiling curves .",0.0224609375,0.68603515625,0,1,0,33,"Successful"
"the draw -lrb- for `` big bad love '' -rrb- is a [[solid]] performance by arliss howard .","the draw -lrb- for `` big bad love '' -rrb- is a [[sloid]] performance by arliss howard .",0.05029296875,0.98388671875,1,0,1,16,"Successful"
"[[one]] of the more [[irritating]] cartoons you will see this , or any , year .","[[lne]] of the more [[irritavting]] cartoons you will see this , or any , year .",0.00244140625,0.0234375,0,0,0,25,"Failed"
"basically a [[static]] [[series]] of [[semi-improvised]] -[[lrb-]] and [[semi-coherent]] -[[rrb-]] [[raps]] between the stars .","basically a [[statiC]] [[serbies]] of [[seVi-improvised]] -[[lrWb-]] and [[sxmi-coherent]] -[[rrXb-]] [[rapI]] between the stars .",0.01025390625,0.13671875,0,0,0,45,"Failed"
"for all its technical virtuosity , the film is so mired in juvenile and near-xenophobic pedagogy that it 's enough to make one pine for the day when godard can no longer handle the rigors of filmmaking .","for all its technical virtuosity , the film is so mired in juvenile and near-xenophobic pedagogy that it 's enough to make one pine for the day when godard can no longer handle the rigors of filmmaking .",0.60400390625,0.60400390625,1,1,0,1,"Skipped"
"a very [[long]] [[movie]] , [[dull]] in [[stretches]] , with entirely too much focus on meal [[preparation]] and igloo [[construction]] .","a very [[Ulong]] [[mWovie]] , [[dlul]] in [[strBetches]] , with entirely too much focus on meal [[prNeparation]] and igloo [[Uconstruction]] .",0.00244140625,0.02880859375,0,0,0,55,"Failed"
"there is very little dread or apprehension , and [[though]] i [[like]] the creepy [[ideas]] , they are not [[executed]] with [[anything]] more than [[perfunctory]] [[skill]] .","there is very little dread or apprehension , and [[tohugh]] i [[likUe]] the creepy [[idea]] , they are not [[exceuted]] with [[nything]] more than [[perfnuctory]] [[sklil]] .",0.00244140625,0.546875,0,1,0,40,"Successful"
"it 's [[fun]] lite .","it 's [[fuw]] lite .",0.12939453125,0.9658203125,1,0,1,7,"Successful"
"a big , gorgeous , sprawling swashbuckler that [[delivers]] its diversions in [[grand]] , [[uncomplicated]] [[fashion]] .","a big , gorgeous , sprawling swashbuckler that [[deliveOrs]] its diversions in [[grwand]] , [[uncompUicated]] [[fwashion]] .",0.005859375,0.56591796875,1,0,1,26,"Successful"
"the [[overall]] [[effect]] is [[less]] [[like]] a [[children]] 's [[movie]] than a [[recruitment]] [[film]] for future hollywood [[sellouts]] .","the [[oveGall]] [[oeffect]] is [[Wess]] [[lrike]] a [[chXildren]] 's [[moHie]] than a [[recrvuitment]] [[Hfilm]] for future hollywood [[selYlouts]] .",0.00048828125,0.16259765625,0,0,0,55,"Failed"
"trite , [[banal]] , [[cliched]] , [[mostly]] inoffensive .","trite , [[banjl]] , [[cRiched]] , [[Hmostly]] inoffensive .",0.02978515625,0.619140625,0,1,0,18,"Successful"
"so much facile technique , such cute ideas , so little movie .","so much facile technique , such cute ideas , so little movie .",0.9365234375,0.9365234375,0,0,1,1,"Skipped"
"chilling , [[well-acted]] , and finely directed : david jacobson 's dahmer .","chilling , [[weVl-acted]] , and finely directed : david jacobson 's dahmer .",0.037109375,0.82666015625,1,0,1,12,"Successful"
"[[visually]] [[rather]] [[stunning]] , but [[ultimately]] a handsome-looking [[bore]] , the true [[creativity]] [[would]] have been to hide treasure [[planet]] [[entirely]] and [[completely]] reimagine it .","[[visuRlly]] [[arther]] [[stCnning]] , but [[ultigately]] a handsome-looking [[Abore]] , the true [[cremtivity]] [[ould]] have been to hide treasure [[lpanet]] [[ntirely]] and [[comNpletely]] reimagine it .",0.02197265625,0.98095703125,0,1,0,59,"Successful"
"a movie that successfully crushes a best selling novel into a timeframe that mandates that you avoid the godzilla sized soda .","a movie that successfully crushes a best selling novel into a timeframe that mandates that you avoid the godzilla sized soda .",0.97216796875,0.97216796875,0,0,1,1,"Skipped"
"once the [[50]] [[year]] [[old]] benigni appears as the title character , we find ourselves [[longing]] for the block of [[wood]] to come back .","once the [[0]] [[bear]] [[lod]] benigni appears as the title character , we find ourselves [[lnging]] for the block of [[yood]] to come back .",0.02734375,0.56982421875,0,1,0,38,"Successful"
"but taken as a stylish and energetic one-shot , the queen of the damned can not be said to [[suck]] .","but taken as a stylish and energetic one-shot , the queen of the damned can not be said to [[sucE]] .",0.30419921875,0.92724609375,1,0,1,13,"Successful"
"at least [[one]] scene is so [[disgusting]] that [[viewers]] [[may]] be hard [[pressed]] to [[retain]] their [[lunch]] .","at least [[on]] scene is so [[dQsgusting]] that [[ivewers]] [[mYay]] be hard [[pessed]] to [[rXetain]] their [[luxch]] .",0.0009765625,0.05908203125,0,0,0,51,"Failed"
"the movie has an infectious exuberance that will engage anyone with a passing interest in the skate\/surf culture , the l.a. beach scene and the imaginative -lrb- and sometimes illegal -rrb- ways kids can make a playground out of the refuse of adults .","the movie has an infectious exuberance that will engage anyone with a passing interest in the skate\/surf culture , the l.a. beach scene and the imaginative -lrb- and sometimes illegal -rrb- ways kids can make a playground out of the refuse of adults .",0.63525390625,0.63525390625,0,0,1,1,"Skipped"
"corpus collosum -- while [[undeniably]] [[interesting]] -- [[wore]] out its [[welcome]] well before the end [[credits]] rolled about 45 [[minutes]] in .","corpus collosum -- while [[undeJniably]] [[Einteresting]] -- [[worIe]] out its [[welome]] well before the end [[Jredits]] rolled about 45 [[mTinutes]] in .",0.0029296875,0.5234375,0,1,0,45,"Successful"
"this illuminating documentary transcends our preconceived vision of the holy land and its inhabitants , revealing the human complexities [[beneath]] .","this illuminating documentary transcends our preconceived vision of the holy land and its inhabitants , revealing the human complexities [[beneatN]] .",0.00927734375,0.546875,1,0,1,17,"Successful"
"trademark american triteness and simplicity are tossed out the window with the intelligent french drama that [[deftly]] explores the difficult relationship between a father and son .","trademark american triteness and simplicity are tossed out the window with the intelligent french drama that [[deflty]] explores the difficult relationship between a father and son .",0.35595703125,0.9638671875,1,0,1,20,"Successful"
"villeneuve [[spends]] too [[much]] [[time]] [[wallowing]] in bibi 's [[generic]] [[angst]] -lrb- there are a [[lot]] of shots of her [[gazing]] out [[windows]] -[[rrb-]] .","villeneuve [[speTds]] too [[myuch]] [[ime]] [[awllowing]] in bibi 's [[genGric]] [[angsh]] -lrb- there are a [[lt]] of shots of her [[gaYing]] out [[winwows]] -[[Qrb-]] .",0.02490234375,0.52734375,0,1,0,63,"Successful"
"what is 100 % [[missing]] here is a script of [[even]] the most elemental literacy , an inkling of genuine wit , and [[anything]] [[resembling]] [[acting]] .","what is 100 % [[missini]] here is a script of [[eveS]] the most elemental literacy , an inkling of genuine wit , and [[anGthing]] [[rRsembling]] [[acTting]] .",0.00048828125,0.50390625,0,1,0,36,"Successful"
"as the two leads , lathan and [[diggs]] are [[charming]] and have [[chemistry]] both as [[friends]] and [[lovers]] .","as the two leads , lathan and [[iggs]] are [[chaXming]] and have [[hemistry]] both as [[friendj]] and [[lover]] .",0.00390625,0.51953125,1,0,1,40,"Successful"
"like leon , it 's frustrating and still oddly likable .","like leon , it 's frustrating and still oddly likable .",0.865234375,0.865234375,0,0,1,1,"Skipped"
"if you can stomach the rough content , it 's [[worth]] checking out for the performances [[alone]] .","if you can stomach the rough content , it 's [[jorth]] checking out for the performances [[alon]] .",0.0849609375,0.7578125,1,0,1,16,"Successful"
"there 's really only [[one]] good idea in this movie , but the director [[runs]] with it and presents it with an [[unforgettable]] visual [[panache]] .","there 's really only [[onSe]] good idea in this movie , but the director [[ruNns]] with it and presents it with an [[unforgekttable]] visual [[panacae]] .",0.00244140625,0.7060546875,1,0,1,28,"Successful"
"and that [[leaves]] a [[hole]] in the [[center]] of the [[salton]] sea .","and that [[laves]] a [[hDle]] in the [[centeh]] of the [[saltn]] sea .",0.0224609375,0.20947265625,0,0,0,26,"Failed"
"there 's ... [[tremendous]] [[energy]] from the [[cast]] , a sense of [[playfulness]] and [[excitement]] that [[seems]] [[appropriate]] .","there 's ... [[tremenfous]] [[neergy]] from the [[east]] , a sense of [[playfNlness]] and [[exciteent]] that [[tseems]] [[aprpropriate]] .",0.0048828125,0.77734375,1,0,1,41,"Successful"
"director andrew niccol ... demonstrates a [[wry]] [[understanding]] of the quirks of fame .","director andrew niccol ... demonstrates a [[wrH]] [[understanFding]] of the quirks of fame .",0.03564453125,0.79833984375,1,0,1,17,"Successful"
"try as i may , i ca [[n't]] think of a single good [[reason]] to [[see]] this movie , even [[though]] everyone in my group extemporaneously shouted , ` thank you ! '","try as i may , i ca [[n'Q]] think of a single good [[reaso]] to [[ese]] this movie , even [[tchough]] everyone in my group extemporaneously shouted , ` thank you ! '",0.0048828125,0.607421875,0,1,0,34,"Successful"
"[[shaky]] close-ups of turkey-on-rolls , stubbly [[chins]] , [[liver]] [[spots]] , red [[noses]] and the [[filmmakers]] new [[bobbed]] do draw easy chuckles but [[lead]] [[nowhere]] .","[[shay]] close-ups of turkey-on-rolls , stubbly [[chixs]] , [[livre]] [[Sspots]] , red [[noseJs]] and the [[filmmaVers]] new [[Aobbed]] do draw easy chuckles but [[leda]] [[onwhere]] .",0.0224609375,0.48046875,0,0,0,85,"Failed"
"utterly lacking in charm , wit and invention , roberto benigni 's pinocchio is an astonishingly [[bad]] film .","utterly lacking in charm , wit and invention , roberto benigni 's pinocchio is an astonishingly [[baI]] film .",0.00048828125,0.53515625,0,1,0,16,"Successful"
"further proof that the epicenter of cool , beautiful , thought-provoking foreign cinema is smack-dab in the middle of dubya 's axis of evil .","further proof that the epicenter of cool , beautiful , thought-provoking foreign cinema is smack-dab in the middle of dubya 's axis of evil .",0.9326171875,0.9326171875,0,0,1,1,"Skipped"
"but what are adults doing in the [[theater]] at all ?","but what are adults doing in the [[thetaer]] at all ?",0.0029296875,0.0068359375,0,0,0,11,"Failed"
"miller is playing so free with emotions , and the fact that children are hostages to fortune , that he makes the audience hostage to his swaggering affectation of seriousness .","miller is playing so free with emotions , and the fact that children are hostages to fortune , that he makes the audience hostage to his swaggering affectation of seriousness .",0.99267578125,0.99267578125,0,0,1,1,"Skipped"
"the piece plays as well as it does [[thanks]] in large measure to anspaugh 's three lead actresses .","the piece plays as well as it does [[thanKs]] in large measure to anspaugh 's three lead actresses .",0.0166015625,0.5234375,1,0,1,15,"Successful"
"what [[better]] message than ` love thyself ' could young women of any size receive ?","what [[etter]] message than ` love thyself ' could young women of any size receive ?",0.14404296875,0.896484375,1,0,1,14,"Successful"
"if you enjoy more [[thoughtful]] [[comedies]] with [[interesting]] conflicted [[characters]] ; this [[one]] is for you .","if you enjoy more [[thoughWful]] [[comedes]] with [[interestinj]] conflicted [[chapracters]] ; this [[oYne]] is for you .",0.01904296875,0.6689453125,1,0,1,32,"Successful"
"it 's like every bad idea that 's ever gone into an [[after-school]] special compiled in one place , minus those daytime programs ' slickness and sophistication -lrb- and who knew they even had any ? -rrb- .","it 's like every bad idea that 's ever gone into an [[after-scheool]] special compiled in one place , minus those daytime programs ' slickness and sophistication -lrb- and who knew they even had any ? -rrb- .",0.00830078125,0.96044921875,0,1,0,25,"Successful"
"the movie is beautiful to [[behold]] and engages one in a [[sense]] of [[epic]] struggle -- inner and outer -- that 's all too rare in hollywood 's hastier productions .","the movie is beautiful to [[beholed]] and engages one in a [[sensAe]] of [[evic]] struggle -- inner and outer -- that 's all too rare in hollywood 's hastier productions .",0.00537109375,0.77734375,1,0,1,31,"Successful"
"there 's not [[enough]] here to [[justify]] the [[almost]] [[two]] hours .","there 's not [[Inough]] here to [[juQstify]] the [[lamost]] [[wo]] hours .",0.0009765625,0.009765625,0,0,0,26,"Failed"
"[[although]] huppert 's [[intensity]] and focus has a raw exhilaration about it , the [[piano]] teacher is [[anything]] but [[fun]] .","[[althoRugh]] huppert 's [[intenisty]] and focus has a raw exhilaration about it , the [[piaso]] teacher is [[anythinw]] but [[fur]] .",0.0068359375,0.52734375,0,1,0,31,"Successful"
"[[nothing]] is sacred in this gut-buster .","[[nRthing]] is sacred in this gut-buster .",0.00634765625,0.15185546875,0,0,0,16,"Failed"
"a [[tender]] , heartfelt family drama .","a [[tnder]] , heartfelt family drama .",0.26611328125,0.9482421875,1,0,1,8,"Successful"
"... [[nothing]] scary here except for some awful [[acting]] and [[lame]] special [[effects]] .","... [[onthing]] scary here except for some awful [[actHng]] and [[rame]] special [[effets]] .",0.00048828125,0.01513671875,0,0,0,40,"Failed"
"it [[made]] me [[want]] to [[wrench]] my [[eyes]] out of my head and [[toss]] them at the [[screen]] .","it [[mEde]] me [[waet]] to [[wrenRch]] my [[yes]] out of my head and [[tsos]] them at the [[sreen]] .",0.00146484375,0.0888671875,0,0,0,36,"Failed"
"but the power of these -lrb- subjects -rrb- is obscured by the majority of the film that shows a stationary camera on a subject that could be mistaken for giving a public oration , rather than contributing to a film 's narrative .","but the power of these -lrb- subjects -rrb- is obscured by the majority of the film that shows a stationary camera on a subject that could be mistaken for giving a public oration , rather than contributing to a film 's narrative .",0.9716796875,0.9716796875,1,1,0,1,"Skipped"
"suffocated by its fussy [[script]] and [[uptight]] [[characters]] , this [[musty]] [[adaptation]] is all the more annoying [[since]] it 's been [[packaged]] and [[sold]] back to [[us]] by [[hollywood]] .","suffocated by its fussy [[ocript]] and [[upSight]] [[hcaracters]] , this [[omusty]] [[adatation]] is all the more annoying [[snice]] it 's been [[pacaged]] and [[osld]] back to [[ys]] by [[hollyood]] .",0.00439453125,0.0693359375,0,0,0,70,"Failed"
"reign of fire looks as if it was made without much thought -- and is best watched that way .","reign of fire looks as if it was made without much thought -- and is best watched that way .",0.99365234375,0.99365234375,0,0,1,1,"Skipped"
"the acting , costumes , music , cinematography and sound are all [[astounding]] given the production 's austere [[locales]] .","the acting , costumes , music , cinematography and sound are all [[satounding]] given the production 's austere [[localGs]] .",0.00244140625,0.5390625,1,0,1,19,"Successful"
"this is [[n't]] [[even]] [[madonna]] 's swept [[away]] .","this is [[n'f]] [[evYen]] [[mIadonna]] 's swept [[awgay]] .",0.0068359375,0.2509765625,0,0,0,26,"Failed"
"a coda in every sense , the pinochet case splits time between a minute-by-minute account of the british court 's extradition chess game and the regime 's talking-head [[survivors]] .","a coda in every sense , the pinochet case splits time between a minute-by-minute account of the british court 's extradition chess game and the regime 's talking-head [[survWvors]] .",0.48046875,0.7119140625,1,0,1,22,"Successful"
"[[brilliantly]] explores the conflict between following one 's heart and following the demands of tradition .","[[brilliantlD]] explores the conflict between following one 's heart and following the demands of tradition .",0.04833984375,0.56982421875,1,0,1,14,"Successful"
"like you could [[n't]] smell this turkey rotting from miles away .","like you could [[nt]] smell this turkey rotting from miles away .",0.0517578125,0.0673828125,0,0,0,40,"Failed"
"involves [[two]] mysteries -- [[one]] it [[gives]] [[away]] and the other featuring such [[badly]] [[drawn]] [[characters]] that its [[outcome]] [[hardly]] [[matters]] .","involves [[twDo]] mysteries -- [[ne]] it [[givse]] [[Xaway]] and the other featuring such [[bandly]] [[drFawn]] [[characterY]] that its [[oucome]] [[harNdly]] [[mattres]] .",0.0009765625,0.2626953125,0,0,0,65,"Failed"
"i 'd have to [[say]] the [[star]] and director are the [[big]] [[problems]] here .","i 'd have to [[msay]] the [[staP]] and director are the [[biMg]] [[probqems]] here .",0.0029296875,0.0576171875,0,0,0,26,"Failed"
"-lrb- director -rrb- o'fallon manages to put some lovely pictures up on the big screen , but his skill at telling a story -- he also contributed to the screenplay -- [[falls]] short .","-lrb- director -rrb- o'fallon manages to put some lovely pictures up on the big screen , but his skill at telling a story -- he also contributed to the screenplay -- [[fnlls]] short .",0.00830078125,0.56591796875,0,1,0,22,"Successful"
"the [[problem]] with this [[film]] is that it [[lacks]] [[focus]] .","the [[probyem]] with this [[fil]] is that it [[lacCks]] [[Zfocus]] .",0.0009765625,0.0087890625,0,0,0,20,"Failed"
"on the whole , the movie [[lacks]] [[wit]] , [[feeling]] and [[believability]] to [[compensate]] for its [[incessant]] [[coarseness]] and [[banality]] .","on the whole , the movie [[laks]] [[Lit]] , [[feelign]] and [[believabilCty]] to [[compenstae]] for its [[incesasnt]] [[coarsenes]] and [[bnaality]] .",0.00048828125,0.6826171875,0,1,0,51,"Successful"
"... a magnificent drama well [[worth]] tracking down .","... a magnificent drama well [[wortI]] tracking down .",0.0009765625,0.71875,1,0,1,10,"Successful"
"perceptive in its vision of nascent industrialized world [[politics]] as a new art [[form]] , but [[far]] too [[clunky]] , [[didactic]] and [[saddled]] with scenes that [[seem]] [[simply]] an [[ill]] fit for this movie .","perceptive in its vision of nascent industrialized world [[poEitics]] as a new art [[for]] , but [[fa]] too [[clXunky]] , [[diNdactic]] and [[Paddled]] with scenes that [[Hseem]] [[Ssimply]] an [[Yill]] fit for this movie .",0.00341796875,0.96533203125,0,1,0,82,"Successful"
"for all the [[writhing]] and [[wailing]] , [[tears]] , [[rage]] and [[opium]] [[overdoses]] , there 's no sense of [[actual]] [[passion]] being [[washed]] away in love 's [[dissolution]] .","for all the [[writhinr]] and [[wailiBg]] , [[teEars]] , [[rgae]] and [[optium]] [[oherdoses]] , there 's no sense of [[aptual]] [[apssion]] being [[wQashed]] away in love 's [[dFissolution]] .",0.00634765625,0.98046875,0,1,0,66,"Successful"
"it 's an offbeat treat that pokes [[fun]] at the democratic exercise while [[also]] examining its significance for those who [[take]] part .","it 's an offbeat treat that pokes [[ufn]] at the democratic exercise while [[alCso]] examining its significance for those who [[takFe]] part .",0.07080078125,0.8837890625,1,0,1,23,"Successful"
"old-form moviemaking at its [[best]] .","old-form moviemaking at its [[beslt]] .",0.01171875,0.96484375,1,0,1,8,"Successful"
"a [[sometimes]] [[tedious]] [[film]] .","a [[someOtimes]] [[tdeious]] [[fim]] .",0.0029296875,0.0517578125,0,0,0,16,"Failed"
"a [[gorgeous]] , witty , [[seductive]] [[movie]] .","a [[grgeous]] , witty , [[sdeuctive]] [[ovie]] .",0.00634765625,0.56982421875,1,0,1,17,"Successful"
"moody , heartbreaking , and filmed in a [[natural]] , unforced style that makes its characters seem entirely convincing [[even]] when its script is not .","moody , heartbreaking , and filmed in a [[Inatural]] , unforced style that makes its characters seem entirely convincing [[veen]] when its script is not .",0.0087890625,0.6923828125,1,0,1,22,"Successful"
"a [[nightmare]] date with a [[half-formed]] [[wit]] [[done]] a great [[disservice]] by a [[lack]] of [[critical]] distance and a [[sad]] [[trust]] in [[liberal]] arts [[college]] bumper [[sticker]] [[platitudes]] .","a [[inghtmare]] date with a [[Vhalf-formed]] [[wti]] [[zdone]] a great [[Kisservice]] by a [[laEk]] of [[rcitical]] distance and a [[asd]] [[turst]] in [[Giberal]] arts [[colljge]] bumper [[stickr]] [[plaitudes]] .",0.0029296875,0.19189453125,0,0,0,90,"Failed"
"late marriage 's stiffness is [[unlikely]] to demonstrate the emotional [[clout]] to [[sweep]] u.s. [[viewers]] off their feet .","late marriage 's stiffness is [[unlkiely]] to demonstrate the emotional [[Sclout]] to [[osweep]] u.s. [[viewesr]] off their feet .",0.00341796875,0.60009765625,0,1,0,35,"Successful"
"a movie that [[reminds]] us of just how [[exciting]] and [[satisfying]] the fantasy cinema can be when it 's [[approached]] with [[imagination]] and [[flair]] .","a movie that [[reWinds]] us of just how [[Bxciting]] and [[satiskying]] the fantasy cinema can be when it 's [[approahed]] with [[imagiwnation]] and [[flaiS]] .",0.00146484375,0.5888671875,1,0,1,39,"Successful"
"but it still jingles in the pocket .","but it still jingles in the pocket .",0.734375,0.734375,0,0,1,1,"Skipped"
"it 's the chemistry between the women and the droll [[scene-stealing]] wit and wolfish pessimism of [[anna]] chancellor that [[makes]] this `` two weddings and a funeral '' [[fun]] .","it 's the chemistry between the women and the droll [[sHene-stealing]] wit and wolfish pessimism of [[anxna]] chancellor that [[mates]] this `` two weddings and a funeral '' [[fuy]] .",0.0068359375,0.6513671875,1,0,1,32,"Successful"
"it all [[drags]] on so [[interminably]] it 's [[like]] watching a [[miserable]] relationship [[unfold]] in [[real]] [[time]] .","it all [[dBags]] on so [[inerminably]] it 's [[Fike]] watching a [[misenrable]] relationship [[ufold]] in [[reajl]] [[tome]] .",0.0009765625,0.03564453125,0,0,0,46,"Failed"
"it wants to tweak them with a taste of [[tangy]] new humor .","it wants to tweak them with a taste of [[tanfgy]] new humor .",0.14208984375,0.83349609375,1,0,1,11,"Successful"
"an [[unclassifiably]] [[awful]] [[study]] in self - and [[audience-abuse]] .","an [[nclassifiably]] [[awGful]] [[stuFdy]] in self - and [[audiUnce-abuse]] .",0.00146484375,0.009765625,0,0,0,26,"Failed"
"[[comes]] ... [[uncomfortably]] [[close]] to [[coasting]] in the [[treads]] of the [[bicycle]] thief .","[[cmoes]] ... [[uncomfortalby]] [[cllose]] to [[Dcoasting]] in the [[traeds]] of the [[bicyEle]] thief .",0.02392578125,0.052734375,0,0,0,36,"Failed"
"you do n't have to know about music to appreciate the film 's [[easygoing]] [[blend]] of comedy and [[romance]] .","you do n't have to know about music to appreciate the film 's [[aesygoing]] [[Ilend]] of comedy and [[romanct]] .",0.044921875,0.615234375,1,0,1,22,"Successful"
"the [[film]] [[makes]] a [[fatal]] [[mistake]] : it [[asks]] [[us]] to [[care]] about a young man [[whose]] only apparent [[virtue]] is that he is not [[quite]] as unpleasant as some of the people in his life .","the [[Cfilm]] [[makeE]] a [[ftaal]] [[mistaXe]] : it [[ass]] [[Us]] to [[carn]] about a young man [[whDse]] only apparent [[virtNue]] is that he is not [[quiNte]] as unpleasant as some of the people in his life .",0.001953125,0.515625,0,1,0,57,"Successful"
"it will grip even viewers who are n't interested in rap , as it cuts to the heart of american society in an unnerving [[way]] .","it will grip even viewers who are n't interested in rap , as it cuts to the heart of american society in an unnerving [[wy]] .",0.48046875,0.8916015625,1,0,1,17,"Successful"
"challenging , intermittently engrossing and [[unflaggingly]] [[creative]] .","challenging , intermittently engrossing and [[unflaOgingly]] [[crgative]] .",0.048828125,0.91015625,1,0,1,13,"Successful"
"[[expect]] the [[same-old]] , [[lame-old]] [[slasher]] [[nonsense]] , just with [[different]] scenery .","[[epect]] the [[same-ld]] , [[lamX-old]] [[slashQr]] [[onsense]] , just with [[differejnt]] scenery .",0.00244140625,0.18017578125,0,0,0,36,"Failed"
"[[tries]] to [[add]] some [[spice]] to its quirky [[sentiments]] but the taste is all too [[familiar]] .","[[trise]] to [[aNd]] some [[sipce]] to its quirky [[sentimeEts]] but the taste is all too [[familiasr]] .",0.005859375,0.42626953125,0,0,0,35,"Failed"
"while the [[resident]] [[evil]] [[games]] may have set [[new]] [[standards]] for [[thrills]] , suspense , and gore for video games , the [[movie]] really only succeeds in the third of these .","while the [[resiGent]] [[eviUl]] [[gamse]] may have set [[neAw]] [[standard]] for [[thrilDs]] , suspense , and gore for video games , the [[moive]] really only succeeds in the third of these .",0.09423828125,0.41845703125,0,0,0,81,"Failed"
"[[beautifully]] [[observed]] , miraculously unsentimental comedy-drama .","[[beautifuvly]] [[observeid]] , miraculously unsentimental comedy-drama .",0.03173828125,0.5625,1,0,1,14,"Successful"
"a solid film ... but more conscientious than it is truly stirring .","a solid film ... but more conscientious than it is truly stirring .",0.98828125,0.98828125,0,0,1,1,"Skipped"
"[[stealing]] harvard aspires to [[comedic]] grand larceny but [[stands]] [[convicted]] of [[nothing]] more than [[petty]] theft of your [[time]] .","[[staling]] harvard aspires to [[comedRic]] grand larceny but [[Cstands]] [[coxvicted]] of [[noBthing]] more than [[pjetty]] theft of your [[timGe]] .",0.0166015625,0.14208984375,0,0,0,61,"Failed"
"good old-fashioned slash-and-hack is [[back]] !","good old-fashioned slash-and-hack is [[abck]] !",0.02685546875,0.99169921875,1,0,1,9,"Successful"
"a movie with a real anarchic [[flair]] .","a movie with a real anarchic [[fliar]] .",0.01171875,0.9697265625,1,0,1,9,"Successful"
"it 's [[one]] [[pussy-ass]] [[world]] when [[even]] killer-thrillers [[revolve]] [[around]] [[group]] therapy [[sessions]] .","it 's [[mne]] [[pussy-asi]] [[owrld]] when [[een]] killer-thrillers [[revove]] [[arouad]] [[grouEp]] therapy [[Esessions]] .",0.00390625,0.12255859375,0,0,0,51,"Failed"
"characters still need to function according to some set of believable and comprehensible impulses , no matter how [[many]] [[drugs]] they do or how much artistic license avary employs .","characters still need to function according to some set of believable and comprehensible impulses , no matter how [[mny]] [[drgs]] they do or how much artistic license avary employs .",0.3701171875,0.546875,0,1,0,26,"Successful"
"a densely constructed , highly referential film , and an audacious [[return]] to form that can [[comfortably]] sit [[among]] jean-luc godard 's [[finest]] [[work]] .","a densely constructed , highly referential film , and an audacious [[ereturn]] to form that can [[comforbably]] sit [[amnog]] jean-luc godard 's [[fniest]] [[ork]] .",0.00634765625,0.70263671875,1,0,1,36,"Successful"
"far more imaginative and ambitious than the trivial , cash-in features nickelodeon has made from its other animated tv series .","far more imaginative and ambitious than the trivial , cash-in features nickelodeon has made from its other animated tv series .",0.9658203125,0.9658203125,0,0,1,1,"Skipped"
"pumpkin means to be an outrageous dark satire on fraternity life , but its ambitions far exceed the abilities of writer adam larson broder and his co-director , tony r. abrams , in their feature debut .","pumpkin means to be an outrageous dark satire on fraternity life , but its ambitions far exceed the abilities of writer adam larson broder and his co-director , tony r. abrams , in their feature debut .",0.98291015625,0.98291015625,1,1,0,1,"Skipped"
"it 's too [[bad]] that the helping hand he [[uses]] to [[stir]] his [[ingredients]] is [[also]] a [[heavy]] [[one]] .","it 's too [[bda]] that the helping hand he [[uss]] to [[stZr]] his [[ingredienst]] is [[kalso]] a [[hevay]] [[hone]] .",0.0048828125,0.20166015625,0,0,0,45,"Failed"
"zhang ... has done an [[amazing]] job of getting realistic [[performances]] from his mainly nonprofessional [[cast]] .","zhang ... has done an [[acazing]] job of getting realistic [[performacnes]] from his mainly nonprofessional [[hast]] .",0.00390625,0.822265625,1,0,1,23,"Successful"
"without ever becoming didactic , director carlos carrera [[expertly]] [[weaves]] this novelistic [[story]] of entangled interrelationships and [[complex]] [[morality]] .","without ever becoming didactic , director carlos carrera [[expertlvy]] [[eaves]] this novelistic [[stry]] of entangled interrelationships and [[Scomplex]] [[Zorality]] .",0.00341796875,0.68603515625,1,0,1,36,"Successful"
"it 's [[hampered]] by a [[lifetime-channel]] [[kind]] of [[plot]] and a [[lead]] [[actress]] who is out of her [[depth]] .","it 's [[hamepred]] by a [[lfetime-channel]] [[kid]] of [[plto]] and a [[head]] [[jactress]] who is out of her [[deth]] .",0.0009765625,0.037109375,0,0,0,36,"Failed"
"gives you the steady pulse of life in a beautiful city viewed through the eyes of a character who , in spite of tragic loss and increasing decrepitude , knows in his bones that he is one of the luckiest men [[alive]] .","gives you the steady pulse of life in a beautiful city viewed through the eyes of a character who , in spite of tragic loss and increasing decrepitude , knows in his bones that he is one of the luckiest men [[alve]] .",0.15625,0.6689453125,1,0,1,25,"Successful"
"-lrb- chaiken 's -rrb- talent [[lies]] in an [[evocative]] , [[accurate]] [[observation]] of a distinctive milieu and in the [[lively]] , [[convincing]] [[dialogue]] she [[creates]] for her [[characters]] .","-lrb- chaiken 's -rrb- talent [[liePs]] in an [[veocative]] , [[Lccurate]] [[Kobservation]] of a distinctive milieu and in the [[livelNy]] , [[convincign]] [[diaPlogue]] she [[creatse]] for her [[charqacters]] .",0.00537109375,0.845703125,1,0,1,51,"Successful"
"a psychological thriller with a genuinely spooky premise and an above-average cast , actor bill paxton 's directing debut is a [[creepy]] slice of gothic rural [[americana]] .","a psychological thriller with a genuinely spooky premise and an above-average cast , actor bill paxton 's directing debut is a [[crepey]] slice of gothic rural [[aemricana]] .",0.00390625,0.8173828125,1,0,1,26,"Successful"
"it 's [[worth]] seeing just on the basis of the wisdom , and at times , the [[startling]] [[optimism]] , of the children .","it 's [[orth]] seeing just on the basis of the wisdom , and at times , the [[starting]] [[optimisv]] , of the children .",0.01025390625,0.619140625,1,0,1,21,"Successful"
"[[dragonfly]] has no [[atmosphere]] , no tension -- [[nothing]] but costner , [[flailing]] [[away]] .","[[dragonpfly]] has no [[atmZsphere]] , no tension -- [[nCthing]] but costner , [[flailin]] [[aay]] .",0.005859375,0.056640625,0,0,0,36,"Failed"
"the film [[flat]] [[lines]] when it should [[peak]] and is more [[missed]] [[opportunity]] and trifle than dark , [[decadent]] truffle .","the film [[lat]] [[line]] when it should [[paak]] and is more [[Nissed]] [[opportunbity]] and trifle than dark , [[decaent]] truffle .",0.0048828125,0.5390625,0,1,0,42,"Successful"
"less dizzying than just dizzy , the jaunt is [[practically]] over before it begins .","less dizzying than just dizzy , the jaunt is [[rpactically]] over before it begins .",0.07373046875,0.1240234375,0,0,0,30,"Failed"
"a [[science-fiction]] [[pastiche]] so [[lacking]] in [[originality]] that if you [[stripped]] [[away]] its [[inspirations]] there [[would]] be [[precious]] [[little]] [[left]] .","a [[science-ficiton]] [[pajstiche]] so [[lcaking]] in [[originalOity]] that if you [[strippeSd]] [[xaway]] its [[inspiratikons]] there [[wolud]] be [[przecious]] [[litNtle]] [[lett]] .",0.0009765625,0.119140625,0,0,0,56,"Failed"
"-lrb- w -rrb- [[hile]] long on amiable monkeys and worthy environmentalism , jane goodall 's wild chimpanzees is [[short]] on the thrills the oversize medium demands .","-lrb- w -rrb- [[hle]] long on amiable monkeys and worthy environmentalism , jane goodall 's wild chimpanzees is [[shotr]] on the thrills the oversize medium demands .",0.09033203125,0.5546875,0,1,0,27,"Successful"
"intriguing documentary which is emotionally diluted by focusing on the story 's least interesting subject .","intriguing documentary which is emotionally diluted by focusing on the story 's least interesting subject .",0.99853515625,0.99853515625,0,0,1,1,"Skipped"
"the son 's room is a triumph of gentility that [[earns]] its [[moments]] of pathos .","the son 's room is a triumph of gentility that [[arns]] its [[homents]] of pathos .",0.12744140625,0.7060546875,1,0,1,16,"Successful"
"a [[disappointment]] for those who [[love]] [[alternate]] versions of the bard , [[particularly]] [[ones]] that [[involve]] [[deep]] [[fryers]] and hamburgers .","a [[disappointmen]] for those who [[mlove]] [[zalternate]] versions of the bard , [[partdicularly]] [[nes]] that [[involEve]] [[eep]] [[fryerOs]] and hamburgers .",0.00244140625,0.08056640625,0,0,0,55,"Failed"
"it 's [[clear]] the [[filmmakers]] were [[n't]] [[sure]] where they wanted their story to go , and [[even]] more clear that they [[lack]] the [[skills]] to get [[us]] to this [[undetermined]] destination .","it 's [[cleavr]] the [[fQlmmakers]] were [[n'F]] [[Xsure]] where they wanted their story to go , and [[Ceven]] more clear that they [[ack]] the [[skilTls]] to get [[u]] to this [[undeteQmined]] destination .",0.0009765625,0.53125,0,1,0,52,"Successful"
"... a [[hollow]] [[joke]] [[told]] by a cinematic gymnast having too [[much]] fun embellishing the [[misanthropic]] [[tale]] to [[actually]] [[engage]] it .","... a [[holQlow]] [[joe]] [[tld]] by a cinematic gymnast having too [[Lmuch]] fun embellishing the [[mYsanthropic]] [[ale]] to [[asctually]] [[enTgage]] it .",0.00341796875,0.14794921875,0,0,0,60,"Failed"
"this [[time]] [[mr]]. burns is [[trying]] something in the martin [[scorsese]] street-realist [[mode]] , but his [[self-regarding]] [[sentimentality]] [[trips]] him up again .","this [[aime]] [[mn]]. burns is [[tryiSg]] something in the martin [[scorssee]] street-realist [[mFode]] , but his [[self-regardinr]] [[sentimeHntality]] [[tris]] him up again .",0.01123046875,0.1845703125,0,0,0,61,"Failed"
"[[manages]] to be both [[repulsively]] [[sadistic]] and [[mundane]] .","[[manage]] to be both [[repulswvely]] [[sadisic]] and [[Mmundane]] .",0.0029296875,0.01416015625,0,0,0,21,"Failed"
"a simple , but gritty and well-acted ensemble drama that encompasses a potent metaphor for a country still dealing with its fascist [[past]] .","a simple , but gritty and well-acted ensemble drama that encompasses a potent metaphor for a country still dealing with its fascist [[tast]] .",0.06201171875,0.71533203125,1,0,1,18,"Successful"
"the film is beautifully mounted , but , more to the point , the issues are [[subtly]] presented , [[managing]] to walk a fine line with regard to the question of joan 's madness .","the film is beautifully mounted , but , more to the point , the issues are [[usbtly]] presented , [[manaJing]] to walk a fine line with regard to the question of joan 's madness .",0.09130859375,0.708984375,1,0,1,24,"Successful"
"a [[sequel]] that 's [[much]] too [[big]] for its britches .","a [[seqel]] that 's [[mtch]] too [[bgi]] for its britches .",0.00634765625,0.0302734375,0,0,0,21,"Failed"
"this is an egotistical endeavor from the daughter of horror director dario argento -lrb- a producer here -rrb- , but her raw performance and utter [[fearlessness]] [[make]] it strangely [[magnetic]] .","this is an egotistical endeavor from the daughter of horror director dario argento -lrb- a producer here -rrb- , but her raw performance and utter [[earlessness]] [[ake]] it strangely [[mangetic]] .",0.08056640625,0.92626953125,1,0,1,29,"Successful"
"nicks , seemingly uncertain what 's going to make people laugh , runs the gamut from [[stale]] parody to raunchy sex gags to formula romantic comedy .","nicks , seemingly uncertain what 's going to make people laugh , runs the gamut from [[stlae]] parody to raunchy sex gags to formula romantic comedy .",0.3486328125,0.67236328125,0,1,0,22,"Successful"
"it [[deserves]] to be [[seen]] by anyone with even a passing interest in the events shaping the world beyond their own horizons .","it [[dezerves]] to be [[sXeen]] by anyone with even a passing interest in the events shaping the world beyond their own horizons .",0.0029296875,0.619140625,1,0,1,20,"Successful"
"it [[treats]] [[women]] [[like]] [[idiots]] .","it [[treMts]] [[womven]] [[lik]] [[idaots]] .",0.00244140625,0.017578125,0,0,0,21,"Failed"
"there are some wonderfully fresh moments that smooth the moral stiffness with human kindness and [[hopefulness]] .","there are some wonderfully fresh moments that smooth the moral stiffness with human kindness and [[hopefunless]] .",0.0087890625,0.87060546875,1,0,1,14,"Successful"
"the [[result]] is a [[gaudy]] [[bag]] of [[stale]] candy , [[something]] from a [[halloween]] that [[died]] .","the [[Pesult]] is a [[gaudVy]] [[bg]] of [[stalA]] candy , [[sHmething]] from a [[hallooeen]] that [[aied]] .",0.001953125,0.16259765625,0,0,0,40,"Failed"
"an interesting story with a pertinent -lrb- cinematically unique -rrb- message , told fairly well and scored to [[perfection]] , i found myself struggling to put my finger on that elusive `` missing thing . ''","an interesting story with a pertinent -lrb- cinematically unique -rrb- message , told fairly well and scored to [[perfectJon]] , i found myself struggling to put my finger on that elusive `` missing thing . ''",0.3173828125,0.615234375,1,0,1,26,"Successful"
"not far beneath the surface , this reconfigured tale asks disturbing questions about those things we expect from military epics .","not far beneath the surface , this reconfigured tale asks disturbing questions about those things we expect from military epics .",0.90478515625,0.90478515625,0,0,1,1,"Skipped"
"an absurdist comedy about alienation , separation and [[loss]] .","an absurdist comedy about alienation , separation and [[lvoss]] .",0.08251953125,0.10693359375,0,0,0,25,"Failed"
"the talented and clever robert rodriguez perhaps [[put]] a [[little]] too [[much]] heart into his first [[film]] and did [[n't]] [[reserve]] [[enough]] for his [[second]] .","the talented and clever robert rodriguez perhaps [[pSut]] a [[Hittle]] too [[mucP]] heart into his first [[fNilm]] and did [[n'Rt]] [[resevre]] [[enuogh]] for his [[econd]] .",0.01123046875,0.236328125,0,0,0,76,"Failed"
"hilariously inept and ridiculous .","hilariously inept and ridiculous .",0.99658203125,0.99658203125,0,0,1,1,"Skipped"
"[[vera]] 's three [[actors]] -- [[mollà]] , [[gil]] and [[bardem]] -- [[excel]] in [[insightful]] , [[empathetic]] [[performances]] .","[[veia]] 's three [[Octors]] -- [[ollà]] , [[gli]] and [[barJdem]] -- [[texcel]] in [[nsightful]] , [[empalthetic]] [[peLformances]] .",0.0009765625,0.71875,1,0,1,50,"Successful"
"for [[close]] to [[two]] [[hours]] the [[audience]] is [[forced]] to endure three terminally [[depressed]] , [[mostly]] inarticulate , hyper dysfunctional families for the [[price]] of one .","for [[lose]] to [[tow]] [[houBs]] the [[audiencHe]] is [[forecd]] to endure three terminally [[Mepressed]] , [[mosLly]] inarticulate , hyper dysfunctional families for the [[Yprice]] of one .",0.0029296875,0.046875,0,0,0,80,"Failed"
"[[good]] car [[chases]] , great fight [[scenes]] , and a [[distinctive]] [[blend]] of [[european]] , [[american]] and [[asian]] [[influences]] .","[[god]] car [[chaseqs]] , great fight [[csenes]] , and a [[disdinctive]] [[bled]] of [[eugropean]] , [[aemrican]] and [[asan]] [[influnces]] .",0.009765625,0.5234375,1,0,1,48,"Successful"
"the [[performances]] [[take]] the movie to a [[higher]] [[level]] .","the [[preformances]] [[tae]] the movie to a [[highYer]] [[evel]] .",0.00048828125,0.5810546875,1,0,1,22,"Successful"
"some of their [[jokes]] [[work]] , but most [[fail]] [[miserably]] and in the [[end]] , [[pumpkin]] is [[far]] more [[offensive]] than it is [[funny]] .","some of their [[jtokes]] [[wQrk]] , but most [[fFail]] [[miseralby]] and in the [[Kend]] , [[pumpkCin]] is [[faZ]] more [[offesnive]] than it is [[fufny]] .",0.001953125,0.11767578125,0,0,0,45,"Failed"
"[[chokes]] on its own depiction of upper-crust decorum .","[[cohkes]] on its own depiction of upper-crust decorum .",0.00830078125,0.3173828125,0,0,0,21,"Failed"
"if [[looking]] for a [[thrilling]] sci-fi [[cinematic]] [[ride]] , do [[n't]] [[settle]] for this [[imposter]] .","if [[loNking]] for a [[thrillinP]] sci-fi [[Icinematic]] [[riWde]] , do [[n'kt]] [[seutle]] for this [[imoster]] .",0.0029296875,0.0888671875,0,0,0,40,"Failed"
"[[deadeningly]] [[dull]] , [[mired]] in convoluted [[melodrama]] , [[nonsensical]] [[jargon]] and stiff-upper-lip [[laboriousness]] .","[[deadennigly]] [[dll]] , [[mirde]] in convoluted [[melodreama]] , [[onsensical]] [[jaron]] and stiff-upper-lip [[lbaoriousness]] .",0.0029296875,0.12109375,0,0,0,45,"Failed"
"collateral damage finally [[delivers]] the goods for schwarzenegger fans .","collateral damage finally [[deivers]] the goods for schwarzenegger fans .",0.0419921875,0.55078125,1,0,1,12,"Successful"
"still , as a visual treat , the film is almost [[unsurpassed]] .","still , as a visual treat , the film is almost [[unsuGpassed]] .",0.00830078125,0.53515625,1,0,1,11,"Successful"
"his [[last]] movie was [[poetically]] romantic and full of indelible images , but his [[latest]] has [[nothing]] going for it .","his [[lact]] movie was [[poecically]] romantic and full of indelible images , but his [[latst]] has [[nothign]] going for it .",0.0029296875,0.44921875,0,0,0,51,"Failed"
"[[portentous]] and [[pretentious]] , the [[weight]] of [[water]] is appropriately titled , [[given]] the [[heavy-handedness]] of it drama .","[[poStentous]] and [[preentious]] , the [[weihgt]] of [[wter]] is appropriately titled , [[gievn]] the [[heavy-handePdness]] of it drama .",0.02978515625,0.36279296875,0,0,0,46,"Failed"
"the minor figures surrounding -lrb- bobby -rrb- ... form a gritty urban mosaic .","the minor figures surrounding -lrb- bobby -rrb- ... form a gritty urban mosaic .",0.611328125,0.611328125,0,0,1,1,"Skipped"
"no one but a [[convict]] [[guilty]] of some truly [[heinous]] crime should have to [[sit]] through the master of disguise .","no one but a [[convRct]] [[guitly]] of some truly [[heQnous]] crime should have to [[ist]] through the master of disguise .",0.00390625,0.21728515625,0,0,0,46,"Failed"
"[[complete]] [[lack]] of [[originality]] , [[cleverness]] or [[even]] [[visible]] [[effort]]","[[compljete]] [[laCck]] of [[originaliQy]] , [[clevernKess]] or [[ven]] [[viisble]] [[effrt]]",0.0,0.07861328125,0,0,0,36,"Failed"
"it 's [[inoffensive]] , cheerful , built to inspire the young people , set to an unending soundtrack of beach party pop numbers and aside from its remarkable camerawork and awesome scenery , it 's about as exciting as a sunburn .","it 's [[inofmensive]] , cheerful , built to inspire the young people , set to an unending soundtrack of beach party pop numbers and aside from its remarkable camerawork and awesome scenery , it 's about as exciting as a sunburn .",0.01220703125,0.994140625,0,1,0,25,"Successful"
"the movie does a [[good]] job of laying out some of the major issues that we [[encounter]] as we journey through life .","the movie does a [[gZod]] job of laying out some of the major issues that we [[encoWunter]] as we journey through life .",0.00634765625,0.5966796875,1,0,1,17,"Successful"
"there 's enough melodrama in this magnolia primavera to make pta proud yet [[director]] [[muccino]] 's [[characters]] are [[less]] worthy of puccini than they are of daytime television .","there 's enough melodrama in this magnolia primavera to make pta proud yet [[dPirector]] [[umccino]] 's [[Hharacters]] are [[lses]] worthy of puccini than they are of daytime television .",0.005859375,0.546875,0,1,0,37,"Successful"
"zaidan 's script has [[barely]] [[enough]] plot to string the stunts together and not [[quite]] [[enough]] [[characterization]] to [[keep]] the [[faces]] [[straight]] .","zaidan 's script has [[braely]] [[eWnough]] plot to string the stunts together and not [[quYte]] [[ejough]] [[characterSzation]] to [[kNep]] the [[Kaces]] [[straibght]] .",0.001953125,0.734375,0,1,0,66,"Successful"
"not only are the special effects and narrative flow much [[improved]] , and daniel radcliffe more emotionally assertive this time around as harry , but the [[film]] [[conjures]] the [[magic]] of author j.k. rowling 's [[books]] .","not only are the special effects and narrative flow much [[imBroved]] , and daniel radcliffe more emotionally assertive this time around as harry , but the [[filVm]] [[coFnjures]] the [[magci]] of author j.k. rowling 's [[booMks]] .",0.00146484375,0.99853515625,1,0,1,42,"Successful"
"the best revenge may just be living well because this film , [[unlike]] other dumas adaptations , is far more likened to a [[treasure]] than a lengthy [[jail]] [[sentence]] .","the best revenge may just be living well because this film , [[unlije]] other dumas adaptations , is far more likened to a [[Kreasure]] than a lengthy [[jal]] [[sentenec]] .",0.01806640625,0.76611328125,1,0,1,31,"Successful"
"too [[much]] of the [[humor]] [[falls]] [[flat]] .","too [[Kuch]] of the [[hmuor]] [[falsl]] [[flaOt]] .",0.00048828125,0.00927734375,0,0,0,20,"Failed"
"falls neatly into the category of good stupid [[fun]] .","falls neatly into the category of good stupid [[vun]] .",0.03955078125,0.96875,1,0,1,11,"Successful"
"jaglom ... put -lrb- s -rrb- the audience in the [[privileged]] position of eavesdropping on his characters","jaglom ... put -lrb- s -rrb- the audience in the [[privilegeWd]] position of eavesdropping on his characters",0.22802734375,0.5,1,0,1,14,"Successful"
"[[every]] [[dance]] becomes about [[seduction]] , where [[backstabbing]] and [[betrayals]] are [[celebrated]] , and [[sex]] is [[currency]] .","[[evWery]] [[dancye]] becomes about [[seBuction]] , where [[bakcstabbing]] and [[beXtrayals]] are [[celebratEd]] , and [[seF]] is [[curreNcy]] .",0.00927734375,0.49609375,0,0,0,46,"Failed"
"[[velocity]] [[represents]] [[everything]] [[wrong]] with '' [[independent]] [[film]] '' as a [[commodified]] , sold-out [[concept]] on the [[american]] filmmaking [[scene]] .","[[Helocity]] [[cepresents]] [[everythinJg]] [[wroWg]] with '' [[independenl]] [[fiGlm]] '' as a [[commodiied]] , sold-out [[concet]] on the [[ameyrican]] filmmaking [[sXene]] .",0.0009765625,0.5078125,0,1,0,60,"Successful"
"hardly a masterpiece , but it [[introduces]] [[viewers]] to a [[good]] [[charitable]] [[enterprise]] and some [[interesting]] real [[people]] .","hardly a masterpiece , but it [[nitroduces]] [[viewer]] to a [[god]] [[charitabSle]] [[enterpries]] and some [[interjesting]] real [[peopl]] .",0.04541015625,0.546875,1,0,1,42,"Successful"
"one of creepiest , scariest [[movies]] to come along in a long , long time , easily [[rivaling]] blair witch or the others .","one of creepiest , scariest [[moveis]] to come along in a long , long time , easily [[rMivaling]] blair witch or the others .",0.14208984375,0.7373046875,1,0,1,23,"Successful"
"it has its [[moments]] of [[swaggering]] camaraderie , but more [[often]] just feels generic , [[derivative]] and [[done]] to [[death]] .","it has its [[mKments]] of [[swaggerihng]] camaraderie , but more [[Goften]] just feels generic , [[derivativJe]] and [[dnoe]] to [[deth]] .",0.00146484375,0.03173828125,0,0,0,45,"Failed"
"the so-inept - it 's - surreal dubbing -lrb- featuring the voices of glenn close , regis philbin and breckin meyer -rrb- brings back memories of cheesy old godzilla flicks .","the so-inept - it 's - surreal dubbing -lrb- featuring the voices of glenn close , regis philbin and breckin meyer -rrb- brings back memories of cheesy old godzilla flicks .",0.9833984375,0.9833984375,1,1,0,1,"Skipped"
"it 's everything you do [[n't]] [[go]] to the [[movies]] for .","it 's everything you do [[nPt]] [[ago]] to the [[ovies]] for .",0.00146484375,0.10693359375,0,0,0,21,"Failed"
"mattei is [[tiresomely]] [[grave]] and [[long-winded]] , as if [[circularity]] itself indicated [[profundity]] .","mattei is [[tiWesomely]] [[grare]] and [[long-windGd]] , as if [[cicrularity]] itself indicated [[proundity]] .",0.00390625,0.69921875,0,1,0,28,"Successful"
"pacino is brilliant as the sleep-deprived dormer , his increasing weariness as much existential as it is physical .","pacino is brilliant as the sleep-deprived dormer , his increasing weariness as much existential as it is physical .",0.66552734375,0.66552734375,0,0,1,1,"Skipped"
"a compelling spanish film about the withering effects of jealousy in the life of a young monarch whose sexual passion for her husband becomes an obsession .","a compelling spanish film about the withering effects of jealousy in the life of a young monarch whose sexual passion for her husband becomes an obsession .",0.83984375,0.83984375,0,0,1,1,"Skipped"
"there 's something auspicious , and [[daring]] , too , about the artistic instinct that pushes a majority-oriented director like steven spielberg to follow a.i. with this challenging report so [[liable]] to unnerve the majority .","there 's something auspicious , and [[adring]] , too , about the artistic instinct that pushes a majority-oriented director like steven spielberg to follow a.i. with this challenging report so [[ilable]] to unnerve the majority .",0.25390625,0.56591796875,1,0,1,61,"Successful"
"[[bad]] .","[[ad]] .",0.00146484375,0.22802734375,0,0,0,6,"Failed"
"an intriguing cinematic omnibus and round-robin that occasionally is more interesting in concept than in execution .","an intriguing cinematic omnibus and round-robin that occasionally is more interesting in concept than in execution .",0.9755859375,0.9755859375,0,0,1,1,"Skipped"
"the subtle strength of `` elling '' is that it [[never]] loses touch with the reality of the grim situation .","the subtle strength of `` elling '' is that it [[ever]] loses touch with the reality of the grim situation .",0.337890625,0.9921875,1,0,1,15,"Successful"
"not [[exactly]] the [[bees]] [[knees]]","not [[exactby]] the [[Cbees]] [[nkees]]",0.00048828125,0.01513671875,0,0,0,16,"Failed"
"[[audrey]] tatou has a [[knack]] for [[picking]] [[roles]] that [[magnify]] her [[outrageous]] charm , and in this [[literate]] [[french]] comedy , she 's as morning-glory [[exuberant]] as she was in [[amélie]] .","[[adrey]] tatou has a [[knapk]] for [[picknig]] [[rolHes]] that [[mangify]] her [[outlageous]] charm , and in this [[literae]] [[freych]] comedy , she 's as morning-glory [[exuebrant]] as she was in [[aémlie]] .",0.00537109375,0.53125,1,0,1,67,"Successful"
"just not [[campy]] [[enough]]","just not [[caAmpy]] [[enuogh]]",0.0009765625,0.0107421875,0,0,0,11,"Failed"
"a [[must-see]] for the [[david]] [[mamet]] [[enthusiast]] and for [[anyone]] who [[appreciates]] [[intelligent]] , [[stylish]] [[moviemaking]] .","a [[mwst-see]] for the [[davtd]] [[amet]] [[etnhusiast]] and for [[Qnyone]] who [[apareciates]] [[iXtelligent]] , [[stylisP]] [[moviemakin]] .",0.0009765625,0.54296875,1,0,1,46,"Successful"
"a spellbinding african [[film]] about the modern condition of rootlessness , a state experienced by millions around the globe .","a spellbinding african [[filD]] about the modern condition of rootlessness , a state experienced by millions around the globe .",0.42236328125,0.9794921875,1,0,1,16,"Successful"
"a cartoon that 's truly cinematic in [[scope]] , and a story that 's [[compelling]] and [[heartfelt]] -- [[even]] if the [[heart]] [[belongs]] to a big , [[four-legged]] [[herbivore]] .","a cartoon that 's truly cinematic in [[scoDpe]] , and a story that 's [[comeplling]] and [[heartfglt]] -- [[eSen]] if the [[ehart]] [[belLongs]] to a big , [[ofur-legged]] [[herbMvore]] .",0.00390625,0.6298828125,1,0,1,46,"Successful"
"you will emerge with a clearer view of how the gears of justice grind on and the death report comes to share airtime alongside the farm report .","you will emerge with a clearer view of how the gears of justice grind on and the death report comes to share airtime alongside the farm report .",0.943359375,0.943359375,0,0,1,1,"Skipped"
"an [[operatic]] , sprawling picture that 's [[entertainingly]] [[acted]] , magnificently [[shot]] and [[gripping]] [[enough]] to sustain most of its 170-minute [[length]] .","an [[oHperatic]] , sprawling picture that 's [[entetrainingly]] [[actWd]] , magnificently [[hot]] and [[gripOping]] [[etough]] to sustain most of its 170-minute [[lnegth]] .",0.00244140625,0.611328125,1,0,1,52,"Successful"
"i 've [[always]] [[dreamed]] of [[attending]] [[cannes]] , but after [[seeing]] this film , it 's not that big a deal .","i 've [[alwaVs]] [[direamed]] of [[attendTing]] [[acnnes]] , but after [[seeng]] this film , it 's not that big a deal .",0.00537109375,0.7060546875,0,1,0,29,"Successful"
"morton uses her face and her body language to bring us morvern 's soul , even [[though]] the character is almost completely [[deadpan]] .","morton uses her face and her body language to bring us morvern 's soul , even [[tohugh]] the character is almost completely [[dedpan]] .",0.154296875,0.9150390625,1,0,1,24,"Successful"
"rarely has [[leukemia]] looked so shimmering and benign .","rarely has [[leukemai]] looked so shimmering and benign .",0.43408203125,0.83349609375,0,1,0,10,"Successful"
"we have n't seen such hilarity since say it is n't so !","we have n't seen such hilarity since say it is n't so !",0.953125,0.953125,0,0,1,1,"Skipped"
"true tale of courage -- and complicity -- at auschwitz is a harrowing drama that tries to tell of the unspeakable .","true tale of courage -- and complicity -- at auschwitz is a harrowing drama that tries to tell of the unspeakable .",0.7373046875,0.7373046875,0,0,1,1,"Skipped"
"how do you [[spell]] cliché ?","how do you [[spele]] cliché ?",0.08251953125,0.09130859375,0,0,0,10,"Failed"
"the script is [[n't]] very good ; not [[even]] [[someone]] as gifted as hoffman -lrb- the [[actor]] -rrb- can make it [[work]] .","the script is [[K't]] very good ; not [[elen]] [[soeone]] as gifted as hoffman -lrb- the [[aTctor]] -rrb- can make it [[Iwork]] .",0.00439453125,0.5546875,0,1,0,37,"Successful"
"a giggle a [[minute]] .","a giggle a [[minEte]] .",0.19677734375,0.91259765625,1,0,1,7,"Successful"
"made with no [[discernible]] [[craft]] and [[monstrously]] [[sanctimonious]] in [[dealing]] with [[childhood]] [[loss]] .","made with no [[disecrnible]] [[bcraft]] and [[mosntrously]] [[sanctimnoious]] in [[deWaling]] with [[childhotd]] [[lOss]] .",0.001953125,0.0302734375,0,0,0,41,"Failed"
"the only [[excitement]] comes when the credits finally roll and you get to leave the theater .","the only [[excitemetn]] comes when the credits finally roll and you get to leave the theater .",0.01806640625,0.7490234375,0,1,0,13,"Successful"
"maud and roland 's search for an unknowable past makes for a [[haunting]] literary detective story , but labute [[pulls]] off a neater [[trick]] in [[possession]] : he [[makes]] [[language]] [[sexy]] .","maud and roland 's search for an unknowable past makes for a [[huanting]] literary detective story , but labute [[puzls]] off a neater [[tric]] in [[possssion]] : he [[makeVs]] [[languaeg]] [[sexHy]] .",0.0048828125,0.53515625,1,0,1,46,"Successful"
"but this [[films]] [[lacks]] the [[passion]] [[required]] to [[sell]] the [[material]] .","but this [[Pilms]] [[lacUks]] the [[Lassion]] [[rmequired]] to [[sezl]] the [[mFterial]] .",0.0009765625,0.02734375,0,0,0,30,"Failed"
"vera 's technical prowess [[ends]] up selling his film [[short]] ; he smoothes over hard truths even as he uncovers them .","vera 's technical prowess [[edns]] up selling his film [[shrt]] ; he smoothes over hard truths even as he uncovers them .",0.021484375,0.734375,0,1,0,25,"Successful"
"the film is [[based]] on [[truth]] and [[yet]] there is something about it that [[feels]] [[incomplete]] , as if the real story starts just around the corner .","the film is [[basde]] on [[truh]] and [[yLet]] there is something about it that [[feles]] [[nicomplete]] , as if the real story starts just around the corner .",0.01220703125,0.77197265625,0,1,0,49,"Successful"
"corny , schmaltzy and predictable , but still [[manages]] to be kind of heartwarming , nonetheless .","corny , schmaltzy and predictable , but still [[mJnages]] to be kind of heartwarming , nonetheless .",0.22021484375,0.54296875,1,0,1,13,"Successful"
"huston nails both the glad-handing and the choking sense of hollow despair .","huston nails both the glad-handing and the choking sense of hollow despair .",0.6474609375,0.6474609375,0,0,1,1,"Skipped"
"in an [[effort]] , i [[suspect]] , not to offend by appearing [[either]] too serious or too [[lighthearted]] , it offends by just being [[wishy-washy]] .","in an [[effotr]] , i [[ssupect]] , not to offend by appearing [[eSther]] too serious or too [[lighthJarted]] , it offends by just being [[wiSshy-washy]] .",0.02978515625,0.17333984375,0,0,0,46,"Failed"
"[[nelson]] 's brutally unsentimental approach ... [[sucks]] the [[humanity]] from the [[film]] , [[leaving]] [[behind]] an horrific but [[weirdly]] [[unemotional]] spectacle .","[[nelsn]] 's brutally unsentimental approach ... [[Iucks]] the [[huranity]] from the [[fNilm]] , [[lesaving]] [[beRind]] an horrific but [[weDrdly]] [[unemotinonal]] spectacle .",0.00390625,0.4609375,0,0,0,66,"Failed"
"a sequence of [[ridiculous]] [[shoot]] - '[[em]] - up [[scenes]] .","a sequence of [[riGiculous]] [[shoto]] - '[[me]] - up [[Gscenes]] .",0.00439453125,0.083984375,0,0,0,26,"Failed"
"it seems like i have been waiting my whole life for this movie and now i ca n't [[wait]] for the sequel .","it seems like i have been waiting my whole life for this movie and now i ca n't [[waiPt]] for the sequel .",0.017578125,0.98193359375,1,0,1,15,"Successful"
"liotta put on 30 pounds for the role , and has completely transformed himself from his smooth , goodfellas image .","liotta put on 30 pounds for the role , and has completely transformed himself from his smooth , goodfellas image .",0.822265625,0.822265625,0,0,1,1,"Skipped"
"[[passable]] [[entertainment]] , but it 's the [[kind]] of [[motion]] picture that [[wo]] n't make much of a splash when it 's [[released]] , and will not be remembered long [[afterwards]] .","[[paZssable]] [[eAntertainment]] , but it 's the [[ind]] of [[motiJn]] picture that [[wPo]] n't make much of a splash when it 's [[Meleased]] , and will not be remembered long [[afterwnrds]] .",0.00146484375,0.02783203125,0,0,0,70,"Failed"
"it 's made with [[deftly]] unsettling genre flair .","it 's made with [[detfly]] unsettling genre flair .",0.05908203125,0.955078125,1,0,1,10,"Successful"
"it 's [[dumb]] , but more [[importantly]] , it 's just not scary .","it 's [[duxb]] , but more [[impQrtantly]] , it 's just not scary .",0.001953125,0.19677734375,0,0,0,16,"Failed"
"a study in shades of gray , offering itself up in subtle plot maneuvers ...","a study in shades of gray , offering itself up in subtle plot maneuvers ...",0.6474609375,0.6474609375,0,0,1,1,"Skipped"
"the tale of tok -lrb- andy lau -rrb- , a sleek sociopath on the trail of o -lrb- takashi sorimachi -rrb- , the most legendary of asian hitmen , is too [[scattershot]] to [[take]] hold .","the tale of tok -lrb- andy lau -rrb- , a sleek sociopath on the trail of o -lrb- takashi sorimachi -rrb- , the most legendary of asian hitmen , is too [[scattersOhot]] to [[takie]] hold .",0.02490234375,0.87109375,0,1,0,28,"Successful"
"something like [[scrubbing]] the [[toilet]] .","something like [[scrbubing]] the [[toVlet]] .",0.02392578125,0.11279296875,0,0,0,21,"Failed"
"[[smart]] , provocative and blisteringly [[funny]] .","[[smatr]] , provocative and blisteringly [[fnny]] .",0.0029296875,0.6513671875,1,0,1,13,"Successful"
"this one is definitely one to [[skip]] , even for horror movie fanatics .","this one is definitely one to [[sikp]] , even for horror movie fanatics .",0.00048828125,0.92431640625,0,1,0,13,"Successful"
"charles ' entertaining film chronicles seinfeld 's return to stand-up comedy after the wrap of his [[legendary]] sitcom , [[alongside]] wannabe comic adams ' attempts to get his shot at the big time .","charles ' entertaining film chronicles seinfeld 's return to stand-up comedy after the wrap of his [[legWndary]] sitcom , [[tlongside]] wannabe comic adams ' attempts to get his shot at the big time .",0.0927734375,0.5234375,1,0,1,29,"Successful"
"an effectively creepy , fear-inducing -lrb- not fear-reducing -rrb- film from japanese director hideo nakata , who takes the superstitious curse on chain letters and actually applies it .","an effectively creepy , fear-inducing -lrb- not fear-reducing -rrb- film from japanese director hideo nakata , who takes the superstitious curse on chain letters and actually applies it .",0.7216796875,0.7216796875,0,0,1,1,"Skipped"
