"original_text","perturbed_text","original_score","perturbed_score","original_output","perturbed_output","ground_truth_output","num_queries","result_type"
"[[one]] [[long]] string of [[cliches]] .","[[unitary]] [[prospicient]] string of [[bromide]] .",0.00634765625,0.28125,0,0,0,81,"Failed"
"if you 've ever entertained the notion of doing what the title of this film implies , what sex with strangers actually shows may put you off the idea forever .","if you 've ever entertained the notion of doing what the title of this film implies , what sex with strangers actually shows may put you off the idea forever .",0.00244140625,0.00244140625,0,0,0,100,"Failed"
"k-19 exploits our substantial collective fear of nuclear holocaust to generate [[cheap]] hollywood tension .","k-19 exploits our substantial collective fear of nuclear holocaust to generate [[punk]] hollywood tension .",0.00341796875,0.037109375,0,0,0,100,"Failed"
"it 's played in the most straight-faced fashion , with [[little]] humor to lighten things up .","it 's played in the most straight-faced fashion , with [[slight]] humor to lighten things up .",0.0009765625,0.88232421875,0,1,0,71,"Successful"
"there is a fabric of complex [[ideas]] here , and feelings that profoundly deepen them .","there is a fabric of complex [[estimate]] here , and feelings that profoundly deepen them .",0.2451171875,0.8740234375,1,0,1,44,"Successful"
"although laced with humor and a few fanciful touches , the film is a refreshingly serious look at young women .","although laced with humor and a few fanciful touches , the film is a refreshingly serious look at young women .",0.00732421875,0.00732421875,1,1,1,100,"Failed"
"it all [[feels]] like a monty python sketch gone horribly wrong .","it all [[find]] like a monty python sketch gone horribly wrong .",0.00048828125,0.00244140625,0,0,0,100,"Failed"
"it 's a stunning lyrical [[work]] of considerable [[force]] and truth .","it 's a stunning lyrical [[wreak]] of considerable [[coerce]] and truth .",0.00146484375,0.85009765625,1,0,1,100,"Successful"
"however it may please those who love movies that blare with pop songs , young science fiction fans will stomp away in disgust .","however it may please those who love movies that blare with pop songs , young science fiction fans will stomp away in disgust .",0.00634765625,0.00634765625,0,0,0,100,"Failed"
"broomfield turns his distinctive ` blundering ' style into something that could really help clear up the case .","broomfield turns his distinctive ` blundering ' style into something that could really help clear up the case .",0.10498046875,0.10498046875,1,1,1,100,"Failed"
"although german cooking does not come readily to mind when considering the world 's best cuisine , mostly martha could make deutchland a popular destination for hungry tourists .","although german cooking does not come readily to mind when considering the world 's best cuisine , mostly martha could make deutchland a popular destination for hungry tourists .",0.5234375,0.5234375,0,0,1,1,"Skipped"
"a very well-made , [[funny]] and entertaining picture .","a very well-made , [[suspect]] and entertaining picture .",0.0009765625,0.80810546875,1,0,1,73,"Successful"
"a valueless kiddie [[paean]] to pro basketball [[underwritten]] by the nba .","a valueless kiddie [[pean]] to pro basketball [[cover]] by the nba .",0.00146484375,0.01708984375,0,0,0,30,"Failed"
"all the amped-up tony hawk-style stunts and thrashing rap-metal ca n't disguise the fact that , [[really]] , we 've been here , [[done]] that .","all the amped-up tony hawk-style stunts and thrashing rap-metal ca n't disguise the fact that , [[genuinely]] , we 've been here , [[coiffure]] that .",0.00341796875,0.078125,0,0,0,100,"Failed"
"a swashbuckling tale of love , betrayal , revenge and above all , [[faith]] .","a swashbuckling tale of love , betrayal , revenge and above all , [[religion]] .",0.236328125,0.8291015625,1,0,1,40,"Successful"
"there ought to be a [[directing]] [[license]] , so that ed [[burns]] can have his [[revoked]] .","there ought to be a [[conduct]] [[permit]] , so that ed [[burning]] can have his [[lift]] .",0.015625,0.2421875,0,0,0,100,"Failed"
"a rigorously structured and exquisitely filmed drama about a father and son connection that is a brief shooting star of love .","a rigorously structured and exquisitely filmed drama about a father and son connection that is a brief shooting star of love .",0.009765625,0.009765625,1,1,1,100,"Failed"
"on this tricky topic , tadpole is very much a step in the right direction , with its blend of frankness , civility and compassion .","on this tricky topic , tadpole is very much a step in the right direction , with its blend of frankness , civility and compassion .",0.0068359375,0.0068359375,1,1,1,100,"Failed"
"macdowell , whose wifty southern charm has anchored lighter affairs ... brings an absolutely riveting conviction to her role .","macdowell , whose wifty southern charm has anchored lighter affairs ... brings an absolutely riveting conviction to her role .",0.03955078125,0.03955078125,1,1,1,100,"Failed"
"the jabs it employs are [[short]] , carefully placed and dead-center .","the jabs it employs are [[inadequate]] , carefully placed and dead-center .",0.01953125,0.9775390625,1,0,1,96,"Successful"
"despite its title , punch-drunk love is never [[heavy-handed]] .","despite its title , punch-drunk love is never [[left-handed]] .",0.291015625,0.98291015625,1,0,1,51,"Successful"
"at once [[half-baked]] and [[overheated]] .","at once [[crazy]] and [[overheat]] .",0.0029296875,0.0400390625,0,0,0,13,"Failed"
"this is a shameless sham , [[calculated]] to cash in on the popularity of its [[stars]] .","this is a shameless sham , [[compute]] to cash in on the popularity of its [[ace]] .",0.001953125,0.0498046875,0,0,0,100,"Failed"
"jason x is positively anti-darwinian : nine sequels and 400 years later , the teens are none the wiser and jason still kills on auto-pilot .","jason x is positively anti-darwinian : nine sequels and 400 years later , the teens are none the wiser and jason still kills on auto-pilot .",0.01904296875,0.01904296875,0,0,0,100,"Failed"
"[[people]] [[cinema]] at its [[finest]] .","[[masses]] [[film]] at its [[okay]] .",0.00732421875,0.39990234375,1,1,1,24,"Failed"
"` de niro ... is a veritable source of sincere [[passion]] that this hollywood contrivance orbits around . '","` de niro ... is a veritable source of sincere [[rage]] that this hollywood contrivance orbits around . '",0.34521484375,0.9931640625,1,0,1,76,"Successful"
"if you believe any of this , i can make you a real deal on leftover enron stock that will double in value a week from friday .","if you believe any of this , i can make you a real deal on leftover enron stock that will double in value a week from friday .",0.02392578125,0.02392578125,0,0,0,100,"Failed"
"candid and comfortable ; a film that deftly balances action and reflection as it lets you grasp and feel the passion others have for their work .","candid and comfortable ; a film that deftly balances action and reflection as it lets you grasp and feel the passion others have for their work .",0.00390625,0.00390625,1,1,1,100,"Failed"
"more romantic , more emotional and ultimately more [[satisfying]] than the teary-eyed original .","more romantic , more emotional and ultimately more [[square]] than the teary-eyed original .",0.0166015625,0.99365234375,1,0,1,45,"Successful"
"it [[offers]] [[little]] beyond the [[momentary]] [[joys]] of pretty and weightless [[intellectual]] entertainment .","it [[volunteer]] [[lilliputian]] beyond the [[momentaneous]] [[gladden]] of pretty and weightless [[intellect]] entertainment .",0.00048828125,0.32421875,0,0,0,100,"Failed"
"it 's a remarkably [[solid]] and subtly satirical tour [[de]] [[force]] .","it 's a remarkably [[square]] and subtly satirical tour [[DE]] [[coerce]] .",0.00146484375,0.9033203125,1,0,1,88,"Successful"
"[[coughs]] and [[sputters]] on its own postmodern [[conceit]] .","[[cough]] and [[shinny]] on its own postmodern [[self-love]] .",0.0078125,0.0791015625,0,0,0,43,"Failed"
"with virtually no [[interesting]] elements for an audience to focus on , chelsea walls is a triple-espresso endurance challenge .","with virtually no [[worry]] elements for an audience to focus on , chelsea walls is a triple-espresso endurance challenge .",0.01904296875,0.7958984375,0,1,0,60,"Successful"
"[[lovely]] and [[poignant]] .","[[pin-up]] and [[affecting]] .",0.013671875,0.8671875,1,0,1,13,"Successful"
"at times , the suspense is palpable , but by the end there 's a sense that the crux of the mystery hinges on a technicality that strains credulity and leaves the viewer haunted by the waste of potential .","at times , the suspense is palpable , but by the end there 's a sense that the crux of the mystery hinges on a technicality that strains credulity and leaves the viewer haunted by the waste of potential .",0.00537109375,0.00537109375,0,0,0,100,"Failed"
"... a boring parade of talking heads and technical gibberish that will do little to advance the linux cause .","... a boring parade of talking heads and technical gibberish that will do little to advance the linux cause .",0.00048828125,0.00048828125,0,0,0,100,"Failed"
"paid in full is so stale , in fact , that its most vibrant scene is one that uses clips from brian de palma 's scarface .","paid in full is so stale , in fact , that its most vibrant scene is one that uses clips from brian de palma 's scarface .",0.01318359375,0.01318359375,0,0,0,100,"Failed"
"american chai [[encourages]] rueful laughter at stereotypes only an indian-american would [[recognize]] .","american chai [[boost]] rueful laughter at stereotypes only an indian-american would [[spot]] .",0.35595703125,0.40380859375,0,0,0,60,"Failed"
"visually imaginative , thematically instructive and thoroughly delightful , it takes us on a roller-coaster ride from innocence to experience without even a hint of that typical kiddie-flick sentimentality .","visually imaginative , thematically instructive and thoroughly delightful , it takes us on a roller-coaster ride from innocence to experience without even a hint of that typical kiddie-flick sentimentality .",0.0068359375,0.0068359375,1,1,1,100,"Failed"
"[[directed]] in a paint-by-numbers [[manner]] .","[[send]] in a paint-by-numbers [[mode]] .",0.00439453125,0.154296875,0,0,0,62,"Failed"
"the movie is dawn of the dead crossed with john carpenter 's ghosts of mars , with zombies not as ghoulish as the first and trains not as big as the second .","the movie is dawn of the dead crossed with john carpenter 's ghosts of mars , with zombies not as ghoulish as the first and trains not as big as the second .",0.03271484375,0.03271484375,0,0,0,100,"Failed"
"[[detox]] is [[ultimately]] a [[pointless]] [[endeavor]] .","[[detoxify]] is [[finally]] a [[unpointed]] [[strive]] .",0.00048828125,0.04833984375,0,0,0,33,"Failed"
"despite all evidence to the contrary , this clunker has somehow managed to pose as an actual feature movie , the kind that charges full admission and gets hyped on tv and purports to amuse small children and ostensible adults .","despite all evidence to the contrary , this clunker has somehow managed to pose as an actual feature movie , the kind that charges full admission and gets hyped on tv and purports to amuse small children and ostensible adults .",0.00244140625,0.00244140625,0,0,0,100,"Failed"
"so unremittingly [[awful]] that labeling it a dog probably constitutes cruelty to canines .","so unremittingly [[awesome]] that labeling it a dog probably constitutes cruelty to canines .",0.001953125,0.01904296875,0,0,0,100,"Failed"
"i just [[loved]] every minute of this film .","i just [[screw]] every minute of this film .",0.0009765625,0.998046875,1,0,1,45,"Successful"
"the film contains no good jokes , no good scenes , barely a moment when carvey 's saturday night live-honed mimicry rises above the level of embarrassment .","the film contains no good jokes , no good scenes , barely a moment when carvey 's saturday night live-honed mimicry rises above the level of embarrassment .",0.00048828125,0.00048828125,0,0,0,100,"Failed"
"to say this was done better in wilder 's some like it hot is like saying the sun rises in the east .","to say this was done better in wilder 's some like it hot is like saying the sun rises in the east .",0.0439453125,0.0439453125,0,0,0,100,"Failed"
"the longer the movie goes , the worse it gets , but it 's actually pretty good in the first few minutes .","the longer the movie goes , the worse it gets , but it 's actually pretty good in the first few minutes .",0.06103515625,0.06103515625,0,0,0,100,"Failed"
"they should have [[called]] it gutterball .","they should have [[hollo]] it gutterball .",0.0048828125,0.0439453125,0,0,0,45,"Failed"
"it 's a [[bit]] disappointing that it only manages to be decent instead of dead brilliant .","it 's a [[snatch]] disappointing that it only manages to be decent instead of dead brilliant .",0.001953125,0.00439453125,0,0,0,100,"Failed"
"that 's a [[cheat]] .","that 's a [[slicker]] .",0.01025390625,0.56982421875,0,1,0,42,"Successful"
"the title not only describes its main characters , but the [[lazy]] people behind the camera as well .","the title not only describes its main characters , but the [[work-shy]] people behind the camera as well .",0.0087890625,0.837890625,0,1,0,98,"Successful"
"i do n't [[think]] i laughed out [[loud]] once .","i do n't [[cogitate]] i laughed out [[brassy]] once .",0.001953125,0.07177734375,0,0,0,69,"Failed"
"may reawaken discussion of the kennedy assassination but this fictional film looks made for cable rather than for the big screen .","may reawaken discussion of the kennedy assassination but this fictional film looks made for cable rather than for the big screen .",0.00244140625,0.00244140625,0,0,0,100,"Failed"
"taylor appears to have blown his entire budget on soundtrack rights and had nothing left over for jokes .","taylor appears to have blown his entire budget on soundtrack rights and had nothing left over for jokes .",0.0009765625,0.0009765625,0,0,0,100,"Failed"
"i am sorry that i was unable to get the full brunt of the comedy .","i am sorry that i was unable to get the full brunt of the comedy .",0.001953125,0.001953125,0,0,0,100,"Failed"
"the movie [[fails]] to live up to the sum of its parts .","the movie [[go]] to live up to the sum of its parts .",0.00048828125,0.9296875,0,1,0,99,"Successful"
"it 's just disappointingly superficial -- a movie that has all the elements necessary to be a fascinating , involving character study , but never does more than scratch the surface .","it 's just disappointingly superficial -- a movie that has all the elements necessary to be a fascinating , involving character study , but never does more than scratch the surface .",0.001953125,0.001953125,0,0,0,100,"Failed"
"here 's [[yet]] another studio horror [[franchise]] mucking up its storyline with glitches [[casual]] [[fans]] could correct in their [[sleep]] .","here 's [[heretofore]] another studio horror [[enfranchisement]] mucking up its storyline with glitches [[effortless]] [[buff]] could correct in their [[quietus]] .",0.00244140625,0.068359375,0,0,0,100,"Failed"
"for anyone unfamiliar with pentacostal practices in general and theatrical phenomenon of hell houses in particular , it 's an eye-opener .","for anyone unfamiliar with pentacostal practices in general and theatrical phenomenon of hell houses in particular , it 's an eye-opener .",0.60009765625,0.60009765625,0,0,1,1,"Skipped"
"if steven soderbergh 's ` solaris ' is a failure it is a glorious failure .","if steven soderbergh 's ` solaris ' is a failure it is a glorious failure .",0.83349609375,0.83349609375,0,0,1,1,"Skipped"
"there 's a wickedly subversive bent to the best parts of birthday girl .","there 's a wickedly subversive bent to the best parts of birthday girl .",0.63330078125,0.63330078125,0,0,1,1,"Skipped"
"while locals will get a kick out of spotting cleveland sites , the rest of the world will enjoy a fast-paced comedy with quirks that might make the award-winning coen brothers envious .","while locals will get a kick out of spotting cleveland sites , the rest of the world will enjoy a fast-paced comedy with quirks that might make the award-winning coen brothers envious .",0.0146484375,0.0146484375,1,1,1,100,"Failed"
"while -lrb- hill -rrb- has learned new tricks , the tricks alone are not enough to salvage this lifeless boxing film .","while -lrb- hill -rrb- has learned new tricks , the tricks alone are not enough to salvage this lifeless boxing film .",0.0029296875,0.0029296875,0,0,0,100,"Failed"
"this is the sort of burly action flick where one coincidence pummels another , narrative necessity is a drunken roundhouse , and whatever passes for logic is a factor of the last plot device left standing .","this is the sort of burly action flick where one coincidence pummels another , narrative necessity is a drunken roundhouse , and whatever passes for logic is a factor of the last plot device left standing .",0.02685546875,0.02685546875,0,0,0,100,"Failed"
"the [[director]] [[knows]] how to [[apply]] textural [[gloss]] , but his [[portrait]] of sex-as-war is [[strictly]] sitcom .","the [[conductor]] [[jazz]] how to [[utilise]] textural [[glossary]] , but his [[portraiture]] of sex-as-war is [[rigorously]] sitcom .",0.00830078125,0.158203125,0,0,0,96,"Failed"
"-lrb- a -rrb- shapeless [[blob]] of [[desperate]] [[entertainment]] .","-lrb- a -rrb- shapeless [[spot]] of [[do-or-die]] [[amusement]] .",0.00341796875,0.08642578125,0,0,0,27,"Failed"
"[[dazzling]] in its complexity , disturbing for its extraordinary themes , the piano teacher is a film that defies categorisation .","[[glaring]] in its complexity , disturbing for its extraordinary themes , the piano teacher is a film that defies categorisation .",0.19677734375,0.845703125,1,0,1,88,"Successful"
"an exhilarating futuristic thriller-noir , minority report twists the best of technology around a gripping story , delivering a riveting , pulse intensifying escapist adventure of the first order","an exhilarating futuristic thriller-noir , minority report twists the best of technology around a gripping story , delivering a riveting , pulse intensifying escapist adventure of the first order",0.00146484375,0.00146484375,1,1,1,100,"Failed"
"this film seems thirsty for reflection , itself taking on adolescent qualities .","this film seems thirsty for reflection , itself taking on adolescent qualities .",0.12939453125,0.12939453125,0,0,0,100,"Failed"
"from the [[opening]] scenes , it 's clear that all about the benjamins is a totally formulaic movie .","from the [[possibility]] scenes , it 's clear that all about the benjamins is a totally formulaic movie .",0.00146484375,0.00634765625,0,0,0,100,"Failed"
"it has all the [[excitement]] of eating oatmeal .","it has all the [[excitation]] of eating oatmeal .",0.025390625,0.44921875,0,0,0,40,"Failed"
"the most hopelessly monotonous film of the year , noteworthy only for the gimmick of being filmed as a single unbroken 87-minute take .","the most hopelessly monotonous film of the year , noteworthy only for the gimmick of being filmed as a single unbroken 87-minute take .",0.0009765625,0.0009765625,0,0,0,100,"Failed"
"it all adds up to [[good]] fun .","it all adds up to [[undecomposed]] fun .",0.00634765625,0.56591796875,1,0,1,90,"Successful"
"`` the time machine '' is a movie that has no [[interest]] in itself .","`` the time machine '' is a movie that has no [[worry]] in itself .",0.00048828125,0.97021484375,0,1,0,37,"Successful"
"something akin to a japanese alice through the looking glass , except that it seems to take itself far more seriously .","something akin to a japanese alice through the looking glass , except that it seems to take itself far more seriously .",0.9931640625,0.9931640625,0,0,1,1,"Skipped"
"[[ultimately]] [[feels]] [[empty]] and [[unsatisfying]] , [[like]] [[swallowing]] a [[communion]] wafer without the [[wine]] .","[[finally]] [[find]] [[evacuate]] and [[dissatisfactory]] , [[ilk]] [[swallow]] a [[manduction]] wafer without the [[vino]] .",0.0,0.0224609375,0,0,0,99,"Failed"
"the moviegoing equivalent of going to a dinner party and being forced to watch the host and hostess 's home video of their baby 's birth .","the moviegoing equivalent of going to a dinner party and being forced to watch the host and hostess 's home video of their baby 's birth .",0.00146484375,0.00146484375,0,0,0,100,"Failed"
"a [[coarse]] and [[stupid]] gross-out .","a [[common]] and [[stunned]] gross-out .",0.0029296875,0.0283203125,0,0,0,32,"Failed"
"[[cool]] ?","[[sang-froid]] ?",0.04833984375,0.8916015625,1,0,1,16,"Successful"
"the film tunes into a grief that could lead a man across [[centuries]] .","the film tunes into a grief that could lead a man across [[hundred]] .",0.43798828125,0.93798828125,1,0,1,79,"Successful"
"a string of [[rehashed]] [[sight]] [[gags]] based in insipid vulgarity .","a string of [[retrograde]] [[mickle]] [[suffocate]] based in insipid vulgarity .",0.0009765625,0.005859375,0,0,0,100,"Failed"
"the weight of the [[piece]] , the unerring professionalism of the chilly production , and the fascination embedded in the lurid topic [[prove]] [[recommendation]] [[enough]] .","the weight of the [[man]] , the unerring professionalism of the chilly production , and the fascination embedded in the lurid topic [[test]] [[testimonial]] [[sufficiency]] .",0.0068359375,0.5771484375,1,0,1,100,"Successful"
"it [[appears]] that something has been [[lost]] in the [[translation]] to the [[screen]] .","it [[look]] that something has been [[baffled]] in the [[version]] to the [[sieve]] .",0.00390625,0.02392578125,0,0,0,80,"Failed"
"the second coming of harry potter is a film far [[superior]] to its predecessor .","the second coming of harry potter is a film far [[ranking]] to its predecessor .",0.02392578125,0.99169921875,1,0,1,96,"Successful"
"when leguizamo finally plugged an [[irritating]] character late in the movie .","when leguizamo finally plugged an [[pesky]] character late in the movie .",0.1708984375,0.77734375,0,1,0,94,"Successful"
"as ` chick flicks ' go , this one is pretty miserable , resorting to string-pulling rather than legitimate character development and intelligent plotting .","as ` chick flicks ' go , this one is pretty miserable , resorting to string-pulling rather than legitimate character development and intelligent plotting .",0.00048828125,0.00048828125,0,0,0,100,"Failed"
"despite the 2-d animation , the wild thornberrys movie makes for a surprisingly cinematic experience .","despite the 2-d animation , the wild thornberrys movie makes for a surprisingly cinematic experience .",0.01708984375,0.01708984375,1,1,1,100,"Failed"
"[[uses]] high comedy to evoke surprising poignance .","[[practice]] high comedy to evoke surprising poignance .",0.23095703125,0.8974609375,1,0,1,83,"Successful"
"the movie is what happens when you blow up small potatoes to 10 times their natural size , and it ai n't pretty .","the movie is what happens when you blow up small potatoes to 10 times their natural size , and it ai n't pretty .",0.00146484375,0.00146484375,0,0,0,100,"Failed"
"an [[infectious]] cultural fable with a tasty [[balance]] of [[family]] drama and frenetic comedy .","an [[infective]] cultural fable with a tasty [[rest]] of [[category]] drama and frenetic comedy .",0.0068359375,0.48828125,1,1,1,100,"Failed"
"like being trapped at a perpetual frat party ... how can something so [[gross]] be so [[boring]] ?","like being trapped at a perpetual frat party ... how can something so [[double-dyed]] be so [[tire]] ?",0.0029296875,0.00830078125,0,0,0,100,"Failed"
"feels too formulaic and too familiar to produce the transgressive thrills of early underground work .","feels too formulaic and too familiar to produce the transgressive thrills of early underground work .",0.0009765625,0.0009765625,0,0,0,100,"Failed"
"a celebration of quirkiness , eccentricity , and certain individuals ' tendency to let it all hang out , and [[damn]] the consequences .","a celebration of quirkiness , eccentricity , and certain individuals ' tendency to let it all hang out , and [[blamed]] the consequences .",0.1259765625,0.7607421875,1,0,1,100,"Successful"
"awesome creatures , breathtaking scenery , and epic battle [[scenes]] [[add]] up to another ` [[spectacular]] spectacle . '","awesome creatures , breathtaking scenery , and epic battle [[tantrum]] [[ADHD]] up to another ` [[salient]] spectacle . '",0.00341796875,0.21484375,1,1,1,100,"Failed"
"-lrb- a -rrb- n utterly charming and hilarious film that reminded me of the best of the disney comedies from the 60s .","-lrb- a -rrb- n utterly charming and hilarious film that reminded me of the best of the disney comedies from the 60s .",0.00927734375,0.00927734375,1,1,1,100,"Failed"
"neither parker nor donovan is a typical romantic lead , but they bring a fresh , quirky charm to the formula .","neither parker nor donovan is a typical romantic lead , but they bring a fresh , quirky charm to the formula .",0.0439453125,0.0439453125,1,1,1,100,"Failed"
"seldahl 's barbara is a precise and moving portrait of someone whose world is turned upside down , first by passion and then by illness .","seldahl 's barbara is a precise and moving portrait of someone whose world is turned upside down , first by passion and then by illness .",0.4921875,0.4921875,1,1,1,100,"Failed"
"[[filmmakers]] who can deftly [[change]] [[moods]] are [[treasures]] and [[even]] marvels .","[[filmmaker]] who can deftly [[exchange]] [[modality]] are [[value]] and [[tied]] marvels .",0.0029296875,0.51171875,1,0,1,88,"Successful"
"what 's surprising about full frontal is that despite its overt self-awareness , parts of the movie still manage to break past the artifice and thoroughly engage you .","what 's surprising about full frontal is that despite its overt self-awareness , parts of the movie still manage to break past the artifice and thoroughly engage you .",0.02685546875,0.02685546875,1,1,1,100,"Failed"
"it 's a scattershot affair , but when it [[hits]] its mark it 's brilliant .","it 's a scattershot affair , but when it [[off]] its mark it 's brilliant .",0.12744140625,0.740234375,1,0,1,100,"Successful"
"just as moving , uplifting and [[funny]] as ever .","just as moving , uplifting and [[suspect]] as ever .",0.00634765625,0.93798828125,1,0,1,60,"Successful"
"the wild thornberrys movie is a [[jolly]] surprise .","the wild thornberrys movie is a [[chaff]] surprise .",0.01123046875,0.93896484375,1,0,1,70,"Successful"
"exquisitely nuanced in mood tics and dialogue , this chamber drama is superbly [[acted]] by the deeply [[appealing]] veteran bouquet and the chilling but quite [[human]] berling .","exquisitely nuanced in mood tics and dialogue , this chamber drama is superbly [[behave]] by the deeply [[appeal]] veteran bouquet and the chilling but quite [[homo]] berling .",0.02294921875,0.30078125,1,1,1,100,"Failed"
"this movie is [[maddening]] .","this movie is [[craze]] .",0.00146484375,0.44921875,0,0,0,21,"Failed"
"not since freddy got fingered has a major release been so painful to sit through .","not since freddy got fingered has a major release been so painful to sit through .",0.00146484375,0.00146484375,0,0,0,100,"Failed"
"not only is undercover brother as funny , if not more so , than both austin powers films , but it 's also one of the smarter , savvier spoofs to come along in some time .","not only is undercover brother as funny , if not more so , than both austin powers films , but it 's also one of the smarter , savvier spoofs to come along in some time .",0.00830078125,0.00830078125,1,1,1,100,"Failed"
"another in-your-face wallow in the lower depths made by people who have never sung those blues .","another in-your-face wallow in the lower depths made by people who have never sung those blues .",0.00439453125,0.00439453125,0,0,0,100,"Failed"
"that dogged good will of the parents and ` vain ' jia 's defoliation of ego , make the film touching despite some doldrums .","that dogged good will of the parents and ` vain ' jia 's defoliation of ego , make the film touching despite some doldrums .",0.55859375,0.55859375,0,0,1,1,"Skipped"
"[[allows]] [[us]] to hope that nolan is [[poised]] to embark a major career as a commercial yet inventive filmmaker .","[[provide]] [[uranium]] to hope that nolan is [[equanimous]] to embark a major career as a commercial yet inventive filmmaker .",0.0205078125,0.689453125,1,0,1,88,"Successful"
"[[one]] of the most significant moviegoing [[pleasures]] of the [[year]] .","[[unmatched]] of the most significant moviegoing [[pleasance]] of the [[class]] .",0.00146484375,0.7744140625,1,0,1,54,"Successful"
"an occasionally [[funny]] , but [[overall]] [[limp]] , fish-out-of-water story .","an occasionally [[singular]] , but [[boilersuit]] [[hitch]] , fish-out-of-water story .",0.0009765625,0.29736328125,0,0,0,77,"Failed"
"what the film lacks in general focus it makes up for in compassion , as corcuera manages to find the seeds of hope in the form of collective action .","what the film lacks in general focus it makes up for in compassion , as corcuera manages to find the seeds of hope in the form of collective action .",0.01953125,0.01953125,1,1,1,100,"Failed"
"but it could have been worse .","but it could have been worse .",0.103515625,0.103515625,0,0,0,35,"Failed"
"a wildly [[inconsistent]] [[emotional]] [[experience]] .","a wildly [[discrepant]] [[excited]] [[have]] .",0.001953125,0.11767578125,0,0,0,25,"Failed"
"it 's as if you 're watching a movie that was made in 1978 but not released then because it was so weak , and it has been unearthed and released now , when it has become even weaker .","it 's as if you 're watching a movie that was made in 1978 but not released then because it was so weak , and it has been unearthed and released now , when it has become even weaker .",0.0029296875,0.0029296875,0,0,0,100,"Failed"
"we root for -lrb- clara and paul -rrb- , even like them , though perhaps it 's an emotion closer to pity .","we root for -lrb- clara and paul -rrb- , even like them , though perhaps it 's an emotion closer to pity .",0.888671875,0.888671875,0,0,1,1,"Skipped"
"if you dig on david mamet 's mind tricks ... [[rent]] this movie and enjoy !","if you dig on david mamet 's mind tricks ... [[lease]] this movie and enjoy !",0.00732421875,0.01806640625,1,1,1,100,"Failed"
"you wo n't [[like]] roger , but you will [[quickly]] [[recognize]] him .","you wo n't [[similar]] roger , but you will [[speedily]] [[acknowledge]] him .",0.06640625,0.41845703125,0,0,0,61,"Failed"
"delivers the same [[old]] same [[old]] , tarted up with latin flava and turned out by hollywood playas .","delivers the same [[one-time]] same [[honest-to-goodness]] , tarted up with latin flava and turned out by hollywood playas .",0.00732421875,0.14599609375,0,0,0,100,"Failed"
"for [[starters]] , the [[story]] is just too [[slim]] .","for [[dispatcher]] , the [[tale]] is just too [[svelte]] .",0.0029296875,0.1240234375,0,0,0,66,"Failed"
"the x potion gives the quickly named blossom , bubbles and buttercup supernatural powers that include extraordinary strength and laser-beam eyes , which unfortunately do n't enable them to discern flimsy screenplays .","the x potion gives the quickly named blossom , bubbles and buttercup supernatural powers that include extraordinary strength and laser-beam eyes , which unfortunately do n't enable them to discern flimsy screenplays .",0.04541015625,0.04541015625,0,0,0,100,"Failed"
"my wife is an actress is an utterly [[charming]] french comedy that feels so american in sensibility and style it 's virtually its own hollywood remake .","my wife is an actress is an utterly [[sorcerous]] french comedy that feels so american in sensibility and style it 's virtually its own hollywood remake .",0.1142578125,0.83544921875,1,0,1,100,"Successful"
"an overemphatic , would-be [[wacky]] , [[ultimately]] [[tedious]] [[sex]] [[farce]] .","an overemphatic , would-be [[bonkers]] , [[finally]] [[windy]] [[excite]] [[forcemeat]] .",0.001953125,0.0771484375,0,0,0,100,"Failed"
"\/ but daphne , you 're too buff \/ fred thinks he 's tough \/ and velma - wow , you 've lost weight !","\/ but daphne , you 're too buff \/ fred thinks he 's tough \/ and velma - wow , you 've lost weight !",0.72802734375,0.72802734375,1,1,0,1,"Skipped"
"feels haphazard , as if the writers mistakenly thought they could achieve an air of frantic spontaneity by simply tossing in lots of characters doing silly stuff and stirring the pot .","feels haphazard , as if the writers mistakenly thought they could achieve an air of frantic spontaneity by simply tossing in lots of characters doing silly stuff and stirring the pot .",0.001953125,0.001953125,0,0,0,100,"Failed"
"the piquant story [[needs]] more dramatic meat on its bones .","the piquant story [[inevitably]] more dramatic meat on its bones .",0.09033203125,0.80078125,0,1,0,87,"Successful"
"a difficult , absorbing film that manages to convey more substance despite its repetitions and inconsistencies than do most films than are far more pointed and clear .","a difficult , absorbing film that manages to convey more substance despite its repetitions and inconsistencies than do most films than are far more pointed and clear .",0.23388671875,0.23388671875,1,1,1,100,"Failed"
"an unwise amalgam of [[broadcast]] news and [[vibes]] .","an unwise amalgam of [[send]] news and [[vibraphone]] .",0.001953125,0.01708984375,0,0,0,54,"Failed"
"a [[bloated]] gasbag thesis [[grotesquely]] [[impressed]] by its own gargantuan [[aura]] of [[self-importance]] ...","a [[bloat]] gasbag thesis [[monstrously]] [[strike]] by its own gargantuan [[glory]] of [[ego]] ...",0.001953125,0.05517578125,0,0,0,63,"Failed"
"not the kind of film that will appeal to a mainstream american audience , but there is a certain charm about the film that makes it a suitable entry into the fest circuit .","not the kind of film that will appeal to a mainstream american audience , but there is a certain charm about the film that makes it a suitable entry into the fest circuit .",0.2421875,0.2421875,1,1,1,100,"Failed"
"a full world has been presented onscreen , not some series of carefully structured plot points building to a pat resolution .","a full world has been presented onscreen , not some series of carefully structured plot points building to a pat resolution .",0.99462890625,0.99462890625,0,0,1,1,"Skipped"
"[[fancy]] a [[real]] [[downer]] ?","[[see]] a [[actual]] [[sedative]] ?",0.005859375,0.1689453125,0,0,0,56,"Failed"
"a painfully funny ode to bad behavior .","a painfully funny ode to bad behavior .",0.96533203125,0.96533203125,0,0,1,1,"Skipped"
"featuring a dangerously seductive performance from the great daniel auteuil , `` sade '' covers the same period as kaufmann 's `` quills '' with more unsettlingly realistic results .","featuring a dangerously seductive performance from the great daniel auteuil , `` sade '' covers the same period as kaufmann 's `` quills '' with more unsettlingly realistic results .",0.103515625,0.103515625,1,1,1,100,"Failed"
"given how heavy-handed and portent-heavy it is , this could be the worst thing soderbergh has ever done .","given how heavy-handed and portent-heavy it is , this could be the worst thing soderbergh has ever done .",0.0009765625,0.0009765625,0,0,0,100,"Failed"
"has all the [[depth]] of a [[wading]] [[pool]] .","has all the [[deepness]] of a [[compact]] [[kitty]] .",0.0048828125,0.0244140625,0,0,0,40,"Failed"
"the fly-on-the-wall method used to document rural french school life is a refreshing departure from the now more prevalent technique of the docu-makers being a visible part of their work .","the fly-on-the-wall method used to document rural french school life is a refreshing departure from the now more prevalent technique of the docu-makers being a visible part of their work .",0.111328125,0.111328125,1,1,1,100,"Failed"
"it 's just [[filler]] .","it 's just [[makeweight]] .",0.0068359375,0.03271484375,0,0,0,4,"Failed"
"a [[deep]] and meaningful film .","a [[abstruse]] and meaningful film .",0.01708984375,0.94873046875,1,0,1,38,"Successful"
"sit through this one , and you wo n't need a magic watch to stop time ; your dvd player will do it for you .","sit through this one , and you wo n't need a magic watch to stop time ; your dvd player will do it for you .",0.341796875,0.341796875,0,0,0,100,"Failed"
"holden caulfield did it [[better]] .","holden caulfield did it [[well]] .",0.22021484375,0.9833984375,0,1,0,94,"Successful"
"the action switches between past and present , but the material link is too tenuous to anchor the emotional connections that purport to span a 125-year divide .","the action switches between past and present , but the material link is too tenuous to anchor the emotional connections that purport to span a 125-year divide .",0.00830078125,0.00830078125,0,0,0,100,"Failed"
"samira makhmalbaf 's new film blackboards is much like the ethos of a stream of consciousness , although , it 's unfortunate for the viewer that the thoughts and reflections coming through are torpid and banal","samira makhmalbaf 's new film blackboards is much like the ethos of a stream of consciousness , although , it 's unfortunate for the viewer that the thoughts and reflections coming through are torpid and banal",0.0009765625,0.0009765625,0,0,0,100,"Failed"
"well-nigh unendurable ... though the picture strains to become cinematic poetry , it remains depressingly prosaic and dull .","well-nigh unendurable ... though the picture strains to become cinematic poetry , it remains depressingly prosaic and dull .",0.00244140625,0.00244140625,0,0,0,100,"Failed"
"there is no [[pleasure]] in [[watching]] a [[child]] [[suffer]] .","there is no [[joy]] in [[determine]] a [[youngster]] [[meet]] .",0.00048828125,0.01953125,0,0,0,89,"Failed"
"[[suffers]] from the [[lack]] of a compelling or comprehensible [[narrative]] .","[[support]] from the [[want]] of a compelling or comprehensible [[tale]] .",0.0009765625,0.09521484375,0,0,0,60,"Failed"
"-lrb- t -rrb- here 's only so much anyone can do with a florid , overplotted , anne rice rock 'n' roll vampire novel before the built-in silliness of the whole affair defeats them .","-lrb- t -rrb- here 's only so much anyone can do with a florid , overplotted , anne rice rock 'n' roll vampire novel before the built-in silliness of the whole affair defeats them .",0.9736328125,0.9736328125,1,1,0,1,"Skipped"
"if the movie succeeds in instilling a wary sense of ` there but for the grace of god , ' it is far too self-conscious to draw you deeply into its world .","if the movie succeeds in instilling a wary sense of ` there but for the grace of god , ' it is far too self-conscious to draw you deeply into its world .",0.009765625,0.009765625,0,0,0,100,"Failed"
"for movie lovers as well as opera lovers , tosca is a real [[treat]] .","for movie lovers as well as opera lovers , tosca is a real [[kickshaw]] .",0.0126953125,0.607421875,1,0,1,65,"Successful"
"the inspirational screenplay by mike rich covers a lot of ground , perhaps too much , but ties things together , neatly , by the end .","the inspirational screenplay by mike rich covers a lot of ground , perhaps too much , but ties things together , neatly , by the end .",0.0244140625,0.0244140625,1,1,1,100,"Failed"
"the film 's performances are [[thrilling]] .","the film 's performances are [[shudder]] .",0.00048828125,0.9912109375,1,0,1,38,"Successful"
"a fitfully amusing romp that , if nothing else , will appeal to fans of malcolm in the middle and its pubescent star , frankie muniz .","a fitfully amusing romp that , if nothing else , will appeal to fans of malcolm in the middle and its pubescent star , frankie muniz .",0.15185546875,0.15185546875,1,1,1,100,"Failed"
"in all , this is a watchable movie that 's not [[quite]] the memorable [[experience]] it might have been .","in all , this is a watchable movie that 's not [[rather]] the memorable [[know]] it might have been .",0.00439453125,0.01904296875,0,0,0,35,"Failed"
"affleck and jackson are [[good]] sparring partners .","affleck and jackson are [[undecomposed]] sparring partners .",0.00439453125,0.90185546875,1,0,1,80,"Successful"
"it inspires a continuing and deeply satisfying awareness of the best movies as monumental ` picture shows . '","it inspires a continuing and deeply satisfying awareness of the best movies as monumental ` picture shows . '",0.0419921875,0.0419921875,1,1,1,100,"Failed"
"... with `` the bourne identity '' we [[return]] to the more traditional action genre .","... with `` the bourne identity '' we [[regress]] to the more traditional action genre .",0.34521484375,0.9873046875,1,0,1,87,"Successful"
"what the director ca n't do is [[make]] either of val kilmer 's two personas interesting or worth caring about .","what the director ca n't do is [[ca-ca]] either of val kilmer 's two personas interesting or worth caring about .",0.00048828125,0.0029296875,0,0,0,100,"Failed"
"holm ... [[embodies]] the [[character]] with an effortlessly [[regal]] charisma .","holm ... [[substantiate]] the [[lineament]] with an effortlessly [[imperial]] charisma .",0.00439453125,0.39599609375,1,1,1,49,"Failed"
"-lrb- næs -rrb- directed the stage version of elling , and gets fine performances from his two leads who originated the characters on stage .","-lrb- næs -rrb- directed the stage version of elling , and gets fine performances from his two leads who originated the characters on stage .",0.037109375,0.037109375,1,1,1,100,"Failed"
"my big fat greek wedding uses stereotypes in a delightful blend of sweet romance and lovingly dished out humor .","my big fat greek wedding uses stereotypes in a delightful blend of sweet romance and lovingly dished out humor .",0.00439453125,0.00439453125,1,1,1,100,"Failed"
"if director michael dowse only superficially understands his characters , he does n't hold them in contempt .","if director michael dowse only superficially understands his characters , he does n't hold them in contempt .",0.08740234375,0.08740234375,0,0,0,100,"Failed"
"whaley 's determination to [[immerse]] you in sheer , [[unrelenting]] wretchedness is [[exhausting]] .","whaley 's determination to [[bury]] you in sheer , [[brutal]] wretchedness is [[consume]] .",0.00390625,0.04248046875,0,0,0,100,"Failed"
"at its best , queen is campy [[fun]] like the vincent price [[horror]] classics of the '60s .","at its best , queen is campy [[play]] like the vincent price [[revulsion]] classics of the '60s .",0.009765625,0.94091796875,1,0,1,99,"Successful"
"moretti 's compelling anatomy of grief and the difficult process of adapting to loss .","moretti 's compelling anatomy of grief and the difficult process of adapting to loss .",0.60009765625,0.60009765625,1,1,0,1,"Skipped"
"a tv style murder mystery with a few big screen moments -lrb- including one that seems to be made for a different film altogether -rrb- .","a tv style murder mystery with a few big screen moments -lrb- including one that seems to be made for a different film altogether -rrb- .",0.0380859375,0.0380859375,0,0,0,100,"Failed"
"the [[end]] [[result]] is a [[film]] that 's neither .","the [[terminate]] [[leave]] is a [[shoot]] that 's neither .",0.00439453125,0.02734375,0,0,0,83,"Failed"
"scorsese does n't give us a character worth giving a damn about .","scorsese does n't give us a character worth giving a damn about .",0.00048828125,0.00048828125,0,0,0,100,"Failed"
"an [[artful]] , intelligent film that [[stays]] within the confines of a well-established genre .","an [[disingenuous]] , intelligent film that [[delay]] within the confines of a well-established genre .",0.00634765625,0.859375,1,0,1,80,"Successful"
"[[makes]] for a pretty unpleasant viewing experience .","[[ca-ca]] for a pretty unpleasant viewing experience .",0.00048828125,0.00244140625,0,0,0,100,"Failed"
"travels a fascinating arc from hope and euphoria to reality and disillusionment .","travels a fascinating arc from hope and euphoria to reality and disillusionment .",0.9033203125,0.9033203125,0,0,1,1,"Skipped"
"altogether , this is successful as a [[film]] , while at the same time being a most [[touching]] reconsideration of the familiar masterpiece .","altogether , this is successful as a [[take]] , while at the same time being a most [[disturb]] reconsideration of the familiar masterpiece .",0.0146484375,0.7373046875,1,0,1,94,"Successful"
"... an otherwise intense , twist-and-turn thriller that certainly should n't [[hurt]] talented young gaghan 's resume .","... an otherwise intense , twist-and-turn thriller that certainly should n't [[smart]] talented young gaghan 's resume .",0.07568359375,0.74609375,1,0,1,75,"Successful"
"the [[story]] and [[structure]] are well-honed .","the [[tarradiddle]] and [[construction]] are well-honed .",0.00244140625,0.0654296875,1,1,1,32,"Failed"
"has a lot of the virtues of eastwood at his [[best]] .","has a lot of the virtues of eastwood at his [[dear]] .",0.01171875,0.36669921875,1,1,1,100,"Failed"
"do n't be fooled by the impressive cast list - eye see you is pure junk .","do n't be fooled by the impressive cast list - eye see you is pure junk .",0.0009765625,0.0009765625,0,0,0,100,"Failed"
"do not [[see]] this [[film]] .","do not [[catch]] this [[take]] .",0.00048828125,0.00830078125,0,0,0,99,"Failed"
"a [[fast]] , funny , highly enjoyable movie .","a [[degraded]] , funny , highly enjoyable movie .",0.00146484375,0.77734375,1,0,1,62,"Successful"
"this tenth feature is a big deal , indeed -- at least the third-best , and maybe even a notch above the previous runner-up , nicholas meyer 's star trek vi : the undiscovered country .","this tenth feature is a big deal , indeed -- at least the third-best , and maybe even a notch above the previous runner-up , nicholas meyer 's star trek vi : the undiscovered country .",0.02001953125,0.02001953125,1,1,1,100,"Failed"
"a rewarding work of art for only the most patient and challenge-hungry moviegoers .","a rewarding work of art for only the most patient and challenge-hungry moviegoers .",0.93994140625,0.93994140625,0,0,1,1,"Skipped"
"[[due]] to some script weaknesses and the casting of the director 's brother , the [[film]] trails off into inconsequentiality .","[[imputable]] to some script weaknesses and the casting of the director 's brother , the [[take]] trails off into inconsequentiality .",0.00146484375,0.005859375,0,0,0,100,"Failed"
"a by-the-numbers [[effort]] that wo n't do [[much]] to [[enhance]] the [[franchise]] .","a by-the-numbers [[feat]] that wo n't do [[often]] to [[heighten]] the [[enfranchisement]] .",0.00048828125,0.06005859375,0,0,0,50,"Failed"
"enormously [[entertaining]] for moviegoers of any [[age]] .","enormously [[hold]] for moviegoers of any [[maturate]] .",0.00146484375,0.6826171875,1,0,1,31,"Successful"
"thanks to scott 's charismatic roger and eisenberg 's sweet nephew , roger dodger is one of the most compelling variations on in the [[company]] of men .","thanks to scott 's charismatic roger and eisenberg 's sweet nephew , roger dodger is one of the most compelling variations on in the [[caller]] of men .",0.0380859375,0.14599609375,1,1,1,100,"Failed"
"richard gere and diane lane put in [[fine]] performances as does french actor oliver martinez .","richard gere and diane lane put in [[amercement]] performances as does french actor oliver martinez .",0.0263671875,0.9296875,1,0,1,60,"Successful"
"immersing us in the endlessly inventive , fiercely competitive world of hip-hop djs , the project is sensational and revelatory , even if scratching makes you itch .","immersing us in the endlessly inventive , fiercely competitive world of hip-hop djs , the project is sensational and revelatory , even if scratching makes you itch .",0.029296875,0.029296875,1,1,1,100,"Failed"
"a pleasant enough romance with intellectual underpinnings , the kind of movie that entertains even as it turns maddeningly predictable .","a pleasant enough romance with intellectual underpinnings , the kind of movie that entertains even as it turns maddeningly predictable .",0.8720703125,0.8720703125,0,0,1,1,"Skipped"
"an important movie , a reminder of the power of film to move us and to make us examine our values .","an important movie , a reminder of the power of film to move us and to make us examine our values .",0.0068359375,0.0068359375,1,1,1,100,"Failed"
"griffiths [[proves]] she 's that rare luminary who continually [[raises]] the standard of her [[profession]] .","griffiths [[leaven]] she 's that rare luminary who continually [[elicit]] the standard of her [[professing]] .",0.00390625,0.56982421875,1,0,1,100,"Successful"
"an entertaining , colorful , action-filled crime story with an intimate [[heart]] .","an entertaining , colorful , action-filled crime story with an intimate [[bosom]] .",0.00537109375,0.388671875,1,1,1,100,"Failed"
"and that 's a big part of why we go to the movies .","and that 's a big part of why we go to the movies .",0.177734375,0.177734375,1,1,1,100,"Failed"
"the movie achieves as great an impact by keeping these thoughts hidden as ... -lrb- quills -rrb- did by showing them .","the movie achieves as great an impact by keeping these thoughts hidden as ... -lrb- quills -rrb- did by showing them .",0.91357421875,0.91357421875,0,0,1,1,"Skipped"
"the film 's welcome breeziness and some unbelievably hilarious moments -- most portraying the idiocy of the film industry -- make it mostly worth the trip .","the film 's welcome breeziness and some unbelievably hilarious moments -- most portraying the idiocy of the film industry -- make it mostly worth the trip .",0.009765625,0.009765625,1,1,1,100,"Failed"
"it takes a strange kind of laziness to waste the talents of robert forster , anne meara , eugene levy , and reginald veljohnson all in the same movie .","it takes a strange kind of laziness to waste the talents of robert forster , anne meara , eugene levy , and reginald veljohnson all in the same movie .",0.00927734375,0.00927734375,0,0,0,100,"Failed"
"a rarity among recent iranian films : it 's a comedy full of gentle humor that chides the absurdity of its protagonist 's plight .","a rarity among recent iranian films : it 's a comedy full of gentle humor that chides the absurdity of its protagonist 's plight .",0.046875,0.046875,1,1,1,100,"Failed"
"while there 's something intrinsically funny about sir anthony hopkins saying ` get in the car , bitch , ' this jerry bruckheimer production has little else to offer","while there 's something intrinsically funny about sir anthony hopkins saying ` get in the car , bitch , ' this jerry bruckheimer production has little else to offer",0.99755859375,0.99755859375,0,0,1,1,"Skipped"
"if your taste runs to ` difficult ' films you absolutely ca n't miss it .","if your taste runs to ` difficult ' films you absolutely ca n't miss it .",0.099609375,0.099609375,1,1,1,100,"Failed"
"the film 's [[tone]] and [[pacing]] are off [[almost]] from the [[get-go]] .","the film 's [[strengthen]] and [[step]] are off [[well-nigh]] from the [[first]] .",0.00048828125,0.54296875,0,1,0,94,"Successful"
"the cold turkey would 've been a far [[better]] title .","the cold turkey would 've been a far [[advantageously]] title .",0.01025390625,0.046875,0,0,0,100,"Failed"
"it does nothing new with the old story , except to show fisticuffs in this sort of stop-go slow motion that makes the gang rumbles look like they 're being streamed over a 28k modem .","it does nothing new with the old story , except to show fisticuffs in this sort of stop-go slow motion that makes the gang rumbles look like they 're being streamed over a 28k modem .",0.00341796875,0.00341796875,0,0,0,100,"Failed"
"two hours fly by -- opera 's a pleasure when you do n't have to endure intermissions -- and even a novice to the form comes away exhilarated .","two hours fly by -- opera 's a pleasure when you do n't have to endure intermissions -- and even a novice to the form comes away exhilarated .",0.04736328125,0.04736328125,1,1,1,100,"Failed"
"hit and miss as far as the comedy goes and a big ole ' miss in the way of story .","hit and miss as far as the comedy goes and a big ole ' miss in the way of story .",0.00048828125,0.00048828125,0,0,0,100,"Failed"
"mcconaughey 's [[fun]] to watch , the dragons are okay , not much fire in the script .","mcconaughey 's [[play]] to watch , the dragons are okay , not much fire in the script .",0.15625,0.91357421875,1,0,1,83,"Successful"
"a gorgeous , high-spirited [[musical]] from india that exquisitely [[blends]] music , [[dance]] , [[song]] , and [[high]] drama .","a gorgeous , high-spirited [[melodic]] from india that exquisitely [[conflate]] music , [[saltation]] , [[birdcall]] , and [[highschool]] drama .",0.00244140625,0.54296875,1,0,1,98,"Successful"
"looks and feels like a project better suited for the small screen .","looks and feels like a project better suited for the small screen .",0.001953125,0.001953125,0,0,0,100,"Failed"
"inside the film 's conflict-powered plot there is a decent moral trying to get out , but it 's not that , it 's the tension that keeps you in your seat .","inside the film 's conflict-powered plot there is a decent moral trying to get out , but it 's not that , it 's the tension that keeps you in your seat .",0.22021484375,0.22021484375,1,1,1,100,"Failed"
"its story may be a thousand years old , but why did it have to seem like it took another thousand to tell it to us ?","its story may be a thousand years old , but why did it have to seem like it took another thousand to tell it to us ?",0.00732421875,0.00732421875,0,0,0,100,"Failed"
"the best film about baseball to hit theaters since field of dreams .","the best film about baseball to hit theaters since field of dreams .",0.00634765625,0.00634765625,1,1,1,100,"Failed"
"the vitality of the actors keeps the intensity of the film [[high]] , even as the strafings blend together .","the vitality of the actors keeps the intensity of the film [[gamy]] , even as the strafings blend together .",0.27197265625,0.82421875,1,0,1,100,"Successful"
"the film may appear naked in its narrative form ... but it goes deeper than that , to fundamental choices that include the complexity of the catholic doctrine","the film may appear naked in its narrative form ... but it goes deeper than that , to fundamental choices that include the complexity of the catholic doctrine",0.56982421875,0.56982421875,0,0,1,1,"Skipped"
"there are simply too many ideas floating around -- part farce , part sliding doors , part pop video -- and yet failing to exploit them .","there are simply too many ideas floating around -- part farce , part sliding doors , part pop video -- and yet failing to exploit them .",0.0029296875,0.0029296875,0,0,0,100,"Failed"
"overall very [[good]] for what it 's trying to do .","overall very [[undecomposed]] for what it 's trying to do .",0.00244140625,0.9990234375,1,0,1,90,"Successful"
"it haunts , horrifies , startles and fascinates ; it is impossible to look away .","it haunts , horrifies , startles and fascinates ; it is impossible to look away .",0.83349609375,0.83349609375,0,0,1,1,"Skipped"
"[[sacrifices]] the [[value]] of its [[wealth]] of archival foot-age with its less-than-objective [[stance]] .","[[give]] the [[appreciate]] of its [[riches]] of archival foot-age with its less-than-objective [[position]] .",0.00390625,0.01953125,0,0,0,48,"Failed"
"it showcases carvey 's talent for voices , but not nearly enough and not without taxing every drop of one 's patience to get to the good stuff .","it showcases carvey 's talent for voices , but not nearly enough and not without taxing every drop of one 's patience to get to the good stuff .",0.01123046875,0.01123046875,0,0,0,100,"Failed"
"escaping the studio , piccoli is warmly [[affecting]] and so is this adroitly minimalist [[movie]] .","escaping the studio , piccoli is warmly [[dissemble]] and so is this adroitly minimalist [[pic]] .",0.025390625,0.8310546875,1,0,1,56,"Successful"
"the most compelling wiseman epic of recent [[years]] .","the most compelling wiseman epic of recent [[geezerhood]] .",0.03955078125,0.87060546875,1,0,1,32,"Successful"
"sam mendes has become valedictorian at the school for soft landings and [[easy]] ways out .","sam mendes has become valedictorian at the school for soft landings and [[prosperous]] ways out .",0.02392578125,0.85791015625,0,1,0,100,"Successful"
"entertains by providing good , [[lively]] [[company]] .","entertains by providing good , [[rattling]] [[society]] .",0.00244140625,0.51953125,1,0,1,95,"Successful"
"just [[embarrassment]] and a [[vague]] sense of [[shame]] .","just [[plethora]] and a [[faint]] sense of [[pity]] .",0.0009765625,0.01953125,0,0,0,49,"Failed"
"it 's a much more emotional journey than what shyamalan has given us in his past two movies , and gibson , stepping in for bruce willis , is the perfect actor to take us on the trip .","it 's a much more emotional journey than what shyamalan has given us in his past two movies , and gibson , stepping in for bruce willis , is the perfect actor to take us on the trip .",0.0087890625,0.0087890625,1,1,1,100,"Failed"
"it 's of the [[quality]] of a lesser harrison ford movie - six days , seven nights , [[maybe]] , or that dreadful sabrina remake .","it 's of the [[select]] of a lesser harrison ford movie - six days , seven nights , [[possibly]] , or that dreadful sabrina remake .",0.01416015625,0.45703125,0,0,0,100,"Failed"
"there is n't [[nearly]] [[enough]] [[fun]] here , despite the [[presence]] of some [[appealing]] ingredients .","there is n't [[well-nigh]] [[plenty]] [[sport]] here , despite the [[comportment]] of some [[likeable]] ingredients .",0.00146484375,0.2568359375,0,0,0,81,"Failed"
"it takes talent to make a lifeless movie about the most heinous man who ever lived .","it takes talent to make a lifeless movie about the most heinous man who ever lived .",0.00439453125,0.00439453125,0,0,0,100,"Failed"
"impostor has a handful of thrilling moments and a couple of good performances , but the movie does n't quite fly .","impostor has a handful of thrilling moments and a couple of good performances , but the movie does n't quite fly .",0.01025390625,0.01025390625,0,0,0,100,"Failed"
"preaches to two completely different choirs at the same time , which is a pretty [[amazing]] accomplishment .","preaches to two completely different choirs at the same time , which is a pretty [[awful]] accomplishment .",0.01025390625,0.9951171875,1,0,1,91,"Successful"
"there are plot [[holes]] big enough for shamu the killer whale to swim through .","there are plot [[gob]] big enough for shamu the killer whale to swim through .",0.0283203125,0.47265625,0,0,0,100,"Failed"
"it takes a certain kind of horror movie to qualify as ` worse than expected , ' but ghost ship somehow manages to do exactly that .","it takes a certain kind of horror movie to qualify as ` worse than expected , ' but ghost ship somehow manages to do exactly that .",0.0029296875,0.0029296875,0,0,0,100,"Failed"
"[[manages]] to transcend the sex , drugs and show-tunes plot into something [[far]] richer .","[[grapple]] to transcend the sex , drugs and show-tunes plot into something [[Interahamwe]] richer .",0.0068359375,0.8916015625,1,0,1,73,"Successful"
"a [[smart]] , witty follow-up .","a [[hurt]] , witty follow-up .",0.009765625,0.87890625,1,0,1,35,"Successful"
"it 's not the ultimate depression-era [[gangster]] [[movie]] .","it 's not the ultimate depression-era [[mobster]] [[picture]] .",0.00634765625,0.01220703125,0,0,0,15,"Failed"
"for all its impressive craftsmanship , and despite an overbearing series of third-act crescendos , lily chou-chou never [[really]] builds up a head of emotional steam .","for all its impressive craftsmanship , and despite an overbearing series of third-act crescendos , lily chou-chou never [[rattling]] builds up a head of emotional steam .",0.015625,0.40380859375,0,0,0,100,"Failed"
"anchored by friel and williams 's exceptional [[performances]] , the film 's [[power]] [[lies]] in its complexity .","anchored by friel and williams 's exceptional [[functioning]] , the film 's [[baron]] [[lie]] in its complexity .",0.02099609375,0.60400390625,1,0,1,77,"Successful"
"without non-stop techno or the existential overtones of a [[kieslowski]] morality [[tale]] , maelström is just another [[winter]] [[sleepers]] .","without non-stop techno or the existential overtones of a [[Kieslowski]] morality [[tarradiddle]] , maelström is just another [[wintertime]] [[sleeper]] .",0.03515625,0.134765625,0,0,0,51,"Failed"
"the film tries too hard to be funny and tries too hard to be hip .","the film tries too hard to be funny and tries too hard to be hip .",0.00048828125,0.00048828125,0,0,0,100,"Failed"
"it just [[may]] [[inspire]] a few younger moviegoers to read stevenson 's [[book]] , which is a treasure in and of itself .","it just [[whitethorn]] [[barrack]] a few younger moviegoers to read stevenson 's [[hold]] , which is a treasure in and of itself .",0.00537109375,0.09423828125,1,1,1,100,"Failed"
"turns potentially forgettable formula into something strangely [[diverting]] .","turns potentially forgettable formula into something strangely [[disport]] .",0.0498046875,0.98486328125,1,0,1,59,"Successful"
"it 's also , clearly , [[great]] fun .","it 's also , clearly , [[gravid]] fun .",0.0771484375,0.611328125,1,0,1,60,"Successful"
"oscar wilde 's masterpiece , the importance of being earnest , may be the best play of the 19th century .","oscar wilde 's masterpiece , the importance of being earnest , may be the best play of the 19th century .",0.00634765625,0.00634765625,1,1,1,100,"Failed"
"it 's [[like]] watching a [[nightmare]] made flesh .","it 's [[corresponding]] watching a [[incubus]] made flesh .",0.001953125,0.09130859375,0,0,0,100,"Failed"
"[[forced]] , familiar and [[thoroughly]] [[condescending]] .","[[hale]] , familiar and [[good]] [[descend]] .",0.00341796875,0.7607421875,0,1,0,67,"Successful"
"it 's hard to like a film about a guy who is utterly unlikeable , and shiner , starring michael caine as an aging british boxing promoter desperate for a taste of fame and fortune , is certainly that .","it 's hard to like a film about a guy who is utterly unlikeable , and shiner , starring michael caine as an aging british boxing promoter desperate for a taste of fame and fortune , is certainly that .",0.00927734375,0.00927734375,0,0,0,100,"Failed"
"the mesmerizing performances of the leads keep the film grounded and keep the audience riveted .","the mesmerizing performances of the leads keep the film grounded and keep the audience riveted .",0.00341796875,0.00341796875,1,1,1,100,"Failed"
"belongs to daniel day-lewis as much as it belongs to martin scorsese ; it 's a memorable performance in a big , brassy , disturbing , unusual and highly successful film .","belongs to daniel day-lewis as much as it belongs to martin scorsese ; it 's a memorable performance in a big , brassy , disturbing , unusual and highly successful film .",0.083984375,0.083984375,1,1,1,100,"Failed"
"if the first men in black was money , the second is small change .","if the first men in black was money , the second is small change .",0.06640625,0.06640625,0,0,0,100,"Failed"
"for the most [[part]] stevens glides through on some [[solid]] performances and witty [[dialogue]] .","for the most [[disunite]] stevens glides through on some [[self-colored]] performances and witty [[negotiation]] .",0.00390625,0.69921875,1,0,1,100,"Successful"
"it 's another video movie photographed like a film , with the [[bad]] lighting that 's often written off as indie film naturalism .","it 's another video movie photographed like a film , with the [[big]] lighting that 's often written off as indie film naturalism .",0.01416015625,0.45703125,0,0,0,100,"Failed"
"it 's somewhat clumsy and too lethargically paced -- but its story about a mysterious creature with psychic abilities offers a solid build-up , a terrific climax , and some nice chills along the way .","it 's somewhat clumsy and too lethargically paced -- but its story about a mysterious creature with psychic abilities offers a solid build-up , a terrific climax , and some nice chills along the way .",0.97900390625,0.97900390625,1,1,0,1,"Skipped"
"looking aristocratic , luminous yet careworn in jane hamilton 's exemplary costumes , rampling gives a performance that could not be improved upon . '","looking aristocratic , luminous yet careworn in jane hamilton 's exemplary costumes , rampling gives a performance that could not be improved upon . '",0.021484375,0.021484375,1,1,1,100,"Failed"
"thekids will probably stay amused at the kaleidoscope of [[big]] , colorful characters .","thekids will probably stay amused at the kaleidoscope of [[bad]] , colorful characters .",0.0224609375,0.97119140625,1,0,1,100,"Successful"
"i do n't [[mind]] having my heartstrings [[pulled]] , but do n't [[treat]] me like a fool .","i do n't [[beware]] having my heartstrings [[deplumate]] , but do n't [[kickshaw]] me like a fool .",0.0185546875,0.06005859375,0,0,0,100,"Failed"
"an exquisitely crafted and [[acted]] tale .","an exquisitely crafted and [[dissemble]] tale .",0.00048828125,0.7216796875,1,0,1,37,"Successful"
"not since tom cruise in risky business has an actor made such a strong impression in his underwear .","not since tom cruise in risky business has an actor made such a strong impression in his underwear .",0.4150390625,0.4150390625,1,1,1,100,"Failed"
"or doing [[last]] year 's [[taxes]] with your ex-wife .","or doing [[survive]] year 's [[taxis]] with your ex-wife .",0.029296875,0.14013671875,0,0,0,63,"Failed"
"scooby dooby doo \/ and shaggy too \/ you both look and sound [[great]] .","scooby dooby doo \/ and shaggy too \/ you both look and sound [[heavy]] .",0.02587890625,0.9560546875,1,0,1,100,"Successful"
"may be far from the best of the series , but it 's assured , wonderfully respectful of its past and thrilling enough to make it abundantly clear that this movie phenomenon has once again reinvented itself for a new generation .","may be far from the best of the series , but it 's assured , wonderfully respectful of its past and thrilling enough to make it abundantly clear that this movie phenomenon has once again reinvented itself for a new generation .",0.00341796875,0.00341796875,1,1,1,100,"Failed"
"one of those energetic surprises , an original that pleases almost everyone who [[sees]] it .","one of those energetic surprises , an original that pleases almost everyone who [[construe]] it .",0.0029296875,0.03125,1,1,1,100,"Failed"
"does n't offer much besides glib soullessness , raunchy language and a series of brutal set pieces ... that raise the bar on stylized screen violence .","does n't offer much besides glib soullessness , raunchy language and a series of brutal set pieces ... that raise the bar on stylized screen violence .",0.0517578125,0.0517578125,0,0,0,100,"Failed"
"movie fans , get ready to take off ... the other direction .","movie fans , get ready to take off ... the other direction .",0.017578125,0.017578125,0,0,0,100,"Failed"
"not only unfunny , but [[downright]] [[repellent]] .","not only unfunny , but [[right-down]] [[wicked]] .",0.00048828125,0.00537109375,0,0,0,42,"Failed"
"for the most part , it 's a work of incendiary genius , steering clear of knee-jerk reactions and quick solutions .","for the most part , it 's a work of incendiary genius , steering clear of knee-jerk reactions and quick solutions .",0.0146484375,0.0146484375,1,1,1,100,"Failed"
"seldom has a movie so closely [[matched]] the spirit of a man and his work .","seldom has a movie so closely [[check]] the spirit of a man and his work .",0.01171875,0.19677734375,1,1,1,100,"Failed"
"you 'll gasp appalled and laugh outraged and possibly , watching the spectacle of a promising young lad treading desperately in a nasty sea , shed an errant tear .","you 'll gasp appalled and laugh outraged and possibly , watching the spectacle of a promising young lad treading desperately in a nasty sea , shed an errant tear .",0.85791015625,0.85791015625,0,0,1,1,"Skipped"
"comes off like a rejected abc afterschool special , freshened up by the [[dunce]] of a screenwriting 101 class .","comes off like a rejected abc afterschool special , freshened up by the [[hammerhead]] of a screenwriting 101 class .",0.0029296875,0.01318359375,0,0,0,100,"Failed"
"this flick is about as cool and crowd-pleasing as a documentary can [[get]] .","this flick is about as cool and crowd-pleasing as a documentary can [[baffle]] .",0.00927734375,0.978515625,1,0,1,100,"Successful"
"ramsay , as in ratcatcher , remains a filmmaker with an acid viewpoint and a real gift for teasing chilly poetry out of lives and settings that might otherwise seem drab and sordid .","ramsay , as in ratcatcher , remains a filmmaker with an acid viewpoint and a real gift for teasing chilly poetry out of lives and settings that might otherwise seem drab and sordid .",0.009765625,0.009765625,1,1,1,100,"Failed"
"if there 's one thing this world needs less of , it 's movies about college that are written and directed by people who could n't pass an entrance exam .","if there 's one thing this world needs less of , it 's movies about college that are written and directed by people who could n't pass an entrance exam .",0.0009765625,0.0009765625,0,0,0,100,"Failed"
"director of photography benoit delhomme shot the movie in delicious colors , and the costumes and sets are grand .","director of photography benoit delhomme shot the movie in delicious colors , and the costumes and sets are grand .",0.005859375,0.005859375,1,1,1,100,"Failed"
"instead , he shows them the [[respect]] they are due .","instead , he shows them the [[observe]] they are due .",0.00830078125,0.859375,1,0,1,56,"Successful"
"... plot holes so large and obvious a marching band might as well be stomping through them in clown clothes , playing a college football fight song on untuned instruments .","... plot holes so large and obvious a marching band might as well be stomping through them in clown clothes , playing a college football fight song on untuned instruments .",0.0029296875,0.0029296875,0,0,0,100,"Failed"
"a quiet treasure -- a film to be [[savored]] .","a quiet treasure -- a film to be [[bask]] .",0.0234375,0.7373046875,1,0,1,54,"Successful"
"warm water under a red bridge is a quirky and poignant japanese film that explores the fascinating connections between women , water , nature , and sexuality .","warm water under a red bridge is a quirky and poignant japanese film that explores the fascinating connections between women , water , nature , and sexuality .",0.04736328125,0.04736328125,1,1,1,100,"Failed"
"it 's too [[self-important]] and [[plodding]] to be [[funny]] , and too [[clipped]] and abbreviated to be an [[epic]] .","it 's too [[chesty]] and [[donkeywork]] to be [[peculiar]] , and too [[jog]] and abbreviated to be an [[larger-than-life]] .",0.0009765625,0.0390625,0,0,0,100,"Failed"
"few films capture so perfectly the hopes and dreams of little boys on baseball fields as well as the grown men who sit in the stands .","few films capture so perfectly the hopes and dreams of little boys on baseball fields as well as the grown men who sit in the stands .",0.00634765625,0.00634765625,1,1,1,100,"Failed"
"the [[lower]] your expectations , the more you 'll enjoy it .","the [[blue]] your expectations , the more you 'll enjoy it .",0.0205078125,0.9599609375,0,1,0,75,"Successful"
"yes , [[dull]] .","yes , [[softened]] .",0.044921875,0.8759765625,0,1,0,55,"Successful"
"that 's [[pure]] [[pr]] hype .","that 's [[perfect]] [[Pr]] hype .",0.00341796875,0.63330078125,0,1,0,52,"Successful"
"it is great summer fun to watch arnold and his buddy gerald bounce off a quirky cast of characters .","it is great summer fun to watch arnold and his buddy gerald bounce off a quirky cast of characters .",0.0224609375,0.0224609375,1,1,1,100,"Failed"
"a subtle and well-crafted -lrb- for the most [[part]] -rrb- chiller .","a subtle and well-crafted -lrb- for the most [[disunite]] -rrb- chiller .",0.12939453125,0.658203125,1,0,1,63,"Successful"
"that is a [[compliment]] to kuras and miller .","that is a [[congratulate]] to kuras and miller .",0.19189453125,0.19921875,1,1,1,10,"Failed"
"one of the more intelligent children 's movies to [[hit]] theaters this year .","one of the more intelligent children 's movies to [[murder]] theaters this year .",0.00341796875,0.880859375,1,0,1,98,"Successful"
"for the most [[part]] , director anne-sophie birot 's first feature is a [[sensitive]] , extraordinarily well-acted drama .","for the most [[disunite]] , director anne-sophie birot 's first feature is a [[sore]] , extraordinarily well-acted drama .",0.00341796875,0.0693359375,1,1,1,100,"Failed"
"it 's a beautiful [[madness]] .","it 's a beautiful [[foolishness]] .",0.42236328125,0.982421875,1,0,1,27,"Successful"
"stealing harvard is evidence that the farrelly bros. -- peter and bobby -- and their brand of screen comedy are wheezing to an end , along with green 's half-hearted movie career .","stealing harvard is evidence that the farrelly bros. -- peter and bobby -- and their brand of screen comedy are wheezing to an end , along with green 's half-hearted movie career .",0.013671875,0.013671875,0,0,0,100,"Failed"
"i sympathize with the plight of these families , but the movie does n't do a very good job conveying the issue at hand .","i sympathize with the plight of these families , but the movie does n't do a very good job conveying the issue at hand .",0.00244140625,0.00244140625,0,0,0,100,"Failed"
"a giggle-inducing comedy with snappy dialogue and winning performances by an [[unlikely]] team of oscar-winners : susan sarandon and goldie hawn .","a giggle-inducing comedy with snappy dialogue and winning performances by an [[unconvincing]] team of oscar-winners : susan sarandon and goldie hawn .",0.00390625,0.94580078125,1,0,1,61,"Successful"
"the words , ` frankly , my dear , i do n't give a damn , ' have never been more appropriate .","the words , ` frankly , my dear , i do n't give a damn , ' have never been more appropriate .",0.03662109375,0.03662109375,0,0,0,100,"Failed"
"by getting myself wrapped up in the visuals and eccentricities of many of the characters , i found myself confused when it came time to get to the heart of the movie .","by getting myself wrapped up in the visuals and eccentricities of many of the characters , i found myself confused when it came time to get to the heart of the movie .",0.01416015625,0.01416015625,0,0,0,100,"Failed"
"his healthy sense of satire is [[light]] and fun ...","his healthy sense of satire is [[faint]] and fun ...",0.00927734375,0.82666015625,1,0,1,100,"Successful"
"a grimly competent and stolid and earnest military courtroom drama .","a grimly competent and stolid and earnest military courtroom drama .",0.974609375,0.974609375,0,0,1,1,"Skipped"
"it moves quickly , adroitly , and without fuss ; it does n't give you time to reflect on the inanity -- and the cold war datedness -- of its premise .","it moves quickly , adroitly , and without fuss ; it does n't give you time to reflect on the inanity -- and the cold war datedness -- of its premise .",0.984375,0.984375,0,0,1,1,"Skipped"
"part [[low]] rent godfather .","part [[first]] rent godfather .",0.0361328125,0.25390625,0,0,0,100,"Failed"
"or emptying [[rat]] traps .","or emptying [[stinker]] traps .",0.19921875,0.50390625,0,1,0,78,"Successful"
"the special effects and many scenes of weightlessness look as good or better than in the original , while the oscar-winning sound and james horner 's rousing score make good use of the hefty audio system .","the special effects and many scenes of weightlessness look as good or better than in the original , while the oscar-winning sound and james horner 's rousing score make good use of the hefty audio system .",0.00146484375,0.00146484375,1,1,1,100,"Failed"
"on the heels of the ring comes a similarly morose and humorless horror movie that , although flawed , is to be [[commended]] for its straight-ahead approach to creepiness .","on the heels of the ring comes a similarly morose and humorless horror movie that , although flawed , is to be [[remember]] for its straight-ahead approach to creepiness .",0.25390625,0.71533203125,1,0,1,98,"Successful"
"harris commands the screen , using his frailty to suggest the ravages of a life of corruption and ruthlessness .","harris commands the screen , using his frailty to suggest the ravages of a life of corruption and ruthlessness .",0.958984375,0.958984375,0,0,1,1,"Skipped"
"schaeffer has to find some hook on which to hang his persistently useless movies , and it might as well be the resuscitation of the middle-aged character .","schaeffer has to find some hook on which to hang his persistently useless movies , and it might as well be the resuscitation of the middle-aged character .",0.16015625,0.16015625,0,0,0,100,"Failed"
"offers much to enjoy ... and a lot to mull over in terms of love , loyalty and the nature of staying friends .","offers much to enjoy ... and a lot to mull over in terms of love , loyalty and the nature of staying friends .",0.259765625,0.259765625,1,1,1,100,"Failed"
"in [[execution]] , this clever idea is [[far]] less [[funny]] than the original , killers from space .","in [[performance]] , this clever idea is [[ALIR]] less [[fishy]] than the original , killers from space .",0.00146484375,0.55859375,0,1,0,87,"Successful"
"[[adults]] will [[wish]] the [[movie]] were less simplistic , obvious , clumsily [[plotted]] and shallowly [[characterized]] .","[[grownup]] will [[compliments]] the [[flick]] were less simplistic , obvious , clumsily [[plat]] and shallowly [[characterize]] .",0.00048828125,0.01171875,0,0,0,53,"Failed"
"so unassuming and pure of heart , you ca n't help but warmly extend your arms and yell ` safe ! '","so unassuming and pure of heart , you ca n't help but warmly extend your arms and yell ` safe ! '",0.00439453125,0.00439453125,1,1,1,100,"Failed"
"professionally [[speaking]] , it 's tempting to jump ship in january to avoid ridiculous schlock like this shoddy suspense thriller .","professionally [[speechmaking]] , it 's tempting to jump ship in january to avoid ridiculous schlock like this shoddy suspense thriller .",0.0029296875,0.0078125,0,0,0,100,"Failed"
"this is not the undisputed worst boxing movie ever , but it 's certainly not a champion - the big loser is the audience .","this is not the undisputed worst boxing movie ever , but it 's certainly not a champion - the big loser is the audience .",0.00244140625,0.00244140625,0,0,0,100,"Failed"
"it 's another stale , kill-by-numbers flick , complete with blade-thin characters and [[terrible]] , pun-laden dialogue .","it 's another stale , kill-by-numbers flick , complete with blade-thin characters and [[fearsome]] , pun-laden dialogue .",0.00146484375,0.00537109375,0,0,0,100,"Failed"
"one of those pictures whose promising , if rather precious , [[premise]] is undercut by amateurish [[execution]] .","one of those pictures whose promising , if rather precious , [[introduce]] is undercut by amateurish [[murder]] .",0.00146484375,0.0087890625,0,0,0,100,"Failed"
"nothing 's at stake , just a twisty double-cross you can smell a mile away -- still , the derivative nine queens is lots of fun .","nothing 's at stake , just a twisty double-cross you can smell a mile away -- still , the derivative nine queens is lots of fun .",0.51171875,0.51171875,0,0,1,1,"Skipped"
"drops you into a dizzying , volatile , pressure-cooker of a situation that quickly snowballs out of control , while focusing on the what much more than the why .","drops you into a dizzying , volatile , pressure-cooker of a situation that quickly snowballs out of control , while focusing on the what much more than the why .",0.97509765625,0.97509765625,0,0,1,1,"Skipped"
"while undisputed is n't exactly a high , it is a gripping , tidy little movie that takes mr. hill higher than he 's been in a while .","while undisputed is n't exactly a high , it is a gripping , tidy little movie that takes mr. hill higher than he 's been in a while .",0.03173828125,0.03173828125,1,1,1,100,"Failed"
"a delectable and intriguing thriller filled with [[surprises]] , read my lips is an [[original]] .","a delectable and intriguing thriller filled with [[storm]] , read my lips is an [[pilot]] .",0.0224609375,0.810546875,1,0,1,60,"Successful"
"it does n't [[believe]] in itself , it has no sense of humor ... it 's just [[plain]] bored .","it does n't [[think]] in itself , it has no sense of humor ... it 's just [[bare]] bored .",0.0009765625,0.001953125,0,0,0,100,"Failed"
"it seems to me the film is about the art of [[ripping]] people off without ever letting them consciously know you have done so","it seems to me the film is about the art of [[pull]] people off without ever letting them consciously know you have done so",0.001953125,0.0791015625,0,0,0,100,"Failed"
"the story and the friendship proceeds in such a way that you 're watching a soap opera [[rather]] than a chronicle of the ups and downs that accompany lifelong friendships .","the story and the friendship proceeds in such a way that you 're watching a soap opera [[sooner]] than a chronicle of the ups and downs that accompany lifelong friendships .",0.01025390625,0.546875,0,1,0,95,"Successful"
"a warm , [[funny]] , [[engaging]] film .","a warm , [[fishy]] , [[lease]] film .",0.0009765625,0.9111328125,1,0,1,97,"Successful"
"uses sharp humor and insight into human nature to examine class conflict , adolescent yearning , the roots of friendship and sexual identity .","uses sharp humor and insight into human nature to examine class conflict , adolescent yearning , the roots of friendship and sexual identity .",0.01318359375,0.01318359375,1,1,1,100,"Failed"
"i thought my own watch had stopped keeping time as i slogged my way through clockstoppers .","i thought my own watch had stopped keeping time as i slogged my way through clockstoppers .",0.005859375,0.005859375,0,0,0,100,"Failed"
"-lrb- serry -rrb- wants to [[blend]] politics and drama , an admirable ambition .","-lrb- serry -rrb- wants to [[immingle]] politics and drama , an admirable ambition .",0.064453125,0.5625,1,0,1,58,"Successful"
"with tightly organized efficiency , numerous flashbacks and a constant edge of [[tension]] , miller 's film is one of 2002 's involvingly [[adult]] [[surprises]] .","with tightly organized efficiency , numerous flashbacks and a constant edge of [[stress]] , miller 's film is one of 2002 's involvingly [[pornographic]] [[storm]] .",0.017578125,0.66552734375,1,0,1,100,"Successful"
"the emotions are raw and will strike a nerve with anyone who 's ever had family trauma .","the emotions are raw and will strike a nerve with anyone who 's ever had family trauma .",0.5927734375,0.5927734375,0,0,1,1,"Skipped"
"there seems to be no clear path as to where the story 's going , or how long it 's going to take to get there .","there seems to be no clear path as to where the story 's going , or how long it 's going to take to get there .",0.0029296875,0.0029296875,0,0,0,100,"Failed"
"aside from minor tinkering , this is the same movie you probably loved in 1994 , except that it looks even better .","aside from minor tinkering , this is the same movie you probably loved in 1994 , except that it looks even better .",0.01953125,0.01953125,1,1,1,100,"Failed"
"by candidly detailing the politics involved in the creation of an extraordinary piece of music , -lrb- jones -rrb- calls our attention to the inherent conflict between commerce and creativity .","by candidly detailing the politics involved in the creation of an extraordinary piece of music , -lrb- jones -rrb- calls our attention to the inherent conflict between commerce and creativity .",0.91015625,0.91015625,0,0,1,1,"Skipped"
"a breezy romantic comedy that has the punch of a [[good]] sitcom , while offering exceptionally well-detailed characters .","a breezy romantic comedy that has the punch of a [[commodity]] sitcom , while offering exceptionally well-detailed characters .",0.00634765625,0.0185546875,1,1,1,100,"Failed"
"because of an unnecessary and clumsy last scene , ` swimfan ' left me with a very bad feeling .","because of an unnecessary and clumsy last scene , ` swimfan ' left me with a very bad feeling .",0.00048828125,0.00048828125,0,0,0,100,"Failed"
"exciting and direct , with ghost imagery that shows just enough to keep us on our toes .","exciting and direct , with ghost imagery that shows just enough to keep us on our toes .",0.02001953125,0.02001953125,1,1,1,100,"Failed"
"a superbly acted and funny\/gritty fable of the humanizing of one woman at the hands of the unseen forces of fate .","a superbly acted and funny\/gritty fable of the humanizing of one woman at the hands of the unseen forces of fate .",0.01513671875,0.01513671875,1,1,1,100,"Failed"
"the movie 's relatively simple plot and uncomplicated morality play well with the affable cast .","the movie 's relatively simple plot and uncomplicated morality play well with the affable cast .",0.00146484375,0.00146484375,1,1,1,100,"Failed"
"in a way , the film feels like a breath of fresh air , but only to those that allow it in .","in a way , the film feels like a breath of fresh air , but only to those that allow it in .",0.0966796875,0.0966796875,1,1,1,100,"Failed"
"green might want to hang onto that ski mask , as robbery may be the only way to pay for his next project .","green might want to hang onto that ski mask , as robbery may be the only way to pay for his next project .",0.029296875,0.029296875,0,0,0,100,"Failed"
"the socio-histo-political treatise is [[told]] in earnest strides ... -lrb- and -rrb- personal illusion is deconstructed with poignancy .","the socio-histo-political treatise is [[secern]] in earnest strides ... -lrb- and -rrb- personal illusion is deconstructed with poignancy .",0.29443359375,0.5771484375,1,0,1,71,"Successful"
"a beguiling splash of pastel [[colors]] and prankish comedy from disney .","a beguiling splash of pastel [[discolour]] and prankish comedy from disney .",0.02490234375,0.88232421875,1,0,1,91,"Successful"
"writer\/director joe carnahan 's grimy crime drama is a manual of precinct cliches , but it moves fast enough to cover its clunky dialogue and lapses in logic .","writer\/director joe carnahan 's grimy crime drama is a manual of precinct cliches , but it moves fast enough to cover its clunky dialogue and lapses in logic .",0.94580078125,0.94580078125,0,0,1,1,"Skipped"
"too restrained to be a freak show , too mercenary and obvious to be cerebral , too dull and pretentious to be engaging ... the isle defies an easy categorization .","too restrained to be a freak show , too mercenary and obvious to be cerebral , too dull and pretentious to be engaging ... the isle defies an easy categorization .",0.0029296875,0.0029296875,0,0,0,100,"Failed"
"based on a devilishly witty script by heather mcgowan and niels mueller , the film gets great laughs , but never at the expense of its characters","based on a devilishly witty script by heather mcgowan and niels mueller , the film gets great laughs , but never at the expense of its characters",0.00537109375,0.00537109375,1,1,1,100,"Failed"
"the format gets used best ... to capture the dizzying heights achieved by motocross and bmx riders , whose balletic hotdogging occasionally ends in bone-crushing screwups .","the format gets used best ... to capture the dizzying heights achieved by motocross and bmx riders , whose balletic hotdogging occasionally ends in bone-crushing screwups .",0.7607421875,0.7607421875,0,0,1,1,"Skipped"
"even in its most tedious scenes , russian ark is [[mesmerizing]] .","even in its most tedious scenes , russian ark is [[bewitch]] .",0.02392578125,0.5078125,1,0,1,66,"Successful"
"this surreal gilliam-esque film is also a troubling interpretation of ecclesiastes .","this surreal gilliam-esque film is also a troubling interpretation of ecclesiastes .",0.98681640625,0.98681640625,0,0,1,1,"Skipped"
"you [[wonder]] why [[enough]] was n't just a music video [[rather]] than a full-length [[movie]] .","you [[marvel]] why [[decent]] was n't just a music video [[sooner]] than a full-length [[picture]] .",0.01123046875,0.154296875,0,0,0,63,"Failed"
"funny but perilously slight .","funny but perilously slight .",0.98681640625,0.98681640625,0,0,1,1,"Skipped"
"chabrol has taken promising material for a black comedy and turned it instead into a somber chamber drama .","chabrol has taken promising material for a black comedy and turned it instead into a somber chamber drama .",0.00244140625,0.00244140625,0,0,0,100,"Failed"
"in the end , we are left with something like two ships passing in the night rather than any insights into gay love , chinese society or the price one pays for being dishonest .","in the end , we are left with something like two ships passing in the night rather than any insights into gay love , chinese society or the price one pays for being dishonest .",0.00146484375,0.00146484375,0,0,0,100,"Failed"
"this is wild surreal stuff , but brilliant and the camera just kind of sits there and lets you look at this and its like you 're going from one room to the next and none of them have any relation to the other .","this is wild surreal stuff , but brilliant and the camera just kind of sits there and lets you look at this and its like you 're going from one room to the next and none of them have any relation to the other .",0.94091796875,0.94091796875,0,0,1,1,"Skipped"
"fresnadillo 's dark and jolting images have a way of plying into your subconscious like the nightmare you had a week ago that wo n't go away .","fresnadillo 's dark and jolting images have a way of plying into your subconscious like the nightmare you had a week ago that wo n't go away .",0.990234375,0.990234375,0,0,1,1,"Skipped"
"` easily my choice for one of the year 's [[best]] films . '","` easily my choice for one of the year 's [[easily]] films . '",0.0009765625,0.04150390625,1,1,1,100,"Failed"
"pumpkin takes an admirable look at the hypocrisy of political correctness , but it does so with such an uneven tone that you never know when humor ends and tragedy begins .","pumpkin takes an admirable look at the hypocrisy of political correctness , but it does so with such an uneven tone that you never know when humor ends and tragedy begins .",0.0419921875,0.0419921875,0,0,0,100,"Failed"
"it 's so mediocre , despite the dynamic duo on the marquee , that we just ca n't get no satisfaction .","it 's so mediocre , despite the dynamic duo on the marquee , that we just ca n't get no satisfaction .",0.0009765625,0.0009765625,0,0,0,100,"Failed"
"but it 's too [[long]] and too [[convoluted]] and it [[ends]] in a [[muddle]] .","but it 's too [[foresightful]] and too [[convolve]] and it [[death]] in a [[addle]] .",0.0009765625,0.0107421875,0,0,0,100,"Failed"
"no [[aspirations]] to [[social]] [[import]] inform the [[movie]] [[version]] .","no [[inhalation]] to [[sociable]] [[spell]] inform the [[picture]] [[rendering]] .",0.00341796875,0.05517578125,0,0,0,67,"Failed"
"outer-space buffs might love this film , but others will [[find]] its pleasures intermittent .","outer-space buffs might love this film , but others will [[recover]] its pleasures intermittent .",0.42626953125,0.78515625,0,1,0,97,"Successful"
"rarely has so much money [[delivered]] so [[little]] entertainment .","rarely has so much money [[surrender]] so [[small]] entertainment .",0.00244140625,0.09423828125,0,0,0,73,"Failed"
"so , too , is this [[comedy]] about mild culture clashing in today 's new delhi .","so , too , is this [[clowning]] about mild culture clashing in today 's new delhi .",0.49609375,0.9541015625,1,0,1,41,"Successful"
"a [[subject]] like this should [[inspire]] [[reaction]] in its audience ; the pianist does not .","a [[study]] like this should [[revolutionize]] [[response]] in its audience ; the pianist does not .",0.025390625,0.384765625,0,0,0,89,"Failed"
"... routine , harmless diversion and little else .","... routine , harmless diversion and little else .",0.93896484375,0.93896484375,0,0,1,1,"Skipped"
"not really bad so much as distasteful : we need kidnapping suspense dramas right now like we need doomsday thrillers .","not really bad so much as distasteful : we need kidnapping suspense dramas right now like we need doomsday thrillers .",0.0068359375,0.0068359375,0,0,0,100,"Failed"
"blanchett 's [[performance]] [[confirms]] her [[power]] once again .","blanchett 's [[functioning]] [[reassert]] her [[baron]] once again .",0.001953125,0.763671875,1,0,1,53,"Successful"
"this is a winning ensemble comedy that shows canadians can put gentle laughs and equally gentle sentiments on the button , just as easily as their counterparts anywhere else in the world .","this is a winning ensemble comedy that shows canadians can put gentle laughs and equally gentle sentiments on the button , just as easily as their counterparts anywhere else in the world .",0.0078125,0.0078125,1,1,1,100,"Failed"
"it [[ca]] n't [[decide]] if it [[wants]] to be a [[mystery]]\/thriller , a [[romance]] or a [[comedy]] .","it [[Calif]]. n't [[settle]] if it [[deprivation]] to be a [[enigma]]\/thriller , a [[butterfly]] or a [[clowning]] .",0.00830078125,0.39599609375,0,0,0,87,"Failed"
"while the ideas about techno-saturation are far from novel , they 're presented with a wry dark humor .","while the ideas about techno-saturation are far from novel , they 're presented with a wry dark humor .",0.8720703125,0.8720703125,0,0,1,1,"Skipped"
"the [[iditarod]] [[lasts]] for [[days]] - this just [[felt]] like it did .","the [[Iditarod]] [[live]] for [[daylight]] - this just [[mat]] like it did .",0.0439453125,0.3740234375,0,0,0,76,"Failed"
"a [[warm]] but realistic meditation on friendship , [[family]] and affection .","a [[quick]] but realistic meditation on friendship , [[category]] and affection .",0.01220703125,0.6474609375,1,0,1,64,"Successful"
"the volatile dynamics of female friendship is the [[subject]] of this unhurried , low-key [[film]] that is so off-hollywood that it seems positively french in its rhythms and [[resonance]] .","the volatile dynamics of female friendship is the [[subjugate]] of this unhurried , low-key [[take]] that is so off-hollywood that it seems positively french in its rhythms and [[reverberance]] .",0.07275390625,0.6513671875,1,0,1,93,"Successful"
"this movie is something of an impostor itself , stretching and padding its material in a blur of dead ends and distracting camera work .","this movie is something of an impostor itself , stretching and padding its material in a blur of dead ends and distracting camera work .",0.0009765625,0.0009765625,0,0,0,100,"Failed"
"it can not be enjoyed , even on the level that one enjoys a bad slasher flick , primarily because it is dull .","it can not be enjoyed , even on the level that one enjoys a bad slasher flick , primarily because it is dull .",0.00048828125,0.00048828125,0,0,0,100,"Failed"
"sticky sweet sentimentality , clumsy plotting and a rosily myopic view of life in the wwii-era mississippi delta undermine this adaptation .","sticky sweet sentimentality , clumsy plotting and a rosily myopic view of life in the wwii-era mississippi delta undermine this adaptation .",0.00390625,0.00390625,0,0,0,100,"Failed"
"a film about a young man finding god that is accessible and touching to the marrow .","a film about a young man finding god that is accessible and touching to the marrow .",0.0224609375,0.0224609375,1,1,1,100,"Failed"
"nonsensical , dull `` cyber-horror '' flick is a grim , hollow exercise in flat scares and bad acting .","nonsensical , dull `` cyber-horror '' flick is a grim , hollow exercise in flat scares and bad acting .",0.001953125,0.001953125,0,0,0,100,"Failed"
"it 's [[hard]] to imagine alan arkin being better than he is in this performance .","it 's [[punishing]] to imagine alan arkin being better than he is in this performance .",0.27490234375,0.99658203125,1,0,1,100,"Successful"
"it proves quite compelling as an intense , brooding character [[study]] .","it proves quite compelling as an intense , brooding character [[analyse]] .",0.38134765625,0.962890625,1,0,1,100,"Successful"
"a romantic comedy enriched by a [[sharp]] [[eye]] for manners and mores .","a romantic comedy enriched by a [[shrill]] [[eyeball]] for manners and mores .",0.00439453125,0.88720703125,1,0,1,78,"Successful"
"[[nothing]] in waking up in reno ever inspired me to [[think]] of its inhabitants as anything more than markers in a screenplay .","[[cipher]] in waking up in reno ever inspired me to [[mean]] of its inhabitants as anything more than markers in a screenplay .",0.00146484375,0.052734375,0,0,0,100,"Failed"
"not since japanese filmmaker akira kurosawa 's ran have the savagery of combat and the specter of death been visualized with such operatic grandeur .","not since japanese filmmaker akira kurosawa 's ran have the savagery of combat and the specter of death been visualized with such operatic grandeur .",0.0419921875,0.0419921875,1,1,1,100,"Failed"
"though only 60 minutes long , the film is [[packed]] with information and impressions .","though only 60 minutes long , the film is [[tamp]] with information and impressions .",0.01123046875,0.93798828125,1,0,1,85,"Successful"
"the character of zigzag is not sufficiently developed to support a film constructed around him .","the character of zigzag is not sufficiently developed to support a film constructed around him .",0.00048828125,0.00048828125,0,0,0,100,"Failed"
"reggio 's continual visual barrage is [[absorbing]] as well as [[thought-provoking]] .","reggio 's continual visual barrage is [[suck]] as well as [[challenging]] .",0.03125,0.99365234375,1,0,1,63,"Successful"
"about a manga-like heroine who [[fights]] back at her abusers , it 's [[energetic]] and satisfying if not deep and psychological .","about a manga-like heroine who [[struggle]] back at her abusers , it 's [[industrious]] and satisfying if not deep and psychological .",0.1142578125,0.7373046875,1,0,1,99,"Successful"
"too [[much]] of it [[feels]] unfocused and [[underdeveloped]] .","too [[practically]] of it [[finger]] unfocused and [[developing]] .",0.00048828125,0.01025390625,0,0,0,43,"Failed"
"[[unfortunately]] , it 's not silly fun unless you [[enjoy]] really [[bad]] movies .","[[alas]] , it 's not silly fun unless you [[bask]] really [[big]] movies .",0.0009765625,0.0458984375,0,0,0,100,"Failed"
"the movie understands like few others how the depth and breadth of emotional intimacy give the physical act all of its meaning and most of its pleasure .","the movie understands like few others how the depth and breadth of emotional intimacy give the physical act all of its meaning and most of its pleasure .",0.02734375,0.02734375,1,1,1,100,"Failed"
"in the end , the movie collapses on its shaky foundation despite the best efforts of director joe carnahan .","in the end , the movie collapses on its shaky foundation despite the best efforts of director joe carnahan .",0.001953125,0.001953125,0,0,0,100,"Failed"
"cq 's reflection of artists and the love of cinema-and-self suggests nothing less than a new voice that deserves to be considered as a possible successor to the best european directors .","cq 's reflection of artists and the love of cinema-and-self suggests nothing less than a new voice that deserves to be considered as a possible successor to the best european directors .",0.041015625,0.041015625,1,1,1,100,"Failed"
"jones ... does offer a brutal form of charisma .","jones ... does offer a brutal form of charisma .",0.99169921875,0.99169921875,0,0,1,1,"Skipped"
"it provides an honest look at a community striving to anchor itself in new [[grounds]] .","it provides an honest look at a community striving to anchor itself in new [[base]] .",0.01513671875,0.337890625,1,1,1,100,"Failed"
"not an objectionable or dull film ; it merely lacks everything except good intentions .","not an objectionable or dull film ; it merely lacks everything except good intentions .",0.6513671875,0.6513671875,1,1,0,1,"Skipped"
"this is a good script , good dialogue , funny even for adults .","this is a good script , good dialogue , funny even for adults .",0.00146484375,0.00146484375,1,1,1,100,"Failed"
"the lion king was a roaring success when it was released eight years ago , but on imax it seems better , not just bigger .","the lion king was a roaring success when it was released eight years ago , but on imax it seems better , not just bigger .",0.0556640625,0.0556640625,1,1,1,100,"Failed"
"kinnear does n't aim for our sympathy , but rather delivers a performance of [[striking]] skill and depth .","kinnear does n't aim for our sympathy , but rather delivers a performance of [[fall]] skill and depth .",0.02392578125,0.95166015625,1,0,1,100,"Successful"
"is the [[time]] [[really]] ripe for a warmed-over [[james]] bond adventure , with a village idiot as the 007 clone ?","is the [[metre]] [[rattling]] ripe for a warmed-over [[crush]] bond adventure , with a village idiot as the 007 clone ?",0.001953125,0.02734375,0,0,0,100,"Failed"
"wince-inducing dialogue , thrift-shop costumes , prosthetic makeup by silly putty and kmart blue-light-special effects all conspire to [[test]] trekkie [[loyalty]] .","wince-inducing dialogue , thrift-shop costumes , prosthetic makeup by silly putty and kmart blue-light-special effects all conspire to [[prove]] trekkie [[trueness]] .",0.046875,0.71533203125,0,1,0,91,"Successful"
"this is a train wreck of an action film -- a stupefying attempt by the filmmakers to force-feed james bond into the mindless xxx mold and throw 40 years of cinematic history down the toilet in favor of bright flashes and loud bangs .","this is a train wreck of an action film -- a stupefying attempt by the filmmakers to force-feed james bond into the mindless xxx mold and throw 40 years of cinematic history down the toilet in favor of bright flashes and loud bangs .",0.36474609375,0.36474609375,0,0,0,100,"Failed"
"you really have to wonder how on earth anyone , anywhere could have thought they 'd make audiences guffaw with a script as utterly diabolical as this .","you really have to wonder how on earth anyone , anywhere could have thought they 'd make audiences guffaw with a script as utterly diabolical as this .",0.0009765625,0.0009765625,0,0,0,100,"Failed"
"a quiet , [[pure]] , elliptical film","a quiet , [[gross]] , elliptical film",0.19921875,0.990234375,1,0,1,81,"Successful"
"harrison 's flowers puts its heart in the right place , but its brains are in no particular place at all .","harrison 's flowers puts its heart in the right place , but its brains are in no particular place at all .",0.98291015625,0.98291015625,0,0,1,1,"Skipped"
"it 's a work by an artist so in [[control]] of both his medium and his message that he can improvise like a jazzman .","it 's a work by an artist so in [[manipulate]] of both his medium and his message that he can improvise like a jazzman .",0.02099609375,0.2255859375,1,1,1,100,"Failed"
"no screen fantasy-adventure in recent memory has the showmanship of clones ' last 45 minutes .","no screen fantasy-adventure in recent memory has the showmanship of clones ' last 45 minutes .",0.91943359375,0.91943359375,0,0,1,1,"Skipped"
"despite the evocative aesthetics evincing the hollow state of modern love life , the film never percolates beyond a monotonous whine .","despite the evocative aesthetics evincing the hollow state of modern love life , the film never percolates beyond a monotonous whine .",0.00048828125,0.00048828125,0,0,0,100,"Failed"
"it 's difficult to imagine the process that produced such a script , but here 's guessing that spray cheese and underarm noises played a crucial role .","it 's difficult to imagine the process that produced such a script , but here 's guessing that spray cheese and underarm noises played a crucial role .",0.0283203125,0.0283203125,0,0,0,100,"Failed"
"building slowly and subtly , the film , sporting a breezy spontaneity and realistically drawn characterizations , develops into a significant character study that is both moving and wise .","building slowly and subtly , the film , sporting a breezy spontaneity and realistically drawn characterizations , develops into a significant character study that is both moving and wise .",0.00439453125,0.00439453125,1,1,1,100,"Failed"
"overall the film feels like a low-budget tv pilot that could not find a buyer to play it on the tube .","overall the film feels like a low-budget tv pilot that could not find a buyer to play it on the tube .",0.0,0.0,0,0,0,100,"Failed"
"this is human comedy at its most [[amusing]] , [[interesting]] and confirming .","this is human comedy at its most [[disport]] , [[worry]] and confirming .",0.00732421875,0.9765625,1,0,1,60,"Successful"
"the band 's courage in the face of official repression is [[inspiring]] , especially for aging hippies -lrb- this one included -rrb- .","the band 's courage in the face of official repression is [[barrack]] , especially for aging hippies -lrb- this one included -rrb- .",0.05322265625,0.98974609375,1,0,1,100,"Successful"
"this movie seems to have been [[written]] [[using]] mad-libs .","this movie seems to have been [[save]] [[practice]] mad-libs .",0.0048828125,0.30419921875,0,0,0,58,"Failed"
"thanks to haynes ' absolute control of the film 's mood , and buoyed by three terrific performances , far from heaven actually pulls off this stylistic juggling act .","thanks to haynes ' absolute control of the film 's mood , and buoyed by three terrific performances , far from heaven actually pulls off this stylistic juggling act .",0.00732421875,0.00732421875,1,1,1,100,"Failed"
"more whiny [[downer]] than corruscating [[commentary]] .","more whiny [[sedative]] than corruscating [[comment]] .",0.00439453125,0.005859375,0,0,0,17,"Failed"
"the film is [[powerful]] , accessible and [[funny]] .","the film is [[knock-down]] , accessible and [[suspect]] .",0.0009765625,0.9833984375,1,0,1,68,"Successful"
"a [[good]] piece of work more often than not .","a [[commodity]] piece of work more often than not .",0.015625,0.95849609375,1,0,1,100,"Successful"
"there has [[always]] been something [[likable]] about the marquis [[de]] sade .","there has [[ever]] been something [[sympathetic]] about the marquis [[Delaware]] sade .",0.0126953125,0.74609375,1,0,1,34,"Successful"
"in exactly 89 minutes , most of which passed as slowly as if i 'd been sitting naked on an igloo , formula 51 sank from quirky to jerky to utter turkey .","in exactly 89 minutes , most of which passed as slowly as if i 'd been sitting naked on an igloo , formula 51 sank from quirky to jerky to utter turkey .",0.00537109375,0.00537109375,0,0,0,100,"Failed"
"care deftly captures the wonder and menace of growing up , but he never really embraces the joy of fuhrman 's destructive escapism or the grace-in-rebellion found by his characters .","care deftly captures the wonder and menace of growing up , but he never really embraces the joy of fuhrman 's destructive escapism or the grace-in-rebellion found by his characters .",0.1689453125,0.1689453125,0,0,0,100,"Failed"
"the reality of the new live-action pinocchio he directed , cowrote and starred in borders on the [[grotesque]] .","the reality of the new live-action pinocchio he directed , cowrote and starred in borders on the [[fantastic]] .",0.0068359375,0.955078125,0,1,0,78,"Successful"
"the chateau cleverly probes the cross-cultural differences between gauls and [[yanks]] .","the chateau cleverly probes the cross-cultural differences between gauls and [[jerk]] .",0.32080078125,0.85009765625,1,0,1,34,"Successful"
"i can take infantile humor ... but this is the sort of infantile that makes you wonder about changing the director and writer 's diapers .","i can take infantile humor ... but this is the sort of infantile that makes you wonder about changing the director and writer 's diapers .",0.001953125,0.001953125,0,0,0,100,"Failed"
"... the film [[suffers]] from a lack of humor -lrb- something needed to balance out the violence -rrb- ...","... the film [[get]] from a lack of humor -lrb- something needed to balance out the violence -rrb- ...",0.00244140625,0.02587890625,0,0,0,100,"Failed"
"a working class `` us vs. them '' opera that leaves no heartstring untugged and no liberal cause unplundered .","a working class `` us vs. them '' opera that leaves no heartstring untugged and no liberal cause unplundered .",0.984375,0.984375,0,0,1,1,"Skipped"
"so refreshingly incisive is grant that for the first time he 'll probably appeal more to guys than to their girlfriends who drag them to this movie for the hugh factor .","so refreshingly incisive is grant that for the first time he 'll probably appeal more to guys than to their girlfriends who drag them to this movie for the hugh factor .",0.8291015625,0.8291015625,0,0,1,1,"Skipped"
"with the [[exception]] of some fleetingly [[amusing]] [[improvisations]] by cedric the entertainer as [[perry]] 's [[boss]] , there is n't a [[redeeming]] [[moment]] here .","with the [[elision]] of some fleetingly [[amuse]] [[extemporization]] by cedric the entertainer as [[Perry]] 's [[emboss]] , there is n't a [[deliver]] [[minute]] here .",0.0009765625,0.18017578125,0,0,0,92,"Failed"
"majidi is an unconventional storyteller , capable of finding beauty in the most depressing places .","majidi is an unconventional storyteller , capable of finding beauty in the most depressing places .",0.01416015625,0.01416015625,1,1,1,100,"Failed"
"the vivid lead performances sustain interest and empathy , but the journey is far more [[interesting]] than the final destination .","the vivid lead performances sustain interest and empathy , but the journey is far more [[worry]] than the final destination .",0.12255859375,0.9833984375,1,0,1,97,"Successful"
"martin and barbara are complex characters -- sometimes tender , sometimes angry -- and the delicate performances by sven wollter and viveka seldahl make their hopes and frustrations vivid .","martin and barbara are complex characters -- sometimes tender , sometimes angry -- and the delicate performances by sven wollter and viveka seldahl make their hopes and frustrations vivid .",0.01123046875,0.01123046875,1,1,1,100,"Failed"
"all that 's [[missing]] is the spontaneity , originality and delight .","all that 's [[escape]] is the spontaneity , originality and delight .",0.1708984375,0.97265625,0,1,0,44,"Successful"
"it confirms fincher 's status as a film maker who [[artfully]] bends technical know-how to the service of psychological insight .","it confirms fincher 's status as a film maker who [[disingenuously]] bends technical know-how to the service of psychological insight .",0.0029296875,0.99560546875,1,0,1,87,"Successful"
"dense with characters and contains some [[thrilling]] moments .","dense with characters and contains some [[inebriate]] moments .",0.0341796875,0.97802734375,1,0,1,70,"Successful"
"good film , but very glum .","good film , but very glum .",0.99365234375,0.99365234375,0,0,1,1,"Skipped"
"nine queens is not only than a frighteningly capable debut and genre piece , but also a snapshot of a dangerous political situation on the verge of coming to a head .","nine queens is not only than a frighteningly capable debut and genre piece , but also a snapshot of a dangerous political situation on the verge of coming to a head .",0.32080078125,0.32080078125,1,1,1,100,"Failed"
"when the film ended , i [[felt]] tired and drained and [[wanted]] to [[lie]] on my own deathbed for a while .","when the film ended , i [[mat]] tired and drained and [[treasured]] to [[prevarication]] on my own deathbed for a while .",0.0009765625,0.01953125,0,0,0,100,"Failed"
"the plot convolutions ultimately [[add]] up to [[nothing]] more than [[jerking]] the [[audience]] 's [[chain]] .","the plot convolutions ultimately [[bring]] up to [[cipher]] more than [[hitch]] the [[hearing]] 's [[range]] .",0.00244140625,0.43798828125,0,0,0,100,"Failed"
"a [[solid]] examination of the male midlife crisis .","a [[firm]] examination of the male midlife crisis .",0.45703125,0.9658203125,1,0,1,42,"Successful"
"-lrb- d -rrb- oes n't bother being as cloying or preachy as equivalent evangelical christian movies -- maybe the filmmakers know that the likely audience will already be among the faithful .","-lrb- d -rrb- oes n't bother being as cloying or preachy as equivalent evangelical christian movies -- maybe the filmmakers know that the likely audience will already be among the faithful .",0.69921875,0.69921875,0,0,1,1,"Skipped"
"-lrb- grant 's -rrb- bumbling magic takes over the film , and it turns out to be another winning star vehicle .","-lrb- grant 's -rrb- bumbling magic takes over the film , and it turns out to be another winning star vehicle .",0.01220703125,0.01220703125,1,1,1,100,"Failed"
"a poignant and compelling story about relationships , food of love takes us on a bumpy but satisfying journey of the heart .","a poignant and compelling story about relationships , food of love takes us on a bumpy but satisfying journey of the heart .",0.021484375,0.021484375,1,1,1,100,"Failed"
"a [[better]] title , for all concerned , might be [[swept]] under the rug .","a [[ameliorate]] title , for all concerned , might be [[sail]] under the rug .",0.00732421875,0.08154296875,0,0,0,100,"Failed"
"this nickleby [[thing]] [[might]] have more [[homosexual]] undertones than an eddie [[murphy]] [[film]] .","this nickleby [[matter]] [[mightiness]] have more [[gay]] undertones than an eddie [[spud]] [[cinema]] .",0.025390625,0.154296875,0,0,0,51,"Failed"
"a marvel [[like]] none you 've seen .","a marvel [[wish]] none you 've seen .",0.0419921875,0.9833984375,1,0,1,63,"Successful"
"the affectionate loopiness that once seemed congenital to demme 's perspective has a [[tough]] time emerging from between the badly dated cutesy-pie mystery scenario and the newfangled hollywood post-production effects .","the affectionate loopiness that once seemed congenital to demme 's perspective has a [[bully]] time emerging from between the badly dated cutesy-pie mystery scenario and the newfangled hollywood post-production effects .",0.0068359375,0.068359375,0,0,0,100,"Failed"
"leigh 's film is full of memorable performances from [[top]] to bottom .","leigh 's film is full of memorable performances from [[overstep]] to bottom .",0.00048828125,0.69921875,1,0,1,100,"Successful"
"manages to be sweet and [[wickedly]] satisfying at the same time .","manages to be sweet and [[evilly]] satisfying at the same time .",0.009765625,0.7958984375,1,0,1,67,"Successful"
"the film will play equally [[well]] on both the standard and giant screens .","the film will play equally [[fountainhead]] on both the standard and giant screens .",0.0048828125,0.158203125,1,1,1,100,"Failed"
"determined to be fun , and bouncy , with energetic musicals , the humor did n't quite [[engage]] this [[adult]] .","determined to be fun , and bouncy , with energetic musicals , the humor did n't quite [[plight]] this [[full-grown]] .",0.00732421875,0.14013671875,0,0,0,100,"Failed"
"the last 20 minutes are somewhat redeeming , but most of the movie is the same teenage american road-trip drek we 've seen before - only this time you have to read the fart jokes","the last 20 minutes are somewhat redeeming , but most of the movie is the same teenage american road-trip drek we 've seen before - only this time you have to read the fart jokes",0.0009765625,0.0009765625,0,0,0,100,"Failed"
"whether you like rap music or loathe it , you ca n't deny either the tragic loss of two young men in the prime of their talent or the power of this movie .","whether you like rap music or loathe it , you ca n't deny either the tragic loss of two young men in the prime of their talent or the power of this movie .",0.15625,0.15625,1,1,1,100,"Failed"
"all-in-all , the film is an enjoyable and frankly told tale of a people who live among [[us]] , but not necessarily with us .","all-in-all , the film is an enjoyable and frankly told tale of a people who live among [[uracil]] , but not necessarily with us .",0.2783203125,0.98681640625,1,0,1,95,"Successful"
"feature debuter d.j. caruso directs a crack ensemble cast , bringing screenwriter tony gayton 's narcotics noir to life .","feature debuter d.j. caruso directs a crack ensemble cast , bringing screenwriter tony gayton 's narcotics noir to life .",0.0400390625,0.0400390625,1,1,1,100,"Failed"
"serving sara does n't serve up a [[whole]] lot of laughs .","serving sara does n't serve up a [[unharmed]] lot of laughs .",0.00146484375,0.013671875,0,0,0,100,"Failed"
"my [[reaction]] in a [[word]] : [[disappointment]] .","my [[response]] in a [[Scripture]] : [[letdown]] .",0.0009765625,0.017578125,0,0,0,44,"Failed"
"the [[film]] 's hackneyed message is not helped by the thin characterizations , nonexistent [[plot]] and pretentious visual [[style]] .","the [[celluloid]] 's hackneyed message is not helped by the thin characterizations , nonexistent [[patch]] and pretentious visual [[dash]] .",0.00048828125,0.0029296875,0,0,0,100,"Failed"
"very psychoanalytical -- provocatively so -- and also [[refreshingly]] literary .","very psychoanalytical -- provocatively so -- and also [[refreshfully]] literary .",0.27197265625,0.87744140625,1,0,1,13,"Successful"
"the experience of going to a film festival is a rewarding one ; the experiencing of sampling one through this movie is not .","the experience of going to a film festival is a rewarding one ; the experiencing of sampling one through this movie is not .",0.95263671875,0.95263671875,1,1,0,1,"Skipped"
"with rabbit-proof fence , noyce has tailored an epic tale into a [[lean]] , economical movie .","with rabbit-proof fence , noyce has tailored an epic tale into a [[skimpy]] , economical movie .",0.029296875,0.611328125,1,0,1,70,"Successful"
"even horror fans will most likely not find what they 're seeking with trouble every day ; the movie lacks both thrills and humor .","even horror fans will most likely not find what they 're seeking with trouble every day ; the movie lacks both thrills and humor .",0.00048828125,0.00048828125,0,0,0,100,"Failed"
"this piece of channel 5 grade trash is , quite frankly , an insult to the intelligence of the true genre enthusiast .","this piece of channel 5 grade trash is , quite frankly , an insult to the intelligence of the true genre enthusiast .",0.00146484375,0.00146484375,0,0,0,100,"Failed"
"add yet another hat to a talented head , clooney 's a good director .","add yet another hat to a talented head , clooney 's a good director .",0.00830078125,0.00830078125,1,1,1,100,"Failed"
"as unseemly as its title suggests .","as unseemly as its title suggests .",0.99658203125,0.99658203125,0,0,1,1,"Skipped"
"the movie is n't just hilarious : it 's witty and [[inventive]] , too , and in hindsight , it is n't even all that [[dumb]] .","the movie is n't just hilarious : it 's witty and [[imaginative]] , too , and in hindsight , it is n't even all that [[mute]] .",0.08740234375,0.32421875,1,1,1,60,"Failed"
"among the year 's most [[intriguing]] explorations of alientation .","among the year 's most [[scheme]] explorations of alientation .",0.046875,0.841796875,1,0,1,20,"Successful"
"the sort of film that makes me miss hitchcock , but also feel optimistic that there 's hope for popular cinema yet .","the sort of film that makes me miss hitchcock , but also feel optimistic that there 's hope for popular cinema yet .",0.10986328125,0.10986328125,1,1,1,100,"Failed"
"the primitive force of this film seems to bubble up from the vast collective [[memory]] of the combatants .","the primitive force of this film seems to bubble up from the vast collective [[retentivity]] of the combatants .",0.38134765625,0.93994140625,1,0,1,74,"Successful"
"the terrific and bewilderingly underrated campbell scott gives a star performance that is nothing short of mesmerizing .","the terrific and bewilderingly underrated campbell scott gives a star performance that is nothing short of mesmerizing .",0.0029296875,0.0029296875,1,1,1,100,"Failed"
"and if you 're not nearly moved to tears by a couple of scenes , you 've got ice water in your veins .","and if you 're not nearly moved to tears by a couple of scenes , you 've got ice water in your veins .",0.9072265625,0.9072265625,0,0,1,1,"Skipped"
"a lean , deftly shot , well-acted , weirdly retro thriller that recalls a raft of '60s and '70s european-set spy pictures .","a lean , deftly shot , well-acted , weirdly retro thriller that recalls a raft of '60s and '70s european-set spy pictures .",0.01171875,0.01171875,1,1,1,100,"Failed"
"the magic of the film lies not in the mysterious spring but in the [[richness]] of its performances .","the magic of the film lies not in the mysterious spring but in the [[rankness]] of its performances .",0.01171875,0.90185546875,1,0,1,90,"Successful"
"-lrb- lawrence bounces -rrb- all over the stage , dancing , running , sweating , mopping his face and generally displaying the wacky talent that brought him fame in the first place .","-lrb- lawrence bounces -rrb- all over the stage , dancing , running , sweating , mopping his face and generally displaying the wacky talent that brought him fame in the first place .",0.177734375,0.177734375,1,1,1,100,"Failed"
"what distinguishes time of favor from countless other thrillers is its underlying concern with the consequences of words and with the complicated emotions fueling terrorist acts .","what distinguishes time of favor from countless other thrillers is its underlying concern with the consequences of words and with the complicated emotions fueling terrorist acts .",0.236328125,0.236328125,1,1,1,100,"Failed"
"crackerjack entertainment -- nonstop romance , music , suspense and [[action]] .","crackerjack entertainment -- nonstop romance , music , suspense and [[litigate]] .",0.05126953125,0.72802734375,1,0,1,47,"Successful"
"with its dogged hollywood naturalism and the inexorable passage of its characters toward sainthood , windtalkers is nothing but a sticky-sweet [[soap]] .","with its dogged hollywood naturalism and the inexorable passage of its characters toward sainthood , windtalkers is nothing but a sticky-sweet [[scoop]] .",0.08740234375,0.68603515625,0,1,0,75,"Successful"
"in its best moments , resembles a bad high school production of grease , without benefit of song .","in its best moments , resembles a bad high school production of grease , without benefit of song .",0.00146484375,0.00146484375,0,0,0,100,"Failed"
"... designed to provide a mix of smiles and tears , `` crossroads '' instead provokes a handful of unintentional howlers and numerous yawns .","... designed to provide a mix of smiles and tears , `` crossroads '' instead provokes a handful of unintentional howlers and numerous yawns .",0.01171875,0.01171875,0,0,0,100,"Failed"
"worth [[watching]] for dong jie 's performance -- and for the way it documents a culture in the throes of rapid [[change]] .","worth [[check]] for dong jie 's performance -- and for the way it documents a culture in the throes of rapid [[vary]] .",0.01904296875,0.8671875,1,0,1,91,"Successful"
"if you are an actor who can relate to the search for inner peace by dramatically depicting the lives of others onstage , then esther 's story is a compelling quest for truth .","if you are an actor who can relate to the search for inner peace by dramatically depicting the lives of others onstage , then esther 's story is a compelling quest for truth .",0.05126953125,0.05126953125,1,1,1,100,"Failed"
"unlike the speedy wham-bam effect of most hollywood offerings , character development -- and more importantly , character empathy -- is at the heart of italian for beginners .","unlike the speedy wham-bam effect of most hollywood offerings , character development -- and more importantly , character empathy -- is at the heart of italian for beginners .",0.02587890625,0.02587890625,1,1,1,100,"Failed"
"stultifyingly , dumbfoundingly , mind-numbingly [[bad]] .","stultifyingly , dumbfoundingly , mind-numbingly [[big]] .",0.0029296875,0.03369140625,0,0,0,37,"Failed"
"`` mostly martha '' is a bright , light modern day family parable that wears its heart on its sleeve for all to see .","`` mostly martha '' is a bright , light modern day family parable that wears its heart on its sleeve for all to see .",0.0126953125,0.0126953125,1,1,1,100,"Failed"
"no [[telegraphing]] is too obvious or simplistic for this [[movie]] .","no [[wire]] is too obvious or simplistic for this [[pic]] .",0.0224609375,0.248046875,0,0,0,19,"Failed"
"writer-director 's mehta 's effort has tons of charm and the whimsy is in the mixture , the intoxicating masala , of cultures and film genres .","writer-director 's mehta 's effort has tons of charm and the whimsy is in the mixture , the intoxicating masala , of cultures and film genres .",0.00830078125,0.00830078125,1,1,1,100,"Failed"
"... takes the beauty of baseball and melds it with a story that could touch anyone regardless of their familiarity with the sport","... takes the beauty of baseball and melds it with a story that could touch anyone regardless of their familiarity with the sport",0.0029296875,0.0029296875,1,1,1,100,"Failed"
"one of the smartest takes on singles culture i 've seen in a long time .","one of the smartest takes on singles culture i 've seen in a long time .",0.0009765625,0.0009765625,1,1,1,100,"Failed"
"it 's not original , and , robbed of the element of surprise , it does n't have any huge laughs in its story of irresponsible cops who love to play pranks .","it 's not original , and , robbed of the element of surprise , it does n't have any huge laughs in its story of irresponsible cops who love to play pranks .",0.001953125,0.001953125,0,0,0,100,"Failed"
"this re-do is so [[dumb]] and so exploitative in its [[violence]] that , ironically , it becomes everything that the rather [[clumsy]] original was railing against .","this re-do is so [[dense]] and so exploitative in its [[wildness]] that , ironically , it becomes everything that the rather [[clunky]] original was railing against .",0.02587890625,0.19189453125,0,0,0,100,"Failed"
"to call the other [[side]] of heaven `` appalling '' would be to underestimate just how [[dangerous]] entertainments like it can be .","to call the other [[English]] of heaven `` appalling '' would be to underestimate just how [[serious]] entertainments like it can be .",0.02392578125,0.6298828125,0,1,0,92,"Successful"
"it has [[charm]] to [[spare]] , and [[unlike]] many romantic comedies , it does not [[alienate]] either gender in the audience .","it has [[bewitch]] to [[scanty]] , and [[dissimilar]] many romantic comedies , it does not [[alien]] either gender in the audience .",0.00634765625,0.8974609375,1,0,1,100,"Successful"
"a great ensemble cast ca n't lift this heartfelt enterprise out of the familiar .","a great ensemble cast ca n't lift this heartfelt enterprise out of the familiar .",0.00390625,0.00390625,0,0,0,100,"Failed"
"lapaglia 's ability to convey grief and hope works with weaver 's sensitive reactions to make this a two-actor master class .","lapaglia 's ability to convey grief and hope works with weaver 's sensitive reactions to make this a two-actor master class .",0.01708984375,0.01708984375,1,1,1,100,"Failed"
"my thoughts were focused on the [[characters]] .","my thoughts were focused on the [[eccentric]] .",0.07373046875,0.92724609375,1,0,1,52,"Successful"
"it 's [[slow]] -- very , very [[slow]] .","it 's [[easy]] -- very , very [[easy]] .",0.0048828125,0.986328125,0,1,0,87,"Successful"
"though it 's become almost redundant to say so , major kudos go to leigh for actually casting people who look working-class .","though it 's become almost redundant to say so , major kudos go to leigh for actually casting people who look working-class .",0.0517578125,0.0517578125,1,1,1,100,"Failed"
"should have been [[someone]] else -","should have been [[mortal]] else -",0.001953125,0.01611328125,0,0,0,13,"Failed"
"it 's so good that its relentless , polished wit can withstand not only inept school productions , but even oliver parker 's movie adaptation .","it 's so good that its relentless , polished wit can withstand not only inept school productions , but even oliver parker 's movie adaptation .",0.00927734375,0.00927734375,1,1,1,100,"Failed"
"it feels like an after-school special gussied up with some fancy special effects , and watching its rote plot points connect is about as exciting as gazing at an egg timer for 93 minutes .","it feels like an after-school special gussied up with some fancy special effects , and watching its rote plot points connect is about as exciting as gazing at an egg timer for 93 minutes .",0.0009765625,0.0009765625,0,0,0,100,"Failed"
"indifferently [[implausible]] popcorn [[programmer]] of a [[movie]] .","indifferently [[farfetched]] popcorn [[coder]] of a [[pic]] .",0.0185546875,0.037109375,0,0,0,18,"Failed"
"even the finest chef ca n't make a hotdog into anything more than a hotdog , and robert de niro ca n't make this movie anything more than a trashy cop buddy comedy .","even the finest chef ca n't make a hotdog into anything more than a hotdog , and robert de niro ca n't make this movie anything more than a trashy cop buddy comedy .",0.01025390625,0.01025390625,0,0,0,100,"Failed"
"it 's fascinating to see how bettany and mcdowell play off each other .","it 's fascinating to see how bettany and mcdowell play off each other .",0.01513671875,0.01513671875,1,1,1,100,"Failed"
"teen movies have really hit the [[skids]] .","teen movies have really hit the [[slew]] .",0.00146484375,0.96044921875,0,1,0,57,"Successful"
"stephen rea , aidan quinn , and alan bates play desmond 's legal eagles , and when joined by brosnan , the sight of this grandiloquent quartet lolling in pretty irish settings is a pleasant enough thing , ` tis .","stephen rea , aidan quinn , and alan bates play desmond 's legal eagles , and when joined by brosnan , the sight of this grandiloquent quartet lolling in pretty irish settings is a pleasant enough thing , ` tis .",0.9619140625,0.9619140625,0,0,1,1,"Skipped"
"even on those rare occasions when the narrator stops yammering , miller 's hand often feels unsure .","even on those rare occasions when the narrator stops yammering , miller 's hand often feels unsure .",0.01220703125,0.01220703125,0,0,0,100,"Failed"
"every time you look , sweet home alabama is taking another bummer of a wrong turn .","every time you look , sweet home alabama is taking another bummer of a wrong turn .",0.00537109375,0.00537109375,0,0,0,100,"Failed"
"it gets onto the screen just about as much of the novella as one could reasonably expect , and is engrossing and moving in its own right .","it gets onto the screen just about as much of the novella as one could reasonably expect , and is engrossing and moving in its own right .",0.005859375,0.005859375,1,1,1,100,"Failed"
"a poignant , [[artfully]] crafted meditation on mortality .","a poignant , [[disingenuously]] crafted meditation on mortality .",0.02490234375,0.95849609375,1,0,1,25,"Successful"
"one of the best films of the year with its exploration of the obstacles to happiness faced by five contemporary individuals ... a psychological masterpiece .","one of the best films of the year with its exploration of the obstacles to happiness faced by five contemporary individuals ... a psychological masterpiece .",0.001953125,0.001953125,1,1,1,100,"Failed"
"no sophomore slump for director sam mendes , who segues from oscar winner to oscar-winning potential with a [[smooth]] sleight of hand .","no sophomore slump for director sam mendes , who segues from oscar winner to oscar-winning potential with a [[bland]] sleight of hand .",0.00927734375,0.986328125,1,0,1,85,"Successful"
"even if you do n't think -lrb- kissinger 's -rrb- any more guilty of criminal activity than most contemporary statesmen , he 'd sure make a courtroom trial great fun to watch .","even if you do n't think -lrb- kissinger 's -rrb- any more guilty of criminal activity than most contemporary statesmen , he 'd sure make a courtroom trial great fun to watch .",0.23388671875,0.23388671875,1,1,1,100,"Failed"
"... a story we have n't seen on the big screen before , and it 's a story that we as americans , and human beings , should know .","... a story we have n't seen on the big screen before , and it 's a story that we as americans , and human beings , should know .",0.01904296875,0.01904296875,1,1,1,100,"Failed"
"irwin is a man with enough charisma and audacity to carry a dozen films , but this particular result is ultimately held back from being something greater .","irwin is a man with enough charisma and audacity to carry a dozen films , but this particular result is ultimately held back from being something greater .",0.0361328125,0.0361328125,0,0,0,100,"Failed"
"instead of a hyperbolic beat-charged urban western , it 's an unpretentious , sociologically pointed [[slice]] of life .","instead of a hyperbolic beat-charged urban western , it 's an unpretentious , sociologically pointed [[gash]] of life .",0.4111328125,0.962890625,1,0,1,69,"Successful"
"the film 's few ideas are stretched to the point of evaporation ; the whole central section is one big chase that seems to have no goal and no urgency .","the film 's few ideas are stretched to the point of evaporation ; the whole central section is one big chase that seems to have no goal and no urgency .",0.00048828125,0.00048828125,0,0,0,100,"Failed"
"though perry and hurley make inspiring efforts to breathe life into the disjointed , haphazard script by jay scherick and david ronn , neither the actors nor director reginald hudlin can make it more than fitfully entertaining .","though perry and hurley make inspiring efforts to breathe life into the disjointed , haphazard script by jay scherick and david ronn , neither the actors nor director reginald hudlin can make it more than fitfully entertaining .",0.6181640625,0.6181640625,1,1,0,1,"Skipped"
"woody allen 's latest is an ambling , broad comedy about all there is to [[love]] -- and hate -- about the movie biz .","woody allen 's latest is an ambling , broad comedy about all there is to [[know]] -- and hate -- about the movie biz .",0.19677734375,0.9931640625,1,0,1,85,"Successful"
"there 's too much falseness to the second half , and what began as an intriguing look at youth fizzles into a dull , ridiculous attempt at heart-tugging .","there 's too much falseness to the second half , and what began as an intriguing look at youth fizzles into a dull , ridiculous attempt at heart-tugging .",0.00146484375,0.00146484375,0,0,0,100,"Failed"
"as a first-time director , paxton has tapped something in himself as an actor that provides frailty with its dark soul .","as a first-time director , paxton has tapped something in himself as an actor that provides frailty with its dark soul .",0.615234375,0.615234375,0,0,1,1,"Skipped"
"a gripping movie , played with performances that are all [[understated]] and [[touching]] .","a gripping movie , played with performances that are all [[downplay]] and [[disturb]] .",0.00244140625,0.9912109375,1,0,1,100,"Successful"
"too [[slow]] , too [[long]] and too [[little]] happens .","too [[easy]] , too [[tenacious]] and too [[short]] happens .",0.001953125,0.18017578125,0,0,0,100,"Failed"
"[[plays]] like a volatile and overlong w magazine fashion spread .","[[bet]] like a volatile and overlong w magazine fashion spread .",0.00341796875,0.0087890625,0,0,0,100,"Failed"
"[[attempts]] by this ensemble [[film]] to [[impart]] a message are so [[heavy-handed]] that they [[instead]] pummel the [[audience]] .","[[attack]] by this ensemble [[take]] to [[lend]] a message are so [[left-handed]] that they [[alternatively]] pummel the [[consultation]] .",0.00048828125,0.05908203125,0,0,0,100,"Failed"
"it 's a demented kitsch mess -lrb- although the smeary digital video does match the muddled narrative -rrb- , but it 's savvy about celebrity and has more guts and energy than much of what will open this year .","it 's a demented kitsch mess -lrb- although the smeary digital video does match the muddled narrative -rrb- , but it 's savvy about celebrity and has more guts and energy than much of what will open this year .",0.14306640625,0.14306640625,1,1,1,100,"Failed"
"bleakly funny , its characters all the more touching for refusing to pity or memorialize themselves .","bleakly funny , its characters all the more touching for refusing to pity or memorialize themselves .",0.82666015625,0.82666015625,0,0,1,1,"Skipped"
"it is [[amusing]] , and that 's all it needs to be .","it is [[laughable]] , and that 's all it needs to be .",0.06640625,0.97412109375,1,0,1,42,"Successful"
"the [[characters]] are [[interesting]] and often very creatively constructed from figure to backstory .","the [[fibre]] are [[worry]] and often very creatively constructed from figure to backstory .",0.00048828125,0.93359375,1,0,1,87,"Successful"
"a taut psychological thriller that does n't [[waste]] a moment of its two-hour running time .","a taut psychological thriller that does n't [[neutralise]] a moment of its two-hour running time .",0.02734375,0.99365234375,1,0,1,100,"Successful"
"... is an [[arthritic]] [[attempt]] at [[directing]] by callie khouri .","... is an [[rheumatoid]] [[undertake]] at [[guide]] by callie khouri .",0.00732421875,0.14404296875,0,0,0,88,"Failed"
"michael gerbosi 's script is economically [[packed]] with telling scenes .","michael gerbosi 's script is economically [[tamp]] with telling scenes .",0.01318359375,0.97998046875,1,0,1,82,"Successful"
"light years \/ several warp speeds \/ levels and levels of dilithium crystals better than the pitiful insurrection .","light years \/ several warp speeds \/ levels and levels of dilithium crystals better than the pitiful insurrection .",0.91357421875,0.91357421875,0,0,1,1,"Skipped"
"what was once [[original]] has been co-opted so [[frequently]] that it now [[seems]] [[pedestrian]] .","what was once [[pilot]] has been co-opted so [[oftentimes]] that it now [[appear]] [[footer]] .",0.00146484375,0.0234375,0,0,0,36,"Failed"
"at a time when half the so-called real movies are little more than live-action cartoons , it 's refreshing to see a cartoon that knows what it is , and knows the form 's history .","at a time when half the so-called real movies are little more than live-action cartoons , it 's refreshing to see a cartoon that knows what it is , and knows the form 's history .",0.05908203125,0.05908203125,1,1,1,100,"Failed"
"at the very least , if you do n't [[know]] anything about derrida when you walk into the theater , you wo n't [[know]] much more when you leave .","at the very least , if you do n't [[screw]] anything about derrida when you walk into the theater , you wo n't [[bonk]] much more when you leave .",0.0048828125,0.16650390625,0,0,0,100,"Failed"
"partway through watching this saccharine , easter-egg-colored concoction , you realize that it is made up of three episodes of a rejected tv show .","partway through watching this saccharine , easter-egg-colored concoction , you realize that it is made up of three episodes of a rejected tv show .",0.001953125,0.001953125,0,0,0,100,"Failed"
"bennett 's naturalistic performance speaks volumes more truth than any ` reality ' show , and anybody contemplating their own drastic life changes should watch some body first .","bennett 's naturalistic performance speaks volumes more truth than any ` reality ' show , and anybody contemplating their own drastic life changes should watch some body first .",0.0791015625,0.0791015625,1,1,1,100,"Failed"
"jose campanella delivers a loosely autobiographical story brushed with sentimentality but brimming with gentle humor , bittersweet pathos , and lyric moments that linger like snapshots of memory .","jose campanella delivers a loosely autobiographical story brushed with sentimentality but brimming with gentle humor , bittersweet pathos , and lyric moments that linger like snapshots of memory .",0.00732421875,0.00732421875,1,1,1,100,"Failed"
"... mafia , rap stars and hood rats butt their ugly heads in a regurgitation of cinematic violence that gives brutal birth to an unlikely , but likable , hero . '","... mafia , rap stars and hood rats butt their ugly heads in a regurgitation of cinematic violence that gives brutal birth to an unlikely , but likable , hero . '",0.48046875,0.48046875,1,1,1,100,"Failed"
"i [[got]] a headache watching this meaningless downer .","i [[amaze]] a headache watching this meaningless downer .",0.0009765625,0.00341796875,0,0,0,100,"Failed"
"montias ... pumps a lot of energy into his nicely nuanced narrative and surrounds himself with a cast of quirky -- but not stereotyped -- street characters .","montias ... pumps a lot of energy into his nicely nuanced narrative and surrounds himself with a cast of quirky -- but not stereotyped -- street characters .",0.02734375,0.02734375,1,1,1,100,"Failed"
"slapstick buffoonery can tickle many a preschooler 's fancy , but when it costs a family of four about $ 40 to see a film in theaters , why spend money on a dog like this when you can rent a pedigree instead ?","slapstick buffoonery can tickle many a preschooler 's fancy , but when it costs a family of four about $ 40 to see a film in theaters , why spend money on a dog like this when you can rent a pedigree instead ?",0.9892578125,0.9892578125,1,1,0,1,"Skipped"
"his comedy premises are often hackneyed or just plain crude , calculated to provoke shocked laughter , without following up on a deeper level .","his comedy premises are often hackneyed or just plain crude , calculated to provoke shocked laughter , without following up on a deeper level .",0.0009765625,0.0009765625,0,0,0,100,"Failed"
"[[big]] fat [[waste]] of time .","[[bighearted]] fat [[neutralize]] of time .",0.00146484375,0.44921875,0,0,0,100,"Failed"
"it 's not that kung pow is n't funny some of the time -- it just is n't any funnier than bad martial arts movies are all by themselves , without all oedekerk 's [[impish]] augmentation .","it 's not that kung pow is n't funny some of the time -- it just is n't any funnier than bad martial arts movies are all by themselves , without all oedekerk 's [[mischievous]] augmentation .",0.00537109375,0.96630859375,0,1,0,100,"Successful"
"a delightful coming-of-age [[story]] .","a delightful coming-of-age [[fib]] .",0.0009765625,0.982421875,1,0,1,31,"Successful"
"binoche makes it interesting trying to find out .","binoche makes it interesting trying to find out .",0.77734375,0.77734375,0,0,1,1,"Skipped"
"the [[humor]] is [[forced]] and [[heavy-handed]] , and occasionally [[simply]] unpleasant .","the [[witticism]] is [[drive]] and [[left-handed]] , and occasionally [[merely]] unpleasant .",0.00048828125,0.04345703125,0,0,0,77,"Failed"
"... a [[fun]] little timewaster , helped especially by the [[cool]] presence of jean reno .","... a [[sport]] little timewaster , helped especially by the [[nerveless]] presence of jean reno .",0.02880859375,0.93359375,1,0,1,61,"Successful"
"prurient playthings aside , there 's [[little]] to love about this english trifle .","prurient playthings aside , there 's [[trivial]] to love about this english trifle .",0.00048828125,0.54296875,0,1,0,72,"Successful"
"the old-world - meets-new mesh is incarnated in the movie 's soundtrack , a joyful effusion of disco bollywood that , by the end of monsoon wedding , sent my spirit soaring out of the theater .","the old-world - meets-new mesh is incarnated in the movie 's soundtrack , a joyful effusion of disco bollywood that , by the end of monsoon wedding , sent my spirit soaring out of the theater .",0.01611328125,0.01611328125,1,1,1,100,"Failed"
"as surreal as a [[dream]] and as detailed as a photograph , as visually dexterous as it is at times imaginatively [[overwhelming]] .","as surreal as a [[woolgather]] and as detailed as a photograph , as visually dexterous as it is at times imaginatively [[drown]] .",0.03369140625,0.7060546875,1,0,1,66,"Successful"
"director uwe boll and the actors provide scant reason to [[care]] in this crude '70s throwback .","director uwe boll and the actors provide scant reason to [[fear]] in this crude '70s throwback .",0.00048828125,0.00830078125,0,0,0,100,"Failed"
"the continued good chemistry between carmen and juni is what keeps this slightly disappointing sequel going , with enough amusing banter -- blessedly curse-free -- to keep both kids and parents entertained .","the continued good chemistry between carmen and juni is what keeps this slightly disappointing sequel going , with enough amusing banter -- blessedly curse-free -- to keep both kids and parents entertained .",0.01611328125,0.01611328125,1,1,1,100,"Failed"
"puts a human [[face]] on a land most westerners are unfamiliar with .","puts a human [[grimace]] on a land most westerners are unfamiliar with .",0.0498046875,0.9951171875,1,0,1,75,"Successful"
"unflinchingly [[bleak]] and [[desperate]]","unflinchingly [[raw]] and [[heroic]]",0.0009765625,0.978515625,0,1,0,28,"Successful"
"the [[heavy-handed]] [[film]] is almost [[laughable]] as a [[consequence]] .","the [[bumbling]] [[picture]] is almost [[amusing]] as a [[upshot]] .",0.0048828125,0.4150390625,0,0,0,98,"Failed"
"it has the [[charm]] of the [[original]] american road [[movies]] , feasting on the gorgeous , ramshackle landscape of the filmmaker 's motherland .","it has the [[bewitch]] of the [[pilot]] american road [[pic]] , feasting on the gorgeous , ramshackle landscape of the filmmaker 's motherland .",0.04833984375,0.60009765625,1,0,1,77,"Successful"
"works hard to establish rounded characters , but then has nothing fresh or particularly interesting to say about them .","works hard to establish rounded characters , but then has nothing fresh or particularly interesting to say about them .",0.00146484375,0.00146484375,0,0,0,100,"Failed"
"verbinski implements every hack-artist [[trick]] to give [[us]] the ooky-spookies .","verbinski implements every hack-artist [[magic]] to give [[u]] the ooky-spookies .",0.1025390625,0.5771484375,0,1,0,93,"Successful"
"uncommonly stylish but equally silly ... the picture fails to generate much suspense , nor does it ask searching enough questions to justify its pretensions .","uncommonly stylish but equally silly ... the picture fails to generate much suspense , nor does it ask searching enough questions to justify its pretensions .",0.0009765625,0.0009765625,0,0,0,100,"Failed"
"as [[vulgar]] as it is [[banal]] .","as [[vernacular]] as it is [[well-worn]] .",0.0078125,0.23388671875,0,0,0,43,"Failed"
"i 'm just too [[bored]] to [[care]] .","i 'm just too [[drill]] to [[fear]] .",0.0009765625,0.1708984375,0,0,0,51,"Failed"
"i had to look away - this was god [[awful]] .","i had to look away - this was god [[awesome]] .",0.001953125,0.8291015625,0,1,0,93,"Successful"
"a dumb movie with dumb characters doing dumb things and you have to be really dumb not to see where this is going .","a dumb movie with dumb characters doing dumb things and you have to be really dumb not to see where this is going .",0.00146484375,0.00146484375,0,0,0,100,"Failed"
"what really makes it special is that it pulls us into its world , gives us a hero whose suffering and triumphs we can share , surrounds him with interesting characters and sends us out of the theater feeling we 've shared a great adventure .","what really makes it special is that it pulls us into its world , gives us a hero whose suffering and triumphs we can share , surrounds him with interesting characters and sends us out of the theater feeling we 've shared a great adventure .",0.00390625,0.00390625,1,1,1,100,"Failed"
"of course , by more [[objective]] measurements it 's still quite [[bad]] .","of course , by more [[documentary]] measurements it 's still quite [[big]] .",0.00390625,0.48828125,0,0,0,100,"Failed"
"for this reason and this reason only -- the power of its own steadfast , hoity-toity convictions -- chelsea walls deserves a [[medal]] .","for this reason and this reason only -- the power of its own steadfast , hoity-toity convictions -- chelsea walls deserves a [[palm]] .",0.14013671875,0.60009765625,1,0,1,77,"Successful"
"scores no [[points]] for originality , wit , or intelligence .","scores no [[charge]] for originality , wit , or intelligence .",0.00048828125,0.45703125,0,0,0,100,"Failed"
"though moonlight mile is replete with acclaimed actors and actresses and tackles a subject that 's potentially moving , the movie is too predictable and too self-conscious to reach a level of high drama .","though moonlight mile is replete with acclaimed actors and actresses and tackles a subject that 's potentially moving , the movie is too predictable and too self-conscious to reach a level of high drama .",0.0029296875,0.0029296875,0,0,0,100,"Failed"
"it 's a [[charming]] and often affecting journey .","it 's a [[sorcerous]] and often affecting journey .",0.0078125,0.99072265625,1,0,1,68,"Successful"
"nervous [[breakdowns]] are not [[entertaining]] .","nervous [[breakdown]] are not [[hold]] .",0.0009765625,0.05126953125,0,0,0,40,"Failed"
"this is a [[story]] of two misfits who do n't stand a chance [[alone]] , but together they are magnificent .","this is a [[fib]] of two misfits who do n't stand a chance [[entirely]] , but together they are magnificent .",0.0400390625,0.6962890625,1,0,1,100,"Successful"
"atom egoyan has conjured up a multilayered work that tackles any number of fascinating issues","atom egoyan has conjured up a multilayered work that tackles any number of fascinating issues",0.0029296875,0.0029296875,1,1,1,100,"Failed"
"as the latest bid in the tv-to-movie franchise game , i spy makes its big-screen entry with little of the nervy originality of its groundbreaking small-screen progenitor .","as the latest bid in the tv-to-movie franchise game , i spy makes its big-screen entry with little of the nervy originality of its groundbreaking small-screen progenitor .",0.01025390625,0.01025390625,0,0,0,100,"Failed"
"it 's one of those baseball pictures where the hero is stoic , the wife is patient , the kids are as cute as all get-out and the odds against success are long enough to intimidate , but short enough to make a dream seem possible .","it 's one of those baseball pictures where the hero is stoic , the wife is patient , the kids are as cute as all get-out and the odds against success are long enough to intimidate , but short enough to make a dream seem possible .",0.04833984375,0.04833984375,1,1,1,100,"Failed"
"no [[way]] i can [[believe]] this [[load]] of [[junk]] .","no [[means]] i can [[conceive]] this [[adulterate]] of [[dust]] .",0.00146484375,0.01806640625,0,0,0,83,"Failed"
"we know the plot 's a little crazy , but it held my interest from start to finish .","we know the plot 's a little crazy , but it held my interest from start to finish .",0.0654296875,0.0654296875,1,1,1,100,"Failed"
"will [[amuse]] and provoke adventurous adults in specialty venues .","will [[disport]] and provoke adventurous adults in specialty venues .",0.025390625,0.5546875,1,0,1,45,"Successful"
"another one of those estrogen overdose movies like `` divine secrets of the ya ya sisterhood , '' except that the writing , acting and character development are a lot better .","another one of those estrogen overdose movies like `` divine secrets of the ya ya sisterhood , '' except that the writing , acting and character development are a lot better .",0.07275390625,0.07275390625,1,1,1,100,"Failed"
"byler reveals his characters in a way that intrigues and even fascinates us , and he never reduces the situation to simple melodrama .","byler reveals his characters in a way that intrigues and even fascinates us , and he never reduces the situation to simple melodrama .",0.0029296875,0.0029296875,1,1,1,100,"Failed"
"the [[humor]] is n't as [[sharp]] , the [[effects]] not as innovative , nor the story as imaginative as in the original .","the [[witticism]] is n't as [[acutely]] , the [[burden]] not as innovative , nor the story as imaginative as in the original .",0.0009765625,0.0068359375,0,0,0,100,"Failed"
"[[instead]] of [[hiding]] pinocchio from critics , miramax should have [[hidden]] it from everyone .","[[alternatively]] of [[obliterate]] pinocchio from critics , miramax should have [[secret]] it from everyone .",0.00439453125,0.033203125,0,0,0,54,"Failed"
"a moody , multi-dimensional love story and sci-fi mystery , solaris is a thought-provoking , haunting film that allows the seeds of the imagination to germinate .","a moody , multi-dimensional love story and sci-fi mystery , solaris is a thought-provoking , haunting film that allows the seeds of the imagination to germinate .",0.0048828125,0.0048828125,1,1,1,100,"Failed"
"offers very little genuine romance and even fewer laughs ... a sad sitcom of a movie , largely devoid of charm .","offers very little genuine romance and even fewer laughs ... a sad sitcom of a movie , largely devoid of charm .",0.00048828125,0.00048828125,0,0,0,100,"Failed"
"it haunts you , you ca n't [[forget]] it , you admire its conception and are able to [[resolve]] some of the confusions you had while [[watching]] it .","it haunts you , you ca n't [[bury]] it , you admire its conception and are able to [[decide]] some of the confusions you had while [[observance]] it .",0.14013671875,0.546875,1,0,1,93,"Successful"
"sometimes seems less like storytelling than something the otherwise compelling director needed to get off his chest .","sometimes seems less like storytelling than something the otherwise compelling director needed to get off his chest .",0.0009765625,0.0009765625,0,0,0,100,"Failed"
"as a rumor of angels reveals itself to be a sudsy tub of supernatural hokum , not even ms. redgrave 's noblest efforts can redeem it from hopeless sentimentality .","as a rumor of angels reveals itself to be a sudsy tub of supernatural hokum , not even ms. redgrave 's noblest efforts can redeem it from hopeless sentimentality .",0.00341796875,0.00341796875,0,0,0,100,"Failed"
"[[almost]] gags on its own [[gore]] .","[[near]] gags on its own [[panel]] .",0.0400390625,0.1845703125,0,0,0,50,"Failed"
"the [[film]] is quiet , threatening and unforgettable .","the [[picture]] is quiet , threatening and unforgettable .",0.4111328125,0.943359375,1,0,1,62,"Successful"
"... the movie is just a plain [[old]] monster .","... the movie is just a plain [[honest-to-goodness]] monster .",0.00146484375,0.8857421875,0,1,0,72,"Successful"
"sustains its dreamlike glide through a succession of cheesy coincidences and voluptuous cheap effects , not the least of which is rebecca romijn-stamos .","sustains its dreamlike glide through a succession of cheesy coincidences and voluptuous cheap effects , not the least of which is rebecca romijn-stamos .",0.0927734375,0.0927734375,0,0,0,100,"Failed"
"displaying about equal amounts of naiveté , passion and talent , beneath clouds [[establishes]] sen as a filmmaker of considerable potential .","displaying about equal amounts of naiveté , passion and talent , beneath clouds [[launch]] sen as a filmmaker of considerable potential .",0.01806640625,0.0361328125,1,1,1,100,"Failed"
"it provides the grand , intelligent entertainment of a superior cast playing smart people amid a compelling plot .","it provides the grand , intelligent entertainment of a superior cast playing smart people amid a compelling plot .",0.00146484375,0.00146484375,1,1,1,100,"Failed"
"a strangely compelling and [[brilliantly]] [[acted]] psychological drama .","a strangely compelling and [[brightly]] [[pretend]] psychological drama .",0.0009765625,0.837890625,1,0,1,40,"Successful"
"i 'll [[bet]] the video game is a [[lot]] more fun than the film .","i 'll [[calculate]] the video game is a [[Lot]] more fun than the film .",0.1142578125,0.4609375,0,0,0,100,"Failed"
"every nanosecond of the the [[new]] [[guy]] [[reminds]] you that you could be doing something else [[far]] more [[pleasurable]] .","every nanosecond of the the [[unexampled]] [[Guy]] [[cue]] you that you could be doing something else [[ALIR]] more [[gratifying]] .",0.0029296875,0.30712890625,0,0,0,63,"Failed"
"the movie 's accumulated force still feels like an ugly knot tightening in your stomach .","the movie 's accumulated force still feels like an ugly knot tightening in your stomach .",0.00048828125,0.00048828125,0,0,0,100,"Failed"
"a [[broad]] , melodramatic estrogen [[opera]] that 's [[pretty]] toxic in its own [[right]] .","a [[tolerant]] , melodramatic estrogen [[Opera]] that 's [[moderately]] toxic in its own [[decently]] .",0.00341796875,0.10693359375,0,0,0,100,"Failed"
"minority report is exactly what the title indicates , a report .","minority report is exactly what the title indicates , a report .",0.92724609375,0.92724609375,0,0,1,1,"Skipped"
"the movie , directed by mick jackson , leaves no cliche unturned , from the predictable plot to the characters straight out of central casting .","the movie , directed by mick jackson , leaves no cliche unturned , from the predictable plot to the characters straight out of central casting .",0.00537109375,0.00537109375,0,0,0,100,"Failed"
"like mike is a winner for kids , and no doubt a winner for lil bow wow , who can now add movies to the list of things he does well .","like mike is a winner for kids , and no doubt a winner for lil bow wow , who can now add movies to the list of things he does well .",0.01904296875,0.01904296875,1,1,1,100,"Failed"
"confirms the nagging suspicion that ethan hawke would be even worse [[behind]] the camera than he is in front of it .","confirms the nagging suspicion that ethan hawke would be even worse [[buttocks]] the camera than he is in front of it .",0.0009765625,0.00439453125,0,0,0,100,"Failed"
"-lrb- [[e]] -rrb- ventually , every [[idea]] in this [[film]] is [[flushed]] down the latrine of [[heroism]] .","-lrb- [[tocopherol]] -rrb- ventually , every [[estimate]] in this [[pic]] is [[rosy-cheeked]] down the latrine of [[valor]] .",0.00634765625,0.36669921875,0,0,0,93,"Failed"
"this riveting world war ii moral suspense story deals with the shadow side of american culture : racial prejudice in its ugly and diverse forms .","this riveting world war ii moral suspense story deals with the shadow side of american culture : racial prejudice in its ugly and diverse forms .",0.017578125,0.017578125,0,0,0,100,"Failed"
"first-time writer-director serry shows a remarkable gift for storytelling with this moving , effective [[little]] film .","first-time writer-director serry shows a remarkable gift for storytelling with this moving , effective [[niggling]] film .",0.00146484375,0.00830078125,1,1,1,100,"Failed"
"while it 's genuinely cool to hear characters talk about early rap records -lrb- sugar hill gang , etc. -rrb- , the constant referencing of hip-hop arcana can alienate even the savviest audiences .","while it 's genuinely cool to hear characters talk about early rap records -lrb- sugar hill gang , etc. -rrb- , the constant referencing of hip-hop arcana can alienate even the savviest audiences .",0.01953125,0.01953125,0,0,0,100,"Failed"
"the far future may be awesome to consider , but from period detail to matters of the heart , this film is most transporting when it stays put in the past .","the far future may be awesome to consider , but from period detail to matters of the heart , this film is most transporting when it stays put in the past .",0.50390625,0.50390625,0,0,1,1,"Skipped"
"combining quick-cut editing and a blaring heavy metal much of the time , beck seems to be under the illusion that he 's shooting the latest system of a down video .","combining quick-cut editing and a blaring heavy metal much of the time , beck seems to be under the illusion that he 's shooting the latest system of a down video .",0.0224609375,0.0224609375,0,0,0,100,"Failed"
"there 's no [[emotional]] [[pulse]] to solaris .","there 's no [[aroused]] [[pulsate]] to solaris .",0.0009765625,0.01123046875,0,0,0,22,"Failed"
"the best that can be said about the work here of scottish director ritchie ... is that he obviously does n't have his heart in it .","the best that can be said about the work here of scottish director ritchie ... is that he obviously does n't have his heart in it .",0.00048828125,0.00048828125,0,0,0,100,"Failed"
"does paint some memorable images ... , but makhmalbaf keeps her distance from the characters","does paint some memorable images ... , but makhmalbaf keeps her distance from the characters",0.98876953125,0.98876953125,0,0,1,1,"Skipped"
"rare birds has more than enough charm to make it memorable .","rare birds has more than enough charm to make it memorable .",0.00390625,0.00390625,1,1,1,100,"Failed"
"generally , clockstoppers will fulfill your wildest fantasies about being a different kind of time traveler , while happily killing 94 minutes .","generally , clockstoppers will fulfill your wildest fantasies about being a different kind of time traveler , while happily killing 94 minutes .",0.67236328125,0.67236328125,0,0,1,1,"Skipped"
"[[dull]] , [[lifeless]] , and amateurishly [[assembled]] .","[[softened]] , [[exanimate]] , and amateurishly [[meet]] .",0.00048828125,0.03271484375,0,0,0,73,"Failed"
"the quality of the art combined with the humor and intelligence of the script allow the filmmakers to present the biblical message of forgiveness without it ever becoming preachy or syrupy .","the quality of the art combined with the humor and intelligence of the script allow the filmmakers to present the biblical message of forgiveness without it ever becoming preachy or syrupy .",0.0029296875,0.0029296875,1,1,1,100,"Failed"
"very [[bad]] .","very [[big]] .",0.0009765625,0.5966796875,0,1,0,34,"Successful"
"having had the good sense to cast actors who are , generally speaking , adored by the movie-going public , khouri then gets terrific performances from them all .","having had the good sense to cast actors who are , generally speaking , adored by the movie-going public , khouri then gets terrific performances from them all .",0.001953125,0.001953125,1,1,1,100,"Failed"
"a woman 's pic directed with resonance by ilya chaiken .","a woman 's pic directed with resonance by ilya chaiken .",0.50390625,0.50390625,0,0,1,1,"Skipped"
"mr. tsai is a very original artist in his [[medium]] , and what time is it there ?","mr. tsai is a very original artist in his [[average]] , and what time is it there ?",0.2119140625,0.9033203125,1,0,1,28,"Successful"
"for each chuckle there are at least 10 complete misses , many coming from the amazingly lifelike tara reid , whose acting skills are comparable to a cardboard cutout .","for each chuckle there are at least 10 complete misses , many coming from the amazingly lifelike tara reid , whose acting skills are comparable to a cardboard cutout .",0.0048828125,0.0048828125,0,0,0,100,"Failed"
"a by-the-numbers patient\/doctor pic that [[covers]] all the usual ground","a by-the-numbers patient\/doctor pic that [[address]] all the usual ground",0.048828125,0.43798828125,0,0,0,100,"Failed"
"a [[lackluster]] , [[unessential]] [[sequel]] to the [[classic]] disney adaptation of [[j]].m. barrie 's [[peter]] [[pan]] .","a [[lustreless]] , [[inessential]] [[subsequence]] to the [[definitive]] disney adaptation of [[J]].m. barrie 's [[shaft]] [[trash]] .",0.0009765625,0.0322265625,0,0,0,69,"Failed"
"why make a documentary about these marginal historical figures ?","why make a documentary about these marginal historical figures ?",0.0244140625,0.0244140625,0,0,0,100,"Failed"
"burns never really harnesses to full effect the energetic cast .","burns never really harnesses to full effect the energetic cast .",0.048828125,0.048828125,0,0,0,100,"Failed"
"oh [[come]] on .","oh [[do]] on .",0.00830078125,0.30419921875,0,0,0,41,"Failed"
"even with a green mohawk and a sheet of fire-red flame tattoos covering his shoulder , however , kilmer seems to be posing , rather than acting .","even with a green mohawk and a sheet of fire-red flame tattoos covering his shoulder , however , kilmer seems to be posing , rather than acting .",0.0361328125,0.0361328125,0,0,0,100,"Failed"
"its well of thorn and vinegar -lrb- and simple humanity -rrb- has long been plundered by similar works featuring the insight and punch this picture so conspicuously lacks .","its well of thorn and vinegar -lrb- and simple humanity -rrb- has long been plundered by similar works featuring the insight and punch this picture so conspicuously lacks .",0.01708984375,0.01708984375,0,0,0,100,"Failed"
"the notion that bombing buildings is the funniest thing in the world goes entirely unexamined in this startlingly unfunny comedy .","the notion that bombing buildings is the funniest thing in the world goes entirely unexamined in this startlingly unfunny comedy .",0.00146484375,0.00146484375,0,0,0,100,"Failed"
"at its [[worst]] , it implodes in a series of very [[bad]] special effects .","at its [[big]] , it implodes in a series of very [[big]] special effects .",0.001953125,0.6298828125,0,1,0,95,"Successful"
"and the [[lesson]] , in the [[end]] , is nothing [[new]] .","and the [[example]] , in the [[terminal]] , is nothing [[unexampled]] .",0.00830078125,0.27490234375,0,0,0,85,"Failed"
"... plays like somebody spliced random moments of a chris rock routine into what is otherwise a cliche-riddled but self-serious spy thriller .","... plays like somebody spliced random moments of a chris rock routine into what is otherwise a cliche-riddled but self-serious spy thriller .",0.00244140625,0.00244140625,0,0,0,100,"Failed"
"a misogynistic piece of filth that attempts to pass itself off as hip , young adult entertainment .","a misogynistic piece of filth that attempts to pass itself off as hip , young adult entertainment .",0.00048828125,0.00048828125,0,0,0,100,"Failed"
"[[slick]] piece of cross-promotion .","[[dodgy]] piece of cross-promotion .",0.0498046875,0.99755859375,1,0,1,61,"Successful"
"sade is an engaging look at the controversial eponymous and fiercely atheistic [[hero]] .","sade is an engaging look at the controversial eponymous and fiercely atheistic [[hoagy]] .",0.32421875,0.93359375,1,0,1,89,"Successful"
"deliriously [[funny]] , fast and loose , accessible to the uninitiated , and full of [[surprises]]","deliriously [[suspect]] , fast and loose , accessible to the uninitiated , and full of [[storm]]",0.0029296875,0.93798828125,1,0,1,99,"Successful"
"a literate presentation that wonderfully weaves a murderous event in 1873 with murderous rage in 2002 .","a literate presentation that wonderfully weaves a murderous event in 1873 with murderous rage in 2002 .",0.7060546875,0.7060546875,0,0,1,1,"Skipped"
"for the first time in years , de niro digs deep emotionally , perhaps because he 's been stirred by the powerful work of his co-stars .","for the first time in years , de niro digs deep emotionally , perhaps because he 's been stirred by the powerful work of his co-stars .",0.08251953125,0.08251953125,1,1,1,100,"Failed"
"birthday girl is an amusing joy ride , with some surprisingly violent moments .","birthday girl is an amusing joy ride , with some surprisingly violent moments .",0.56982421875,0.56982421875,0,0,1,1,"Skipped"
"a tender , witty , captivating film about friendship , [[love]] , memory , trust and loyalty .","a tender , witty , captivating film about friendship , [[bang]] , memory , trust and loyalty .",0.0029296875,0.0166015625,1,1,1,100,"Failed"
"while its careful pace and seemingly opaque story may not satisfy every moviegoer 's appetite , the film 's final scene is soaringly , transparently [[moving]] .","while its careful pace and seemingly opaque story may not satisfy every moviegoer 's appetite , the film 's final scene is soaringly , transparently [[displace]] .",0.0361328125,0.5078125,1,0,1,100,"Successful"
"... turns so unforgivably trite in its last 10 minutes that anyone without a fortified sweet tooth will likely go into sugar shock .","... turns so unforgivably trite in its last 10 minutes that anyone without a fortified sweet tooth will likely go into sugar shock .",0.001953125,0.001953125,0,0,0,100,"Failed"
"[[excessive]] , profane , packed with cartoonish [[violence]] and comic-strip characters .","[[exuberant]] , profane , packed with cartoonish [[wildness]] and comic-strip characters .",0.00341796875,0.88720703125,0,1,0,80,"Successful"
"if you 're hard up for raunchy college humor , this is your ticket [[right]] here .","if you 're hard up for raunchy college humor , this is your ticket [[flop]] here .",0.3173828125,0.990234375,1,0,1,89,"Successful"
"davis ... is so enamored of her own creation that she ca n't see how insufferable the character is .","davis ... is so enamored of her own creation that she ca n't see how insufferable the character is .",0.00732421875,0.00732421875,0,0,0,100,"Failed"
"it 's great escapist fun that recreates a place and time that will never happen again .","it 's great escapist fun that recreates a place and time that will never happen again .",0.29443359375,0.29443359375,1,1,1,100,"Failed"
"dazzles with its fully-written characters , its determined stylishness -lrb- which always relates to characters and story -rrb- and johnny dankworth 's best soundtrack in years .","dazzles with its fully-written characters , its determined stylishness -lrb- which always relates to characters and story -rrb- and johnny dankworth 's best soundtrack in years .",0.00439453125,0.00439453125,1,1,1,100,"Failed"
"highbrow self-appointed guardians of culture need not apply , but those who loved cool as ice have at last found a worthy follow-up .","highbrow self-appointed guardians of culture need not apply , but those who loved cool as ice have at last found a worthy follow-up .",0.29736328125,0.29736328125,1,1,1,100,"Failed"
"once -lrb- kim -rrb- begins to overplay the shock tactics and bait-and-tackle metaphors , you may decide it 's too high a price to pay for a shimmering picture postcard .","once -lrb- kim -rrb- begins to overplay the shock tactics and bait-and-tackle metaphors , you may decide it 's too high a price to pay for a shimmering picture postcard .",0.0048828125,0.0048828125,0,0,0,100,"Failed"
"-lrb- t -rrb- his beguiling belgian fable , very much its own droll and delicate little film , has some touching things to say about what is important in life and why .","-lrb- t -rrb- his beguiling belgian fable , very much its own droll and delicate little film , has some touching things to say about what is important in life and why .",0.017578125,0.017578125,1,1,1,100,"Failed"
"too often , the [[viewer]] is n't [[reacting]] to humor so [[much]] as they are wincing [[back]] in [[repugnance]] .","too often , the [[looker]] is n't [[oppose]] to humor so [[often]] as they are wincing [[endorse]] in [[inconsistency]] .",0.00048828125,0.0146484375,0,0,0,100,"Failed"
"it 's refreshing to see a girl-power movie that does n't feel it has to [[prove]] anything .","it 's refreshing to see a girl-power movie that does n't feel it has to [[raise]] anything .",0.0458984375,0.8857421875,1,0,1,100,"Successful"
"bogdanovich [[tantalizes]] by offering a peep show into the lives of the era 's creme [[de]] la celluloid .","bogdanovich [[bait]] by offering a peep show into the lives of the era 's creme [[Delaware]] la celluloid .",0.03466796875,0.46484375,1,1,1,100,"Failed"
"it 's a cookie-cutter [[movie]] , a cut-and-paste [[job]] .","it 's a cookie-cutter [[pic]] , a cut-and-paste [[problem]] .",0.0009765625,0.0078125,0,0,0,33,"Failed"
"it 's a grab bag of genres that do n't add up to a whole lot of sense .","it 's a grab bag of genres that do n't add up to a whole lot of sense .",0.00048828125,0.00048828125,0,0,0,100,"Failed"
"fun , flip and terribly hip [[bit]] of cinematic entertainment .","fun , flip and terribly hip [[flake]] of cinematic entertainment .",0.0498046875,0.98095703125,1,0,1,88,"Successful"
"just one [[bad]] idea after another .","just one [[big]] idea after another .",0.00048828125,0.6923828125,0,1,0,58,"Successful"
"it 's a lovely film with lovely performances by [[buy]] and accorsi .","it 's a lovely film with lovely performances by [[corrupt]] and accorsi .",0.017578125,0.974609375,1,0,1,35,"Successful"
"the script kicks in , and mr. hartley 's distended pace and foot-dragging rhythms [[follow]] .","the script kicks in , and mr. hartley 's distended pace and foot-dragging rhythms [[succeed]] .",0.02734375,0.9794921875,0,1,0,77,"Successful"
"does little more than play an innocuous [[game]] of [[fill-in]] - the-blanks with a tragic past .","does little more than play an innocuous [[gritty]] of [[relief]] - the-blanks with a tragic past .",0.0048828125,0.03125,0,0,0,100,"Failed"
"a hamfisted romantic comedy that makes our girl the hapless facilitator of an extended cheap shot across the mason-dixon line .","a hamfisted romantic comedy that makes our girl the hapless facilitator of an extended cheap shot across the mason-dixon line .",0.00634765625,0.00634765625,0,0,0,100,"Failed"
"like watching a dress rehearsal the week before the show goes up : everything 's in place but something 's just a little off-kilter .","like watching a dress rehearsal the week before the show goes up : everything 's in place but something 's just a little off-kilter .",0.01025390625,0.01025390625,0,0,0,100,"Failed"
"it 's a [[buggy]] [[drag]] .","it 's a [[roadster]] [[hale]] .",0.00830078125,0.63671875,0,1,0,69,"Successful"
"yakusho and shimizu ... create [[engaging]] characterizations in imamura 's lively and enjoyable cultural mix .","yakusho and shimizu ... create [[plight]] characterizations in imamura 's lively and enjoyable cultural mix .",0.0029296875,0.02197265625,1,1,1,100,"Failed"
"it 's a bad thing when a movie has about as much [[substance]] as its end credits blooper reel .","it 's a bad thing when a movie has about as much [[center]] as its end credits blooper reel .",0.0009765625,0.00244140625,0,0,0,100,"Failed"
"there is nothing outstanding about this film , but it is good enough and will likely be appreciated most by sailors and folks who know their way around a submarine .","there is nothing outstanding about this film , but it is good enough and will likely be appreciated most by sailors and folks who know their way around a submarine .",0.91259765625,0.91259765625,0,0,1,1,"Skipped"
"a synthesis of cliches and absurdities that seems positively decadent in its cinematic [[flash]] and emptiness .","a synthesis of cliches and absurdities that seems positively decadent in its cinematic [[heartbeat]] and emptiness .",0.02978515625,0.484375,0,0,0,100,"Failed"
"very special effects , brilliantly bold colors and heightened reality ca n't hide the giant achilles ' heel in `` stuart little 2 `` : there 's just no story , folks .","very special effects , brilliantly bold colors and heightened reality ca n't hide the giant achilles ' heel in `` stuart little 2 `` : there 's just no story , folks .",0.00146484375,0.00146484375,0,0,0,100,"Failed"
"manages to show [[life]] in all of its banality when the [[intention]] is quite the [[opposite]] .","manages to show [[liveliness]] in all of its banality when the [[design]] is quite the [[face-to-face]] .",0.0048828125,0.71875,0,1,0,100,"Successful"
"it 's about following your [[dreams]] , no matter what your parents think .","it 's about following your [[woolgather]] , no matter what your parents think .",0.07080078125,0.708984375,1,0,1,68,"Successful"
"the very definition of the ` small ' movie , but it is a [[good]] stepping stone for director sprecher .","the very definition of the ` small ' movie , but it is a [[just]] stepping stone for director sprecher .",0.08154296875,0.86865234375,1,0,1,100,"Successful"
"one from the [[heart]] .","one from the [[nitty-gritty]] .",0.04833984375,0.97900390625,1,0,1,78,"Successful"
"and when you 're talking about a slapstick comedy , that 's a pretty [[big]] problem .","and when you 're talking about a slapstick comedy , that 's a pretty [[great]] problem .",0.00927734375,0.9638671875,0,1,0,98,"Successful"
"this is so [[bad]] .","this is so [[big]] .",0.0009765625,0.64453125,0,1,0,34,"Successful"
"so devoid of any kind of intelligible story that it makes films like xxx and collateral damage seem like thoughtful treatises","so devoid of any kind of intelligible story that it makes films like xxx and collateral damage seem like thoughtful treatises",0.0009765625,0.0009765625,0,0,0,100,"Failed"
"ahhhh ... revenge is [[sweet]] !","ahhhh ... revenge is [[odorous]] !",0.10498046875,0.99609375,1,0,1,61,"Successful"
"against all odds in heaven and hell , it creeped me out just fine .","against all odds in heaven and hell , it creeped me out just fine .",0.896484375,0.896484375,0,0,1,1,"Skipped"
"the [[entire]] movie is about a boring , sad [[man]] being boring and [[sad]] .","the [[intact]] movie is about a boring , sad [[piece]] being boring and [[deplorable]] .",0.00048828125,0.00244140625,0,0,0,100,"Failed"
"it 's [[one]] heck of a character study -- not of hearst or davies but of the unique relationship between them .","it 's [[I]] heck of a character study -- not of hearst or davies but of the unique relationship between them .",0.119140625,0.82666015625,1,0,1,79,"Successful"
"the structure the film takes may find matt damon and ben affleck once again looking for residuals as this officially completes a good will hunting trilogy that was never planned .","the structure the film takes may find matt damon and ben affleck once again looking for residuals as this officially completes a good will hunting trilogy that was never planned .",0.85009765625,0.85009765625,0,0,1,1,"Skipped"
"whether writer-director anne fontaine 's film is a ghost story , an account of a nervous breakdown , a trip down memory lane , all three or none of the above , it is as seductive as it is haunting .","whether writer-director anne fontaine 's film is a ghost story , an account of a nervous breakdown , a trip down memory lane , all three or none of the above , it is as seductive as it is haunting .",0.03173828125,0.03173828125,1,1,1,100,"Failed"
"the man from elysian fields is a cold , bliss-less work that groans along thinking itself some important comment on how life throws us some beguiling curves .","the man from elysian fields is a cold , bliss-less work that groans along thinking itself some important comment on how life throws us some beguiling curves .",0.0224609375,0.0224609375,0,0,0,100,"Failed"
"the draw -lrb- for `` big bad love '' -rrb- is a solid performance by arliss howard .","the draw -lrb- for `` big bad love '' -rrb- is a solid performance by arliss howard .",0.05029296875,0.05029296875,1,1,1,100,"Failed"
"one of the more [[irritating]] cartoons you will see this , or any , year .","one of the more [[gravel]] cartoons you will see this , or any , year .",0.00244140625,0.0888671875,0,0,0,100,"Failed"
"basically a [[static]] series of semi-improvised -lrb- and semi-coherent -rrb- [[raps]] between the [[stars]] .","basically a [[stable]] series of semi-improvised -lrb- and semi-coherent -rrb- [[hip-hop]] between the [[virtuoso]] .",0.01025390625,0.32080078125,0,0,0,92,"Failed"
"for all its technical virtuosity , the film is so mired in juvenile and near-xenophobic pedagogy that it 's enough to make one pine for the day when godard can no longer handle the rigors of filmmaking .","for all its technical virtuosity , the film is so mired in juvenile and near-xenophobic pedagogy that it 's enough to make one pine for the day when godard can no longer handle the rigors of filmmaking .",0.60400390625,0.60400390625,1,1,0,1,"Skipped"
"a very long movie , dull in stretches , with entirely too much focus on meal preparation and igloo construction .","a very long movie , dull in stretches , with entirely too much focus on meal preparation and igloo construction .",0.00244140625,0.00244140625,0,0,0,100,"Failed"
"there is very little dread or apprehension , and though i [[like]] the creepy ideas , they are not [[executed]] with anything more than perfunctory skill .","there is very little dread or apprehension , and though i [[comparable]] the creepy ideas , they are not [[run]] with anything more than perfunctory skill .",0.00244140625,0.0927734375,0,0,0,100,"Failed"
"it 's [[fun]] lite .","it 's [[merriment]] lite .",0.12939453125,0.60009765625,1,0,1,14,"Successful"
"a big , gorgeous , sprawling swashbuckler that delivers its diversions in grand , uncomplicated fashion .","a big , gorgeous , sprawling swashbuckler that delivers its diversions in grand , uncomplicated fashion .",0.005859375,0.005859375,1,1,1,100,"Failed"
"the overall effect is less like a children 's movie than a recruitment film for future hollywood sellouts .","the overall effect is less like a children 's movie than a recruitment film for future hollywood sellouts .",0.00048828125,0.00048828125,0,0,0,100,"Failed"
"[[trite]] , [[banal]] , [[cliched]] , [[mostly]] inoffensive .","[[threadbare]] , [[threadbare]] , [[ready-made]] , [[generally]] inoffensive .",0.02978515625,0.5,0,0,0,56,"Failed"
"so much facile technique , such cute ideas , so little movie .","so much facile technique , such cute ideas , so little movie .",0.9365234375,0.9365234375,0,0,1,1,"Skipped"
"[[chilling]] , well-acted , and finely [[directed]] : david jacobson 's dahmer .","[[scary]] , well-acted , and finely [[head]] : david jacobson 's dahmer .",0.037109375,0.60400390625,1,0,1,76,"Successful"
"visually rather stunning , but ultimately a handsome-looking bore , the true creativity would have been to hide treasure planet entirely and completely reimagine it .","visually rather stunning , but ultimately a handsome-looking bore , the true creativity would have been to hide treasure planet entirely and completely reimagine it .",0.02197265625,0.02197265625,0,0,0,100,"Failed"
"a movie that successfully crushes a best selling novel into a timeframe that mandates that you avoid the godzilla sized soda .","a movie that successfully crushes a best selling novel into a timeframe that mandates that you avoid the godzilla sized soda .",0.97216796875,0.97216796875,0,0,1,1,"Skipped"
"once the 50 year old benigni appears as the title character , we find ourselves longing for the block of wood to come back .","once the 50 year old benigni appears as the title character , we find ourselves longing for the block of wood to come back .",0.02734375,0.02734375,0,0,0,100,"Failed"
"but taken as a stylish and energetic one-shot , the queen of the damned can not be said to suck .","but taken as a stylish and energetic one-shot , the queen of the damned can not be said to suck .",0.30419921875,0.30419921875,1,1,1,100,"Failed"
"at least one scene is so disgusting that viewers may be hard pressed to retain their lunch .","at least one scene is so disgusting that viewers may be hard pressed to retain their lunch .",0.0009765625,0.0009765625,0,0,0,100,"Failed"
"the movie has an infectious exuberance that will engage anyone with a passing interest in the skate\/surf culture , the l.a. beach scene and the imaginative -lrb- and sometimes illegal -rrb- ways kids can make a playground out of the refuse of adults .","the movie has an infectious exuberance that will engage anyone with a passing interest in the skate\/surf culture , the l.a. beach scene and the imaginative -lrb- and sometimes illegal -rrb- ways kids can make a playground out of the refuse of adults .",0.63525390625,0.63525390625,0,0,1,1,"Skipped"
"corpus collosum -- while undeniably interesting -- wore out its welcome well before the end credits rolled about 45 minutes in .","corpus collosum -- while undeniably interesting -- wore out its welcome well before the end credits rolled about 45 minutes in .",0.0029296875,0.0029296875,0,0,0,100,"Failed"
"this [[illuminating]] [[documentary]] [[transcends]] our preconceived vision of the holy land and its inhabitants , revealing the human complexities beneath .","this [[crystallise]] [[objective]] [[pass]] our preconceived vision of the holy land and its inhabitants , revealing the human complexities beneath .",0.00927734375,0.67919921875,1,0,1,100,"Successful"
"trademark american triteness and simplicity are tossed out the window with the intelligent french drama that deftly [[explores]] the difficult relationship between a father and son .","trademark american triteness and simplicity are tossed out the window with the intelligent french drama that deftly [[search]] the difficult relationship between a father and son .",0.35595703125,0.7880859375,1,0,1,83,"Successful"
"villeneuve spends too much time [[wallowing]] in bibi 's generic angst -lrb- there are a lot of shots of her gazing out windows -rrb- .","villeneuve spends too much time [[rejoice]] in bibi 's generic angst -lrb- there are a lot of shots of her gazing out windows -rrb- .",0.02490234375,0.0556640625,0,0,0,100,"Failed"
"what is 100 % [[missing]] here is a script of [[even]] the most elemental literacy , an inkling of genuine wit , and anything resembling acting .","what is 100 % [[overleap]] here is a script of [[fifty-fifty]] the most elemental literacy , an inkling of genuine wit , and anything resembling acting .",0.00048828125,0.33447265625,0,0,0,100,"Failed"
"as the two leads , lathan and diggs are [[charming]] and have chemistry both as friends and lovers .","as the two leads , lathan and diggs are [[influence]] and have chemistry both as friends and lovers .",0.00390625,0.06103515625,1,1,1,100,"Failed"
"like leon , it 's frustrating and still oddly likable .","like leon , it 's frustrating and still oddly likable .",0.865234375,0.865234375,0,0,1,1,"Skipped"
"if you can stomach the rough content , it 's worth checking out for the performances alone .","if you can stomach the rough content , it 's worth checking out for the performances alone .",0.0849609375,0.0849609375,1,1,1,100,"Failed"
"there 's really only one good idea in this movie , but the director runs with it and presents it with an unforgettable visual panache .","there 's really only one good idea in this movie , but the director runs with it and presents it with an unforgettable visual panache .",0.00244140625,0.00244140625,1,1,1,100,"Failed"
"and that [[leaves]] a [[hole]] in the center of the salton [[sea]] .","and that [[allow]] a [[fix]] in the center of the salton [[ocean]] .",0.0224609375,0.30419921875,0,0,0,100,"Failed"
"there 's ... tremendous energy from the cast , a sense of playfulness and excitement that seems appropriate .","there 's ... tremendous energy from the cast , a sense of playfulness and excitement that seems appropriate .",0.0048828125,0.0048828125,1,1,1,100,"Failed"
"director andrew niccol ... demonstrates a [[wry]] understanding of the quirks of fame .","director andrew niccol ... demonstrates a [[dry]] understanding of the quirks of fame .",0.03564453125,0.80810546875,1,0,1,57,"Successful"
"try as i may , i ca n't think of a single good reason to see this movie , even though everyone in my group extemporaneously shouted , ` thank you ! '","try as i may , i ca n't think of a single good reason to see this movie , even though everyone in my group extemporaneously shouted , ` thank you ! '",0.0048828125,0.0048828125,0,0,0,100,"Failed"
"shaky close-ups of turkey-on-rolls , stubbly chins , liver spots , red noses and the filmmakers new bobbed do draw easy chuckles but lead nowhere .","shaky close-ups of turkey-on-rolls , stubbly chins , liver spots , red noses and the filmmakers new bobbed do draw easy chuckles but lead nowhere .",0.0224609375,0.0224609375,0,0,0,100,"Failed"
"utterly lacking in charm , wit and invention , roberto benigni 's pinocchio is an astonishingly [[bad]] film .","utterly lacking in charm , wit and invention , roberto benigni 's pinocchio is an astonishingly [[big]] film .",0.00048828125,0.8291015625,0,1,0,93,"Successful"
"further proof that the epicenter of cool , beautiful , thought-provoking foreign cinema is smack-dab in the middle of dubya 's axis of evil .","further proof that the epicenter of cool , beautiful , thought-provoking foreign cinema is smack-dab in the middle of dubya 's axis of evil .",0.9326171875,0.9326171875,0,0,1,1,"Skipped"
"but what are [[adults]] doing in the [[theater]] at all ?","but what are [[grownup]] doing in the [[dramaturgy]] at all ?",0.0029296875,0.0048828125,0,0,0,17,"Failed"
"miller is playing so free with emotions , and the fact that children are hostages to fortune , that he makes the audience hostage to his swaggering affectation of seriousness .","miller is playing so free with emotions , and the fact that children are hostages to fortune , that he makes the audience hostage to his swaggering affectation of seriousness .",0.99267578125,0.99267578125,0,0,1,1,"Skipped"
"the piece plays as well as it does thanks in large measure to anspaugh 's three lead actresses .","the piece plays as well as it does thanks in large measure to anspaugh 's three lead actresses .",0.0166015625,0.0166015625,1,1,1,100,"Failed"
"what [[better]] message than ` love thyself ' could young women of any size receive ?","what [[adept]] message than ` love thyself ' could young women of any size receive ?",0.14404296875,0.92529296875,1,0,1,100,"Successful"
"if you enjoy more thoughtful comedies with interesting [[conflicted]] characters ; this [[one]] is for you .","if you enjoy more thoughtful comedies with interesting [[contravene]] characters ; this [[unmatched]] is for you .",0.01904296875,0.71875,1,0,1,75,"Successful"
"it 's like every bad idea that 's ever gone into an after-school special compiled in one place , minus those daytime programs ' slickness and sophistication -lrb- and who knew they even had any ? -rrb- .","it 's like every bad idea that 's ever gone into an after-school special compiled in one place , minus those daytime programs ' slickness and sophistication -lrb- and who knew they even had any ? -rrb- .",0.00830078125,0.00830078125,0,0,0,100,"Failed"
"the movie is beautiful to behold and engages one in a sense of epic struggle -- inner and outer -- that 's all too rare in hollywood 's hastier productions .","the movie is beautiful to behold and engages one in a sense of epic struggle -- inner and outer -- that 's all too rare in hollywood 's hastier productions .",0.00537109375,0.00537109375,1,1,1,100,"Failed"
"there 's not [[enough]] here to [[justify]] the [[almost]] [[two]] [[hours]] .","there 's not [[plenty]] here to [[apologise]] the [[well-nigh]] [[deuce]] [[minute]] .",0.0009765625,0.02294921875,0,0,0,60,"Failed"
"although huppert 's [[intensity]] and [[focus]] has a [[raw]] exhilaration about it , the [[piano]] teacher is anything but [[fun]] .","although huppert 's [[chroma]] and [[centering]] has a [[altogether]] exhilaration about it , the [[softly]] teacher is anything but [[sport]] .",0.0068359375,0.39599609375,0,0,0,100,"Failed"
"[[nothing]] is [[sacred]] in this gut-buster .","[[cipher]] is [[sanctified]] in this gut-buster .",0.00634765625,0.5966796875,0,1,0,34,"Successful"
"a [[tender]] , heartfelt family drama .","a [[cranky]] , heartfelt family drama .",0.26611328125,0.9951171875,1,0,1,65,"Successful"
"... nothing scary here except for some [[awful]] acting and lame special effects .","... nothing scary here except for some [[amazing]] acting and lame special effects .",0.00048828125,0.0673828125,0,0,0,100,"Failed"
"it made me want to wrench my eyes out of my head and toss them at the screen .","it made me want to wrench my eyes out of my head and toss them at the screen .",0.00146484375,0.00146484375,0,0,0,100,"Failed"
"but the power of these -lrb- subjects -rrb- is obscured by the majority of the film that shows a stationary camera on a subject that could be mistaken for giving a public oration , rather than contributing to a film 's narrative .","but the power of these -lrb- subjects -rrb- is obscured by the majority of the film that shows a stationary camera on a subject that could be mistaken for giving a public oration , rather than contributing to a film 's narrative .",0.9716796875,0.9716796875,1,1,0,1,"Skipped"
"suffocated by its fussy script and uptight characters , this musty adaptation is all the more annoying since it 's been packaged and sold back to us by hollywood .","suffocated by its fussy script and uptight characters , this musty adaptation is all the more annoying since it 's been packaged and sold back to us by hollywood .",0.00439453125,0.00439453125,0,0,0,100,"Failed"
"reign of fire looks as if it was made without much thought -- and is best watched that way .","reign of fire looks as if it was made without much thought -- and is best watched that way .",0.99365234375,0.99365234375,0,0,1,1,"Skipped"
"the acting , costumes , music , cinematography and sound are all astounding given the production 's austere locales .","the acting , costumes , music , cinematography and sound are all astounding given the production 's austere locales .",0.00244140625,0.00244140625,1,1,1,100,"Failed"
"this is n't [[even]] madonna 's swept [[away]] .","this is n't [[regular]] madonna 's swept [[forth]] .",0.0068359375,0.1142578125,0,0,0,64,"Failed"
"a coda in every sense , the pinochet case splits time between a minute-by-minute account of the british court 's extradition chess game and the regime 's talking-head survivors .","a coda in every sense , the pinochet case splits time between a minute-by-minute account of the british court 's extradition chess game and the regime 's talking-head survivors .",0.48046875,0.48046875,1,1,1,100,"Failed"
"brilliantly explores the conflict between following one 's heart and following the demands of tradition .","brilliantly explores the conflict between following one 's heart and following the demands of tradition .",0.04833984375,0.04833984375,1,1,1,100,"Failed"
"[[like]] you could n't [[smell]] this turkey [[rotting]] from [[miles]] [[away]] .","[[similar]] you could n't [[scent]] this turkey [[decomposition]] from [[mile]] [[off]] .",0.0517578125,0.55859375,0,1,0,95,"Successful"
"involves two mysteries -- one it gives away and the other featuring such badly drawn characters that its outcome hardly matters .","involves two mysteries -- one it gives away and the other featuring such badly drawn characters that its outcome hardly matters .",0.0009765625,0.0009765625,0,0,0,100,"Failed"
"i 'd have to say the star and director are the [[big]] problems here .","i 'd have to say the star and director are the [[handsome]] problems here .",0.0029296875,0.5546875,0,1,0,100,"Successful"
"-lrb- director -rrb- o'fallon manages to put some lovely pictures up on the big screen , but his skill at telling a story -- he also contributed to the screenplay -- falls short .","-lrb- director -rrb- o'fallon manages to put some lovely pictures up on the big screen , but his skill at telling a story -- he also contributed to the screenplay -- falls short .",0.00830078125,0.00830078125,0,0,0,100,"Failed"
"the [[problem]] with this [[film]] is that it lacks [[focus]] .","the [[job]] with this [[celluloid]] is that it lacks [[pore]] .",0.0009765625,0.00830078125,0,0,0,65,"Failed"
"on the [[whole]] , the movie [[lacks]] wit , feeling and believability to compensate for its incessant coarseness and banality .","on the [[all]] , the movie [[want]] wit , feeling and believability to compensate for its incessant coarseness and banality .",0.00048828125,0.00732421875,0,0,0,100,"Failed"
"... a magnificent drama well worth [[tracking]] down .","... a magnificent drama well worth [[cross]] down .",0.0009765625,0.87890625,1,0,1,42,"Successful"
"perceptive in its vision of nascent industrialized world politics as a new art form , but far too clunky , didactic and saddled with scenes that seem simply an ill fit for this movie .","perceptive in its vision of nascent industrialized world politics as a new art form , but far too clunky , didactic and saddled with scenes that seem simply an ill fit for this movie .",0.00341796875,0.00341796875,0,0,0,100,"Failed"
"for all the writhing and wailing , tears , rage and opium overdoses , there 's no sense of actual passion being washed away in love 's dissolution .","for all the writhing and wailing , tears , rage and opium overdoses , there 's no sense of actual passion being washed away in love 's dissolution .",0.00634765625,0.00634765625,0,0,0,100,"Failed"
"it 's an offbeat treat that pokes fun at the democratic exercise while also examining its significance for those who take part .","it 's an offbeat treat that pokes fun at the democratic exercise while also examining its significance for those who take part .",0.07080078125,0.07080078125,1,1,1,100,"Failed"
"old-form moviemaking at its [[best]] .","old-form moviemaking at its [[undecomposed]] .",0.01171875,0.99609375,1,0,1,90,"Successful"
"a sometimes [[tedious]] [[film]] .","a sometimes [[windy]] [[shoot]] .",0.0029296875,0.09521484375,0,0,0,44,"Failed"
"a gorgeous , witty , seductive [[movie]] .","a gorgeous , witty , seductive [[picture]] .",0.00634765625,0.0126953125,1,1,1,13,"Failed"
"moody , heartbreaking , and filmed in a natural , unforced style that makes its characters seem entirely convincing even when its script is not .","moody , heartbreaking , and filmed in a natural , unforced style that makes its characters seem entirely convincing even when its script is not .",0.0087890625,0.0087890625,1,1,1,100,"Failed"
"a nightmare date with a half-formed wit done a great disservice by a lack of critical distance and a sad trust in liberal arts college bumper sticker platitudes .","a nightmare date with a half-formed wit done a great disservice by a lack of critical distance and a sad trust in liberal arts college bumper sticker platitudes .",0.0029296875,0.0029296875,0,0,0,100,"Failed"
"late marriage 's stiffness is [[unlikely]] to demonstrate the emotional clout to sweep [[u]].s. viewers off their feet .","late marriage 's stiffness is [[unbelievable]] to demonstrate the emotional clout to sweep [[uracil]].s. viewers off their feet .",0.00341796875,0.546875,0,1,0,100,"Successful"
"a [[movie]] that reminds [[us]] of just how [[exciting]] and satisfying the fantasy cinema can be when it 's [[approached]] with [[imagination]] and flair .","a [[picture]] that reminds [[uranium]] of just how [[sex]] and satisfying the fantasy cinema can be when it 's [[near]] with [[imaging]] and flair .",0.00146484375,0.12109375,1,1,1,100,"Failed"
"but it still jingles in the pocket .","but it still jingles in the pocket .",0.734375,0.734375,0,0,1,1,"Skipped"
"it 's the chemistry between the women and the droll scene-stealing wit and wolfish pessimism of anna chancellor that makes this `` two weddings and a funeral '' fun .","it 's the chemistry between the women and the droll scene-stealing wit and wolfish pessimism of anna chancellor that makes this `` two weddings and a funeral '' fun .",0.0068359375,0.0068359375,1,1,1,100,"Failed"
"it all [[drags]] on so interminably it 's like watching a miserable relationship unfold in [[real]] time .","it all [[cart]] on so interminably it 's like watching a miserable relationship unfold in [[veridical]] time .",0.0009765625,0.00732421875,0,0,0,100,"Failed"
"it wants to tweak them with a taste of [[tangy]] new humor .","it wants to tweak them with a taste of [[sourish]] new humor .",0.14208984375,0.97412109375,1,0,1,59,"Successful"
"an unclassifiably [[awful]] [[study]] in self - and audience-abuse .","an unclassifiably [[awed]] [[analyze]] in self - and audience-abuse .",0.00146484375,0.01318359375,0,0,0,100,"Failed"
"[[comes]] ... uncomfortably [[close]] to coasting in the [[treads]] of the bicycle thief .","[[hail]] ... uncomfortably [[close-fitting]] to coasting in the [[stride]] of the bicycle thief .",0.02392578125,0.07568359375,0,0,0,100,"Failed"
"you do n't have to [[know]] about music to appreciate the film 's easygoing [[blend]] of comedy and romance .","you do n't have to [[fuck]] about music to appreciate the film 's easygoing [[conflate]] of comedy and romance .",0.044921875,0.80810546875,1,0,1,100,"Successful"
"the film makes a fatal mistake : it asks us to care about a young man whose only apparent virtue is that he is not quite as unpleasant as some of the people in his life .","the film makes a fatal mistake : it asks us to care about a young man whose only apparent virtue is that he is not quite as unpleasant as some of the people in his life .",0.001953125,0.001953125,0,0,0,100,"Failed"
"it will grip even viewers who are n't interested in rap , as it cuts to the heart of american society in an unnerving way .","it will grip even viewers who are n't interested in rap , as it cuts to the heart of american society in an unnerving way .",0.48046875,0.48046875,1,1,1,100,"Failed"
"challenging , intermittently [[engrossing]] and unflaggingly creative .","challenging , intermittently [[plunge]] and unflaggingly creative .",0.048828125,0.5966796875,1,0,1,37,"Successful"
"[[expect]] the same-old , lame-old slasher [[nonsense]] , just with [[different]] scenery .","[[gestate]] the same-old , lame-old slasher [[frill]] , just with [[dissimilar]] scenery .",0.00244140625,0.0166015625,0,0,0,54,"Failed"
"[[tries]] to add some spice to its quirky sentiments but the [[taste]] is all too familiar .","[[prove]] to add some spice to its quirky sentiments but the [[appreciation]] is all too familiar .",0.005859375,0.19677734375,0,0,0,100,"Failed"
"while the resident evil games may have set new standards for thrills , suspense , and gore for video games , the movie really only succeeds in the third of these .","while the resident evil games may have set new standards for thrills , suspense , and gore for video games , the movie really only succeeds in the third of these .",0.09423828125,0.09423828125,0,0,0,100,"Failed"
"beautifully [[observed]] , miraculously unsentimental comedy-drama .","beautifully [[honor]] , miraculously unsentimental comedy-drama .",0.03173828125,0.662109375,1,0,1,44,"Successful"
"a solid film ... but more conscientious than it is truly stirring .","a solid film ... but more conscientious than it is truly stirring .",0.98828125,0.98828125,0,0,1,1,"Skipped"
"stealing harvard aspires to comedic grand larceny but stands convicted of nothing more than petty theft of your time .","stealing harvard aspires to comedic grand larceny but stands convicted of nothing more than petty theft of your time .",0.0166015625,0.0166015625,0,0,0,100,"Failed"
"good old-fashioned slash-and-hack is [[back]] !","good old-fashioned slash-and-hack is [[backward]] !",0.02685546875,0.99462890625,1,0,1,89,"Successful"
"a movie with a real anarchic [[flair]] .","a movie with a real anarchic [[dash]] .",0.01171875,0.640625,1,0,1,34,"Successful"
"it 's [[one]] pussy-ass world when [[even]] killer-thrillers revolve [[around]] group therapy sessions .","it 's [[nonpareil]] pussy-ass world when [[fifty-fifty]] killer-thrillers revolve [[some]] group therapy sessions .",0.00390625,0.30419921875,0,0,0,100,"Failed"
"characters still need to function according to some set of believable and comprehensible impulses , no matter how many drugs they do or how much artistic license avary employs .","characters still need to function according to some set of believable and comprehensible impulses , no matter how many drugs they do or how much artistic license avary employs .",0.3701171875,0.3701171875,0,0,0,100,"Failed"
"a densely constructed , highly referential film , and an audacious return to form that can comfortably sit among jean-luc godard 's finest work .","a densely constructed , highly referential film , and an audacious return to form that can comfortably sit among jean-luc godard 's finest work .",0.00634765625,0.00634765625,1,1,1,100,"Failed"
"far more imaginative and ambitious than the trivial , cash-in features nickelodeon has made from its other animated tv series .","far more imaginative and ambitious than the trivial , cash-in features nickelodeon has made from its other animated tv series .",0.9658203125,0.9658203125,0,0,1,1,"Skipped"
"pumpkin means to be an outrageous dark satire on fraternity life , but its ambitions far exceed the abilities of writer adam larson broder and his co-director , tony r. abrams , in their feature debut .","pumpkin means to be an outrageous dark satire on fraternity life , but its ambitions far exceed the abilities of writer adam larson broder and his co-director , tony r. abrams , in their feature debut .",0.98291015625,0.98291015625,1,1,0,1,"Skipped"
"it 's too bad that the helping hand he uses to stir his ingredients is also a heavy one .","it 's too bad that the helping hand he uses to stir his ingredients is also a heavy one .",0.0048828125,0.0048828125,0,0,0,100,"Failed"
"zhang ... has done an amazing job of getting realistic performances from his mainly nonprofessional cast .","zhang ... has done an amazing job of getting realistic performances from his mainly nonprofessional cast .",0.00390625,0.00390625,1,1,1,100,"Failed"
"without ever becoming didactic , [[director]] carlos carrera expertly [[weaves]] this novelistic [[story]] of entangled interrelationships and complex morality .","without ever becoming didactic , [[conductor]] carlos carrera expertly [[tissue]] this novelistic [[tarradiddle]] of entangled interrelationships and complex morality .",0.00341796875,0.79833984375,1,0,1,90,"Successful"
"it 's [[hampered]] by a lifetime-channel kind of [[plot]] and a [[lead]] actress who is out of her [[depth]] .","it 's [[halter]] by a lifetime-channel kind of [[diagram]] and a [[star]] actress who is out of her [[profoundness]] .",0.0009765625,0.08056640625,0,0,0,100,"Failed"
"gives you the steady pulse of life in a beautiful city viewed through the eyes of a character who , in spite of tragic loss and increasing decrepitude , knows in his bones that he is one of the luckiest men alive .","gives you the steady pulse of life in a beautiful city viewed through the eyes of a character who , in spite of tragic loss and increasing decrepitude , knows in his bones that he is one of the luckiest men alive .",0.15625,0.15625,1,1,1,100,"Failed"
"-lrb- chaiken 's -rrb- talent [[lies]] in an [[evocative]] , accurate observation of a distinctive milieu and in the lively , [[convincing]] [[dialogue]] she creates for her [[characters]] .","-lrb- chaiken 's -rrb- talent [[dwell]] in an [[redolent]] , accurate observation of a distinctive milieu and in the lively , [[convert]] [[negotiation]] she creates for her [[grapheme]] .",0.00537109375,0.69921875,1,0,1,100,"Successful"
"a psychological thriller with a genuinely spooky premise and an above-average cast , actor bill paxton 's directing debut is a creepy slice of gothic rural americana .","a psychological thriller with a genuinely spooky premise and an above-average cast , actor bill paxton 's directing debut is a creepy slice of gothic rural americana .",0.00390625,0.00390625,1,1,1,100,"Failed"
"it 's worth [[seeing]] just on the basis of the wisdom , and at times , the startling optimism , of the children .","it 's worth [[assure]] just on the basis of the wisdom , and at times , the startling optimism , of the children .",0.01025390625,0.048828125,1,1,1,100,"Failed"
"dragonfly has no [[atmosphere]] , no [[tension]] -- [[nothing]] but costner , [[flailing]] [[away]] .","dragonfly has no [[atm]] , no [[stress]] -- [[null]] but costner , [[thresh]] [[off]] .",0.005859375,0.47265625,0,0,0,70,"Failed"
"the film flat lines when it should peak and is more missed opportunity and trifle than dark , decadent truffle .","the film flat lines when it should peak and is more missed opportunity and trifle than dark , decadent truffle .",0.0048828125,0.0048828125,0,0,0,100,"Failed"
"less dizzying than just [[dizzy]] , the jaunt is practically over before it begins .","less dizzying than just [[light-headed]] , the jaunt is practically over before it begins .",0.07373046875,0.0966796875,0,0,0,53,"Failed"
"a science-fiction pastiche so lacking in originality that if you [[stripped]] away its inspirations there would be precious little left .","a science-fiction pastiche so lacking in originality that if you [[bare]] away its inspirations there would be precious little left .",0.0009765625,0.00244140625,0,0,0,100,"Failed"
"-lrb- w -rrb- hile long on amiable monkeys and worthy environmentalism , jane goodall 's wild chimpanzees is short on the thrills the oversize medium demands .","-lrb- w -rrb- hile long on amiable monkeys and worthy environmentalism , jane goodall 's wild chimpanzees is short on the thrills the oversize medium demands .",0.09033203125,0.09033203125,0,0,0,100,"Failed"
"intriguing documentary which is emotionally diluted by focusing on the story 's least interesting subject .","intriguing documentary which is emotionally diluted by focusing on the story 's least interesting subject .",0.99853515625,0.99853515625,0,0,1,1,"Skipped"
"the son 's room is a triumph of gentility that earns its moments of [[pathos]] .","the son 's room is a triumph of gentility that earns its moments of [[ruth]] .",0.12744140625,0.6962890625,1,0,1,48,"Successful"
"a [[disappointment]] for those who [[love]] alternate versions of the bard , particularly ones that involve deep fryers and hamburgers .","a [[letdown]] for those who [[bang]] alternate versions of the bard , particularly ones that involve deep fryers and hamburgers .",0.00244140625,0.00927734375,0,0,0,100,"Failed"
"it 's clear the filmmakers were n't sure where they wanted their story to go , and even more clear that they lack the skills to get us to this undetermined destination .","it 's clear the filmmakers were n't sure where they wanted their story to go , and even more clear that they lack the skills to get us to this undetermined destination .",0.0009765625,0.0009765625,0,0,0,100,"Failed"
"... a hollow joke told by a cinematic gymnast having too much fun embellishing the misanthropic tale to actually [[engage]] it .","... a hollow joke told by a cinematic gymnast having too much fun embellishing the misanthropic tale to actually [[affiance]] it .",0.00341796875,0.009765625,0,0,0,100,"Failed"
"this time mr. burns is [[trying]] something in the martin scorsese street-realist mode , but his self-regarding sentimentality [[trips]] him up again .","this time mr. burns is [[nerve-racking]] something in the martin scorsese street-realist mode , but his self-regarding sentimentality [[spark]] him up again .",0.01123046875,0.837890625,0,1,0,100,"Successful"
"[[manages]] to be both [[repulsively]] sadistic and [[mundane]] .","[[cope]] to be both [[odiously]] sadistic and [[everyday]] .",0.0029296875,0.02783203125,0,0,0,55,"Failed"
"a simple , but gritty and well-acted ensemble drama that encompasses a potent metaphor for a country still dealing with its fascist past .","a simple , but gritty and well-acted ensemble drama that encompasses a potent metaphor for a country still dealing with its fascist past .",0.06201171875,0.06201171875,1,1,1,100,"Failed"
"the film is beautifully mounted , but , more to the point , the issues are subtly presented , managing to walk a fine line with regard to the question of joan 's madness .","the film is beautifully mounted , but , more to the point , the issues are subtly presented , managing to walk a fine line with regard to the question of joan 's madness .",0.09130859375,0.09130859375,1,1,1,100,"Failed"
"a [[sequel]] that 's [[much]] too [[big]] for its britches .","a [[subsequence]] that 's [[practically]] too [[giving]] for its britches .",0.00634765625,0.0517578125,0,0,0,81,"Failed"
"this is an egotistical endeavor from the daughter of horror director dario argento -lrb- a producer here -rrb- , but her raw performance and utter fearlessness make it strangely magnetic .","this is an egotistical endeavor from the daughter of horror director dario argento -lrb- a producer here -rrb- , but her raw performance and utter fearlessness make it strangely magnetic .",0.08056640625,0.08056640625,1,1,1,100,"Failed"
"nicks , seemingly uncertain what 's going to make people laugh , runs the gamut from stale parody to raunchy sex gags to formula romantic comedy .","nicks , seemingly uncertain what 's going to make people laugh , runs the gamut from stale parody to raunchy sex gags to formula romantic comedy .",0.3486328125,0.3486328125,0,0,0,100,"Failed"
"it deserves to be seen by anyone with even a passing interest in the events shaping the world beyond their own horizons .","it deserves to be seen by anyone with even a passing interest in the events shaping the world beyond their own horizons .",0.0029296875,0.0029296875,1,1,1,100,"Failed"
"it [[treats]] [[women]] [[like]] [[idiots]] .","it [[goody]] [[char]] [[similar]] [[changeling]] .",0.00244140625,0.28759765625,0,0,0,67,"Failed"
"there are some wonderfully [[fresh]] moments that smooth the moral stiffness with human kindness and hopefulness .","there are some wonderfully [[impudent]] moments that smooth the moral stiffness with human kindness and hopefulness .",0.0087890625,0.02734375,1,1,1,100,"Failed"
"the result is a [[gaudy]] [[bag]] of [[stale]] candy , something from a halloween that died .","the result is a [[sporty]] [[handbag]] of [[cold]] candy , something from a halloween that died .",0.001953125,0.0361328125,0,0,0,100,"Failed"
"an interesting story with a pertinent -lrb- cinematically unique -rrb- message , told fairly well and scored to perfection , i found myself struggling to put my finger on that elusive `` missing thing . ''","an interesting story with a pertinent -lrb- cinematically unique -rrb- message , told fairly well and scored to perfection , i found myself struggling to put my finger on that elusive `` missing thing . ''",0.3173828125,0.3173828125,1,1,1,100,"Failed"
"not far beneath the surface , this reconfigured tale asks disturbing questions about those things we expect from military epics .","not far beneath the surface , this reconfigured tale asks disturbing questions about those things we expect from military epics .",0.90478515625,0.90478515625,0,0,1,1,"Skipped"
"an absurdist comedy about alienation , separation and [[loss]] .","an absurdist comedy about alienation , separation and [[release]] .",0.08251953125,0.50390625,0,1,0,30,"Successful"
"the talented and clever robert rodriguez perhaps put a little too much heart into his first film and did n't reserve enough for his second .","the talented and clever robert rodriguez perhaps put a little too much heart into his first film and did n't reserve enough for his second .",0.01123046875,0.01123046875,0,0,0,100,"Failed"
"hilariously inept and ridiculous .","hilariously inept and ridiculous .",0.99658203125,0.99658203125,0,0,1,1,"Skipped"
"vera 's [[three]] [[actors]] -- mollà , gil and bardem -- [[excel]] in insightful , [[empathetic]] [[performances]] .","vera 's [[triplet]] [[actor]] -- mollà , gil and bardem -- [[surpass]] in insightful , [[empathic]] [[functioning]] .",0.0009765625,0.03662109375,1,1,1,71,"Failed"
"for close to two hours the audience is forced to endure three terminally depressed , mostly inarticulate , hyper dysfunctional families for the price of one .","for close to two hours the audience is forced to endure three terminally depressed , mostly inarticulate , hyper dysfunctional families for the price of one .",0.0029296875,0.0029296875,0,0,0,100,"Failed"
"good car chases , great fight scenes , and a distinctive blend of european , american and asian influences .","good car chases , great fight scenes , and a distinctive blend of european , american and asian influences .",0.009765625,0.009765625,1,1,1,100,"Failed"
"the performances take the movie to a higher level .","the performances take the movie to a higher level .",0.00048828125,0.00048828125,1,1,1,100,"Failed"
"some of their jokes work , but most fail miserably and in the end , pumpkin is far more offensive than it is funny .","some of their jokes work , but most fail miserably and in the end , pumpkin is far more offensive than it is funny .",0.001953125,0.001953125,0,0,0,100,"Failed"
"[[chokes]] on its own depiction of upper-crust decorum .","[[go]] on its own depiction of upper-crust decorum .",0.00830078125,0.4111328125,0,0,0,67,"Failed"
"if [[looking]] for a thrilling sci-fi cinematic ride , do n't settle for this imposter .","if [[see]] for a thrilling sci-fi cinematic ride , do n't settle for this imposter .",0.0029296875,0.01806640625,0,0,0,100,"Failed"
"deadeningly [[dull]] , mired in [[convoluted]] melodrama , nonsensical [[jargon]] and stiff-upper-lip [[laboriousness]] .","deadeningly [[deadening]] , mired in [[involved]] melodrama , nonsensical [[jargoon]] and stiff-upper-lip [[toilsomeness]] .",0.0029296875,0.0400390625,0,0,0,100,"Failed"
"collateral damage finally [[delivers]] the goods for schwarzenegger fans .","collateral damage finally [[render]] the goods for schwarzenegger fans .",0.0419921875,0.958984375,1,0,1,70,"Successful"
"[[still]] , as a visual treat , the film is almost [[unsurpassed]] .","[[notwithstanding]] , as a visual treat , the film is almost [[unexceeded]] .",0.00830078125,0.16455078125,1,1,1,100,"Failed"
"his last movie was poetically romantic and full of indelible images , but his latest has nothing going for it .","his last movie was poetically romantic and full of indelible images , but his latest has nothing going for it .",0.0029296875,0.0029296875,0,0,0,100,"Failed"
"portentous and pretentious , the weight of water is appropriately titled , [[given]] the heavy-handedness of it drama .","portentous and pretentious , the weight of water is appropriately titled , [[break]] the heavy-handedness of it drama .",0.02978515625,0.177734375,0,0,0,100,"Failed"
"the minor figures surrounding -lrb- bobby -rrb- ... form a gritty urban mosaic .","the minor figures surrounding -lrb- bobby -rrb- ... form a gritty urban mosaic .",0.611328125,0.611328125,0,0,1,1,"Skipped"
"no [[one]] but a convict guilty of some truly heinous crime should have to [[sit]] through the master of disguise .","no [[unrivalled]] but a convict guilty of some truly heinous crime should have to [[model]] through the master of disguise .",0.00390625,0.06640625,0,0,0,100,"Failed"
"[[complete]] [[lack]] of originality , [[cleverness]] or [[even]] visible [[effort]]","[[accomplished]] [[want]] of originality , [[brightness]] or [[fifty-fifty]] visible [[feat]]",0.0,0.16455078125,0,0,0,100,"Failed"
"it 's inoffensive , cheerful , built to inspire the young people , set to an unending soundtrack of beach party pop numbers and aside from its remarkable camerawork and awesome scenery , it 's about as exciting as a sunburn .","it 's inoffensive , cheerful , built to inspire the young people , set to an unending soundtrack of beach party pop numbers and aside from its remarkable camerawork and awesome scenery , it 's about as exciting as a sunburn .",0.01220703125,0.01220703125,0,0,0,100,"Failed"
"the movie does a good job of laying out some of the major issues that we encounter as we journey through life .","the movie does a good job of laying out some of the major issues that we encounter as we journey through life .",0.00634765625,0.00634765625,1,1,1,100,"Failed"
"there 's enough melodrama in this magnolia primavera to make pta proud yet director muccino 's characters are less worthy of puccini than they are of daytime television .","there 's enough melodrama in this magnolia primavera to make pta proud yet director muccino 's characters are less worthy of puccini than they are of daytime television .",0.005859375,0.005859375,0,0,0,100,"Failed"
"zaidan 's script has barely enough plot to string the stunts together and not quite enough characterization to keep the faces straight .","zaidan 's script has barely enough plot to string the stunts together and not quite enough characterization to keep the faces straight .",0.001953125,0.001953125,0,0,0,100,"Failed"
"not only are the special effects and narrative flow much improved , and daniel radcliffe more emotionally assertive this time around as harry , but the film conjures the magic of author j.k. rowling 's books .","not only are the special effects and narrative flow much improved , and daniel radcliffe more emotionally assertive this time around as harry , but the film conjures the magic of author j.k. rowling 's books .",0.00146484375,0.00146484375,1,1,1,100,"Failed"
"the best revenge may just be living well because this film , unlike other dumas adaptations , is far more likened to a treasure than a lengthy jail sentence .","the best revenge may just be living well because this film , unlike other dumas adaptations , is far more likened to a treasure than a lengthy jail sentence .",0.01806640625,0.01806640625,1,1,1,100,"Failed"
"too much of the humor [[falls]] flat .","too much of the humor [[declension]] flat .",0.00048828125,0.00927734375,0,0,0,100,"Failed"
"falls neatly into the category of good stupid [[fun]] .","falls neatly into the category of good stupid [[play]] .",0.03955078125,0.7216796875,1,0,1,100,"Successful"
"jaglom ... put -lrb- s -rrb- the audience in the privileged [[position]] of eavesdropping on his characters","jaglom ... put -lrb- s -rrb- the audience in the privileged [[locating]] of eavesdropping on his characters",0.22802734375,0.865234375,1,0,1,96,"Successful"
"every [[dance]] [[becomes]] about seduction , where backstabbing and [[betrayals]] are [[celebrated]] , and [[sex]] is [[currency]] .","every [[terpsichore]] [[get]] about seduction , where backstabbing and [[betrayal]] are [[illustrious]] , and [[excite]] is [[up-to-dateness]] .",0.00927734375,0.5,0,0,0,78,"Failed"
"velocity [[represents]] everything [[wrong]] with '' independent film '' as a commodified , sold-out concept on the american filmmaking scene .","velocity [[defend]] everything [[damage]] with '' independent film '' as a commodified , sold-out concept on the american filmmaking scene .",0.0009765625,0.00439453125,0,0,0,100,"Failed"
"hardly a masterpiece , but it introduces viewers to a good charitable enterprise and some [[interesting]] real people .","hardly a masterpiece , but it introduces viewers to a good charitable enterprise and some [[occupy]] real people .",0.04541015625,0.4150390625,1,1,1,100,"Failed"
"one of creepiest , scariest movies to come along in a long , long time , easily rivaling blair witch or the others .","one of creepiest , scariest movies to come along in a long , long time , easily rivaling blair witch or the others .",0.14208984375,0.14208984375,1,1,1,100,"Failed"
"it has its moments of swaggering camaraderie , but more [[often]] just [[feels]] generic , derivative and done to death .","it has its moments of swaggering camaraderie , but more [[ofttimes]] just [[experience]] generic , derivative and done to death .",0.00146484375,0.005859375,0,0,0,100,"Failed"
"the so-inept - it 's - surreal dubbing -lrb- featuring the voices of glenn close , regis philbin and breckin meyer -rrb- brings back memories of cheesy old godzilla flicks .","the so-inept - it 's - surreal dubbing -lrb- featuring the voices of glenn close , regis philbin and breckin meyer -rrb- brings back memories of cheesy old godzilla flicks .",0.9833984375,0.9833984375,1,1,0,1,"Skipped"
"it 's everything you do n't [[go]] to the movies for .","it 's everything you do n't [[fail]] to the movies for .",0.00146484375,0.0263671875,0,0,0,100,"Failed"
"mattei is [[tiresomely]] [[grave]] and [[long-winded]] , as if circularity itself [[indicated]] [[profundity]] .","mattei is [[tediously]] [[sculpture]] and [[windy]] , as if circularity itself [[show]] [[profoundness]] .",0.00390625,0.1328125,0,0,0,84,"Failed"
"pacino is brilliant as the sleep-deprived dormer , his increasing weariness as much existential as it is physical .","pacino is brilliant as the sleep-deprived dormer , his increasing weariness as much existential as it is physical .",0.66552734375,0.66552734375,0,0,1,1,"Skipped"
"a compelling spanish film about the withering effects of jealousy in the life of a young monarch whose sexual passion for her husband becomes an obsession .","a compelling spanish film about the withering effects of jealousy in the life of a young monarch whose sexual passion for her husband becomes an obsession .",0.83984375,0.83984375,0,0,1,1,"Skipped"
"there 's something auspicious , and daring , too , about the artistic instinct that pushes a majority-oriented director like steven spielberg to follow a.i. with this challenging report so liable to unnerve the majority .","there 's something auspicious , and daring , too , about the artistic instinct that pushes a majority-oriented director like steven spielberg to follow a.i. with this challenging report so liable to unnerve the majority .",0.25390625,0.25390625,1,1,1,100,"Failed"
"[[bad]] .","[[big]] .",0.00146484375,0.5234375,0,1,0,34,"Successful"
"an intriguing cinematic omnibus and round-robin that occasionally is more interesting in concept than in execution .","an intriguing cinematic omnibus and round-robin that occasionally is more interesting in concept than in execution .",0.9755859375,0.9755859375,0,0,1,1,"Skipped"
"the subtle strength of `` elling '' is that it never loses touch with the reality of the grim situation .","the subtle strength of `` elling '' is that it never loses touch with the reality of the grim situation .",0.337890625,0.337890625,1,1,1,100,"Failed"
"not [[exactly]] the bees [[knees]]","not [[just]] the bees [[stifle]]",0.00048828125,0.017578125,0,0,0,40,"Failed"
"audrey tatou has a knack for picking [[roles]] that magnify her outrageous charm , and in this literate french comedy , she 's as morning-glory [[exuberant]] as she was in amélie .","audrey tatou has a knack for picking [[function]] that magnify her outrageous charm , and in this literate french comedy , she 's as morning-glory [[overweening]] as she was in amélie .",0.00537109375,0.0380859375,1,1,1,100,"Failed"
"just not campy [[enough]]","just not campy [[plenty]]",0.0009765625,0.0205078125,0,0,0,13,"Failed"
"a must-see for the david mamet [[enthusiast]] and for anyone who [[appreciates]] [[intelligent]] , [[stylish]] moviemaking .","a must-see for the david mamet [[fancier]] and for anyone who [[revalue]] [[level-headed]] , [[fashionable]] moviemaking .",0.0009765625,0.05419921875,1,1,1,50,"Failed"
"a spellbinding african [[film]] about the modern condition of rootlessness , a state experienced by millions around the globe .","a spellbinding african [[picture]] about the modern condition of rootlessness , a state experienced by millions around the globe .",0.42236328125,0.97412109375,1,0,1,100,"Successful"
"a cartoon that 's truly cinematic in scope , and a story that 's compelling and heartfelt -- even if the heart belongs to a big , four-legged herbivore .","a cartoon that 's truly cinematic in scope , and a story that 's compelling and heartfelt -- even if the heart belongs to a big , four-legged herbivore .",0.00390625,0.00390625,1,1,1,100,"Failed"
"you will emerge with a clearer view of how the gears of justice grind on and the death report comes to share airtime alongside the farm report .","you will emerge with a clearer view of how the gears of justice grind on and the death report comes to share airtime alongside the farm report .",0.943359375,0.943359375,0,0,1,1,"Skipped"
"an operatic , sprawling picture that 's entertainingly acted , magnificently shot and gripping enough to sustain most of its 170-minute length .","an operatic , sprawling picture that 's entertainingly acted , magnificently shot and gripping enough to sustain most of its 170-minute length .",0.00244140625,0.00244140625,1,1,1,100,"Failed"
"i 've always dreamed of attending cannes , but after seeing this film , it 's not that big a deal .","i 've always dreamed of attending cannes , but after seeing this film , it 's not that big a deal .",0.00537109375,0.00537109375,0,0,0,100,"Failed"
"morton uses her face and her body language to bring us morvern 's soul , even though the character is almost completely deadpan .","morton uses her face and her body language to bring us morvern 's soul , even though the character is almost completely deadpan .",0.154296875,0.154296875,1,1,1,100,"Failed"
"[[rarely]] has leukemia looked so shimmering and benign .","[[seldom]] has leukemia looked so shimmering and benign .",0.43408203125,0.48046875,0,0,0,48,"Failed"
"we have n't seen such hilarity since say it is n't so !","we have n't seen such hilarity since say it is n't so !",0.953125,0.953125,0,0,1,1,"Skipped"
"true tale of courage -- and complicity -- at auschwitz is a harrowing drama that tries to tell of the unspeakable .","true tale of courage -- and complicity -- at auschwitz is a harrowing drama that tries to tell of the unspeakable .",0.7373046875,0.7373046875,0,0,1,1,"Skipped"
"how do you [[spell]] cliché ?","how do you [[write]] cliché ?",0.08251953125,0.13134765625,0,0,0,25,"Failed"
"the script is n't very good ; not even someone as gifted as hoffman -lrb- the actor -rrb- can make it work .","the script is n't very good ; not even someone as gifted as hoffman -lrb- the actor -rrb- can make it work .",0.00439453125,0.00439453125,0,0,0,100,"Failed"
"a giggle a [[minute]] .","a giggle a [[narrow]] .",0.19677734375,0.935546875,1,0,1,24,"Successful"
"made with no discernible craft and monstrously sanctimonious in dealing with childhood loss .","made with no discernible craft and monstrously sanctimonious in dealing with childhood loss .",0.001953125,0.001953125,0,0,0,100,"Failed"
"the only excitement comes when the credits finally roll and you get to leave the theater .","the only excitement comes when the credits finally roll and you get to leave the theater .",0.01806640625,0.01806640625,0,0,0,100,"Failed"
"maud and roland 's search for an unknowable past makes for a haunting literary detective story , but labute pulls off a neater trick in possession : he makes language sexy .","maud and roland 's search for an unknowable past makes for a haunting literary detective story , but labute pulls off a neater trick in possession : he makes language sexy .",0.0048828125,0.0048828125,1,1,1,100,"Failed"
"but this films [[lacks]] the [[passion]] [[required]] to [[sell]] the material .","but this films [[want]] the [[warmth]] [[involve]] to [[deal]] the material .",0.0009765625,0.08056640625,0,0,0,100,"Failed"
"vera 's technical prowess ends up selling his film short ; he smoothes over hard truths even as he uncovers them .","vera 's technical prowess ends up selling his film short ; he smoothes over hard truths even as he uncovers them .",0.021484375,0.021484375,0,0,0,100,"Failed"
"the film is based on truth and yet there is something about it that feels incomplete , as if the real story starts just around the corner .","the film is based on truth and yet there is something about it that feels incomplete , as if the real story starts just around the corner .",0.01220703125,0.01220703125,0,0,0,100,"Failed"
"corny , schmaltzy and predictable , but still [[manages]] to be kind of heartwarming , nonetheless .","corny , schmaltzy and predictable , but still [[wangle]] to be kind of heartwarming , nonetheless .",0.22021484375,0.91748046875,1,0,1,97,"Successful"
"huston nails both the glad-handing and the choking sense of hollow despair .","huston nails both the glad-handing and the choking sense of hollow despair .",0.6474609375,0.6474609375,0,0,1,1,"Skipped"
"in an [[effort]] , i suspect , not to offend by appearing either too serious or too lighthearted , it offends by just being wishy-washy .","in an [[feat]] , i suspect , not to offend by appearing either too serious or too lighthearted , it offends by just being wishy-washy .",0.02978515625,0.12255859375,0,0,0,100,"Failed"
"nelson 's brutally unsentimental approach ... sucks the humanity from the film , leaving behind an horrific but weirdly unemotional spectacle .","nelson 's brutally unsentimental approach ... sucks the humanity from the film , leaving behind an horrific but weirdly unemotional spectacle .",0.00390625,0.00390625,0,0,0,100,"Failed"
"a sequence of ridiculous [[shoot]] - '[[em]] - up [[scenes]] .","a sequence of ridiculous [[germinate]] - '[[pica]] - up [[shot]] .",0.00439453125,0.1083984375,0,0,0,100,"Failed"
"it seems like i have been waiting my whole life for this movie and now i ca n't [[wait]] for the sequel .","it seems like i have been waiting my whole life for this movie and now i ca n't [[look]] for the sequel .",0.017578125,0.986328125,1,0,1,77,"Successful"
"liotta put on 30 pounds for the role , and has completely transformed himself from his smooth , goodfellas image .","liotta put on 30 pounds for the role , and has completely transformed himself from his smooth , goodfellas image .",0.822265625,0.822265625,0,0,1,1,"Skipped"
"passable entertainment , but it 's the kind of motion picture that wo n't make much of a splash when it 's released , and will not be remembered long afterwards .","passable entertainment , but it 's the kind of motion picture that wo n't make much of a splash when it 's released , and will not be remembered long afterwards .",0.00146484375,0.00146484375,0,0,0,100,"Failed"
"it 's made with deftly unsettling genre [[flair]] .","it 's made with deftly unsettling genre [[dash]] .",0.05908203125,0.951171875,1,0,1,75,"Successful"
"it 's [[dumb]] , but more importantly , it 's just not [[scary]] .","it 's [[silent]] , but more importantly , it 's just not [[scarey]] .",0.001953125,0.22021484375,0,0,0,30,"Failed"
"a study in shades of gray , offering itself up in subtle plot maneuvers ...","a study in shades of gray , offering itself up in subtle plot maneuvers ...",0.6474609375,0.6474609375,0,0,1,1,"Skipped"
"the tale of tok -lrb- andy lau -rrb- , a sleek sociopath on the trail of o -lrb- takashi sorimachi -rrb- , the most legendary of asian hitmen , is too scattershot to take hold .","the tale of tok -lrb- andy lau -rrb- , a sleek sociopath on the trail of o -lrb- takashi sorimachi -rrb- , the most legendary of asian hitmen , is too scattershot to take hold .",0.02490234375,0.02490234375,0,0,0,100,"Failed"
"something [[like]] scrubbing the [[toilet]] .","something [[care]] scrubbing the [[bathroom]] .",0.02392578125,0.337890625,0,0,0,61,"Failed"
"smart , provocative and blisteringly [[funny]] .","smart , provocative and blisteringly [[fishy]] .",0.0029296875,0.92431640625,1,0,1,53,"Successful"
"this one is definitely one to [[skip]] , even for horror movie fanatics .","this one is definitely one to [[hop]] , even for horror movie fanatics .",0.00048828125,0.9443359375,0,1,0,79,"Successful"
"charles ' entertaining film chronicles seinfeld 's return to stand-up comedy after the wrap of his legendary sitcom , alongside wannabe comic adams ' attempts to get his shot at the big time .","charles ' entertaining film chronicles seinfeld 's return to stand-up comedy after the wrap of his legendary sitcom , alongside wannabe comic adams ' attempts to get his shot at the big time .",0.0927734375,0.0927734375,1,1,1,100,"Failed"
"an effectively creepy , fear-inducing -lrb- not fear-reducing -rrb- film from japanese director hideo nakata , who takes the superstitious curse on chain letters and actually applies it .","an effectively creepy , fear-inducing -lrb- not fear-reducing -rrb- film from japanese director hideo nakata , who takes the superstitious curse on chain letters and actually applies it .",0.7216796875,0.7216796875,0,0,1,1,"Skipped"
